t_rel_s,ecg,hdf_label
0.0,1.1907907500015171,0
0.003,1.1289399497101764,0
0.003,1.062398721557811,0
0.006,0.9958896309085116,0
0.007,0.9421800127636704,0
0.009,0.900431894988083,0
0.012,0.8582287813401814,0
0.014,0.8138025957718054,0
0.016,0.7707747343038572,0
0.017,0.724985263187172,0
0.019,0.68212323168626,0
0.022,0.6455286018179056,0
0.023,0.6056078674676054,0
0.025,0.5646842056713753,0
0.028,0.5300176606972737,0
0.03,0.5011409055688776,0
0.032,0.4746395460766262,0
0.033,0.4520406196648148,0
0.036,0.4354583792899908,0
0.038,0.425001329409945,0
0.039,0.4208555838604381,0
0.041,0.4237659728923757,0
0.043,0.4109694802814471,0
0.044,0.3806051161646986,0
0.047,0.3442079634566696,0
0.049,0.2955478383590716,0
0.051,0.2481640184203179,0
0.052,0.2030495432035226,0
0.055,0.1480446715991048,0
0.056,0.0859785125906705,0
0.059,0.0421397859510953,0
0.06,0.017377040960648,0
0.062,0.001574171199945,0
0.064,0.0014034456271802,0
0.067,-0.0009046873455615,0
0.069,-0.0061747753017935,0
0.071,0.0002442387751911,0
0.072,0.0147085253940866,0
0.075,0.0165292271258349,0
0.076,0.0055737547013919,0
0.078,-0.010739390411983,0
0.08,-0.0376979428931899,0
0.083,-0.0593631855175648,0
0.085,-0.0750337547328943,0
0.087,-0.0971713777296811,0
0.088,-0.1224274213409156,0
0.089,-0.1404376563202497,0
0.092,-0.15169162691937,0
0.094,-0.1588342838363332,0
0.095,-0.1593534350871417,0
0.097,-0.1625457815863346,0
0.099,-0.1687005111256084,0
0.102,-0.1710709210223915,0
0.104,-0.1716218488350871,0
0.105,-0.1739324818171102,0
0.108,-0.1776111067960502,0
0.11,-0.1823317771429424,0
0.111,-0.1889327231781999,0
0.113,-0.193559401248294,0
0.115,-0.1961836042264025,0
0.118,-0.1994436898723304,0
0.119,-0.2025515924794725,0
0.121,-0.2047516219842524,0
0.124,-0.2062559172245572,0
0.126,-0.2068843461168243,0
0.128,-0.2064909570904767,0
0.128,-0.2062596838090774,0
0.131,-0.2061883382773605,0
0.132,-0.2055714928361929,0
0.134,-0.2046609472353893,0
0.136,-0.2029869129204387,0
0.139,-0.2004465043650804,0
0.141,-0.1974469353119187,0
0.143,-0.1938511383840525,0
0.144,-0.1897407956857128,0
0.147,-0.1851557274176923,0
0.148,-0.1799394279707738,0
0.151,-0.174115124712591,0
0.152,-0.1681310096593732,0
0.154,-0.1620043582768729,0
0.156,-0.1555376344555368,0
0.159,-0.1488472501224059,0
0.161,-0.1416452465183831,0
0.163,-0.1339137164675994,0
0.164,-0.1258954715473025,0
0.167,-0.1175298063917262,0
0.168,-0.1105019254345571,0
0.169,-0.10501800908356,0
0.171,-0.1002519229440208,0
0.174,-0.0967065274179463,0
0.176,-0.0934828092781471,0
0.177,-0.0905525887421036,0
0.18,-0.0888319320415008,0
0.182,-0.08816980612796,0
0.184,-0.0872753375919915,0
0.185,-0.0861853917724068,0
0.187,-0.0854544784535504,0
0.19,-0.0847913582190134,0
0.191,-0.0852437453426975,0
0.193,-0.086910745526471,0
0.196,-0.0890553456687873,0
0.198,-0.0919389406532316,0
0.2,-0.093404096305959,0
0.201,-0.0931754800175537,0
0.203,-0.0924846580901253,0
0.206,-0.0907077221622717,0
0.207,-0.0888547409236324,0
0.209,-0.0870069257148999,0
0.211,-0.084498536911104,0
0.212,-0.0815622286829339,0
0.215,-0.078458249303971,0
0.217,-0.0793045842664428,0
0.219,-0.0797378404333867,0
0.22,-0.0817412732152856,0
0.223,-0.082963157034508,0
0.224,-0.0832570098794458,0
0.226,-0.084105693703174,0
0.228,-0.0850093153924618,0
0.23,-0.0855161607902663,0
0.233,-0.0857041824778865,0
0.235,-0.0830314242319711,0
0.236,-0.0827563091261875,0
0.239,-0.0693733237970145,0
0.24,-0.0474895176103418,0
0.243,-0.0327505427810411,0
0.244,-0.0252833225535309,0
0.246,-0.0355328021804881,0
0.248,-0.061748139886146,0
0.251,-0.0843462299898494,0
0.253,-0.1032508963197687,0
0.254,-0.1104050991816704,0
0.256,-0.1048575033090833,0
0.257,-0.0816126342259842,0
0.259,-0.0442183288529167,0
0.262,-0.0223385034871756,0
0.263,-0.0196037892533364,0
0.265,-0.0152070954559762,0
0.267,-0.0113249105245155,0
0.27,-0.0122718308038753,0
0.272,-0.0086050337945852,0
0.273,0.00767092377885,0
0.276,0.0414531990440207,0
0.278,0.0750096815838772,0
0.279,0.1060929558685467,0
0.281,0.1382904002839004,0
0.283,0.1659367316950876,0
0.286,0.2049197099155656,0
0.288,0.2545473107997617,0
0.289,0.3037816530107302,0
0.292,0.3552915605153928,0
0.294,0.3868426477206733,0
0.295,0.3945378569334717,0
0.296,0.3910152755468142,0
0.299,0.369233926278479,0
0.3,0.3476872161244468,0
0.302,0.3381946768013484,0
0.304,0.3465348032623293,0
0.307,0.3897569410809122,0
0.309,0.477759070510726,0
0.311,0.6131599255336145,0
0.312,0.7938798679039761,0
0.315,1.0075003483552163,0
0.316,1.2353882919573778,0
0.319,1.4568211225131815,0
0.32,1.652036868657069,0
0.322,1.801380413779441,0
0.325,1.8904724066671683,0
0.327,1.9132606808704204,0
0.328,1.8724470860343152,0
0.331,1.7680527990390762,0
0.332,1.6128894046874271,0
0.335,1.4087678010193452,0
0.336,1.1322520236108575,0
0.337,0.7855602287387569,0
0.339,0.3851035116101395,0
0.342,-0.0547302503490738,0
0.344,-0.5077087822420238,0
0.345,-0.9388668415742708,0
0.348,-1.3055605324561044,0
0.35,-1.5754324514914115,0
0.351,-1.73386190965477,0
0.353,-1.7757238094786725,0
0.355,-1.7159549376731285,0
0.358,-1.584018186218202,0
0.359,-1.4161227129582714,0
0.361,-1.250118409340963,0
0.364,-1.1157219144747144,0
0.366,-1.0283677831029374,0
0.368,-0.9880917557707172,0
0.369,-0.9817845279472328,0
0.371,-0.989962016648244,0
0.374,-0.993067783390015,0
0.375,-0.9779797448439934,0
0.377,-0.942058167075032,0
0.378,-0.8910874076628695,0
0.381,-0.8358705933265477,0
0.383,-0.7864750037467249,0
0.384,-0.746794873228772,0
0.387,-0.7102192026697215,0
0.388,-0.6683816832709302,0
0.391,-0.6145390243504291,0
0.392,-0.5415487405908601,0
0.394,-0.4587000313579576,0
0.396,-0.3724592723566003,0
0.399,-0.2883117617975757,0
0.401,-0.2214378664819558,0
0.403,-0.1789679752340162,0
0.404,-0.1770735303662941,0
0.407,-0.2368431158788987,0
0.408,-0.3614376746287749,0
0.411,-0.5387711958737821,0
0.412,-0.7224405450125012,0
0.414,-0.831606761080614,0
0.416,-0.7776084361272837,0
0.419,-0.4885109813573228,0
0.42,0.0539162456411679,0
0.422,0.7903000271283216,0
0.424,1.5885658525387456,0
0.425,2.269521447319561,0
0.427,2.6508797747161275,0
0.43,2.594512022781606,0
0.431,2.04235373872876,0
0.433,1.035432203125717,0
0.436,-0.287436099183471,0
0.438,-1.7118380292630406,0
0.44,-2.988215922695746,0
0.441,-3.88407678130546,0
0.444,-4.236241231369926,1
0.446,-3.988223858198726,0
0.447,-3.2009921488662068,0
0.449,-2.0343920310109884,0
0.451,-0.7049095370764492,0
0.454,0.5642906161068013,0
0.456,1.586873391931756,0
0.457,2.2423934984776834,0
0.46,2.486571314765877,0
0.462,2.347600745897549,0
0.463,1.913378098196313,0
0.464,1.3123662078147724,0
0.467,0.6897039232152699,0
0.468,0.1809616914713075,0
0.47,-0.1140137381995453,0
0.473,-0.1524208679013702,0
0.475,0.0432266868856118,0
0.476,0.3930669556764469,0
0.479,0.7837507216593357,0
0.48,1.1043546671210642,0
0.483,1.275681142205964,0
0.484,1.2713461684095129,0
0.486,1.122068778988707,0
0.488,0.8963299007900369,0
0.491,0.6752450508609767,0
0.493,0.524611935706566,0
0.495,0.4741196340161018,0
0.496,0.5132223025341317,0
0.499,0.6038595815317824,0
0.5,0.6978422414307879,0
0.503,0.7541363660160982,0
0.503,0.7539815100956804,0
0.505,0.7014889078797548,0
0.507,0.6179839391284403,0
0.51,0.5330326144837912,0
0.512,0.4636199793669698,0
0.513,0.4218099139646555,0
0.516,0.410332562808138,0
0.518,0.4144649141216894,0
0.519,0.419794956686053,0
0.521,0.4104790327135037,0
0.523,0.3731261305709585,0
0.526,0.3063031108317272,0
0.528,0.2393405168491479,0
0.529,0.1830460125694318,0
0.532,0.1358158128204318,0
0.534,0.1118170032248432,0
0.536,0.1001480136313633,0
0.537,0.099403890985145,0
0.539,0.1186984240499345,0
0.542,0.1495108320203317,0
0.543,0.1585887612456046,0
0.544,0.140143750813347,0
0.547,0.1114648956712474,0
0.549,0.0666899172180297,0
0.551,0.0271103617167263,0
0.552,-0.0038382592101747,0
0.555,-0.0329840487291127,0
0.556,-0.0533628218312455,0
0.559,-0.069922121052153,0
0.56,-0.0858008978475116,0
0.562,-0.1008091394719102,0
0.564,-0.1177861325054636,0
0.567,-0.1287226687783931,0
0.569,-0.1345047361184079,0
0.571,-0.1427378126850595,0
0.572,-0.1475725004532584,0
0.575,-0.1558359260548455,0
0.576,-0.1670705939858192,0
0.578,-0.1774356601349263,0
0.58,-0.1932074608376076,0
0.583,-0.1968446025057118,0
0.585,-0.1890218191113249,0
0.587,-0.1909829793915346,0
0.588,-0.200663790570314,0
0.59,-0.2098115540635592,0
0.592,-0.2171739044056386,0
0.593,-0.2159375850540632,0
0.595,-0.2022752494216426,0
0.598,-0.1977335171170166,0
0.599,-0.2003770202284303,0
0.601,-0.1946932252768568,0
0.604,-0.1887929605408458,0
0.606,-0.1870760068118868,0
0.608,-0.1901771678547696,0
0.609,-0.1970490064578077,0
0.611,-0.205461114647478,0
0.614,-0.2272091153401496,0
0.615,-0.2572083236673574,0
0.617,-0.2820749090228149,0
0.619,-0.3007401408011431,0
0.622,-0.3202020276315523,0
0.624,-0.3418914901743978,0
0.625,-0.3696311357119848,0
0.628,-0.4065459594575045,0
0.628,-0.4399179514577484,0
0.631,-0.4713592797020529,0
0.632,-0.5109786028671802,0
0.634,-0.5526458878234959,0
0.636,-0.5955757446275162,0
0.639,-0.639103190523306,0
0.641,-0.6855158559702047,0
0.643,-0.7341674796647868,0
0.644,-0.7766581262486502,0
0.647,-0.816197879055092,0
0.648,-0.8660898840173427,0
0.651,-0.9271463824531498,0
0.652,-0.9786329968284488,0
0.654,-1.0188152958635237,0
0.656,-1.065405832951079,0
0.659,-1.1089299761655829,0
0.661,-1.130912402510318,0
0.663,-1.1289404819962792,0
0.664,-1.1113703617443254,0
0.667,-1.0720636380134478,0
0.668,-0.9978345921628322,0
0.67,-0.8860599499408285,0
0.671,-0.7347552322733873,0
0.673,-0.5438641394236435,0
0.676,-0.3309374613841662,0
0.678,-0.1045557626899355,0
0.68,0.1305213818835882,0
0.681,0.3590247920345657,0
0.684,0.5642697642585603,0
0.686,0.7340995120645616,0
0.687,0.8647688387265013,0
0.689,0.9514066283074848,0
0.691,0.9899860708407672,0
0.694,0.9864821049829242,0
0.696,0.9527784627425524,0
0.697,0.8991304264642466,0
0.7,0.8404391724808578,0
0.702,0.7876984592174865,0
0.703,0.7353842792509843,0
0.705,0.6872745267873648,0
0.707,0.654797054108444,0
0.71,0.6342699632578404,0
0.711,0.6155981632787972,0
0.712,0.599024630291334,0
0.715,0.5821152292497245,0
0.717,0.5617545708351266,0
0.719,0.540373119167729,0
0.72,0.5157720652185122,0
0.723,0.4918779098895042,0
0.724,0.4683797696608925,0
0.726,0.4406945437344232,0
0.728,0.4091743421457228,0
0.73,0.3866176467701803,0
0.733,0.3732417048321393,0
0.735,0.3627643706600572,0
0.736,0.3582721014713492,0
0.739,0.3517864994196007,0
0.74,0.3424930169478509,0
0.743,0.3367983228290141,0
0.744,0.3327994599604676,0
0.746,0.3262368590134593,0
0.748,0.3173478667171428,0
0.751,0.3067010825296809,0
0.753,0.2932070516189174,0
0.753,0.2806526078108324,0
0.756,0.2689767275132994,0
0.758,0.2552914939773446,0
0.759,0.2402778293102885,0
0.761,0.226794100928215,0
0.763,0.2147093294948863,0
0.766,0.2030469816631925,0
0.767,0.1924656070903528,0
0.769,0.1803590138460552,0
0.772,0.1665543627263535,0
0.774,0.1528590465290363,0
0.776,0.1386591698899273,0
0.777,0.1239362645881079,0
0.779,0.1088377534861666,0
0.782,0.0928938085361891,0
0.783,0.0761067258285594,0
0.785,0.0588668132979432,0
0.788,0.0410904395378068,0
0.79,0.0225593745911171,0
0.792,0.0033131368657216,0
0.793,-0.0137638599778296,0
0.795,-0.0284172922406068,0
0.796,-0.0419965502108274,0
0.799,-0.0536839044520398,0
0.8,-0.0652596495795958,0
0.802,-0.0768077786632223,0
0.804,-0.0867057893780813,0
0.807,-0.0952967553270461,0
0.809,-0.1047834558033534,0
0.811,-0.1151366621251696,0
0.812,-0.1255058351100618,0
0.815,-0.1364209370505507,0
0.816,-0.1461330834627927,0
0.819,-0.1545243930251027,0
0.82,-0.1628916475890845,0
0.822,-0.1708344996925524,0
0.825,-0.17728837085696,0
0.827,-0.1822739811509538,0
0.828,-0.1859925085930898,0
0.831,-0.1881591971433269,0
0.832,-0.1896791636126404,0
0.835,-0.1905405981844096,0
0.836,-0.1900279044380921,0
0.838,-0.1883016890046215,0
0.839,-0.1856484808666386,0
0.841,-0.1819879356064209,0
0.844,-0.1772665646388364,0
0.846,-0.1715208659944041,0
0.848,-0.1643444889657053,0
0.849,-0.1556977113084678,0
0.851,-0.145789551540066,0
0.854,-0.1345064712091588,0
0.855,-0.1261101051580474,0
0.857,-0.1210312067488329,0
0.859,-0.1171703561598384,0
0.862,-0.1157482989935399,0
0.864,-0.1143372854381407,0
0.865,-0.1128140882176722,0
0.868,-0.1134909871391813,0
0.87,-0.1159103070219791,0
0.871,-0.1169055527340742,0
0.873,-0.1165332354035468,0
0.875,-0.1160531898458169,0
0.878,-0.1147173223800456,0
0.878,-0.1150466533397365,0
0.881,-0.1172302923981921,0
0.883,-0.1194244245157757,0
0.884,-0.1222204459268269,0
0.887,-0.1235203991292794,0
0.888,-0.1229367058495926,0
0.891,-0.1219006891201819,0
0.892,-0.1197768617368983,0
0.894,-0.1173692319288544,0
0.896,-0.114782112613857,0
0.899,-0.1110437038420962,0
0.901,-0.106309951029343,0
0.903,-0.1028038764506277,0
0.904,-0.1005752196216772,0
0.907,-0.0986457849657427,0
0.908,-0.0975745080877709,0
0.911,-0.095807400759266,0
0.912,-0.0932309619257887,0
0.914,-0.0910807450603872,0
0.916,-0.0890086456451349,0
0.919,-0.0866007562948945,0
0.92,-0.0839575800114813,0
0.921,-0.0810279562250502,0
0.924,-0.0777317277643152,0
0.926,-0.0746033534470919,0
0.927,-0.0716423901982687,0
0.929,-0.0685192380203748,0
0.931,-0.0653460722898608,0
0.934,-0.061956834480832,0
0.936,-0.058305858476621,0
0.937,-0.0545522962646927,0
0.94,-0.0506450262680744,0
0.942,-0.0465893287094629,0
0.944,-0.0423991697264814,0
0.945,-0.0380276077684713,0
0.947,-0.0334769071688525,0
0.95,-0.0295940956236647,0
0.951,-0.0264551146629792,0
0.953,-0.023662662960826,0
0.956,-0.0214570525136175,0
0.958,-0.0193432297312551,0
0.96,-0.0172992526230253,0
0.961,-0.0157889072702325,0
0.963,-0.0147194929096936,0
0.964,-0.0135240970204982,0
0.967,-0.0122206880087603,0
0.968,-0.0110295665216155,0
0.97,-0.0098202397258461,0
0.973,-0.0090606839383784,0
0.975,-0.0087873170386859,0
0.976,-0.0086669147149385,0
0.979,-0.0088113228659073,0
0.98,-0.008825045904649,0
0.983,-0.0086392916389129,0
0.984,-0.0085264546578878,0
0.986,-0.0083694537798176,0
0.988,-0.0083268190239045,0
0.991,-0.0084213992293507,0
0.993,-0.0084709987789151,0
0.995,-0.0085090147025903,0
0.996,-0.008952775724904,0
0.999,-0.0098141878209205,0
1.0,-0.0109149570166219,0
1.003,-0.0123622168486955,0
1.003,-0.0138684648549875,0
1.006,-0.0154157040072809,0
1.007,-0.0172376522556268,0
1.009,-0.0192723182598091,0
1.012,-0.0218420588432783,0
1.014,-0.0250094840140242,0
1.016,-0.0285826966369265,0
1.017,-0.032665298384256,0
1.019,-0.0371332982337125,0
1.022,-0.0419820287947968,0
1.023,-0.0473723204260721,0
1.025,-0.0532880226812552,0
1.028,-0.0594172446651459,0
1.03,-0.0657636079336169,0
1.032,-0.0724761858226467,0
1.033,-0.0794840864148305,0
1.036,-0.0870252890472003,0
1.038,-0.0951258740489268,0
1.039,-0.1036153899421414,0
1.041,-0.1125547145737685,0
1.043,-0.1182710684031028,0
1.044,-0.1203744753453643,0
1.047,-0.1206319487872513,0
1.049,-0.1179746748238422,0
1.051,-0.1144758225037389,0
1.052,-0.1102173307269194,0
1.055,-0.1031868233941134,0
1.056,-0.0937567425838103,0
1.059,-0.0839445328486633,0
1.06,-0.0736090926586962,0
1.062,-0.0619752760075745,0
1.064,-0.0494663216676332,0
1.067,-0.0344950649041855,0
1.069,-0.0169154218813989,0
1.071,0.0017888515823315,0
1.072,0.0219744510919942,0
1.075,0.0499235348131735,0
1.076,0.0818139010674249,0
1.078,0.119998630599114,0
1.08,0.1643200343229727,0
1.083,0.2029782804564371,0
1.085,0.2405758945610966,0
1.087,0.2923905595168196,0
1.088,0.3592999173305085,0
1.089,0.435713792095348,0
1.092,0.5207700945725491,0
1.094,0.6279871650326854,0
1.095,0.7487401398019984,0
1.097,0.8581609244162774,0
1.099,0.9525261858247605,0
1.102,1.0338960440691611,0
1.104,1.0982588094761176,0
1.105,1.1561841430626454,0
1.108,1.211171593134783,0
1.11,1.2584693232937274,0
1.111,1.3023668680912197,0
1.113,1.322629865691357,0
1.115,1.3184489968470428,0
1.118,1.3023974902914937,0
1.119,1.2698247621972023,0
1.121,1.2346358885707118,0
1.124,1.2047469586436663,0
1.126,1.1794154336629408,0
1.128,1.166769410078894,0
1.128,1.1458779598076243,0
1.131,1.1079619427492833,0
1.132,1.0520138195562727,0
1.134,0.955831929664275,0
1.136,0.8207950875352742,0
1.139,0.6336961841478254,0
1.141,0.3816793168751776,0
1.143,0.0745067433268049,0
1.144,-0.2815093448677719,0
1.147,-0.6622257776209584,0
1.148,-1.0279065506770817,0
1.151,-1.3503990402606196,0
1.152,-1.600820371987669,0
1.154,-1.7618961036417409,0
1.156,-1.833365059169307,0
1.159,-1.8223529925855024,0
1.161,-1.7474741039842543,0
1.163,-1.6318365077038366,0
1.164,-1.4965550408228714,0
1.167,-1.36253585556533,0
1.168,-1.2432950263918383,0
1.169,-1.146246099166382,0
1.171,-1.0727287236823642,0
1.174,-1.0202618597422202,0
1.176,-0.9836797302662288,0
1.177,-0.957761468986411,0
1.18,-0.9379560471825038,0
1.182,-0.9192530437134546,0
1.184,-0.8960308522418284,0
1.185,-0.8633354286637701,0
1.187,-0.8195382413854796,0
1.19,-0.7598375445196665,0
1.191,-0.6863630889576704,0
1.193,-0.6021958553371484,0
1.196,-0.51453746200936,0
1.198,-0.4262633828863727,0
1.2,-0.3475869259943282,0
1.201,-0.2833628148098494,0
1.203,-0.2507195197047093,0
1.206,-0.2667603248015057,0
1.207,-0.3464953677100545,0
1.209,-0.4879126839622685,0
1.211,-0.6584550138016978,0
1.212,-0.7905784973399366,0
1.215,-0.7946449462163048,0
1.217,-0.5893074142095112,0
1.219,-0.1387843898351068,0
1.22,0.5201250475075966,0
1.223,1.2757521436756545,0
1.224,1.967167236822026,0
1.226,2.427019264122627,0
1.228,2.524070051275168,0
1.23,2.1917251309366814,0
1.233,1.43721705497922,0
1.235,0.3381117903888345,0
1.236,-0.9676310769044588,0
1.239,-2.297453169299361,0
1.24,-3.446864522116689,0
1.243,-4.223042912780901,0
1.244,-4.485498769138771,1
1.246,-4.181664975806244,0
1.248,-3.3634672686112026,0
1.251,-2.177639274172047,0
1.253,-0.8316439874028039,0
1.254,0.4543239276150745,0
1.256,1.4956946013575905,0
1.257,2.1706947102887555,0
1.259,2.4374522101364344,0
1.262,2.3245796980487867,0
1.263,1.9202706604879929,0
1.265,1.350437052310828,0
1.267,0.7524893494707375,0
1.27,0.257949799495308,0
1.272,-0.0380653991030056,0
1.273,-0.0993457586696653,0
1.276,0.0596093552855983,0
1.278,0.3786324767228743,0
1.279,0.7551183122914028,0
1.281,1.0795312918246451,0
1.283,1.2741213903471964,0
1.286,1.3069201924353795,0
1.288,1.1959309453493487,0
1.289,0.9981156030022988,0
1.292,0.783930527485351,0
1.294,0.6228951035945334,0
1.295,0.5465983026505666,0
1.296,0.547688515054122,0
1.299,0.6024931565159315,0
1.3,0.6700458031220707,0
1.302,0.7218399908908346,0
1.304,0.7510991075691683,0
1.307,0.7605623895202209,0
1.309,0.7336304560329328,0
1.311,0.6826918393315731,0
1.312,0.6301271060350098,0
1.315,0.5682896991902069,0
1.316,0.526240498643544,0
1.319,0.4994139259859153,0
1.32,0.4588375267859595,0
1.322,0.4119314105578795,0
1.325,0.3659808818604089,0
1.327,0.3237329860208058,0
1.328,0.2925849853443684,0
1.331,0.2772515905145991,0
1.332,0.2539537643642724,0
1.335,0.2251358882888886,0
1.336,0.2057262236379065,0
1.337,0.1921967285117023,0
1.339,0.1749021136061158,0
1.342,0.155140750140921,0
1.344,0.1359511299683994,0
1.345,0.1155164486747135,0
1.348,0.1001711802578985,0
1.35,0.0904438956227254,0
1.351,0.0819611192588108,0
1.353,0.0762688824228273,0
1.355,0.0665525231998478,0
1.358,0.0517888756579123,0
1.359,0.0360065706553297,0
1.361,0.017194736351073,0
1.364,0.0074921239201307,0
1.366,0.0037629908178365,0
1.368,-0.0106387721514836,0
1.369,-0.0358997137535387,0
1.371,-0.0491997250297011,0
1.374,-0.0491995142465105,0
1.375,-0.0539200065719181,0
1.377,-0.0536107248108837,0
1.378,-0.0539345012020736,0
1.381,-0.054910705630407,0
1.383,-0.0509389821308185,0
1.384,-0.0476297767332728,0
1.387,-0.0470892384997089,0
1.388,-0.0511626514783988,0
1.391,-0.0569362427032763,0
1.392,-0.0660118712844437,0
1.394,-0.0830530681945752,0
1.396,-0.1043918644124632,0
1.399,-0.1204983266243937,0
1.401,-0.1296824650456588,0
1.403,-0.1443731634785058,0
1.404,-0.1665361652525105,0
1.407,-0.1837127350818156,0
1.408,-0.1991530935566256,0
1.411,-0.2181215308794359,0
1.412,-0.2396064320835416,0
1.414,-0.2634544766307296,0
1.416,-0.286199539226101,0
1.419,-0.3120430305098683,0
1.42,-0.3393509854714593,0
1.422,-0.3661959705306948,0
1.424,-0.3973955627804506,0
1.425,-0.4201211079099773,0
1.427,-0.4351834950851461,0
1.43,-0.4602149537415678,0
1.431,-0.494113023373167,0
1.433,-0.5410933994881651,0
1.436,-0.6008697220641847,0
1.438,-0.6614074571711517,0
1.44,-0.7224373336339819,0
1.441,-0.7774661200700627,0
1.444,-0.8222801915154457,0
1.446,-0.8578125249753511,0
1.447,-0.8850975422308939,0
1.449,-0.9129714540955612,0
1.451,-0.9430018422838736,0
1.454,-0.9659213311543264,0
1.456,-0.9794026090218584,0
1.457,-0.9933762075005882,0
1.46,-1.0008805162014354,0
1.462,-0.9874499233428542,0
1.463,-0.9503058216483616,0
1.464,-0.8848194567247932,0
1.467,-0.7845484079905221,0
1.468,-0.6450115966890348,0
1.47,-0.466601748669613,0
1.473,-0.2746118585895136,0
1.475,-0.076206498656911,0
1.476,0.1289651915070784,0
1.479,0.3297344292559069,0
1.48,0.5081436457791906,0
1.483,0.6557434447178001,0
1.484,0.7680145659150277,0
1.486,0.8393807922330323,0
1.488,0.868806547635147,0
1.491,0.8592718762095736,0
1.493,0.8165386829549814,0
1.495,0.7496088079824793,0
1.496,0.6745399241433548,0
1.499,0.5998735710818917,0
1.5,0.5334323065911135,0
1.503,0.4809738366394199,0
1.503,0.4413263701590251,0
1.505,0.4123939751569312,0
1.507,0.3904772733604534,0
1.51,0.373935994887708,0
1.512,0.3581967026200759,0
1.513,0.3407181862102312,0
1.516,0.3228766007873764,0
1.518,0.3058981668186672,0
1.519,0.2975991383517854,0
1.521,0.2997528475921413,0
1.523,0.3041184591236563,0
1.526,0.3131098271344966,0
1.528,0.3155492119564028,0
1.529,0.3094308517686338,0
1.532,0.3016990680152436,0
1.534,0.2888977477637448,0
1.536,0.2769282693487836,0
1.537,0.2662841871412021,0
1.539,0.2508669426151314,0
1.542,0.231828036932148,0
1.543,0.2164433521071298,0
1.544,0.2044291666025784,0
1.547,0.1929335667737473,0
1.549,0.1835967522744436,0
1.551,0.170466289197645,0
1.552,0.1530512601737256,0
1.555,0.1355504633549226,0
1.556,0.1165204910946339,0
1.559,0.1013132782633134,0
1.56,0.0908126536949083,0
1.562,0.081369218982617,0
1.564,0.0745474937594918,0
1.567,0.0681017706198516,0
1.569,0.0617093334430413,0
1.571,0.057856366625873,0
1.572,0.0560562395729585,0
1.575,0.0514933754659627,0
1.576,0.0440776734523728,0
1.578,0.0357938782666647,0
1.58,0.0254206070094548,0
1.583,0.0163558731763808,0
1.585,0.0088058879419371,0
1.587,5.169635748618817e-05,0
1.588,-0.0091711995315726,0
1.59,-0.0165831383867158,0
1.592,-0.0222838114913363,0
1.593,-0.0268433769690713,0
1.595,-0.0297035643723083,0
1.598,-0.0328666252946453,0
1.599,-0.0363849038228133,0
1.601,-0.0387847193325951,0
1.604,-0.0404806597358332,0
1.606,-0.0430275043630725,0
1.608,-0.0464104355716315,0
1.609,-0.0501783074309269,0
1.611,-0.0547317845750164,0
1.614,-0.0587725741978157,0
1.615,-0.0622682190800914,0
1.617,-0.0662162453146276,0
1.619,-0.0703547721304487,0
1.622,-0.0739443129588572,0
1.624,-0.0770379400014671,0
1.625,-0.0798167002022303,0
1.628,-0.08210985118989,0
1.628,-0.0846282718910924,0
1.631,-0.0874010217453549,0
1.632,-0.0899365016139162,0
1.634,-0.092392398766942,0
1.636,-0.0943635745254508,0
1.639,-0.0957615890493343,0
1.641,-0.096891998400524,0
1.643,-0.0976293306052907,0
1.644,-0.0980859693081225,0
1.647,-0.0982836336949157,0
1.648,-0.0980531149346686,0
1.651,-0.0974151616279428,0
1.652,-0.0968063737220759,0
1.654,-0.096237020878331,0
1.656,-0.0955069930586581,0
1.659,-0.0947250732823913,0
1.661,-0.0935914982266346,0
1.663,-0.0920817497759528,0
1.664,-0.0904337884725216,0
1.667,-0.08857897429957,0
1.668,-0.0869635206932586,0
1.67,-0.0856598855225928,0
1.671,-0.0844100776101443,0
1.673,-0.0833509771311113,0
1.676,-0.0822821353461908,0
1.678,-0.0811918928485282,0
1.68,-0.0803073189537523,0
1.681,-0.0795951599358177,0
1.684,-0.0786410933671695,0
1.686,-0.0774467167988064,0
1.687,-0.0761974736877209,0
1.689,-0.0747955184764399,0
1.691,-0.0735535697703391,0
1.694,-0.0725001456503173,0
1.696,-0.0714038587710931,0
1.697,-0.0703404471818155,0
1.7,-0.0695054370061752,0
1.702,-0.0688985031516372,0
1.703,-0.0684874498350841,0
1.705,-0.0683271527559116,0
1.707,-0.0682598509985882,0
1.71,-0.0682915499669593,0
1.711,-0.068553972095575,0
1.712,-0.0690223360574909,0
1.715,-0.0696566886379602,0
1.717,-0.070476039190196,0
1.719,-0.0714904240932622,0
1.72,-0.0726993618407501,0
1.723,-0.0741751447773198,0
1.724,-0.0759286314418352,0
1.726,-0.0779304445463028,0
1.728,-0.0802040260995247,0
1.73,-0.0817202185795745,0
1.733,-0.0823787112721522,0
1.735,-0.0826851654586101,0
1.736,-0.0823465764416275,0
1.739,-0.0819573408681876,0
1.74,-0.0815488733675546,0
1.743,-0.0805615381565524,0
1.744,-0.079109037851798,0
1.746,-0.0779546282428035,0
1.748,-0.077086056211362,0
1.751,-0.0762035075301691,0
1.753,-0.0754886368000544,0
1.753,-0.0743355354257572,0
1.756,-0.0727007078204345,0
1.758,-0.071030083587389,0
1.759,-0.0691830120683427,0
1.761,-0.067534187398459,0
1.763,-0.0661651471359174,0
1.766,-0.0647948794611054,0
1.767,-0.0635396829474544,0
1.769,-0.0625919872307813,0
1.772,-0.0619627890493935,0
1.774,-0.061660608148582,0
1.776,-0.0617519648452237,0
1.777,-0.0602960286647889,0
1.779,-0.057133863418562,0
1.782,-0.0528738531582376,0
1.783,-0.0469461732505141,0
1.785,-0.0496273762521369,0
1.788,-0.0577520359112851,0
1.79,-0.0562551965759835,0
1.792,-0.0446396335281897,0
1.793,-0.0400582685275507,0
1.795,-0.0440159659998726,0
1.796,-0.0424892271480658,0
1.799,-0.0396854268806735,0
1.8,-0.0377341967103796,0
1.802,-0.0353866782161032,0
1.804,-0.034599182886523,0
1.807,-0.0317535931609411,0
1.809,-0.030398416406292,0
1.811,-0.0293271323622279,0
1.812,-0.0284992484713751,0
1.815,-0.028052236505397,0
1.816,-0.0278297312871389,0
1.819,-0.0278271748561384,0
1.82,-0.0278655327678478,0
1.822,-0.0278862036535971,0
1.825,-0.0209147916676185,0
1.827,-0.0021291950512711,0
1.828,0.0210163431296074,0
1.831,0.0524654059695382,0
1.832,0.0865532103434222,0
1.835,0.1230749741243824,0
1.836,0.1676116055766604,0
1.838,0.2192118616966955,0
1.839,0.2578798456479269,0
1.841,0.2873879494607519,0
1.844,0.3113220430072336,0
1.846,0.3265454305870587,0
1.848,0.3626003367369985,0
1.849,0.4174643216325827,0
1.851,0.4809069449176579,0
1.854,0.551629368679839,0
1.855,0.6345869530775462,0
1.857,0.7265839109891437,0
1.859,0.8194256646472846,0
1.862,0.916087853489294,0
1.864,0.9984931078506618,0
1.865,1.0679785015422183,0
1.868,1.1388427474664538,0
1.87,1.208382132031304,0
1.871,1.2608536869264824,0
1.873,1.2932255499892678,0
1.875,1.3147031456495817,0
1.878,1.319960850712057,0
1.878,1.2942726631673291,0
1.881,1.2422896399775198,0
1.883,1.1766394076549755,0
1.884,1.1022217221095365,0
1.887,1.0382561172019964,0
1.888,0.9865658657222944,0
1.891,0.9318496015654644,0
1.892,0.8643786085178561,0
1.894,0.7563875903827461,0
1.896,0.5898760200875854,0
1.899,0.3621851052301184,0
1.901,0.0701568672992085,0
1.903,-0.2728887454339097,0
1.904,-0.641869449427633,0
1.907,-1.0066495512600473,0
1.908,-1.3313274448411092,0
1.911,-1.5839098203476996,0
1.912,-1.7441368765005474,0
1.914,-1.8060059914661413,0
1.916,-1.7787510341754575,0
1.919,-1.6846409043648076,0
1.92,-1.552059833850895,0
1.921,-1.4074451967217023,0
1.924,-1.2763831228340936,0
1.926,-1.1691224580987734,0
1.927,-1.0893178152145029,0
1.929,-1.031348100830217,0
1.931,-0.9863064725906886,0
1.934,-0.947341669596047,0
1.936,-0.907258687892671,0
1.937,-0.8675374532579071,0
1.94,-0.8289888757061281,0
1.942,-0.7910787129543523,0
1.944,-0.7542989601075778,0
1.945,-0.711481781475974,0
1.947,-0.6577799761749302,0
1.95,-0.5979056378531877,0
1.951,-0.5328018947555114,0
1.953,-0.4507162375672304,0
1.956,-0.358869781650463,0
1.958,-0.2804889532787103,0
1.96,-0.2188269613387802,0
1.961,-0.1763708756522112,0
1.963,-0.168681119797735,0
1.964,-0.2121723866606595,0
1.967,-0.3182567442249864,0
1.968,-0.4726383440318673,0
1.97,-0.6336572495620971,0
1.973,-0.7278608692777064,0
1.975,-0.6713622851252211,0
1.976,-0.4036567772037053,0
1.979,0.0783405120202399,0
1.98,0.7038038754004442,0
1.983,1.338968709482352,0
1.984,1.8218533381166968,0
1.986,2.0058861028942383,0
1.988,1.7962933214354626,0
1.991,1.1708620216866883,0
1.993,0.1853118256318675,0
1.995,-1.0327925004012006,0
1.996,-2.2999453510886467,0
1.999,-3.4040124712574324,0
2.0,-4.14326309858994,0
2.003,-4.370908226668409,1
2.003,-4.032334278875163,0
2.006,-3.181406668756776,0
2.007,-1.968531258324203,0
2.009,-0.6032982791529465,0
2.012,0.6954424490159965,0
2.014,1.7409260982830328,0
2.016,2.415645685011912,0
2.017,2.6768608700209797,0
2.019,2.554001002295812,0
2.022,2.134848448661239,0
2.023,1.5454046493478144,0
2.025,0.9260554362189242,0
2.028,0.4143667209827912,0
2.03,0.1095832332104116,0
2.032,0.0442944261263202,0
2.033,0.2032487535377762,0
2.036,0.5283362696763501,0
2.038,0.9108113389897236,0
2.039,1.2331617694615578,0
2.041,1.4161944944450615,0
2.043,1.4313298140504926,0
2.044,1.3007047336093107,0
2.047,1.086927137454729,0
2.049,0.8674295999858235,0
2.051,0.7084361210199316,0
2.052,0.6423461205510756,0
2.055,0.6586614383133518,0
2.056,0.7241074379692986,0
2.059,0.800393001835739,0
2.06,0.8481469766745298,0
2.062,0.843637155369896,0
2.064,0.7895412832350355,0
2.067,0.7050398102023216,0
2.069,0.614469628930442,0
2.071,0.5391899331041046,0
2.072,0.4909154800715834,0
2.075,0.4573588055471795,0
2.076,0.4294868084668806,0
2.078,0.4022844467530948,0
2.08,0.3624655086902311,0
2.083,0.3266913407667445,0
2.085,0.2962319976036688,0
2.087,0.2506147813227105,0
2.088,0.1987391606104109,0
2.089,0.1623769050944213,0
2.092,0.1431556866007769,0
2.094,0.1253916955243118,0
2.095,0.1149203727276249,0
2.097,0.107944395713376,0
2.099,0.1030729166439224,0
2.102,0.1065062071642594,0
2.104,0.1172916119012808,0
2.105,0.1170039017771265,0
2.108,0.1048798666711171,0
2.11,0.0891295561840748,0
2.111,0.0649463219698163,0
2.113,0.0421564176982812,0
2.115,0.021299628359729,0
2.118,-0.0051821785338391,0
2.119,-0.0391545396901146,0
2.121,-0.0532032795101658,0
2.124,-0.0519438498710967,0
2.126,-0.0554512919011431,0
2.128,-0.0608139880090936,0
2.128,-0.0682027629083003,0
2.131,-0.0768148493395874,0
2.132,-0.0757024226069533,0
2.134,-0.0631947840671315,0
2.136,-0.0634255643295516,0
2.139,-0.0748156495558615,0
2.141,-0.0829482832163656,0
2.143,-0.0960061880229065,0
2.144,-0.107579994346855,0
2.147,-0.1175569189529056,0
2.148,-0.1302851947868536,0
2.151,-0.1447251367583103,0
2.152,-0.1576873128918324,0
2.154,-0.1694659785774473,0
2.156,-0.1811650515602419,0
2.159,-0.1921227710788821,0
2.161,-0.203174180423295,0
2.163,-0.2186834375179506,0
2.164,-0.2330832858670416,0
2.167,-0.2484936878513665,0
2.168,-0.2653726014628568,0
2.169,-0.2836140749324649,0
2.171,-0.3033637397387764,0
2.174,-0.3248022416727407,0
2.176,-0.3492349476165207,0
2.177,-0.376935259300113,0
2.18,-0.4058621422434099,0
2.182,-0.4404935501808358,0
2.184,-0.466019947233223,0
2.185,-0.4869493531501581,0
2.187,-0.5196753323201018,0
2.19,-0.5645047957236043,0
2.191,-0.6120491001697318,0
2.193,-0.6607215673160629,0
2.196,-0.7064346889637608,0
2.198,-0.7452411898876009,0
2.2,-0.790802341294049,0
2.201,-0.8410525611255684,0
2.203,-0.8869336345826805,0
2.206,-0.9299887445484378,0
2.207,-0.9738829021605616,0
2.209,-1.0172355016453989,0
2.211,-1.060428785401426,0
2.212,-1.0989481138475727,0
2.215,-1.129225522147303,0
2.217,-1.1444737070408686,0
2.219,-1.1348830594392936,0
2.22,-1.0943635107951766,0
2.223,-1.0172840922471809,0
2.224,-0.901664131416001,0
2.226,-0.7505210314956087,0
2.228,-0.5685410521030819,0
2.23,-0.363122062997693,0
2.233,-0.1439149723310522,0
2.235,0.0776633797879176,0
2.236,0.2926411972488129,0
2.239,0.4901446473388035,0
2.24,0.6602885047687932,0
2.243,0.7959122485474671,0
2.244,0.891427766179579,0
2.246,0.9459590213238722,0
2.248,0.9609136438876904,0
2.251,0.9404035393748292,0
2.253,0.8927749710499631,0
2.254,0.8298409197258625,0
2.256,0.7587965709536417,0
2.257,0.6892793051755015,0
2.259,0.6300850151673456,0
2.262,0.5843075744218268,0
2.263,0.5535011298439405,0
2.265,0.533878813162805,0
2.267,0.5224924542654451,0
2.27,0.5083074817845954,0
2.272,0.4875150350339717,0
2.273,0.4717487892148292,0
2.276,0.456800485579975,0
2.278,0.4412257451986128,0
2.279,0.4255665642430338,0
2.281,0.4068721182003356,0
2.283,0.3845487239417219,0
2.286,0.3710702242558411,0
2.288,0.366578504104816,0
2.289,0.3642533657747222,0
2.292,0.3669482581289023,0
2.294,0.3591526554428015,0
2.295,0.3389893077486853,0
2.296,0.3160301239355356,0
2.299,0.2859666018916601,0
2.3,0.2561739413349064,0
2.302,0.2275548220815344,0
2.304,0.1927429114797054,0
2.307,0.1533670984603529,0
2.309,0.1283644826229207,0
2.311,0.118586829551542,0
2.312,0.1161744942743034,0
2.315,0.1261955059134561,0
2.316,0.1359679123886608,0
2.319,0.1449095060630371,0
2.32,0.16378175136319,0
2.322,0.1900331460194939,0
2.325,0.2013738069215598,0
2.327,0.1970485402531328,0
2.328,0.1859687489447913,0
2.331,0.1622460554866867,0
2.332,0.1417223241836059,0
2.335,0.1251368534405863,0
2.336,0.099481635762849,0
2.337,0.0680158906957804,0
2.339,0.0434635346787344,0
2.342,0.0253752987967461,0
2.344,0.0098317567311295,0
2.345,-0.0001047780612148,0
2.348,-0.0153397269508425,0
2.35,-0.0363700511054904,0
2.351,-0.0552413286653635,0
2.353,-0.0743389040729152,0
2.355,-0.0906971209060552,0
2.358,-0.1031609324705679,0
2.359,-0.1148121558529097,0
2.361,-0.1245864070586953,0
2.364,-0.132184213419706,0
2.366,-0.1377797394969069,0
2.368,-0.140516275499982,0
2.369,-0.1402719364509669,0
2.371,-0.1416260890547487,0
2.374,-0.1447480820941094,0
2.375,-0.1472708076705401,0
2.377,-0.1503271848568951,0
2.378,-0.150974405192747,0
2.381,-0.1488989611177788,0
2.383,-0.1464673068223672,0
2.384,-0.1429701850089713,0
2.387,-0.1408927082536185,0
2.388,-0.1407360862435234,0
2.391,-0.1408037958248401,0
2.392,-0.1418721010315886,0
2.394,-0.1430066206682835,0
2.396,-0.1441006879853277,0
2.399,-0.1463315430443554,0
2.401,-0.1495329196532976,0
2.403,-0.1508401808772413,0
2.404,-0.1501892246150329,0
2.407,-0.1488747754130312,0
2.408,-0.1461816882761266,0
2.411,-0.1441144592553023,0
2.412,-0.1428320696977262,0
2.414,-0.1407520554665145,0
2.416,-0.1383320398253318,0
2.419,-0.1361114112829404,0
2.42,-0.1339697469278845,0
2.422,-0.1319842151728875,0
2.424,-0.1302665541053197,0
2.425,-0.1281414796198273,0
2.427,-0.125619336078752,0
2.43,-0.1231314813233308,0
2.431,-0.1205437791697818,0
2.433,-0.1180891212536492,0
2.436,-0.1158365504436002,0
2.438,-0.1135867757171324,0
2.44,-0.1114178718364832,0
2.441,-0.1093265203267231,0
2.444,-0.1073041361493654,0
2.446,-0.1054262068746554,0
2.447,-0.1036982660529327,0
2.449,-0.1023379868496764,0
2.451,-0.1013917277771887,0
2.454,-0.1007730515010763,0
2.456,-0.1005608638023279,0
2.457,-0.1006608888002924,0
2.46,-0.1010862915802694,0
2.462,-0.1019676269045514,0
2.463,-0.1033030045437374,0
2.464,-0.1048996435728756,0
2.467,-0.1067738796487339,0
2.468,-0.1090344539789528,0
2.47,-0.1116476688326215,0
2.473,-0.1147885665085283,0
2.475,-0.1184872243960975,0
2.476,-0.1226417274299727,0
2.479,-0.1273063299461242,0
2.48,-0.1299695884017253,0
2.483,-0.1303767116102445,0
2.484,-0.1297547206350421,0
2.486,-0.1273820432557482,0
2.488,-0.124696796171572,0
2.491,-0.1217682183193449,0
2.493,-0.117226106037317,0
2.495,-0.1113394494091833,0
2.496,-0.1059859729044115,0
2.499,-0.1011308876761202,0
2.5,-0.0960237865726999,0
2.503,-0.0911071052215191,0
2.503,-0.084882660203157,0
2.505,-0.0772363107272728,0
2.507,-0.0692608879269973,0
2.51,-0.0606035391768191,0
2.512,-0.0530647119475513,0
2.513,-0.046930031427204,0
2.516,-0.041087772699856,0
2.518,-0.0360756238913077,0
2.519,-0.0310959271046902,0
2.521,-0.0260742776982725,0
2.523,-0.0218938242653125,0
2.526,-0.0184038380465119,0
2.528,-0.0139532797795622,0
2.529,-0.0085307484472413,0
2.532,-0.0028461834669373,0
2.534,0.0035042811913731,0
2.536,0.009310917479179,0
2.537,0.0144807636982734,0
2.539,0.0199421647234056,0
2.542,0.0254166216892822,0
2.543,0.0323181155178285,0
2.544,0.040889695340303,0
2.547,0.0502659081142125,0
2.549,0.0608804339891995,0
2.551,0.0721347230276673,0
2.552,0.0839827246276546,0
2.555,0.0971319983340667,0
2.556,0.1114810252736017,0
2.559,0.1229317314450178,0
2.56,0.1312009151499206,0
2.562,0.1385488035515724,0
2.564,0.1438913814326097,0
2.567,0.1480633046961511,0
2.569,0.1550188878770926,0
2.571,0.1594215223734832,0
2.572,0.1631616317972673,0
2.575,0.2023340366298646,0
2.576,0.2804159249819291,0
2.578,0.3844727539954163,0
2.58,0.5179791971002836,0
2.583,0.6462870284961103,0
2.585,0.764340342054949,0
2.587,0.8846352093098123,0
2.588,0.9960071698464942,0
2.59,1.0896165382246852,0
2.592,1.165448102159068,0
2.593,1.225799976908309,0
2.595,1.267904855568733,0
2.598,1.2980794981685402,0
2.599,1.3160402744551798,0
2.601,1.3145671666794536,0
2.604,1.2944012860267506,0
2.606,1.250111760520837,0
2.608,1.1860008266579278,0
2.609,1.1133520295204942,0
2.611,1.0431181534729912,0
2.614,0.977982297675955,0
2.615,0.9230291144024968,0
2.617,0.8888512937711859,0
2.619,0.8617005554111294,0
2.622,0.807451343896083,0
2.624,0.7049126029923394,0
2.625,0.5415622093694938,0
2.628,0.3046783144144541,0
2.628,-0.0049893103037689,0
2.631,-0.3694973926472381,0
2.632,-0.7588902709928407,0
2.634,-1.135790972570138,0
2.636,-1.4634194101875106,0
2.639,-1.7074374265683343,0
2.641,-1.8513880608218412,0
2.643,-1.8924450137851587,0
2.644,-1.844973597804688,0
2.647,-1.7349263462182514,0
2.648,-1.5929617650534973,0
2.651,-1.4468906545247004,0
2.652,-1.3161391841182015,0
2.654,-1.209300312606448,0
2.656,-1.1255530873051065,0
2.659,-1.0585457888570189,0
2.661,-0.9999599712317948,0
2.663,-0.9454816158399864,0
2.664,-0.893515234388368,0
2.667,-0.8453091969512768,0
2.668,-0.8051556606142444,0
2.67,-0.7735620547194668,0
2.671,-0.7424312291764649,0
2.673,-0.7080210444736746,0
2.676,-0.6677021574152119,0
2.678,-0.6168198450321276,0
2.68,-0.5560879523131469,0
2.681,-0.4865826798560892,0
2.684,-0.4069802004575132,0
2.686,-0.3301085505868105,0
2.687,-0.2801605098062366,0
2.689,-0.2816770385964104,0
2.691,-0.3551679353328559,0
2.694,-0.5040791834443136,0
2.696,-0.6979932827405988,0
2.697,-0.8671067457507193,0
2.7,-0.914252129700682,0
2.702,-0.74553570275611,0
2.703,-0.3103951039646354,0
2.705,0.3667602103420908,0
2.707,1.1797032965360992,0
2.71,1.963378490991721,0
2.711,2.5374669149049702,0
2.712,2.75832688508114,0
2.715,2.5435791154915224,0
2.717,1.8904844956262412,0
2.719,0.8673161917607315,0
2.72,-0.3982941883663036,0
2.723,-1.734926212370382,0
2.724,-2.947386136240138,0
2.726,-3.84485353722508,0
2.728,-4.276289160305303,1
2.73,-4.165249145914991,0
2.733,-3.5303705923120106,0
2.735,-2.4841172327501315,0
2.736,-1.2085488985054869,0
2.739,0.0854913458946923,0
2.74,1.2016147571005829,0
2.743,1.9942884632394455,0
2.744,2.391976575760559,0
2.746,2.403862713180132,0
2.748,2.110692910872393,0
2.751,1.6418432534045295,0
2.753,1.1420260950714194,0
2.753,0.7346970581633883,0
2.756,0.4933258161551975,0
2.758,0.4290434003883712,0
2.759,0.4986716358604324,0
2.761,0.6318911924695214,0
2.763,0.7573956897861925,0
2.766,0.8279313766337336,0
2.767,0.8333713474073325,0
2.769,0.7914145004962666,0
2.772,0.7351621983698167,0
2.774,0.6957764078991774,0
2.776,0.6881244630342365,0
2.777,0.7064423346439415,0
2.779,0.7359348717707979,0
2.782,0.7585403360100573,0
2.783,0.7630271748599743,0
2.785,0.7492398384192406,0
2.788,0.7222120336685693,0
2.79,0.6855914958059665,0
2.792,0.6500135973072201,0
2.793,0.6080101089039035,0
2.795,0.5619892708507518,0
2.796,0.5160625102079301,0
2.799,0.4659411203568727,0
2.8,0.4265173091749296,0
2.802,0.3981429655117056,0
2.804,0.3603782250837475,0
2.807,0.3113781263657835,0
2.809,0.2783162156104961,0
2.811,0.257215256518695,0
2.812,0.2326612020174258,0
2.815,0.2177445141525823,0
2.816,0.1896941550243909,0
2.819,0.1556899761789642,0
2.82,0.1458172906120517,0
2.822,0.1541876933766278,0
2.825,0.1746830867777905,0
2.827,0.1989945950088934,0
2.828,0.2092126709486874,0
2.831,0.196766598381142,0
2.832,0.1637136827894471,0
2.835,0.112937488555452,0
2.836,0.0498343817014362,0
2.838,-0.0124512292887531,0
2.839,-0.0507695138100311,0
2.841,-0.0589211052475877,0
2.844,-0.0409651949314714,0
2.846,-0.0018564253644482,0
2.848,0.0316611886578655,0
2.849,0.0471797409763797,0
2.851,0.0471707995619706,0
2.854,0.0277412931333001,0
2.855,-0.0091690578628076,0
2.857,-0.0521729500052821,0
2.859,-0.0902181853592844,0
2.862,-0.1153071235025108,0
2.864,-0.1222662126481381,0
2.865,-0.1149615058755598,0
2.868,-0.1044162371113739,0
2.87,-0.1002651621099634,0
2.871,-0.1005572259586141,0
2.873,-0.1076733393562333,0
2.875,-0.1301204925243677,0
2.878,-0.1583486321344007,0
2.878,-0.1899655994828865,0
2.881,-0.2217761915590188,0
2.883,-0.2438774961423578,0
2.884,-0.2619803192772848,0
2.887,-0.261382343361856,0
2.888,-0.2493709886115529,0
2.891,-0.2458126806373883,0
2.892,-0.2530437922212506,0
2.894,-0.2777980609219201,0
2.896,-0.3179914663705519,0
2.899,-0.3570754450533506,0
2.901,-0.3902674004762634,0
2.903,-0.4243542171039117,0
2.904,-0.4585810830075275,0
2.907,-0.4822509249731846,0
2.908,-0.5025594219445119,0
2.911,-0.5321213325357477,0
2.912,-0.5733012765924804,0
2.914,-0.6167262754512145,0
2.916,-0.6607236696199438,0
2.919,-0.7034790678167134,0
2.92,-0.7413291846287373,0
2.921,-0.7806400724399963,0
2.924,-0.819391399573924,0
2.926,-0.85808391024299,0
2.927,-0.8972355500542173,0
2.929,-0.9344295923885808,0
2.931,-0.9697603226378184,0
2.934,-1.0171946484119625,0
2.936,-1.07211017636183,0
2.937,-1.1183352170842549,0
2.94,-1.1499192318883384,0
2.942,-1.1532165260303946,0
2.944,-1.1186761425350051,0
2.945,-1.051208462055901,0
2.947,-0.9479168942394108,0
2.95,-0.7986182209240963,0
2.951,-0.6104842737910677,0
2.953,-0.3980714401567276,0
2.956,-0.1702174778787047,0
2.958,0.0609805734151312,0
2.96,0.2848206839545268,0
2.961,0.4894722212291458,0
2.963,0.663811114693198,0
2.964,0.8002697236909151,0
2.967,0.8931561167283396,0
2.968,0.9412426305067004,0
2.97,0.9473085752772074,0
2.973,0.918438123168162,0
2.975,0.8647831091847282,0
2.976,0.7991617013515341,0
2.979,0.7307998457478422,0
2.98,0.6757838820025395,0
2.983,0.6393706330946816,0
2.984,0.6206751287549713,0
2.986,0.6182252401282616,0
2.988,0.6168485659408857,0
2.991,0.6091658699869635,0
2.993,0.5968002392863703,0
2.995,0.5713829700182719,0
2.996,0.543185605436191,0
2.999,0.5146442807329753,0
3.0,0.4852830460906579,0
3.003,0.4589409445586705,0
3.003,0.4360653906228087,0
3.006,0.4188704166417629,0
3.007,0.4091088817408145,0
3.009,0.4085261474344261,0
3.012,0.3936065467096233,0
3.014,0.3635189496303662,0
3.016,0.3319043892608368,0
3.017,0.2931715422419378,0
3.019,0.2565773018383604,0
3.022,0.2236768671122422,0
3.023,0.1855286000230542,0
3.025,0.1444406423866435,0
3.028,0.1160212011055392,0
3.03,0.1007545661073735,0
3.032,0.0930122178224285,0
3.033,0.0969789624801579,0
3.036,0.1019401894541641,0
3.038,0.1076219134034962,0
3.039,0.1231036528193113,0
3.041,0.146348243708959,0
3.043,0.1556692904004042,0
3.044,0.1502090574378681,0
3.047,0.1390047390553377,0
3.049,0.1163155026731428,0
3.051,0.0973515672082642,0
3.052,0.0829019617582446,0
3.055,0.0604206326880302,0
3.056,0.0330721740286289,0
3.059,0.0140982250963227,0
3.06,0.0031808133471224,0
3.062,-0.0038752059635637,0
3.064,-0.003820026458751,0
3.067,-0.0076672127046854,0
3.069,-0.0158892881019029,0
3.071,-0.0202816940235779,0
3.072,-0.0232118252337815,0
3.075,-0.0278973310614836,0
3.076,-0.0337380379720041,0
3.078,-0.0408655253649846,0
3.08,-0.0499632467378592,0
3.083,-0.057060093767998,0
3.085,-0.0621464414024365,0
3.087,-0.0677639475207983,0
3.088,-0.073085347340939,0
3.089,-0.0782669884902768,0
3.092,-0.0835662383696479,0
3.094,-0.0883218801577552,0
3.095,-0.0926184770001978,0
3.097,-0.0970685700209936,0
3.099,-0.1016096500681529,0
3.102,-0.1060070837998082,0
3.104,-0.1103769209422806,0
3.105,-0.1134905259406418,0
3.108,-0.1152188751756885,0
3.11,-0.1162239237992112,0
3.111,-0.116160638168125,0
3.113,-0.1156457445619707,0
3.115,-0.1147258386410259,0
3.118,-0.1127881062410692,0
3.119,-0.1099533098742258,0
3.121,-0.107001395388817,0
3.124,-0.1039116233630484,0
3.126,-0.1003797982453297,0
3.128,-0.0965872938883906,0
3.128,-0.0919085896889778,0
3.131,-0.0862963908834312,0
3.132,-0.0802032727546337,0
3.134,-0.0734815831980071,0
3.136,-0.0689196463633839,0
3.139,-0.0668451360921786,0
3.141,-0.0658411468351128,0
3.143,-0.0667247069946384,0
3.144,-0.0679960737305339,0
3.147,-0.0695841519484189,0
3.148,-0.0729837413909472,0
3.151,-0.0779247085580708,0
3.152,-0.0822305283988089,0
3.154,-0.0859394747964645,0
3.156,-0.0899574578223493,0
3.159,-0.0937760991165713,0
3.161,-0.0991173613152332,0
3.163,-0.1061246253138167,0
3.164,-0.1135477656296079,0
3.167,-0.1217999103281748,0
3.168,-0.1269075509919394,0
3.169,-0.1283529500610251,0
3.171,-0.1283156260370587,0
3.174,-0.1256281364875847,0
3.176,-0.1223108131834403,0
3.177,-0.1184938330685699,0
3.18,-0.1121111091443773,0
3.182,-0.1035376964755313,0
3.184,-0.0961394250252494,0
3.185,-0.0899026152512175,0
3.187,-0.0834159292926243,0
3.19,-0.0774884544809123,0
3.191,-0.0695569825288514,0
3.193,-0.0594222859674855,0
3.196,-0.0490041719044073,0
3.198,-0.0377042576292931,0
3.2,-0.0296882817523681,0
3.201,-0.0255735459584972,0
3.203,-0.022963056536056,0
3.206,-0.0231040996709761,0
3.207,-0.0240330307509714,0
3.209,-0.0256145722115196,0
3.211,-0.0299674189352251,0
3.212,-0.0367386087278426,0
3.215,-0.0421851877017322,0
3.217,-0.0463091520343392,0
3.219,-0.0507297299466686,0
3.22,-0.0545477133856272,0
3.223,-0.0605726563355673,0
3.224,-0.0690355689307322,0
3.226,-0.0778257567983399,0
3.228,-0.0876050934469404,0
3.23,-0.0940995758971555,0
3.233,-0.096664842732754,0
3.235,-0.0978000167880366,0
3.236,-0.0962254180597573,0
3.239,-0.0939345757809244,0
3.24,-0.0910747948362665,0
3.243,-0.0854857615589451,0
3.244,-0.0775299133906688,0
3.246,-0.0711278826641153,0
3.248,-0.0662902353444221,0
3.251,-0.0613219031960694,0
3.253,-0.0571717690498678,0
3.254,-0.0509227816920122,0
3.256,-0.0423404841823745,0
3.257,-0.0336341506146633,0
3.259,-0.0241221953728978,0
3.262,-0.0171668498480501,0
3.263,-0.0133348992551491,0
3.265,-0.010544106387541,0
3.267,-0.0098159442820029,0
3.27,-0.009709825846476,0
3.272,-0.0101015634625064,0
3.273,-0.0126426690139443,0
3.276,-0.017074870785106,0
3.278,-0.0201046089687794,0
3.279,-0.0217034969586717,0
3.281,-0.023325154409161,0
3.283,-0.024166515244429,0
3.286,-0.0266288887787029,0
3.288,-0.0309082070507758,0
3.289,-0.0351652757578012,0
3.292,-0.039959721912136,0
3.294,-0.0427422880371831,0
3.295,-0.0430624348816042,0
3.296,-0.0425281260675081,0
3.299,-0.0403579902625782,0
3.3,-0.0376050774095526,0
3.302,-0.0343628251936399,0
3.304,-0.0293897389649609,0
3.307,-0.0228710057105607,0
3.309,-0.0179412900352412,0
3.311,-0.0146846324643251,0
3.312,-0.0116901759342773,0
3.315,-0.0097491599838571,0
3.316,-0.0066752050529864,0
3.319,-0.0023023221382184,0
3.32,0.0016278332903044,0
3.322,0.0056080561839874,0
3.325,0.0098607812017191,0
3.327,0.0142086521783972,0
3.328,0.0188960414258096,0
3.331,0.0239320643873291,0
3.332,0.0287121616856877,0
3.335,0.0332397495317632,0
3.336,0.0378089621592318,0
3.337,0.0422827216873921,0
3.339,0.049819868569147,0
3.342,0.0607500979600109,0
3.344,0.0735729529834792,0
3.345,0.0892025182749109,0
3.348,0.1243017797787132,0
3.35,0.1807011505931446,0
3.351,0.2532785770976349,0
3.353,0.3422445341911528,0
3.355,0.4499630149479535,0
3.358,0.5684602031114623,0
3.359,0.6860156148470566,0
3.361,0.7975484514871458,0
3.364,0.9001421773448876,0
3.366,0.9914018595413971,0
3.368,1.060423941398542,0
3.369,1.1079683537335343,0
3.371,1.153194991386297,0
3.374,1.1953382424678047,0
3.375,1.215859821914285,0
3.377,1.2178287212115342,0
3.378,1.2114233109057262,0
3.381,1.1942020409935048,0
3.383,1.1598041870943223,0
3.384,1.1137916799513683,0
3.387,1.0648786134792845,0
3.388,1.0152361025241146,0
3.391,0.9609419948037636,0
3.392,0.8992525096049807,0
3.394,0.85520223495138,0
3.396,0.8152490413303898,0
3.399,0.7441396296543102,0
3.401,0.6305985370059345,0
3.403,0.4549856870543828,0
3.404,0.2095661079539531,0
3.407,-0.0932305927957503,0
3.408,-0.438811919082525,0
3.411,-0.7978730842053665,0
3.412,-1.13755195005644,0
3.414,-1.430007208261925,0
3.416,-1.6447326021007274,0
3.419,-1.7762293738078576,0
3.42,-1.821462043220537,0
3.422,-1.7854762201574157,0
3.424,-1.691916671288242,0
3.425,-1.5620281192443433,0
3.427,-1.421314008074288,0
3.43,-1.2948578726771045,0
3.431,-1.1927566749069214,0
3.433,-1.1135664875544873,0
3.436,-1.053127720877172,0
3.438,-1.0049033868081676,0
3.44,-0.960771392997704,0
3.441,-0.9158319182091834,0
3.444,-0.8672309848313488,0
3.446,-0.8183211117197461,0
3.447,-0.7660704905642365,0
3.449,-0.7126471581078305,0
3.451,-0.6573550209497347,0
3.454,-0.5939691262321601,0
3.456,-0.521920906561877,0
3.457,-0.4542524834368484,0
3.46,-0.3902024438178456,0
3.462,-0.323316741333317,0
3.463,-0.2561320240113235,0
3.464,-0.2032275010477738,0
3.467,-0.1807065362381383,0
3.468,-0.2109584331314968,0
3.47,-0.3096816221854817,0
3.473,-0.4731900252867124,0
3.475,-0.6592540820692203,0
3.476,-0.7890294490070248,0
3.479,-0.7647422250748352,0
3.48,-0.5044781502270588,0
3.483,0.0189531415637874,0
3.484,0.7537765844360879,0
3.486,1.5725707793507382,0
3.488,2.3028066374164897,0
3.491,2.772228435272935,0
3.493,2.851016221893341,0
3.495,2.4779761661710045,0
3.496,1.6686790554047242,0
3.499,0.5109984021144377,0
3.5,-0.8462374919158642,0
3.503,-2.210507045718624,0
3.503,-3.3717061296763067,0
3.505,-4.138408970396143,0
3.507,-4.378445220849317,1
3.51,-4.05165380910839,0
3.512,-3.2225142393140005,0
3.513,-2.04529367295856,0
3.516,-0.7275316387339542,0
3.518,0.5162941578562378,0
3.519,1.508075507346855,0
3.521,2.1345281609604108,0
3.523,2.359003372628669,0
3.526,2.218430669964478,0
3.528,1.8086461312577309,0
3.529,1.2627677956907004,0
3.532,0.7256134909501982,0
3.534,0.3166144842262754,0
3.536,0.1159400861101389,0
3.537,0.1382503579779774,0
3.539,0.3389068682121938,0
3.542,0.6297853330770069,0
3.543,0.9112747740387608,0
3.544,1.1006776587986542,0
3.547,1.1558510110786828,0
3.549,1.0846836129783133,0
3.551,0.9321029980298454,0
3.552,0.7610095370000364,0
3.555,0.6283481734573053,0
3.556,0.5653784172947289,0
3.559,0.5708108259528435,0
3.56,0.6210939521953348,0
3.562,0.682521748558263,0
3.564,0.7230377283290832,0
3.567,0.7263858123930562,0
3.569,0.6915301652220613,0
3.571,0.629383469684093,0
3.572,0.558721654666498,0
3.575,0.4949297942345915,0
3.576,0.4481526329290736,0
3.578,0.4217174699687038,0
3.58,0.4107020901446865,0
3.583,0.3935261744247844,0
3.585,0.3602674243185266,0
3.587,0.3100070443925645,0
3.588,0.2347608164797497,0
3.59,0.181500231591969,0
3.592,0.1560376395065567,0
3.593,0.1356624451168508,0
3.595,0.138688174930742,0
3.598,0.1290161110917856,0
3.599,0.1072670667302427,0
3.601,0.1016360463029724,0
3.604,0.1000358191051804,0
3.606,0.1101559256294252,0
3.608,0.1268346959702437,0
3.609,0.1277893582893206,0
3.611,0.1093851559696739,0
3.614,0.077240253387791,0
3.615,0.0325702768768764,0
3.617,-0.0185873598228807,0
3.619,-0.0672352171692022,0
3.622,-0.0961017630033148,0
3.624,-0.1014464919386259,0
3.625,-0.0830803120230419,0
3.628,-0.0445318280604659,0
3.628,-0.0167091474111323,0
3.631,-0.0045810187452699,0
3.632,-0.0036453265300728,0
3.634,-0.016444973698553,0
3.636,-0.0456618483798761,0
3.639,-0.081295920508196,0
3.641,-0.1126768054710481,0
3.643,-0.1338727126466529,0
3.644,-0.1390739680121721,0
3.647,-0.1319407389931583,0
3.648,-0.1243966819306042,0
3.651,-0.1243406854455886,0
3.652,-0.1248760443871674,0
3.654,-0.1278725416506201,0
3.656,-0.1433496296893273,0
3.659,-0.1627519733098545,0
3.661,-0.1843639520495051,0
3.663,-0.2060284103612484,0
3.664,-0.2178320407298979,0
3.667,-0.2228099000749255,0
3.668,-0.224581888339618,0
3.67,-0.2282493613850894,0
3.671,-0.2398454361003437,0
3.673,-0.2640564287610998,0
3.676,-0.2872656152494537,0
3.678,-0.3064317066801743,0
3.68,-0.3223952672081523,0
3.681,-0.329901143963116,0
3.684,-0.3461398670882881,0
3.686,-0.3751144141706652,0
3.687,-0.3975607415522658,0
3.689,-0.4231711120742473,0
3.691,-0.4499038392480034,0
3.694,-0.4778526239257751,0
3.696,-0.510561500784514,0
3.697,-0.5422727539128561,0
3.7,-0.5784277221291589,0
3.702,-0.6173019216583961,0
3.703,-0.6589090424024227,0
3.705,-0.7035296846815252,0
3.707,-0.7515627176067012,0
3.71,-0.8031337498034541,0
3.711,-0.8584585094131161,0
3.712,-0.91775572473278,0
3.715,-0.9646624490029873,0
3.717,-0.9976855083057172,0
3.719,-1.026491746140382,0
3.72,-1.0423570971428378,0
3.723,-1.0339869404343514,0
3.724,-0.9937919242597396,0
3.726,-0.9128534044793136,0
3.728,-0.7823528059999177,0
3.73,-0.6009677136962835,0
3.733,-0.3754705881730204,0
3.735,-0.1243573287220049,0
3.736,0.1327720884501983,0
3.739,0.3753500329366359,0
3.74,0.5845769469291182,0
3.743,0.7468045751479321,0
3.744,0.8554515919282469,0
3.746,0.910398910909907,0
3.748,0.917044278770194,0
3.751,0.8848272739574091,0
3.753,0.8259346437632034,0
3.753,0.7535193623785281,0
3.756,0.6787841099210492,0
3.758,0.6127974621279819,0
3.759,0.561621376537244,0
3.761,0.529759438619748,0
3.763,0.515622603473736,0
3.766,0.5128324238151017,0
3.767,0.5147167269549883,0
3.769,0.5092921766395829,0
3.772,0.489656197725692,0
3.774,0.4641462427130863,0
3.776,0.432929108560502,0
3.777,0.3900167675185826,0
3.779,0.3432171387279067,0
3.782,0.3042497722227433,0
3.783,0.2771007135266257,0
3.785,0.2624814175732577,0
3.788,0.2603453551600409,0
3.79,0.2671838967658463,0
3.792,0.2787881815620157,0
3.793,0.2756177720675558,0
3.795,0.252273752892821,0
3.796,0.2215554958047492,0
3.799,0.1760219783345581,0
3.8,0.140466322216935,0
3.802,0.1165415464667104,0
3.804,0.0851868677638288,0
3.807,0.0520011228226596,0
3.809,0.0311596213165207,0
3.811,0.022039651761337,0
3.812,0.0220318057123638,0
3.815,0.0347493988327428,0
3.816,0.0483900520554028,0
3.819,0.063038523822833,0
3.82,0.0878482136141722,0
3.822,0.1206625017518013,0
3.825,0.1378512668571077,0
3.827,0.1383258166435979,0
3.828,0.1319730581267476,0
3.831,0.1124567309628377,0
3.832,0.0963039188961909,0
3.835,0.0843275262448012,0
3.836,0.0627632698388733,0
3.838,0.0350062672519615,0
3.839,0.0153785261420078,0
3.841,0.0034638511184908,0
3.844,-0.0053416206361572,0
3.846,-0.0075722706436538,0
3.848,-0.0152651517105291,0
3.849,-0.028994311553577,0
3.851,-0.0399064951144708,0
3.854,-0.0506376305800692,0
3.855,-0.0594840761674847,0
3.857,-0.065314814051489,0
3.859,-0.0707957000196047,0
3.862,-0.0751990581321562,0
3.864,-0.0772820382333354,0
3.865,-0.0771980675961072,0
3.868,-0.0748613541800195,0
3.87,-0.0699681866655568,0
3.871,-0.0665187910773351,0
3.873,-0.0647346728461557,0
3.875,-0.0624164718541709,0
3.878,-0.0605731710151659,0
3.878,-0.0568285985029181,0
3.881,-0.0509063785874146,0
3.883,-0.0448001125980129,0
3.884,-0.0379367163555267,0
3.887,-0.0328849704297528,0
3.888,-0.0301293956540906,0
3.891,-0.0280442075436174,0
3.892,-0.0274331857127874,0
3.894,-0.0272413646614684,0
3.896,-0.0273844499238155,0
3.899,-0.0291342277683764,0
3.901,-0.0323143368672384,0
3.903,-0.0341401818448171,0
3.904,-0.0345777134060401,0
3.907,-0.0348901897306963,0
3.908,-0.0343983731753711,0
3.911,-0.0351118505069649,0
3.912,-0.0372031549220539,0
3.914,-0.0391295799618987,0
3.916,-0.0413636511596955,0
3.919,-0.0428013193666674,0
3.92,-0.043173284222827,0
3.921,-0.0433499643792723,0
3.924,-0.0429791529410164,0
3.926,-0.0423592358640926,0
3.927,-0.0415520207728923,0
3.929,-0.0400883642004388,0
3.931,-0.038022793400559,0
3.934,-0.0367831193083979,0
3.936,-0.0364185452745624,0
3.937,-0.0362695595491432,0
3.94,-0.0366996852927344,0
3.942,-0.0367530385530975,0
3.944,-0.0363556730577172,0
3.945,-0.0362854341018451,0
3.947,-0.0363285840575857,0
3.95,-0.0366704908557364,0
3.951,-0.0374233002817287,0
3.953,-0.0383520743274448,0
3.956,-0.0395387983103501,0
3.958,-0.0410658620088854,0
3.96,-0.0429277081471612,0
3.961,-0.0451672720536259,0
3.963,-0.0478127046910865,0
3.964,-0.0504335101381786,0
3.967,-0.0530132300656051,0
3.968,-0.0557901646638929,0
3.97,-0.0586598952824766,0
3.973,-0.0618977388627384,0
3.975,-0.0655386230111374,0
3.976,-0.0693651950052073,0
3.979,-0.0734474907269075,0
3.98,-0.0767880356694617,0
3.983,-0.0792646901336852,0
3.984,-0.0813995355393146,0
3.986,-0.0828998454162789,0
3.988,-0.0842978647825772,0
3.991,-0.0856223751694976,0
3.993,-0.0863413342061364,0
3.995,-0.0865523476309375,0
3.996,-0.0870820486358119,0
3.999,-0.0879231523783176,0
4.0,-0.0887312514348231,0
4.003,-0.0897032957587591,0
4.003,-0.0901996240285993,0
4.006,-0.0901696995337336,0
4.007,-0.0900873341518888,0
4.009,-0.08980195940486,0
4.012,-0.0894019729601537,0
4.014,-0.088941290645621,0
4.016,-0.0882640073779991,0
4.017,-0.0874027157835261,0
4.019,-0.0864081069154395,0
4.022,-0.0852626991796953,0
4.023,-0.083968144938092,0
4.025,-0.0825303739802866,0
4.028,-0.0806967889195595,0
4.03,-0.0784444312076557,0
4.032,-0.0758950913769927,0
4.033,-0.0729775712230178,0
4.036,-0.0698287558459066,0
4.038,-0.0664552631718996,0
4.039,-0.0627247467461165,0
4.041,-0.0586625117475241,0
4.043,-0.0552428419313058,0
4.044,-0.0525436042349025,0
4.047,-0.0501209232550175,0
4.049,-0.0482482003394176,0
4.051,-0.0463267183910407,0
4.052,-0.044329750703395,0
4.055,-0.0428010829303861,0
4.056,-0.041625939995545,0
4.059,-0.0401459637021134,0
4.06,-0.038379358726033,0
4.062,-0.0365743378483224,0
4.064,-0.0345767285629569,0
4.067,-0.0329279757210316,0
4.069,-0.031666400922791,0
4.071,-0.0304014055428355,0
4.072,-0.0292595515654177,0
4.075,-0.0278036677351647,0
4.076,-0.0259530457582961,0
4.078,-0.0240086381035099,0
4.08,-0.0218384840525765,0
4.083,-0.0196082565030401,0
4.085,-0.0173405222979364,0
4.087,-0.0148345654396909,0
4.088,-0.0121230365952961,0
4.089,-0.0096677106373586,0
4.092,-0.0074794304745812,0
4.094,-0.0053556239818638,0
4.095,-0.0034127626841401,0
4.097,-0.0013292545594382,0
4.099,0.0009179451854827,0
4.102,0.0030721458512683,0
4.104,0.0052049936650071,0
4.105,0.007327457740754,0
4.108,0.0094105272376697,0
4.11,0.0114990279572475,0
4.111,0.0135874031991212,0
4.113,0.0160303072884116,0
4.115,0.0188723258419585,0
4.118,0.0219287785806252,0
4.119,0.0253053931660354,0
4.121,0.0267439109432091,0
4.124,0.0260223906083946,0
4.126,0.0237853487886727,0
4.128,0.0193434363370824,0
4.128,0.0270540072543959,0
4.131,0.042662699029304,0
4.132,0.0467438522242819,0
4.134,0.038870459597691,0
4.136,0.0329821907230951,0
4.139,0.0300235767313509,0
4.141,0.0272865474694725,0
4.143,0.0343926574620147,0
4.144,0.0321405553910187,0
4.147,0.0233245047164073,0
4.148,0.0198719735971472,0
4.151,0.013764189664424,0
4.152,0.0255753327043074,0
4.154,0.0563267627271732,0
4.156,0.0947047251438903,0
4.159,0.15219951000342,0
4.161,0.2088588959021581,0
4.163,0.2660532731398912,0
4.164,0.3378975845190649,0
4.167,0.414396468485172,0
4.168,0.5300234086946014,0
4.169,0.6768418427979713,0
4.171,0.8152937590140183,0
4.174,0.9459990502252572,0
4.176,1.0498483517444193,0
4.177,1.1205267327745436,0
4.18,1.1697559785351852,0
4.182,1.1985710129012594,0
4.184,1.216821470208167,0
4.185,1.229111672279788,0
4.187,1.2354239148462085,0
4.19,1.2354989934700853,0
4.191,1.2197033662334134,0
4.193,1.1871044345496322,0
4.196,1.1483428236421924,0
4.198,1.106442394802999,0
4.2,1.0554522446993098,0
4.201,0.9994287468081215,0
4.203,0.9425814731892008,0
4.206,0.8754594066584651,0
4.207,0.7874614745243367,0
4.209,0.661561985934012,0
4.211,0.4793114199599062,0
4.212,0.2320806619861831,0
4.215,-0.0775125419629294,0
4.217,-0.4348175007545221,0
4.219,-0.8127310303459674,0
4.22,-1.1760894257755266,0
4.223,-1.4886419003209557,0
4.224,-1.7183193286030445,0
4.226,-1.8475014972234696,0
4.228,-1.8740216623285653,0
4.23,-1.8126089889728791,0
4.233,-1.690721916115449,0
4.235,-1.5413231976603097,0
4.236,-1.394468913066408,0
4.239,-1.2710323812401816,0
4.24,-1.1790068667995866,0
4.243,-1.1141962826195988,0
4.244,-1.06466859072574,0
4.246,-1.017777527874648,0
4.248,-0.9646058612514572,0
4.251,-0.902845153351768,0
4.253,-0.8388683222959858,0
4.254,-0.781630979049931,0
4.256,-0.7389606504174389,0
4.257,-0.7129402502862708,0
4.259,-0.6970082395533744,0
4.262,-0.6735290373946909,0
4.263,-0.6294308709765565,0
4.265,-0.5592517784889852,0
4.267,-0.4609772036405136,0
4.27,-0.3553593881144843,0
4.272,-0.256371435637083,0
4.273,-0.1720556346321324,0
4.276,-0.1233948559231508,0
4.278,-0.1144487323045486,0
4.279,-0.1605028704901017,0
4.281,-0.2780598547563774,0
4.283,-0.4520699567014544,0
4.286,-0.6484569156891015,0
4.288,-0.7961066902715376,0
4.289,-0.7985216179153002,0
4.292,-0.5787016016901162,0
4.294,-0.1031828075867187,0
4.295,0.5873561350558651,0
4.296,1.371132559972913,0
4.299,2.073993996450205,0
4.3,2.5104384767417898,0
4.302,2.525987179354576,0
4.304,2.047752017104624,0
4.307,1.0981682801975063,0
4.309,-0.1985163830546853,0
4.311,-1.6362821434704535,0
4.312,-2.965381862734593,0
4.315,-3.943525993800197,0
4.316,-4.389374491364356,1
4.319,-4.224161071621902,0
4.32,-3.4885154096783357,0
4.322,-2.329169349810108,0
4.325,-0.9608208706352545,0
4.327,0.3848876262266504,0
4.328,1.5067280345877985,0
4.331,2.266634157621471,0
4.332,2.604787012680849,0
4.335,2.537747865397268,0
4.336,2.145884950774192,0
4.337,1.5545305716943612,0
4.339,0.9106330497170388,0
4.342,0.3560424647712401,0
4.344,0.0008815170529159,0
4.345,-0.0985334166785665,0
4.348,0.0485369509791019,0
4.35,0.3723076208171436,0
4.351,0.7638099627975989,0
4.353,1.1072130448475772,0
4.355,1.3146571927189763,0
4.358,1.3483186372498612,0
4.359,1.2266512952768711,0
4.361,1.0127667041678674,0
4.364,0.7870897669247844,0
4.366,0.6196819877734311,0
4.368,0.5488894829442924,0
4.369,0.572943268702267,0
4.371,0.658567043633325,0
4.374,0.7570371528447635,0
4.375,0.8237343936377082,0
4.377,0.8337313745571023,0
4.378,0.7861003640509245,0
4.381,0.7004278303869316,0
4.383,0.6064483549707921,0
4.384,0.5314972294576386,0
4.387,0.4784292898918892,0
4.388,0.4478992237540365,0
4.391,0.4357040779286261,0
4.392,0.4212782063858366,0
4.394,0.4114183457785325,0
4.396,0.393945025996244,0
4.399,0.3538276381238451,0
4.401,0.2989016095377533,0
4.403,0.2349409787080443,0
4.404,0.1700751069476993,0
4.407,0.1161428055479643,0
4.408,0.0809805114330058,0
4.411,0.0628663517808208,0
4.412,0.0623591229906581,0
4.414,0.0753380705073885,0
4.416,0.0971919513317309,0
4.419,0.10153200295808,0
4.42,0.081880909750772,0
4.422,0.0520043075133223,0
4.424,0.0077864686196543,0
4.425,-0.0235955395978086,0
4.427,-0.0381251317134956,0
4.43,-0.0589213983524826,0
4.431,-0.0831452544152686,0
4.433,-0.0912258007669453,0
4.436,-0.0900359273515337,0
4.438,-0.0920309152990018,0
4.44,-0.0967877977879611,0
4.441,-0.1010638736181945,0
4.444,-0.1031620330132676,0
4.446,-0.0959901794888393,0
4.447,-0.0769205976802614,0
4.449,-0.0713734417111939,0
4.451,-0.0783975030426781,0
4.454,-0.0819734524155447,0
4.456,-0.0914733585089565,0
4.457,-0.0971095692985284,0
4.46,-0.0986788778902392,0
4.462,-0.1039264280878828,0
4.463,-0.1070061856788174,0
4.464,-0.1285418670210906,0
4.467,-0.1645325995129843,0
4.468,-0.1934263328081177,0
4.47,-0.216243742729876,0
4.473,-0.2286643481266109,0
4.475,-0.229881009580488,0
4.476,-0.2304697803442766,0
4.479,-0.2298929700727023,0
4.48,-0.2368217972573395,0
4.483,-0.2547740852493187,0
4.484,-0.2799454443893906,0
4.486,-0.3122558813452492,0
4.488,-0.33865708369436,0
4.491,-0.3568541396231701,0
4.493,-0.3789909506833487,0
4.495,-0.4013418393773869,0
4.496,-0.4281276097625218,0
4.499,-0.4609614961284897,0
4.5,-0.4951169365385051,0
4.503,-0.5320410474248398,0
4.503,-0.571289676723033,0
4.505,-0.6123897409067637,0
4.507,-0.6567459308927129,0
4.51,-0.7041748967393098,0
4.512,-0.7487700655034093,0
4.513,-0.7901914789738248,0
4.516,-0.8291709241345186,0
4.518,-0.8681658381993608,0
4.519,-0.9042977638628856,0
4.521,-0.938861775148284,0
4.523,-0.9723692454776024,0
4.526,-0.9984541729472424,0
4.528,-1.0309428656957007,0
4.529,-1.061552627617654,0
4.532,-1.067387784943975,0
4.534,-1.0449564552424713,0
4.536,-0.9789513650068734,0
4.537,-0.8657899964122568,0
4.539,-0.7163188417159527,0
4.542,-0.5343008365041432,0
4.543,-0.33182854043095,0
4.544,-0.1210133397077618,0
4.547,0.0897603163953539,0
4.549,0.2891539756453413,0
4.551,0.4739180494591601,0
4.552,0.634340422644473,0
4.555,0.7570130430636811,0
4.556,0.8380252432027363,0
4.559,0.8874430700873149,0
4.56,0.9052152078475312,0
4.562,0.8892806307941544,0
4.564,0.8477330365265672,0
4.567,0.7920063235498105,0
4.569,0.727312539173944,0
4.571,0.6626262881944359,0
4.572,0.6054261538862251,0
4.575,0.5603455096370361,0
4.576,0.5289176975179853,0
4.578,0.5076429348131893,0
4.58,0.4943482650106588,0
4.583,0.4792525158814427,0
4.585,0.4591976089205263,0
4.587,0.4451917303798551,0
4.588,0.4337209350043103,0
4.59,0.4194852620593112,0
4.592,0.402880175961073,0
4.593,0.3835618728811651,0
4.595,0.3600709823408709,0
4.598,0.3458263386267757,0
4.599,0.3412985086640034,0
4.601,0.3385772520876442,0
4.604,0.3408167471162552,0
4.606,0.3332819501051847,0
4.608,0.3140560542754119,0
4.609,0.2925997533853311,0
4.611,0.2648020761139635,0
4.614,0.2374760071279802,0
4.615,0.2115459732908972,0
4.617,0.1801106279149552,0
4.619,0.1447103774306539,0
4.622,0.1229116394084375,0
4.624,0.1155061670127774,0
4.625,0.1152434406465582,0
4.628,0.1268310913224798,0
4.628,0.1385457116631659,0
4.631,0.1498664540394737,0
4.632,0.1707701627708165,0
4.634,0.1989120882318365,0
4.636,0.2121159401794633,0
4.639,0.2095386868254453,0
4.641,0.2001756674559003,0
4.643,0.1781384475482122,0
4.644,0.1590009681106609,0
4.647,0.1434944406435725,0
4.648,0.118731391730556,0
4.651,0.0879036172529494,0
4.652,0.0639272584220824,0
4.654,0.0463678445546644,0
4.656,0.0311546430553217,0
4.659,0.0213936959316339,0
4.661,0.0060841709173356,0
4.663,-0.0152975704203455,0
4.664,-0.0347211329887786,0
4.667,-0.0546040298189458,0
4.668,-0.0717405132821074,0
4.67,-0.0849490693239988,0
4.671,-0.0974547287744354,0
4.673,-0.1081268312816138,0
4.676,-0.1168029184139294,0
4.678,-0.1236724458914057,0
4.68,-0.1277542609011573,0
4.681,-0.1289578064455234,0
4.684,-0.1325458580138447,0
4.686,-0.138741743878734,0
4.687,-0.1448800333091149,0
4.689,-0.1522870230051495,0
4.691,-0.1576102857711454,0
4.694,-0.1605231742892257,0
4.696,-0.1636787432338618,0
4.697,-0.1662836423774856,0
4.7,-0.1672043428481616,0
4.702,-0.1666014757043099,0
4.703,-0.1622950142928657,0
4.705,-0.1581751113924824,0
4.707,-0.1523033526823418,0
4.71,-0.1460942750080925,0
4.711,-0.1381995873638648,0
4.712,-0.128922030968332,0
4.715,-0.1286958983746136,0
4.717,-0.1384544258811084,0
4.719,-0.1535084563843937,0
4.72,-0.1768507852590898,0
4.723,-0.1848662338471948,0
4.724,-0.1755574629868273,0
4.726,-0.1628904587133801,0
4.728,-0.140671663614617,0
4.73,-0.1195276353178109,0
4.733,-0.100848660611278,0
4.735,-0.0875874275307215,0
4.736,-0.0835391341440119,0
4.739,-0.0812085360438578,0
4.74,-0.08288154070062,0
4.743,-0.0970628403672075,0
4.744,-0.124001962799642,0
4.746,-0.1359410761042957,0
4.748,-0.132658059804671,0
4.751,-0.1290326883169044,0
4.753,-0.1186887474204718,0
4.753,-0.1166060509514289,0
4.756,-0.1248569906427982,0
4.758,-0.1312178656568629,0
4.759,-0.1395244838190479,0
4.761,-0.1439167132630537,0
4.763,-0.1426427537765894,0
4.766,-0.1414860031489999,0
4.767,-0.1385739465079239,0
4.769,-0.1351178408457337,0
4.772,-0.1317174274137008,0
4.774,-0.1261562965950915,0
4.776,-0.1188022691675068,0
4.777,-0.1126648133786272,0
4.779,-0.1076688420100318,0
4.782,-0.1026279709131834,0
4.783,-0.0982390432754232,0
4.785,-0.0923756988238583,0
4.788,-0.0848799866885445,0
4.79,-0.0773596660752532,0
4.792,-0.0693252516034683,0
4.793,-0.0632672283029541,0
4.795,-0.0596068650788109,0
4.796,-0.0568182429512869,0
4.799,-0.0556612113990564,0
4.8,-0.0550737759503902,0
4.802,-0.0549709900236698,0
4.804,-0.056580040837132,0
4.807,-0.0597156104212658,0
4.809,-0.0619753775477454,0
4.811,-0.063346982167965,0
4.812,-0.0648984114847893,0
4.815,-0.0660496043104349,0
4.816,-0.0685670967677684,0
4.819,-0.0726011463161533,0
4.82,-0.0768123599374003,0
4.822,-0.0816178151285788,0
4.825,-0.083697743120897,0
4.827,-0.0825792050005612,0
4.828,-0.0801294148743193,0
4.831,-0.0753580440623133,0
4.832,-0.069878668387386,0
4.835,-0.0637949964430386,0
4.836,-0.0553975165213206,0
4.838,-0.0449768471776678,0
4.839,-0.0354647821746906,0
4.841,-0.0268536948282341,0
4.844,-0.0178839652767548,0
4.846,-0.0092580161235709,0
4.848,0.0012412410659207,0
4.849,0.0137953704902991,0
4.851,0.0267455218571638,0
4.854,0.04061460308238,0
4.855,0.0500485895325564,0
4.857,0.0543372690271828,0
4.859,0.0563803286313502,0
4.862,0.0545921693647764,0
4.864,0.0516822356166431,0
4.865,0.0478064702362741,0
4.868,0.0401650851479427,0
4.87,0.029246532712808,0
4.871,0.0202091216547705,0
4.873,0.013083558489933,0
4.875,0.0056517879728969,0
4.878,-0.0008263957490819,0
4.878,-0.010188984911607,0
4.881,-0.0227338018277223,0
4.883,-0.0355363065618249,0
4.884,-0.0494848395489022,0
4.887,-0.0509630581834839,0
4.888,-0.0382687397803277,0
4.891,-0.0184240529441005,0
4.892,0.0126007600071476,0
4.894,0.0480291124391261,0
4.896,0.0875687147207653,0
4.899,0.1384542218725454,0
4.901,0.1995465464773239,0
4.903,0.2709122171359625,0
4.904,0.3539260013360595,0
4.907,0.4513252473537901,0
4.908,0.5575598382511572,0
4.911,0.6590197320913538,0
4.912,0.7519703224385493,0
4.914,0.829599771789552,0
4.916,0.8891683858460759,0
4.919,0.952282455968455,0
4.92,1.0225530760482515,0
4.921,1.0911767345003414,0
4.924,1.1652464242528549,0
4.926,1.2161132350906905,0
4.927,1.2425683128459049,0
4.929,1.262808028366287,0
4.931,1.2702994256640754,0
4.934,1.264349680500098,0
4.936,1.2462142780011534,0
4.937,1.2076206691213789,0
4.94,1.155454620363239,0
4.942,1.1009254265310895,0
4.944,1.0468494114287954,0
4.945,1.0015287782408802,0
4.947,0.9618241754542745,0
4.95,0.9110399192797292,0
4.951,0.8333468260160837,0
4.953,0.7129561983449973,0
4.956,0.534383496117479,0
4.958,0.2926881115017556,0
4.96,-0.0093736422126088,0
4.961,-0.3634876909676609,0
4.963,-0.7442149416020823,0
4.964,-1.1127759242758413,0
4.967,-1.4353682005565536,0
4.968,-1.6845969509361014,0
4.97,-1.8378681497058065,0
4.973,-1.8931776290496176,0
4.975,-1.8576148744795604,0
4.976,-1.746176162586074,0
4.979,-1.5878414556119411,0
4.98,-1.415507821563358,0
4.983,-1.2536257359852163,0
4.984,-1.1214026760896896,0
4.986,-1.0262348577773246,0
4.988,-0.9641884401971528,0
4.991,-0.926713395702716,0
4.993,-0.9025168217984412,0
4.995,-0.8847958186418611,0
4.996,-0.8643576262435199,0
4.999,-0.8384764626893445,0
5.0,-0.8042361022093218,0
5.003,-0.7568881024575648,0
5.003,-0.7017032429514647,0
5.006,-0.6355717854431618,0
5.007,-0.5630179481622255,0
5.009,-0.4839950951469934,0
5.012,-0.4069981942651535,0
5.014,-0.3340021072931829,0
5.016,-0.2595687583192001,0
5.017,-0.1931916128501389,0
5.019,-0.160736906519625,0
5.022,-0.1837181392529484,0
5.023,-0.2760545078926048,0
5.025,-0.4375257279784487,0
5.028,-0.6322997944456964,0
5.03,-0.7840729216787554,0
5.032,-0.7949395978546594,0
5.033,-0.5799545604745643,0
5.036,-0.1078804767501959,0
5.038,0.5723769447819255,0
5.039,1.333704944156728,0
5.041,2.002235766211321,0
5.043,2.4075467727962487,0
5.044,2.4237449809323444,0
5.047,1.9963527257498184,0
5.049,1.1506054077163,0
5.051,-0.019169698915733,0
5.052,-1.360553270439429,0
5.055,-2.680334086202466,0
5.056,-3.7715004717364975,0
5.059,-4.448027451611079,0
5.06,-4.582297923851225,1
5.062,-4.1390159345749495,0
5.064,-3.189464710101414,0
5.067,-1.8952619770689711,0
5.069,-0.4737576920241703,0
5.071,0.8499725061165431,0
5.072,1.889714912043577,0
5.075,2.519137285282301,0
5.076,2.702820087545107,0
5.078,2.491119037464617,0
5.08,1.9919475198394068,0
5.083,1.3596028775832725,0
5.085,0.7505395287872505,0
5.087,0.2900786283346379,0
5.088,0.056020307204185,0
5.089,0.0805468170259085,0
5.092,0.3105500857254991,0
5.094,0.6381311888751013,0
5.095,0.96108714147354,0
5.097,1.1785371516027134,0
5.099,1.2486189371130447,0
5.102,1.194324576401671,0
5.104,1.0629774040058926,0
5.105,0.8974915427923545,0
5.108,0.7564310595130892,0
5.11,0.6822678928918482,0
5.111,0.6689673372226751,0
5.113,0.7084906866597009,0
5.115,0.7643800530650365,0
5.118,0.7888883229463712,0
5.119,0.7669046414979575,0
5.121,0.7109760012086533,0
5.124,0.6340260131316203,0
5.126,0.5521270339632626,0
5.128,0.4871049727212987,0
5.128,0.4391887634890996,0
5.131,0.411127044080936,0
5.132,0.4073944605014493,0
5.134,0.4168178501011915,0
5.136,0.4247936182157688,0
5.139,0.4248288013683354,0
5.141,0.4089467990986638,0
5.143,0.374174606516172,0
5.144,0.3255211755190985,0
5.147,0.2673198090049343,0
5.148,0.2041117755167134,0
5.151,0.145246987992038,0
5.152,0.0958255043969502,0
5.154,0.0631790723283883,0
5.156,0.0492605854701134,0
5.159,0.0509041337093506,0
5.161,0.0614828483967088,0
5.163,0.0725118030317613,0
5.164,0.0755747424115315,0
5.167,0.0670920208895859,0
5.168,0.0414274626261096,0
5.169,0.0036029716910362,0
5.171,-0.0328323172057798,0
5.174,-0.0653665523608653,0
5.176,-0.0881966960190211,0
5.177,-0.1019864106049523,0
5.18,-0.0980119382696171,0
5.182,-0.0817297929442797,0
5.184,-0.0765251055684143,0
5.185,-0.0854984327739435,0
5.187,-0.0914779925866475,0
5.19,-0.0938373080254042,0
5.191,-0.1034028612583205,0
5.193,-0.1116997620755015,0
5.196,-0.1060698404467388,0
5.198,-0.0885034683050171,0
5.2,-0.0710019025734192,0
5.201,-0.0603398170743591,0
5.203,-0.0610307606956069,0
5.206,-0.0808638750707003,0
5.207,-0.1002412204158426,0
5.209,-0.1140399962285268,0
5.211,-0.1267265384679409,0
5.212,-0.1262973113703332,0
5.215,-0.1354516147571183,0
5.217,-0.1562488589659781,0
5.219,-0.1655117055011347,0
5.22,-0.1749122273242382,0
5.223,-0.1849097999079401,0
5.224,-0.1957967082919277,0
5.226,-0.2075550587435073,0
5.228,-0.2150257064522278,0
5.23,-0.2402380208923667,0
5.233,-0.2776973208220095,0
5.235,-0.3060808183672834,0
5.236,-0.326007032977856,0
5.239,-0.3472832740047687,0
5.24,-0.3717310039329519,0
5.243,-0.4062549654366394,0
5.244,-0.4553864253290254,0
5.246,-0.4975492907960729,0
5.248,-0.5301790575973254,0
5.251,-0.5747426419395154,0
5.253,-0.6202647621819258,0
5.254,-0.6698785035266164,0
5.256,-0.7235553507924373,0
5.257,-0.7782218579489872,0
5.259,-0.8393518104926166,0
5.262,-0.8895368601930786,0
5.263,-0.9292428833455406,0
5.265,-0.9665719579649812,0
5.267,-0.9929185281507767,0
5.27,-1.0361862876847527,0
5.272,-1.0897493061392391,0
5.273,-1.1219214975235874,0
5.276,-1.133100078679834,0
5.278,-1.0962338946935666,0
5.279,-1.005611433605268,0
5.281,-0.8779165744387962,0
5.283,-0.7120074948916395,0
5.286,-0.5248654657708982,0
5.288,-0.3263513798825288,0
5.289,-0.1152710401783316,0
5.292,0.0981597608654882,0
5.294,0.302992399463291,0
5.295,0.4921551655838719,0
5.296,0.6601663306294582,0
5.299,0.7988848285297527,0
5.3,0.8968396526766794,0
5.302,0.9511647322785416,0
5.304,0.9660084724720996,0
5.307,0.9457253451568204,0
5.309,0.898334505456366,0
5.311,0.8351319920022379,0
5.312,0.7668214547681012,0
5.315,0.703398706860155,0
5.316,0.6502086513117932,0
5.319,0.6100341868759669,0
5.32,0.5823748706245949,0
5.322,0.5636537989885054,0
5.325,0.5489717628711489,0
5.327,0.5357719748900193,0
5.328,0.5197604378923517,0
5.331,0.4974970246761716,0
5.332,0.4732292569613611,0
5.335,0.4441092308322792,0
5.336,0.4169258236032188,0
5.337,0.391787754685536,0
5.339,0.3689567245191698,0
5.342,0.3502965511948915,0
5.344,0.3362298814662282,0
5.345,0.3279416856018918,0
5.348,0.315607965731014,0
5.35,0.2990977385117405,0
5.351,0.2847614007899732,0
5.353,0.2704744686020152,0
5.355,0.2533705479988298,0
5.358,0.2337196897435112,0
5.359,0.2113065809615462,0
5.361,0.1853606531961506,0
5.364,0.1584673895878731,0
5.366,0.1304054135633108,0
5.368,0.0991079438849033,0
5.369,0.0649263758549352,0
5.371,0.0402425936483236,0
5.374,0.0259410932429784,0
5.375,0.016303654959951,0
5.377,0.0147383491073703,0
5.378,0.0132855399710576,0
5.381,0.0115050452790575,0
5.383,0.016365307142074,0
5.384,0.0262547669178358,0
5.387,0.0280202049931463,0
5.388,0.0213246561352361,0
5.391,0.0113746882909354,0
5.392,-0.0052526679120191,0
5.394,-0.0190524660523614,0
5.396,-0.0295524124657932,0
5.399,-0.0444297415054486,0
5.401,-0.0616943992572746,0
5.403,-0.0741671501940026,0
5.404,-0.0821075777819954,0
5.407,-0.087591979845735,0
5.408,-0.0888751132909284,0
5.411,-0.0921485572986862,0
5.412,-0.0976490818760152,0
5.414,-0.1008329392838752,0
5.416,-0.1030253869192168,0
5.419,-0.1063613415167375,0
5.42,-0.1105516916411524,0
5.422,-0.1155158404853595,0
5.424,-0.121740911074992,0
5.425,-0.1268166447312621,0
5.427,-0.1307368467377417,0
5.43,-0.135118123205876,0
5.431,-0.1394691034269694,0
5.433,-0.143567611020114,0
5.436,-0.1475640857937886,0
5.438,-0.1512279607135255,0
5.44,-0.1545363280709677,0
5.441,-0.1580798012218974,0
5.444,-0.1618482997627875,0
5.446,-0.1655353914338632,0
5.447,-0.1692685378648792,0
5.449,-0.1715025151787136,0
5.451,-0.1720644766612474,0
5.454,-0.17177707863455,0
5.456,-0.1701984822960373,0
5.457,-0.1681344329011717,0
5.46,-0.1656388695868504,0
5.462,-0.1619146331917638,0
5.463,-0.1571163108292859,0
5.464,-0.1523770526613032,0
5.467,-0.1476803520228905,0
5.468,-0.1425709795921404,0
5.47,-0.1373178900758991,0
5.473,-0.1310340295436379,0
5.475,-0.1236529276420047,0
5.476,-0.1158288404072993,0
5.479,-0.1073545456172389,0
5.48,-0.1003961187158948,0
5.483,-0.0952389466145977,0
5.484,-0.090713778863758,0
5.486,-0.0874615902464906,0
5.488,-0.0843854533135531,0
5.491,-0.0814229065333603,0
5.493,-0.0797066173097564,0
5.495,-0.0790390874014075,0
5.496,-0.077613389564512,0
5.499,-0.0754460009799739,0
5.5,-0.0733036644136638,0
5.503,-0.0707583458623706,0
5.503,-0.0692030513791358,0
5.505,-0.0687530530603293,0
5.507,-0.0683799714808583,0
5.51,-0.0684150740592145,0
5.512,-0.0674871041202323,0
5.513,-0.0653604488857132,0
5.516,-0.0629308793111981,0
5.518,-0.0597864986810817,0
5.519,-0.0567870985626023,0
5.521,-0.0540268967432368,0
5.523,-0.0507062326545902,0
5.526,-0.0470189582332252,0
5.528,-0.0429656568704033,0
5.529,-0.0384367897323764,0
5.532,-0.033181745009873,0
5.534,-0.0271213342344665,0
5.536,-0.0287412447511903,0
5.537,-0.0347331401217995,0
5.539,-0.0322528918314616,0
5.542,-0.0204701717834066,0
5.543,-0.0156909730994263,0
5.544,-0.020219504219701,0
5.547,-0.0198675998970396,0
5.549,-0.0190284922557623,0
5.551,-0.0190822222339331,0
5.552,-0.0187993176316486,0
5.555,-0.0211216841580806,0
5.556,-0.0211323772313002,0
5.559,-0.0241508119649736,0
5.56,-0.0286895693802474,0
5.562,-0.0328046064002954,0
5.564,-0.0406797078999544,0
5.567,-0.0389330312444261,0
5.569,-0.0322475216927133,0
5.571,-0.0362063576346212,0
5.572,-0.0515200738986319,0
5.575,-0.0562897995882816,0
5.576,-0.0484463070359793,0
5.578,-0.0449514315130995,0
5.58,-0.0402558266447976,0
5.583,-0.0337932056243294,0
5.585,-0.0270069081081658,0
5.587,-0.0161618545539878,0
5.588,-0.0054214272878005,0
5.59,0.006840929785031,0
5.592,0.0194003017059952,0
5.593,0.0309339778114509,0
5.595,0.0455210708712477,0
5.598,0.0583347017394142,0
5.599,0.0707768071305625,0
5.601,0.0851469329827089,0
5.604,0.0954312319241773,0
5.606,0.1141836797492243,0
5.608,0.135084896596742,0
5.609,0.1418941653978766,0
5.611,0.1325833626590555,0
5.614,0.1165325283807039,0
5.615,0.0976604941620708,0
5.617,0.0856199375809429,0
5.619,0.0924076063899994,0
5.622,0.1005642882941652,0
5.624,0.118025136809964,0
5.625,0.1598523471086826,0
5.628,0.2170580815379334,0
5.628,0.2992386122165781,0
5.631,0.3998053065552777,0
5.632,0.4977666781857724,0
5.634,0.5945038441191872,0
5.636,0.6763482543786884,0
5.639,0.7459230986410408,0
5.641,0.8194870657372857,0
5.643,0.8964360633521852,0
5.644,0.9904377091869352,0
5.647,1.096073194574405,0
5.648,1.1899941421257156,0
5.651,1.2658060766093888,0
5.652,1.300135646786541,0
5.654,1.2894210770286532,0
5.656,1.2499293246414018,0
5.659,1.1873008745058,0
5.661,1.1238639033367304,0
5.663,1.0695365074763372,0
5.664,1.0281166056362625,0
5.667,1.002088170923778,0
5.668,0.9828819595725696,0
5.67,0.9528625790496912,0
5.671,0.8901581742235518,0
5.673,0.7673507775893101,0
5.676,0.5623265126960418,0
5.678,0.2668039543830431,0
5.68,-0.1090660378900287,0
5.681,-0.5351102638584707,0
5.684,-0.96693166792006,0
5.686,-1.3563173624086995,0
5.687,-1.6623729798617597,0
5.689,-1.8602371060797436,0
5.691,-1.944606552355954,0
5.694,-1.927680805182814,0
5.696,-1.833249098094402,0
5.697,-1.689580941238791,0
5.7,-1.523531325265986,0
5.702,-1.3571282019945097,0
5.703,-1.2065781181125017,0
5.705,-1.0827091478433588,0
5.707,-0.9916233336431808,0
5.71,-0.9348740138082968,0
5.711,-0.9090034173599612,0
5.712,-0.9051590968508548,0
5.715,-0.9101127531165604,0
5.717,-0.908270761871366,0
5.719,-0.8857100432797104,0
5.72,-0.8346312169230141,0
5.723,-0.754332995396915,0
5.724,-0.6528873588813048,0
5.726,-0.5432987449899725,0
5.728,-0.4373595196815336,0
5.73,-0.3501789861745393,0
5.733,-0.289522474809172,0
5.735,-0.2503098462299933,0
5.736,-0.2461260067966495,0
5.739,-0.3053337831847373,0
5.74,-0.4295966653386279,0
5.743,-0.5892184441372009,0
5.744,-0.7293435248226313,0
5.746,-0.7666371382297614,0
5.748,-0.6126927197315962,0
5.751,-0.2162862667491716,0
5.753,0.4045485277257273,0
5.753,1.1537201729630784,0
5.756,1.8770120785540243,0
5.758,2.4029073053531267,0
5.759,2.5866845502308027,0
5.761,2.3431630117816784,0
5.763,1.6618034817909595,0
5.766,0.6086319963669293,0
5.767,-0.6806181978851708,0
5.769,-2.016584841580358,0
5.772,-3.183025800578777,0
5.774,-3.976016720436777,0
5.776,-4.24894232563375,1
5.777,-3.949308644182397,0
5.779,-3.1338036415199118,0
5.782,-1.9555512148731231,0
5.783,-0.6259891920631331,0
5.785,0.6361185979532755,0
5.788,1.6420695468943112,0
5.79,2.2760642903272967,0
5.792,2.496577242319595,0
5.793,2.336298633237184,0
5.795,1.8879453913640232,0
5.796,1.283003512879396,0
5.799,0.6654983115189769,0
5.8,0.1678802631333635,0
5.802,-0.1157033293429365,0
5.804,-0.1483201882988231,0
5.807,0.0444444028213682,0
5.809,0.3836853060264116,0
5.811,0.7596111410120111,0
5.812,1.064820811250045,0
5.815,1.2259258519302902,0
5.816,1.2203059144677406,0
5.819,1.0781855141124974,0
5.82,0.8659585073067726,0
5.822,0.658461863354566,0
5.825,0.5200322219841518,0
5.827,0.4764176785977765,0
5.828,0.5141076754622874,0
5.831,0.599145687592728,0
5.832,0.6846559659066583,0
5.835,0.7361732937738509,0
5.836,0.7421575281206603,0
5.838,0.7077623401671381,0
5.839,0.6391866813026188,0
5.841,0.5591658625533075,0
5.844,0.4918823072253592,0
5.846,0.4413581361604246,0
5.848,0.4128503743684662,0
5.849,0.3978541541173497,0
5.851,0.3787854550626638,0
5.854,0.3506445725230674,0
5.855,0.3236787680574602,0
5.857,0.2993171939508397,0
5.859,0.2634835695909399,0
5.862,0.218190877767451,0
5.864,0.1884808917004551,0
5.865,0.1741932990786574,0
5.868,0.1602363183581586,0
5.87,0.1520878092960739,0
5.871,0.1403799806597197,0
5.873,0.1230286235066159,0
5.875,0.1085088948741085,0
5.878,0.0941265732575136,0
5.878,0.0841303957633578,0
5.881,0.0797044909809632,0
5.883,0.0765916826818253,0
5.884,0.0760979576081984,0
5.887,0.0712913848522587,0
5.888,0.0610626275554206,0
5.891,0.0497642358651555,0
5.892,0.0353255696797145,0
5.894,0.021249739945736,0
5.896,0.0078872582284859,0
5.899,-0.0083562338280914,0
5.901,-0.026762602815238,0
5.903,-0.0401021289848724,0
5.904,-0.0482140115892391,0
5.907,-0.05409782056534,0
5.908,-0.0559079233661054,0
5.911,-0.0588184712882746,0
5.912,-0.0631441110486482,0
5.914,-0.0647532603759279,0
5.916,-0.0647677711363181,0
5.919,-0.0693564643987552,0
5.92,-0.0786487274036596,0
5.921,-0.0905317884678671,0
5.924,-0.1066453826708951,0
5.926,-0.1238840480933537,0
5.927,-0.1422761518488531,0
5.929,-0.1653705692231724,0
5.931,-0.1927523846741964,0
5.934,-0.1988351914708675,0
5.936,-0.1869757517342641,0
5.937,-0.1804106261004976,0
5.94,-0.1762439630785959,0
5.942,-0.1813825193019154,0
5.944,-0.2015633553756974,0
5.945,-0.2344073043736213,0
5.947,-0.2790023218832151,0
5.95,-0.3135052146376191,0
5.951,-0.3347434501632122,0
5.953,-0.3592130693818467,0
5.956,-0.3852236191998412,0
5.958,-0.4105129236311213,0
5.96,-0.4425822329122112,0
5.961,-0.4868057842212326,0
5.963,-0.5473021321678624,0
5.964,-0.5974528721788488,0
5.967,-0.6348095737969219,0
5.968,-0.6806472513304327,0
5.97,-0.7284760773486145,0
5.973,-0.7786145146763408,0
5.975,-0.8332540030587521,0
5.976,-0.8892801310901757,0
5.979,-0.9474130492382978,0
5.98,-1.0013316607418097,0
5.983,-1.050022532060001,0
5.984,-1.0992227975098254,0
5.986,-1.1431107963524916,0
5.988,-1.17537171002717,0
5.991,-1.19359925867347,0
5.993,-1.1865237242655458,0
5.995,-1.1495721268951464,0
5.996,-1.085480309434856,0
5.999,-0.9928788289006534,0
6.0,-0.8571880350075862,0
6.003,-0.6809118105587644,0
6.003,-0.4851269049109623,0
6.006,-0.2733788011605865,0
6.007,-0.0435516598659405,0
6.009,0.1920350972320248,0
6.012,0.4105226389468643,0
6.014,0.6029627979077968,0
6.016,0.7749406266924898,0
6.017,0.9149435894836638,0
6.019,1.0052280980424952,0
6.022,1.0467491068755057,0
6.023,1.0519544040223907,0
6.025,1.025586362217095,0
6.028,0.974640524080816,0
6.03,0.9101965054663702,0
6.032,0.8408055214336105,0
6.033,0.7758488778861926,0
6.036,0.7192236996283407,0
6.038,0.6732672795894765,0
6.039,0.6364374911626304,0
6.041,0.6063270828573677,0
6.043,0.5745902327287271,0
6.044,0.5386695441254586,0
6.047,0.5103615183263176,0
6.049,0.4869681172857433,0
6.051,0.461727322516456,0
6.052,0.4355983848351338,0
6.055,0.4101151809694586,0
6.056,0.3839602392487541,0
6.059,0.3627533794778056,0
6.06,0.3467963997107981,0
6.062,0.3323550953891261,0
6.064,0.3207343034381735,0
6.067,0.3104542722022095,0
6.069,0.3010724393476928,0
6.071,0.2943002402826444,0
6.072,0.2897060315953509,0
6.075,0.2788485715997232,0
6.076,0.2610729129389114,0
6.078,0.2399899632867859,0
6.08,0.2132082493138236,0
6.083,0.1858103835054039,0
6.085,0.1579391727317378,0
6.087,0.1248769827167936,0
6.088,0.0875365292744689,0
6.089,0.0622590722148405,0
6.092,0.0499293556077207,0
6.094,0.0433143903255164,0
6.095,0.046803828564484,0
6.097,0.0495210169060173,0
6.099,0.0508601105741552,0
6.102,0.0600594778972168,0
6.104,0.0748729669327525,0
6.105,0.0795852308373348,0
6.108,0.0738632795765702,0
6.11,0.0636754463763858,0
6.111,0.0449309674118875,0
6.113,0.0291774690892522,0
6.115,0.016930673332254,0
6.118,-0.0010950871337371,0
6.119,-0.0225078141598979,0
6.121,-0.0390514538734779,0
6.124,-0.0510950555983807,0
6.126,-0.0609776645060798,0
6.128,-0.0667227239184522,0
6.128,-0.0756176368730075,0
6.131,-0.0879588403222519,0
6.132,-0.0984840127511607,0
6.134,-0.108775473863135,0
6.136,-0.1173127860323453,0
6.139,-0.12337821343758,0
6.141,-0.1288030238142839,0
6.143,-0.1330123099970856,0
6.144,-0.1355366299885177,0
6.147,-0.1364808607495736,0
6.148,-0.1355319439174585,0
6.151,-0.1325592359273848,0
6.152,-0.1302060380356546,0
6.154,-0.1285868566078163,0
6.156,-0.1262929003700461,0
6.159,-0.1239805258268294,0
6.161,-0.1200038395127468,0
6.163,-0.1141775385907869,0
6.164,-0.1078428522144975,0
6.167,-0.1006002826100427,0
6.168,-0.0958968079766601,0
6.169,-0.0942273907571946,0
6.171,-0.093679111443301,0
6.174,-0.0952866757993417,0
6.176,-0.0973505821297223,0
6.177,-0.0997717690362614,0
6.18,-0.1043482043009789,0
6.182,-0.1107789436447247,0
6.184,-0.1159625796955498,0
6.185,-0.1199084379824489,0
6.187,-0.1239569310926974,0
6.19,-0.1273668299097989,0
6.191,-0.1324889476653261,0
6.193,-0.1395192399442698,0
6.196,-0.1467037694482704,0
6.198,-0.1545996207151069,0
6.2,-0.1597565006103716,0
6.201,-0.1616536106324718,0
6.203,-0.1623291357226291,0
6.206,-0.1607528471039938,0
6.207,-0.1585294060572162,0
6.209,-0.1557846432745951,0
6.211,-0.1507827837034023,0
6.212,-0.1438200215001454,0
6.215,-0.1380889006195305,0
6.217,-0.1336054582982721,0
6.219,-0.1289950029316146,0
6.22,-0.1250350672301506,0
6.223,-0.119364856863893,0
6.224,-0.111799637370018,0
6.226,-0.104139328794208,0
6.228,-0.095836847367977,0
6.23,-0.0898819879760461,0
6.233,-0.0867672782790175,0
6.235,-0.0846897260376621,0
6.236,-0.0845588268273658,0
6.239,-0.0850656463651336,0
6.24,-0.0861106619173284,0
6.243,-0.0891815116867589,0
6.244,-0.0940489320287405,0
6.246,-0.097861913347613,0
6.248,-0.1006092950843522,0
6.251,-0.1035525221319856,0
6.253,-0.1060041460666732,0
6.254,-0.1100705904283719,0
6.256,-0.1159302169179785,0
6.257,-0.1219897184354378,0
6.259,-0.1287465441204611,0
6.262,-0.1327509025357421,0
6.263,-0.1334923200552461,0
6.265,-0.1329600197914453,0
6.267,-0.1301220194807668,0
6.27,-0.1266125172307201,0
6.272,-0.1225461135564687,0
6.273,-0.1161662835982382,0
6.276,-0.1077688921372748,0
6.278,-0.1004825781488457,0
6.279,-0.0943102713861354,0
6.281,-0.0879017621861337,0
6.283,-0.0820116720481028,0
6.286,-0.0742992829684455,0
6.288,-0.0645751299542984,0
6.289,-0.0546046154478357,0
6.292,-0.0438389869734766,0
6.294,-0.0341514856578092,0
6.295,-0.0259088509859326,0
6.296,-0.017822336747944,0
6.299,-0.0104690965102182,0
6.3,-0.0031599969458427,0
6.302,0.0041916524349994,0
6.304,0.0107181286149122,0
6.307,0.0165464730478309,0
6.309,0.0232683746367114,0
6.311,0.0308805113827889,0
6.312,0.0385904741022641,0
6.315,0.0467674917003884,0
6.316,0.0547293874783921,0
6.319,0.0623939172414865,0
6.32,0.0684050913629424,0
6.322,0.0765048412072398,0
6.325,0.0820158723912662,0
6.327,0.0862064333188671,0
6.328,0.0893265504192564,0
6.331,0.0909843300755022,0
6.332,0.0942970846261091,0
6.335,0.09949070463866,0
6.336,0.1052607884931376,0
6.337,0.1124590179420718,0
6.339,0.1164422204799674,0
6.342,0.1227490286480722,0
6.344,0.1465838715703711,0
6.345,0.1914063028704107,0
6.348,0.2586094631450275,0
6.35,0.3474307865690091,0
6.351,0.4520089604990577,0
6.353,0.5647287961337282,0
6.355,0.6734372202329506,0
6.358,0.7708595493266407,0
6.359,0.8642556573251758,0
6.361,0.9519478701757368,0
6.364,1.0330024321498992,0
6.366,1.1080698653057175,0
6.368,1.1676921486170186,0
6.369,1.2109274566123198,0
6.371,1.2428962504582253,0
6.374,1.2609631550805205,0
6.375,1.2608309516531988,0
6.377,1.2419484506092475,0
6.378,1.2046588562710276,0
6.381,1.1545984773683644,0
6.383,1.1049453756727936,0
6.384,1.0603415562377123,0
6.387,1.023690291823453,0
6.388,0.991449385841145,0
6.391,0.953444895020576,0
6.392,0.8934888680232974,0
6.394,0.7919079671290999,0
6.396,0.6344255361545009,0
6.399,0.4102988070628761,0
6.401,0.1208774449154112,0
6.403,-0.2202250994915711,0
6.404,-0.5900709697163203,0
6.407,-0.9593894066181006,0
6.408,-1.2954749480706398,0
6.411,-1.576122124755652,0
6.412,-1.7810890369542582,0
6.414,-1.884821810805196,0
6.416,-1.8913683218662785,0
6.419,-1.8318553229164125,0
6.42,-1.725688013737608,0
6.422,-1.5893485780974108,0
6.424,-1.4445255623407396,0
6.425,-1.3124621338724058,0
6.427,-1.200381651854862,0
6.43,-1.1108040268270862,0
6.431,-1.0418430539393158,0
6.433,-0.9883044322716772,0
6.436,-0.9445786925615982,0
6.438,-0.9050342771098042,0
6.44,-0.8643472660504711,0
6.441,-0.8213558751803829,0
6.444,-0.7710650992988637,0
6.446,-0.7066331572315389,0
6.447,-0.6291774100687064,0
6.449,-0.5513405333646253,0
6.451,-0.472910623195182,0
6.454,-0.3956037786511808,0
6.456,-0.3230764303823485,0
6.457,-0.2595735545849085,0
6.46,-0.2146912886436567,0
6.462,-0.205186048061454,0
6.463,-0.2514141281487126,0
6.464,-0.3654531167809757,0
6.467,-0.535260501104298,0
6.468,-0.7126284498292245,0
6.47,-0.8145995614732322,0
6.473,-0.7440346505625139,0
6.475,-0.4295340911939737,0
6.476,0.1432155067525721,0
6.479,0.9069737133261364,0
6.48,1.7244119845874653,0
6.483,2.4219079931114447,0
6.484,2.835130539958357,0
6.486,2.847838567948581,0
6.488,2.413397717458252,0
6.491,1.5594914217003786,0
6.493,0.3824730442151652,0
6.495,-0.9636562592952114,0
6.496,-2.2843836595089493,0
6.499,-3.37186622589161,0
6.5,-4.042701844418438,0
6.503,-4.178828154159301,1
6.503,-3.758055788369846,0
6.505,-2.861914455260684,0
6.507,-1.6564094926386044,0
6.51,-0.3520873088685724,0
6.512,0.8426648574998162,0
6.513,1.7619955200150088,0
6.516,2.3068820919067914,0
6.518,2.4523488372486697,0
6.519,2.2422574421183774,0
6.521,1.7748877511953058,0
6.523,1.1829152902708433,0
6.526,0.6086703051736727,0
6.528,0.1755710431377884,0
6.529,-0.0380796653682405,0
6.532,-0.0161742981686434,0
6.534,0.1943224897759934,0
6.536,0.5015133223284203,0
6.537,0.799568307801787,0
6.539,1.0022379252603073,0
6.542,1.0669703666475543,0
6.543,1.0042575599183832,0
6.544,0.8609684369527899,0
6.547,0.6985550695237711,0
6.549,0.5724789386067822,0
6.551,0.5107312877044291,0
6.552,0.5132470423509735,0
6.555,0.5588126152453019,0
6.556,0.6150484244600418,0
6.559,0.6457341480014455,0
6.56,0.6359098249986018,0
6.562,0.5902501885471827,0
6.564,0.5181931893080047,0
6.567,0.4583220324033853,0
6.569,0.4259734997192531,0
6.571,0.4152921251175283,0
6.572,0.4328331819709236,0
6.575,0.433562110972664,0
6.576,0.4073191189044405,0
6.578,0.3737506393929278,0
6.58,0.3167431902838602,0
6.583,0.277540683959273,0
6.585,0.2562464661049656,0
6.587,0.2206203600546051,0
6.588,0.1782401841613447,0
6.59,0.147214292755297,0
6.592,0.1246822790431372,0
6.593,0.1063127438082276,0
6.595,0.0954607025936768,0
6.598,0.0847866997280378,0
6.599,0.0741011938735629,0
6.601,0.0693985999967179,0
6.604,0.0692817161774266,0
6.606,0.0636997642510942,0
6.608,0.0524954581676634,0
6.609,0.0370072673945569,0
6.611,0.0199481219619813,0
6.614,0.0021444669726275,0
6.615,-0.0144028362505804,0
6.617,-0.0326180598421887,0
6.619,-0.057080367905326,0
6.622,-0.0620508492305162,0
6.624,-0.0530931416411305,0
6.625,-0.0520973801983583,0
6.628,-0.0574746925499237,0
6.628,-0.0634901238756259,0
6.631,-0.0685970666658281,0
6.632,-0.0630154234691483,0
6.634,-0.0431733397064058,0
6.636,-0.0387397457539187,0
6.639,-0.0522284385793262,0
6.641,-0.059435810869005,0
6.643,-0.0738811191864092,0
6.644,-0.0850551915890392,0
6.647,-0.0929076057545442,0
6.648,-0.1058408398401356,0
6.651,-0.1163748656822818,0
6.652,-0.1398933134911211,0
6.654,-0.1707640843356746,0
6.656,-0.1889394253613411,0
6.659,-0.1931182680243445,0
6.661,-0.2018681107717434,0
6.663,-0.216742231223057,0
6.664,-0.2371626914050739,0
6.667,-0.2691085943367695,0
6.668,-0.2956215571792256,0
6.67,-0.3135930172174747,0
6.671,-0.3423036488353959,0
6.673,-0.3726253168281989,0
6.676,-0.4044357656488856,0
6.678,-0.4377861092750916,0
6.68,-0.4711862182963793,0
6.681,-0.5093363437201065,0
6.684,-0.5481577436986326,0
6.686,-0.5894953145290799,0
6.687,-0.6329387055030857,0
6.689,-0.678569048419495,0
6.691,-0.7269859943756873,0
6.694,-0.7782672039121261,0
6.696,-0.8322211354009017,0
6.697,-0.8890444409307288,0
6.7,-0.939063629959182,0
6.702,-0.9813449527715804,0
6.703,-1.0203149084914167,0
6.705,-1.0531899293783404,0
6.707,-1.0939406882788718,0
6.71,-1.1392224719041548,0
6.711,-1.171414792541884,0
6.712,-1.185267204806688,0
6.715,-1.1568794988052973,0
6.717,-1.075696535754496,0
6.719,-0.9498510185480652,0
6.72,-0.7772457068849802,0
6.723,-0.5723093183143215,0
6.724,-0.3483073366292036,0
6.726,-0.1141568105054745,0
6.728,0.1177044930101724,0
6.73,0.3353231928367537,0
6.733,0.5311945952165243,0
6.735,0.6922468127588726,0
6.736,0.8144210011022504,0
6.739,0.9003670775359824,0
6.74,0.9492230669717324,0
6.743,0.9605305385017402,0
6.744,0.9393206957147532,0
6.746,0.8961290945360157,0
6.748,0.8347412879658965,0
6.751,0.7650917256457728,0
6.753,0.6935511407395727,0
6.753,0.620969125178282,0
6.756,0.5540296558336545,0
6.758,0.5035651235560896,0
6.759,0.4697331570506305,0
6.761,0.4491269527345528,0
6.763,0.4403039547380591,0
6.766,0.4401378128540457,0
6.767,0.4465348304576113,0
6.769,0.458129199084926,0
6.772,0.4726421948001676,0
6.774,0.4900021912846874,0
6.776,0.5084224434416925,0
6.777,0.5160274142748454,0
6.779,0.5104507678991227,0
6.782,0.4947701503892168,0
6.783,0.4645366744767977,0
6.785,0.4335893546850908,0
6.788,0.4015704668732233,0
6.79,0.3569292224434696,0
6.792,0.3019531122882569,0
6.793,0.2627275767642938,0
6.795,0.2399830894179405,0
6.796,0.2224467289491664,0
6.799,0.2168031023766377,0
6.8,0.2039584135047529,0
6.802,0.1826286546567429,0
6.804,0.1679134205494405,0
6.807,0.1555818102591251,0
6.809,0.1430283699959383,0
6.811,0.1317518211192502,0
6.812,0.1200262333524921,0
6.815,0.1076026592688439,0
6.816,0.0996871429282117,0
6.819,0.09625797878487,0
6.82,0.0946357482773727,0
6.822,0.0959823449528921,0
6.825,0.0920757819583106,0
6.827,0.0819792179661924,0
6.828,0.0704800880858076,0
6.831,0.0552821027346046,0
6.832,0.0404705733452529,0
6.835,0.0264572653369025,0
6.836,0.0092117190977833,0
6.838,-0.0104048210086095,0
6.839,-0.0261424434149828,0
6.841,-0.037979190983869,0
6.844,-0.0483432872916189,0
6.846,-0.0556779611147345,0
6.848,-0.0646374931045384,0
6.849,-0.0754937557052119,0
6.851,-0.0846332228208148,0
6.854,-0.0930740165652428,0
6.855,-0.1009800741515167,0
6.857,-0.1079469998123633,0
6.859,-0.1146024235385952,0
6.862,-0.120873164678187,0
6.864,-0.125756230194942,0
6.865,-0.129264238924015,0
6.868,-0.1317951100283455,0
6.87,-0.1331120568469595,0
6.871,-0.1343227411403971,0
6.873,-0.1355184194177742,0
6.875,-0.1359696262536685,0
6.878,-0.1359533909878591,0
6.878,-0.134902445818727,0
6.881,-0.1327158110067532,0
6.883,-0.1298891136610346,0
6.884,-0.1262692685410352,0
6.887,-0.1231244340359368,0
6.888,-0.1206323290294181,0
6.891,-0.1180763941171633,0
6.892,-0.1158332067835731,0
6.894,-0.1132543506564237,0
6.896,-0.1102948692979847,0
6.899,-0.1076197858953581,0
6.901,-0.1051072012790095,0
6.903,-0.101546747921609,0
6.904,-0.0969289453562545,0
6.907,-0.0917655094981076,0
6.908,-0.0857583045685105,0
6.911,-0.079802471129632,0
6.912,-0.0739633313543856,0
6.914,-0.0675526539176725,0
6.916,-0.060774436941614,0
6.919,-0.0555667391619362,0
6.92,-0.0520551886017453,0
6.921,-0.0494820966006314,0
6.924,-0.0483945886506114,0
6.926,-0.0475243843202796,0
6.927,-0.0468460501715272,0
6.929,-0.0474932745871492,0
6.931,-0.0492373608279176,0
6.934,-0.0509495410140939,0
6.936,-0.0527002926662752,0
6.937,-0.0549108777363982,0
6.94,-0.0573374477764155,0
6.942,-0.0609940327098756,0
6.944,-0.0659674384650674,0
6.945,-0.0715780008032766,0
6.947,-0.0780787262434753,0
6.95,-0.082681586448363,0
6.951,-0.0850570907208902,0
6.953,-0.0867176241890487,0
6.956,-0.0868598794509638,0
6.958,-0.08696100612843,0
6.96,-0.0871243202274821,0
6.961,-0.085894291994723,0
6.963,-0.0835577621471971,0
6.964,-0.0824082007584417,0
6.967,-0.0824414065896948,0
6.968,-0.0827273922632543,0
6.97,-0.0838250897249406,0
6.973,-0.0839917722548649,0
6.975,-0.0831055620483904,0
6.976,-0.0824869141569503,0
6.979,-0.0817386998194207,0
6.98,-0.0808790409253984,0
6.983,-0.0800483993000781,0
6.984,-0.0789481439429667,0
6.986,-0.0776144658273399,0
6.988,-0.0763424371033037,0
6.991,-0.0751056958431614,0
6.993,-0.0737919059873425,0
6.995,-0.0724589715401261,0
6.996,-0.0706027981598471,0
6.999,-0.0681717738655429,0
7.0,-0.0654468333756941,0
7.003,-0.0622886041460876,0
7.003,-0.0589476632830976,0
7.006,-0.0554468084786365,0
7.007,-0.0515398153178061,0
7.009,-0.0472782765551086,0
7.012,-0.0444019279725085,0
7.014,-0.0430511929845463,0
7.016,-0.0424414288713706,0
7.017,-0.0430627380596377,0
7.019,-0.0438518907216924,0
7.022,-0.0447651510778488,0
7.023,-0.0467743326776722,0
7.025,-0.0496785802410243,0
7.028,-0.0523268103511858,0
7.03,-0.054756796547407,0
7.032,-0.0574058265923767,0
7.033,-0.060008065387256,0
7.036,-0.063521245220305,0
7.038,-0.0680168321353163,0
7.039,-0.07281254663052,0
7.041,-0.0781355610604563,0
7.043,-0.0817464381522593,0
7.044,-0.0833559805931671,0
7.047,-0.0841874731022543,0
7.049,-0.0835836519691223,0
7.051,-0.082684130707133,0
7.052,-0.0815614685311403,0
7.055,-0.0790513494060354,0
7.056,-0.0753650071730607,0
7.059,-0.0723753768087913,0
7.06,-0.0700721888738623,0
7.062,-0.0676709522919057,0
7.064,-0.0656205772347697,0
7.067,-0.0624896612923766,0
7.069,-0.0581661895186019,0
7.071,-0.0537189576446459,0
7.072,-0.0488128971102074,0
7.075,-0.0441247546164456,0
7.076,-0.0398279842002377,0
7.078,-0.0353533792563647,0
7.08,-0.0309158506575629,0
7.083,-0.0263601704345374,0
7.085,-0.0216411139345844,0
7.087,-0.0170287568802318,0
7.088,-0.0124914133847164,0
7.089,-0.0072003484360048,0
7.092,-0.0011259270905113,0
7.094,0.0053511564319131,0
7.095,0.0124427313381081,0
7.097,0.0196009945739755,0
7.099,0.0267848619897377,0
7.102,0.0344439793032992,0
7.104,0.0424571540031889,0
7.105,0.0491669514006029,0
7.108,0.0544579908086584,0
7.11,0.0590222377720486,0
7.111,0.0623942363962745,0
7.113,0.0656333744968858,0
7.115,0.068772183319851,0
7.118,0.0708604129485854,0
7.119,0.0720948030788597,0
7.121,0.0918230049066739,0
7.124,0.1318834356642065,0
7.126,0.1834157478710893,0
7.128,0.2519970642038623,0
7.128,0.3258249112169643,0
7.131,0.4044624135696227,0
7.132,0.5008260350860998,0
7.134,0.608923567953563,0
7.136,0.7160295073861684,0
7.139,0.8210224574136022,0
7.141,0.930633579556754,0
7.143,1.0410680108316173,0
7.144,1.1321276001566003,0
7.147,1.2014070776052117,0
7.148,1.2549690781495264,0
7.151,1.2862209321423212,0
7.152,1.3058319284230384,0
7.154,1.312731609697266,0
7.156,1.2948053696511417,0
7.159,1.2528877008258692,0
7.161,1.2107505043410365,0
7.163,1.1678663554285027,0
7.164,1.1118655865626612,0
7.167,1.0478861636310208,0
7.168,0.9946474198726756,0
7.169,0.9481975199126574,0
7.171,0.8951602899479846,0
7.174,0.8274850166222952,0
7.176,0.733855530720212,0
7.177,0.5993826339348829,0
7.18,0.4127249631808839,0
7.182,0.1690610811341537,0
7.184,-0.1278396923853321,0
7.185,-0.4643036107058066,0
7.187,-0.8175984704629129,0
7.19,-1.1586483118954345,0
7.191,-1.4563573238979306,0
7.193,-1.6839310609568892,0
7.196,-1.822842506268092,0
7.198,-1.8676403689617056,0
7.2,-1.8262897869352803,0
7.201,-1.7185771224057236,0
7.203,-1.571486052772976,0
7.206,-1.4130711396182485,0
7.207,-1.2668318767238054,0
7.209,-1.1474015727971694,0
7.211,-1.059136849291303,0
7.212,-0.9977649135259504,0
7.215,-0.9544450362970984,0
7.217,-0.9191350544215756,0
7.219,-0.8841967341256419,0
7.22,-0.8465156391663693,0
7.223,-0.8062531744244117,0
7.224,-0.7650621048984667,0
7.226,-0.7238710342495319,0
7.228,-0.6836202191132903,0
7.23,-0.6372337840683873,0
7.233,-0.5848563774181685,0
7.235,-0.5279388029915963,0
7.236,-0.4647696947692463,0
7.239,-0.3998822323502588,0
7.24,-0.3331809200601445,0
7.243,-0.2703036896810757,0
7.244,-0.2259736435550707,0
7.246,-0.2151804499733918,0
7.248,-0.2610253626044145,0
7.251,-0.3797421922876151,0
7.253,-0.5520922174932495,0
7.254,-0.7250595651615975,0
7.256,-0.8097614852727869,0
7.257,-0.7064014430928999,0
7.259,-0.3509804816963392,0
7.262,0.2547230256168877,0
7.263,1.0266174684141889,0
7.265,1.8122672256780368,0
7.267,2.4330162979775345,0
7.27,2.729690979438838,0
7.272,2.5999654014411204,0
7.273,2.0175235404980443,0
7.276,1.0329765706730203,0
7.278,-0.2350464387771594,0
7.279,-1.6144791877812368,0
7.281,-2.9010538490094007,0
7.283,-3.888720754047159,0
7.286,-4.408165141301542,1
7.288,-4.365216955066575,0
7.289,-3.766190535573109,0
7.292,-2.719658543567973,0
7.294,-1.41279687291133,0
7.295,-0.0685678344916503,0
7.296,1.1018608583810008,0
7.299,1.9389979137645388,0
7.3,2.360232722145892,0
7.302,2.3665758106175163,0
7.304,2.033930074238655,0
7.307,1.4923985214367437,0
7.309,0.8969210470722725,0
7.311,0.3938137288560379,0
7.312,0.0899217676003221,0
7.315,0.0309859547711847,0
7.316,0.1948935956967143,0
7.319,0.5036240542257618,0
7.32,0.8500045482349773,0
7.322,1.1311112692385354,0
7.325,1.2793868391238492,0
7.327,1.2760868925079218,0
7.328,1.1497952000390557,0
7.331,0.961697725339332,0
7.332,0.7797334132007825,0
7.335,0.6529539277115869,0
7.336,0.6055197352623882,0
7.337,0.6276095035544168,0
7.339,0.6879732869463268,0
7.342,0.7501390950866444,0
7.344,0.785480114998983,0
7.345,0.7798681727905447,0
7.348,0.7367973183181449,0
7.35,0.6703254792444636,0
7.351,0.5977046313433562,0
7.353,0.5344479723612938,0
7.355,0.4850105226936579,0
7.358,0.4504652900555517,0
7.359,0.4292550389316322,0
7.361,0.4136042239543561,0
7.364,0.3948054178594684,0
7.366,0.3671398895510965,0
7.368,0.3254408691874116,0
7.369,0.2672620674941678,0
7.371,0.2146858224872516,0
7.374,0.1725992335562197,0
7.375,0.1374736217505724,0
7.377,0.1178198141995239,0
7.378,0.1040054494505456,0
7.381,0.09912724139746,0
7.383,0.1187060974106006,0
7.384,0.1557337643433463,0
7.387,0.1724801144895668,0
7.388,0.1655642097856235,0
7.391,0.1401575856840813,0
7.392,0.0906234981987065,0
7.394,0.0408956329101423,0
7.396,0.0002957785132815,0
7.399,-0.0382407265389372,0
7.401,-0.0636647918620608,0
7.403,-0.0723247302840396,0
7.404,-0.0685606280831775,0
7.407,-0.0571513641100573,0
7.408,-0.0457788220420656,0
7.411,-0.0436027554226323,0
7.412,-0.0529188612912016,0
7.414,-0.0753928780715682,0
7.416,-0.1060895583070819,0
7.419,-0.1294349210653294,0
7.42,-0.1415844130770512,0
7.422,-0.141687814780796,0
7.424,-0.1306227961382592,0
7.425,-0.1143421127270354,0
7.427,-0.1012433477994907,0
7.43,-0.0964336683048071,0
7.431,-0.1069397035390938,0
7.433,-0.1311041311503409,0
7.436,-0.1649705424415512,0
7.438,-0.2006184140222128,0
7.44,-0.2302850539510873,0
7.441,-0.2510854378784335,0
7.444,-0.2611902093579313,0
7.446,-0.2529756946674352,0
7.447,-0.2313658666439715,0
7.449,-0.2184451015952751,0
7.451,-0.2170704952915459,0
7.454,-0.2239195600913002,0
7.456,-0.2421642204977441,0
7.457,-0.2616008512289963,0
7.46,-0.2821869177651437,0
7.462,-0.3185964585672543,0
7.463,-0.3695970249695337,0
7.464,-0.4057942035285142,0
7.467,-0.4275770435449506,0
7.468,-0.4490772000644123,0
7.47,-0.4636624066034087,0
7.473,-0.4987176402722836,0
7.475,-0.5519582711209203,0
7.476,-0.5948353240305766,0
7.479,-0.6304900594990317,0
7.48,-0.6735518622468935,0
7.483,-0.7241453182505257,0
7.484,-0.7689334905550389,0
7.486,-0.8169882382464196,0
7.488,-0.8636755161458937,0
7.491,-0.909953895577464,0
7.493,-0.9581343328210774,0
7.495,-1.0007856333701923,0
7.496,-1.049749043325051,0
7.499,-1.09597388802555,0
7.5,-1.1160475319626073,0
7.503,-1.1053806013393903,0
7.503,-1.0565233032455477,0
7.505,-0.9657105958324248,0
7.507,-0.8377051390702294,0
7.51,-0.6756980079369912,0
7.512,-0.4916652906996271,0
7.513,-0.2898235343633593,0
7.516,-0.0783946105563516,0
7.518,0.1358614532760709,0
7.519,0.3392761134613853,0
7.521,0.5240848475899881,0
7.523,0.6878263815482722,0
7.526,0.8216708030062975,0
7.528,0.9105814081410412,0
7.529,0.9532620297344384,0
7.532,0.9577100322570852,0
7.534,0.9288314726458724,0
7.536,0.8732860491725573,0
7.537,0.8032578899119821,0
7.539,0.7305199345882072,0
7.542,0.665328291831835,0
7.543,0.6067734176552075,0
7.544,0.5569563664125784,0
7.547,0.5172698854793428,0
7.549,0.482169994099035,0
7.551,0.4607449558774485,0
7.552,0.4512559665002705,0
7.555,0.4425266832729957,0
7.556,0.4347113852349633,0
7.559,0.416150039613218,0
7.56,0.3869255445150628,0
7.562,0.3623596791884929,0
7.564,0.3408105290692022,0
7.567,0.32789716247451,0
7.569,0.3275667002109437,0
7.571,0.3354378533358272,0
7.572,0.354812765817584,0
7.575,0.3546676705300577,0
7.576,0.3326441514805174,0
7.578,0.3071300840931828,0
7.58,0.2701155052916362,0
7.583,0.2350131398589236,0
7.585,0.2036888743588079,0
7.587,0.1628821232912411,0
7.588,0.1156890996525146,0
7.59,0.0857880898211732,0
7.592,0.0737453220131759,0
7.593,0.070510484455147,0
7.595,0.0822647140003018,0
7.598,0.0923704483279291,0
7.599,0.1001257678902929,0
7.601,0.1191895631044926,0
7.604,0.1461810154911644,0
7.606,0.1586070802997571,0
7.608,0.1560265690063201,0
7.609,0.1468847436617287,0
7.611,0.1253291504567924,0
7.614,0.1081038484367645,0
7.615,0.0959450707314291,0
7.617,0.0754573088546833,0
7.619,0.0501130786036343,0
7.622,0.0320115819744308,0
7.624,0.0206519708876117,0
7.625,0.0125950197783674,0
7.628,0.0107574847458675,0
7.628,0.0045241203215781,0
7.631,-0.0065227458626628,0
7.632,-0.0146724928914591,0
7.634,-0.0222155719764524,0
7.636,-0.0293207257776583,0
7.639,-0.035166211490002,0
7.641,-0.0412800462440998,0
7.643,-0.0475035771172809,0
7.644,-0.0517533777679929,0
7.647,-0.0541156813479635,0
7.648,-0.0554443833860077,0
7.651,-0.0552843685650147,0
7.652,-0.0557605874294615,0
7.654,-0.0570758824941897,0
7.656,-0.0578541571078607,0
7.659,-0.05864506895214,0
7.661,-0.058439544925568,0
7.663,-0.0570702192109538,0
7.664,-0.0554801158343779,0
7.667,-0.0534128491399835,0
7.668,-0.0534134787511227,0
7.67,-0.0558547876642542,0
7.671,-0.0593560248006607,0
7.673,-0.0646903725067649,0
7.676,-0.0705815378315264,0
7.678,-0.0769686437247957,0
7.68,-0.0852055639050061,0
7.681,-0.0950742002149711,0
7.684,-0.1042232400937053,0
7.686,-0.1126635508598207,0
7.687,-0.1214241890040836,0
7.689,-0.129947145525046,0
7.691,-0.1400247153469307,0
7.694,-0.151812523640376,0
7.696,-0.1639831545515818,0
7.697,-0.176966225598862,0
7.7,-0.1864044724705215,0
7.702,-0.1917289266123965,0
7.703,-0.195308711085632,0
7.705,-0.1958597056476131,0
7.707,-0.1956038934165633,0
7.71,-0.1946765344954532,0
7.711,-0.1908013087922656,0
7.712,-0.1843857743495518,0
7.715,-0.1791117215659937,0
7.717,-0.1749577446420776,0
7.719,-0.1703733158431516,0
7.72,-0.1662389853732055,0
7.723,-0.1597378736438216,0
7.724,-0.150645969115675,0
7.726,-0.1410621364399705,0
7.728,-0.1303243611672483,0
7.73,-0.1216235442825921,0
7.733,-0.1154894824353477,0
7.735,-0.1099287824322036,0
7.736,-0.1059037681159945,0
7.739,-0.1020398150424436,0
7.74,-0.0982090306762865,0
7.743,-0.0959702198020447,0
7.744,-0.095069252372674,0
7.746,-0.0924265921892488,0
7.748,-0.0880120479487317,0
7.751,-0.083170217826992,0
7.753,-0.0771460592565977,0
7.753,-0.0721774634213896,0
7.756,-0.0684402416705701,0
7.758,-0.0642106908978356,0
7.759,-0.060005182128373,0
7.761,-0.0563654592418348,0
7.763,-0.0531659709516127,0
7.766,-0.050533079906871,0
7.767,-0.048584026588189,0
7.769,-0.0466494926890156,0
7.772,-0.0447571494964296,0
7.774,-0.0434353973377085,0
7.776,-0.0425718987946775,0
7.777,-0.0434936068085793,0
7.779,-0.0464226504640656,0
7.782,-0.0526851730430988,0
7.783,-0.0588114120843667,0
7.785,-0.0686541940392397,0
7.788,-0.0810136894869225,0
7.79,-0.0968547632119906,0
7.792,-0.1165144434189001,0
7.793,-0.1139147136436208,0
7.795,-0.091866983022829,0
7.796,-0.0739503033967164,0
7.799,-0.0568896208224178,0
7.8,-0.0462687196760472,0
7.802,-0.047543276528771,0
7.804,-0.0582394356971749,0
7.807,-0.0776731725062427,0
7.809,-0.0829347714358077,0
7.811,-0.0708324422846244,0
7.812,-0.0592300499862239,0
7.815,-0.0416829312047162,0
7.816,-0.0293431712438391,0
7.819,-0.0245512641354863,0
7.82,-0.016921742993071,0
7.822,-0.0095548076523014,0
7.825,-0.0041266989044819,0
7.827,0.0002298047704601,0
7.828,0.0017843215611993,0
7.831,0.0002401560359325,0
7.832,-0.0019198953784803,0
7.835,-0.0050553771722078,0
7.836,-0.0107459251585671,0
7.838,-0.018675832746788,0
7.839,-0.0237655457235508,0
7.841,-0.0257721589850349,0
7.844,-0.0269988842540613,0
7.846,-0.0261037243185556,0
7.848,-0.0267881080527132,0
7.849,-0.0293030632668848,0
7.851,-0.0307641526312846,0
7.854,-0.0319950364292618,0
7.855,-0.034565034118831,0
7.857,-0.0383072222219502,0
7.859,-0.0451663788781791,0
7.862,-0.0511537477684269,0
7.864,-0.0415123510691912,0
7.865,-0.0129866015171206,0
7.868,0.0274719593584867,0
7.87,0.0795623671269075,0
7.871,0.1258446280214517,0
7.873,0.1585829246646078,0
7.875,0.1809250221347614,0
7.878,0.1880651917739354,0
7.878,0.1984037610330748,0
7.881,0.2191643497755677,0
7.883,0.2458124961419452,0
7.884,0.2869458899069708,0
7.887,0.3610698505353881,0
7.888,0.4651978552390173,0
7.891,0.5860806020119553,0
7.892,0.7199619566866772,0
7.894,0.843788036739751,0
7.896,0.9491866956305388,0
7.899,1.0513058900382182,0
7.901,1.1449163203427166,0
7.903,1.2250289359893545,0
7.904,1.2920152133218588,0
7.907,1.3363675407253544,0
7.908,1.355677999220133,0
7.911,1.3613959694387292,0
7.912,1.3506746019518234,0
7.914,1.3143478022377555,0
7.916,1.2529519208752713,0
7.919,1.1935794112942588,0
7.92,1.1415488480474154,0
7.921,1.09208422116286,0
7.924,1.0553577713315694,0
7.926,1.0054424393908936,0
7.927,0.9322925684736558,0
7.929,0.837030196085584,0
7.931,0.6959204431206326,0
7.934,0.52607836935695,0
7.936,0.3209441001742471,0
7.937,0.0516366744981089,0
7.94,-0.2631864291606633,0
7.942,-0.6091335790662433,0
7.944,-0.9610010772629556,0
7.945,-1.2772424343304265,0
7.947,-1.5302822653654415,0
7.95,-1.7088164390317286,0
7.951,-1.8021599001385773,0
7.953,-1.810089499770448,0
7.956,-1.7509771263526204,0
7.958,-1.6384281488831258,0
7.96,-1.4990979112508438,0
7.961,-1.3647464444982935,0
7.963,-1.2498557646679542,0
7.964,-1.1535809874116592,0
7.967,-1.0751731094588368,0
7.968,-1.010651854899419,0
7.97,-0.9503318473519976,0
7.973,-0.8959696846380634,0
7.975,-0.8410704277096129,0
7.976,-0.7938936741287075,0
7.979,-0.7559433834370877,0
7.98,-0.7119920462900107,0
7.983,-0.6633500241837291,0
7.984,-0.6129936224282938,0
7.986,-0.5577708196567212,0
7.988,-0.5047326191655093,0
7.991,-0.4537029206137521,0
7.993,-0.3986651800659753,0
7.995,-0.3407341431149673,0
7.996,-0.2855808551729126,0
7.999,-0.2412990325570317,0
8.0,-0.2243113936538847,0
8.003,-0.2573593233152331,0
8.003,-0.3571364270675422,0
8.006,-0.5166398089452483,0
8.007,-0.6922008797701267,0
8.009,-0.804180886080894,0
8.012,-0.756671666870705,0
8.014,-0.4746144014476197,0
8.016,0.0573424456811327,0
8.017,0.7735429557998428,0
8.019,1.5353481287724324,0
8.022,2.167158191905412,0
8.023,2.504666363217753,0
8.025,2.435771324140856,0
8.028,1.9223118160083092,0
8.03,1.00270686156384,0
8.032,-0.2167812464903972,0
8.033,-1.575376638880949,0
8.036,-2.8755400314676822,0
8.038,-3.909644919929265,0
8.039,-4.497023995990387,0
8.041,-4.524826410337913,1
8.043,-3.9795952479694487,0
8.044,-2.9546399652202315,0
8.047,-1.629826007006191,0
8.049,-0.2294963689457714,0
8.051,1.0285326913215815,0
8.052,1.9751707087996864,0
8.055,2.515095279120818,0
8.056,2.632841879478891,0
8.059,2.383529317645157,0
8.06,1.8744316402318144,0
8.062,1.2430608423093512,0
8.064,0.6329549360105269,0
8.067,0.1674433634845597,0
8.069,-0.0737535186104376,0
8.071,-0.0706825164763937,0
8.072,0.1345130162080635,0
8.075,0.4547608845411617,0
8.076,0.7840064207264326,0
8.078,1.0309589822310818,0
8.08,1.1469494586385345,0
8.083,1.132309658655241,0
8.085,1.0291233143669762,0
8.087,0.8988867648190597,0
8.088,0.7953487934005796,0
8.089,0.7471502131077704,0
8.092,0.7535784549398125,0
8.094,0.7913011799317645,0
8.095,0.8285793141070995,0
8.097,0.8408232573966478,0
8.099,0.8183474749680341,0
8.102,0.7673741131648283,0
8.104,0.7053102804637482,0
8.105,0.6391173511777981,0
8.108,0.58074095934503,0
8.11,0.5411322199262004,0
8.111,0.5119893872321636,0
8.113,0.4943420371804307,0
8.115,0.4776590393421619,0
8.118,0.4444259884738145,0
8.119,0.3923138076896023,0
8.121,0.3461682048946155,0
8.124,0.3099724585150893,0
8.126,0.2790550194958626,0
8.128,0.262074766394175,0
8.128,0.2365977108039854,0
8.131,0.2041248947523418,0
8.132,0.1805333260728653,0
8.134,0.1624136361642075,0
8.136,0.1555118047972803,0
8.139,0.1578124323816717,0
8.141,0.1517527677910385,0
8.143,0.135831870988751,0
8.144,0.1156214948979185,0
8.147,0.0902869681944187,0
8.148,0.0467535937312926,0
8.151,-0.0076137544754662,0
8.152,-0.0385203845579143,0
8.154,-0.0419447882421838,0
8.156,-0.0372124488292056,0
8.159,-0.0230200718337723,0
8.161,0.0077703464062382,0
8.163,0.043910498549409,0
8.164,0.0728042775981378,0
8.167,0.0888037092211897,0
8.168,0.0765658388487937,0
8.169,0.0370785713675207,0
8.171,-0.0125902817791816,0
8.174,-0.0669588454867981,0
8.176,-0.1055340708861229,0
8.177,-0.1182431005716159,0
8.18,-0.1178057578220438,0
8.182,-0.1029873990710499,0
8.184,-0.0859850615247138,0
8.185,-0.0761389062541521,0
8.187,-0.0728232812175995,0
8.19,-0.0846681358763814,0
8.191,-0.1034744708426441,0
8.193,-0.1277756606240879,0
8.196,-0.1589697266890712,0
8.198,-0.1944593333869908,0
8.2,-0.223410070312064,0
8.201,-0.2435503985901828,0
8.203,-0.2595986322655932,0
8.206,-0.2675838202115492,0
8.207,-0.2874676454186155,0
8.209,-0.3202601361682105,0
8.211,-0.3523417400368488,0
8.212,-0.3883079164333836,0
8.215,-0.4106480896329094,0
8.217,-0.4164037824420254,0
8.219,-0.4173710402864769,0
8.22,-0.4083722829269548,0
8.223,-0.4173647847959009,0
8.224,-0.4474487627206633,0
8.226,-0.4827344958528082,0
8.228,-0.5259250701308872,0
8.23,-0.5866055011555629,0
8.233,-0.6580360233391098,0
8.235,-0.7302548694826805,0
8.236,-0.8012079453191993,0
8.239,-0.8611342174321185,0
8.24,-0.91043826479569,0
8.243,-0.959024474889262,0
8.244,-1.0096507315757786,0
8.246,-1.050850410222243,0
8.248,-1.0858152694880383,0
8.251,-1.11868836424268,0
8.253,-1.142054692652209,0
8.254,-1.161337648175337,0
8.256,-1.174176372240077,0
8.257,-1.1626252614356434,0
8.259,-1.1246721205935295,0
8.262,-1.0531924823582623,0
8.263,-0.9411588268487832,0
8.265,-0.7855566058591381,0
8.267,-0.5841927454072038,0
8.27,-0.3602636036205969,0
8.272,-0.1218674454180468,0
8.273,0.1300394526391032,0
8.276,0.3760606576052726,0
8.278,0.5942754850574604,0
8.279,0.7707241993564832,0
8.281,0.9039127056086848,0
8.283,0.9895267695321452,0
8.286,1.019162389564401,0
8.288,1.0020426139715772,0
8.289,0.9565081073736584,0
8.292,0.8941070520635994,0
8.294,0.829410865327403,0
8.295,0.7760788496585816,0
8.296,0.7311938686982407,0
8.299,0.698241877848105,0
8.3,0.6771265777386005,0
8.302,0.6627207083895654,0
8.304,0.6495477870194953,0
8.307,0.6342531853162316,0
8.309,0.6085380937896476,0
8.311,0.5720917982987118,0
8.312,0.5223879054915724,0
8.315,0.4565050762556338,0
8.316,0.4184666704491974,0
8.319,0.4104144008511428,0
8.32,0.4060633864183628,0
8.322,0.4161541101756206,0
8.325,0.4049667661216929,0
8.327,0.3676697345226454,0
8.328,0.3299138814164246,0
8.331,0.2820501042662942,0
8.332,0.2413228884064175,0
8.335,0.2109828851817416,0
8.336,0.1746672881225675,0
8.337,0.1369430814440292,0
8.339,0.1131835104597477,0
8.342,0.1031315784376244,0
8.344,0.1031188440500327,0
8.345,0.1171470319899391,0
8.348,0.133583223008151,0
8.35,0.152470655626566,0
8.351,0.1832460106529006,0
8.353,0.2238235870275188,0
8.355,0.2444905852941921,0
8.358,0.2436502784888545,0
8.359,0.234145498305389,0
8.361,0.207950132140212,0
8.364,0.1852033338970631,0
8.366,0.1669324883476801,0
8.368,0.1360784475775716,0
8.369,0.096755811853156,0
8.371,0.068562436037862,0
8.374,0.0511204010529403,0
8.375,0.0377576860860036,0
8.377,0.0332630748485668,0
8.378,0.021628277851487,0
8.381,0.0020462823181623,0
8.383,-0.0135481259112417,0
8.384,-0.0286605572897379,0
8.387,-0.042759628933181,0
8.388,-0.0544766153539209,0
8.391,-0.0665318924837493,0
8.392,-0.0784369237915517,0
8.394,-0.0875042859076509,0
8.396,-0.0938794742894783,0
8.399,-0.0983877808093883,0
8.401,-0.1004202071304945,0
8.403,-0.1041836586184371,0
8.404,-0.1100022079423089,0
8.407,-0.1153582596396511,0
8.408,-0.1213305166491491,0
8.411,-0.1256690283063737,0
8.412,-0.1280655528054315,0
8.414,-0.1305086708267927,0
8.416,-0.132445249015969,0
8.419,-0.1348275220313851,0
8.42,-0.1379821205304295,0
8.422,-0.1410549232345766,0
8.424,-0.1443861842352098,0
8.425,-0.1478328315390955,0
8.427,-0.1513494395900772,0
8.43,-0.1553319310432144,0
8.431,-0.1597706374551638,0
8.433,-0.1629691310861284,0
8.436,-0.1648563418173677,0
8.438,-0.1662612593219087,0
8.44,-0.1667519869671712,0
8.441,-0.1674385375043607,0
8.444,-0.168418298852553,0
8.446,-0.1687831395473088,0
8.447,-0.1687868804415934,0
8.449,-0.1690745657234242,0
8.451,-0.1696068883185056,0
8.454,-0.1702624386302315,0
8.456,-0.171199064216258,0
8.457,-0.1718369461263134,0
8.46,-0.1721705362957676,0
8.462,-0.1726264197640826,0
8.463,-0.1730898265932527,0
8.464,-0.1734686853513246,0
8.467,-0.1738075642363804,0
8.468,-0.1740775008425736,0
8.47,-0.1742698055971364,0
8.473,-0.1745642385730682,0
8.475,-0.1749682661595401,0
8.476,-0.1753922226073201,0
8.479,-0.175881202117749,0
8.48,-0.1749831017037768,0
8.483,-0.1725493440583917,0
8.484,-0.1692988637843551,0
8.486,-0.1648153409160206,0
8.488,-0.1599171538633842,0
8.491,-0.1546460943793952,0
8.493,-0.1482181657825142,0
8.495,-0.1407871024092645,0
8.496,-0.1334219762577202,0
8.499,-0.1261023350293084,0
8.5,-0.1184015055138253,0
8.503,-0.1105711031767476,0
8.503,-0.1017582602763155,0
8.505,-0.0918979713663318,0
8.507,-0.0816120167413001,0
8.51,-0.0706994665554325,0
8.512,-0.0617933063370527,0
8.513,-0.055221521790201,0
8.516,-0.0495995162372805,0
8.518,-0.0457017617087631,0
8.519,-0.0421540065776736,0
8.521,-0.0388828860354411,0
8.523,-0.0372806194333164,0
8.526,-0.03709849226015,0
8.528,-0.0362043677350906,0
8.529,-0.0346244022892269,0
8.532,-0.0332533528014214,0
8.534,-0.0315882285506891,0
8.536,-0.0312896883905851,0
8.537,-0.0324941873749184,0
8.539,-0.0339825659326986,0
8.542,-0.036150227148388,0
8.543,-0.0352809077659624,0
8.544,-0.0308816143505177,0
8.547,-0.0249944732248332,0
8.549,-0.0165234148488063,0
8.551,-0.0073420206524711,0
8.552,0.0024313639585201,0
8.555,0.0147275261835655,0
8.556,0.0292021471267439,0
8.559,0.0420813031642536,0
8.56,0.053316758805272,0
8.562,0.0645288534144808,0
8.564,0.0747815478236244,0
8.567,0.0868710079045095,0
8.569,0.1010038610093331,0
8.571,0.1150244474909006,0
8.572,0.1295706534580532,0
8.575,0.1372163653866404,0
8.576,0.136965344677008,0
8.578,0.1325925595020972,0
8.58,0.1218629547871713,0
8.583,0.1113054292140391,0
8.585,0.1013312266950523,0
8.587,0.0831834903252637,0
8.588,0.0653782001788464,0
8.59,0.0580569722515764,0
8.592,0.0646811995808116,0
8.593,0.0949697345337265,0
8.595,0.1495131188359056,0
8.598,0.2361730140959454,0
8.599,0.3519048057464735,0
8.601,0.484339565935909,0
8.604,0.6327019104709105,0
8.606,0.7774875919712139,0
8.608,0.912634333118195,0
8.609,1.0475844793302869,0
8.611,1.1743412273480969,0
8.614,1.2740904495341192,0
8.615,1.342706674834362,0
8.617,1.3786069455308776,0
8.619,1.3777840786814624,0
8.622,1.3491214956134765,0
8.624,1.2981032646046493,0
8.625,1.2297029266244586,0
8.628,1.1572640762594428,0
8.628,1.088656872853161,0
8.631,1.033950212502919,0
8.632,0.9984674981213196,0
8.634,0.9748269063704108,0
8.636,0.93842401258315,0
8.639,0.8694783633381811,0
8.641,0.7533742280653385,0
8.643,0.5700788444329963,0
8.644,0.3155482285729402,0
8.647,-0.0040209404123082,0
8.648,-0.3687272868135458,0
8.651,-0.7484931243430055,0
8.652,-1.1073078206162033,0
8.654,-1.4096718369506105,0
8.656,-1.6275826201132069,0
8.659,-1.7463985069567816,0
8.661,-1.7673475876938938,0
8.663,-1.707009198998646,0
8.664,-1.5924630058470135,0
8.667,-1.4539290307881958,0
8.668,-1.319648688032249,0
8.67,-1.2079213274020353,0
8.671,-1.1233658015918175,0
8.673,-1.0647116062638524,0
8.676,-1.0263127538465249,0
8.678,-0.9980165761925952,0
8.68,-0.9710206909860496,0
8.681,-0.9369851823633352,0
8.684,-0.9003402155024209,0
8.686,-0.8592273389264412,0
8.687,-0.7972869864818928,0
8.689,-0.7170565074093782,0
8.691,-0.6472270073975751,0
8.694,-0.5875206395612218,0
8.696,-0.5154668521779414,0
8.697,-0.4367655812511112,0
8.7,-0.3740184816049315,0
8.702,-0.326481775385058,0
8.703,-0.2802497239355206,0
8.705,-0.2556460300572767,0
8.707,-0.291163611683918,0
8.71,-0.3984178324267725,0
8.711,-0.5634861168449169,0
8.712,-0.7432054432628192,0
8.715,-0.857723399629196,0
8.717,-0.80804365748158,0
8.719,-0.5163380388871586,0
8.72,0.0357304826824004,0
8.723,0.7851512042650693,0
8.724,1.594980553973814,0
8.726,2.2892204426007865,0
8.728,2.6999764023663277,0
8.73,2.7097257046925,0
8.733,2.271624482421113,0
8.735,1.4137744916655712,0
8.736,0.233612841798353,0
8.739,-1.115829172503073,0
8.74,-2.4407467837483696,0
8.743,-3.5318695445539205,0
8.744,-4.202169415865341,0
8.746,-4.328296462075868,1
8.748,-3.882410017536925,0
8.751,-2.9445375595017684,0
8.753,-1.6870387237971074,0
8.753,-0.3328684144316015,0
8.756,0.8939031533963896,0
8.758,1.8145532678405385,0
8.759,2.3274363051835003,0
8.761,2.4118147989172725,0
8.763,2.1314388637418893,0
8.766,1.6120361224915654,0
8.767,1.0042887910525442,0
8.769,0.4608603873864725,0
8.772,0.0975273258220461,0
8.774,-0.0302773414803021,0
8.776,0.0698832775252781,0
8.777,0.345245487690914,0
8.779,0.6931801286383337,0
8.782,0.9997615618004416,0
8.783,1.189391557811332,0
8.785,1.2209077438700564,0
8.788,1.1131763498544696,0
8.79,0.9314270633688104,0
8.792,0.7445678965933122,0
8.793,0.5968573739463933,0
8.795,0.5198428032784164,0
8.796,0.5189557356826551,0
8.799,0.5636243128496248,0
8.8,0.627147736596853,0
8.802,0.6754993649616692,0
8.804,0.6788425342345199,0
8.807,0.6363545124227874,0
8.809,0.569199281333629,0
8.811,0.495601582843807,0
8.812,0.4291404792154491,0
8.815,0.3875114887902712,0
8.816,0.3661424153025205,0
8.819,0.3633974990728626,0
8.82,0.3776189208581955,0
8.822,0.3988387490450535,0
8.825,0.4014096046746927,0
8.827,0.3764658711008155,0
8.828,0.3413410273546319,0
8.831,0.2914697624184095,0
8.832,0.2386558112501104,0
8.835,0.1928178314809294,0
8.836,0.1563336163322512,0
8.838,0.1382085751073801,0
8.839,0.126462570844259,0
8.841,0.1195188942755874,0
8.844,0.1259134556639295,0
8.846,0.1340249107163277,0
8.848,0.1377740622551722,0
8.849,0.1322309373589676,0
8.851,0.1200029085516796,0
8.854,0.1050731345641828,0
8.855,0.0819301752821152,0
8.857,0.0593795612288206,0
8.859,0.0502136200654026,0
8.862,0.0594071386313803,0
8.864,0.0651222514402201,0
8.865,0.0629326703561404,0
8.868,0.0518084149972965,0
8.87,0.0232171877466567,0
8.871,-0.0045441626359214,0
8.873,-0.0275838917900966,0
8.875,-0.0558326422590345,0
8.878,-0.0756822385024149,0
8.878,-0.0926804399704267,0
8.881,-0.1022459572275901,0
8.883,-0.0978695050886434,0
8.884,-0.0858932389493173,0
8.887,-0.0763863263696269,0
8.888,-0.0761276536938565,0
8.891,-0.091185659492912,0
8.892,-0.1245284457994159,0
8.894,-0.1514168685068052,0
8.896,-0.1663738023235348,0
8.899,-0.1767724702785761,0
8.901,-0.1734394024564086,0
8.903,-0.1807481870961993,0
8.904,-0.2031495997791999,0
8.907,-0.216515305599653,0
8.908,-0.2273207128147368,0
8.911,-0.2400319381632577,0
8.912,-0.2522328819073079,0
8.914,-0.2665055133488054,0
8.916,-0.278221586519082,0
8.919,-0.2989755784554454,0
8.92,-0.3279349940777783,0
8.921,-0.3590960740186112,0
8.924,-0.4000294966230479,0
8.926,-0.4328691113730411,0
8.927,-0.4583699734724429,0
8.929,-0.4993459144633509,0
8.931,-0.5496495118847874,0
8.934,-0.6047030167914932,0
8.936,-0.6603967001828903,0
8.937,-0.7075278160769561,0
8.94,-0.7412372797852075,0
8.942,-0.7803583891366942,0
8.944,-0.8280427450105119,0
8.945,-0.8789955523454656,0
8.947,-0.9433577618687898,0
8.95,-1.000846502996348,0
8.951,-1.0490101828390743,0
8.953,-1.109005257949504,0
8.956,-1.1682197895377318,0
8.958,-1.2123246100786245,0
8.96,-1.2384783861344288,0
8.961,-1.2355924637432996,0
8.963,-1.200610525818666,0
8.964,-1.1266587696888204,0
8.967,-1.0146478445513964,0
8.968,-0.8714045933975035,0
8.97,-0.700014363893211,0
8.973,-0.5065031085204,0
8.975,-0.295209189767505,0
8.976,-0.0725831398436602,0
8.979,0.1564031424774533,0
8.98,0.3783948591672717,0
8.983,0.5871712850972701,0
8.984,0.7684584209792417,0
8.986,0.9132612652412964,0
8.988,1.0144215685912967,0
8.991,1.0690332702875562,0
8.993,1.0787716510610623,0
8.995,1.0504644187812646,0
8.996,0.9946062900423752,0
8.999,0.9231841730865796,0
9.0,0.8472524373498235,0
9.003,0.7780457686708059,0
9.003,0.720780762318354,0
9.006,0.6781459031774424,0
9.007,0.6486241760249156,0
9.009,0.6280928981817373,0
9.012,0.6103195155201785,0
9.014,0.5920089907298771,0
9.016,0.5710952926344,0
9.017,0.5435471505042623,0
9.019,0.5205354721857086,0
9.022,0.5001793489793396,0
9.023,0.4721525408790148,0
9.025,0.4372700392975331,0
9.028,0.412916878935602,0
9.03,0.3983618801989683,0
9.032,0.3846071571511921,0
9.033,0.3752276132576089,0
9.036,0.363280942068678,0
9.038,0.3475317871898402,0
9.039,0.3339009221457599,0
9.041,0.3205087109073524,0
9.043,0.3039242309447333,0
9.044,0.284327658346361,0
9.047,0.2617800173091723,0
9.049,0.2353407045197367,0
9.051,0.2078500429528152,0
9.052,0.1790893539578336,0
9.055,0.1467008848756823,0
9.056,0.1110713405555779,0
9.059,0.0859067184520312,0
9.06,0.0721663838035696,0
9.062,0.0635131332338133,0
9.064,0.0637073743155349,0
9.067,0.063923494580226,0
9.069,0.0636627983745961,0
9.071,0.0706272830843949,0
9.072,0.0830206210731805,0
9.075,0.0859880987305475,0
9.076,0.079115477010573,0
9.078,0.068286001552338,0
9.08,0.0496161135606589,0
9.083,0.0337773645983017,0
9.085,0.0212858522013129,0
9.087,0.0034745012638995,0
9.088,-0.0174372170360371,0
9.089,-0.0333103633924026,0
9.092,-0.0444507617026948,0
9.094,-0.0532525001671445,0
9.095,-0.0577494426896986,0
9.097,-0.0649752693301461,0
9.099,-0.0752187883126899,0
9.102,-0.0833440632967033,0
9.104,-0.0908713223997966,0
9.105,-0.0986642736627917,0
9.108,-0.106250301916902,0
9.11,-0.114291847955071,0
9.111,-0.1228999538754645,0
9.113,-0.1302612253559499,0
9.115,-0.1364165682593648,0
9.118,-0.1423448637772768,0
9.119,-0.1476662234601941,0
9.121,-0.1532811542568651,0
9.124,-0.1593423720922581,0
9.126,-0.165140934425879,0
9.128,-0.1709262969864762,0
9.128,-0.1764523335539392,0
9.131,-0.1816439824695055,0
9.132,-0.1868296969263259,0
9.134,-0.1919428535951663,0
9.136,-0.195479432488601,0
9.139,-0.197335380721414,0
9.141,-0.1981698091672273,0
9.143,-0.1975659199018021,0
9.144,-0.1964470939678042,0
9.147,-0.1948509120863761,0
9.148,-0.1919436747556938,0
9.151,-0.187901054611086,0
9.152,-0.1839539532337084,0
9.154,-0.1800969407686278,0
9.156,-0.1758449520297536,0
9.159,-0.1714986003679652,0
9.161,-0.1660986967571746,0
9.163,-0.1595815353899775,0
9.164,-0.1526690643732346,0
9.167,-0.1451438112646174,0
9.168,-0.1378943512506107,0
9.169,-0.1310878609370447,0
9.171,-0.124150529446216,0
9.174,-0.1173580906964196,0
9.176,-0.1103708989159912,0
9.177,-0.1031578550974958,0
9.18,-0.0961427593104633,0
9.182,-0.0892688303178014,0
9.184,-0.0901561686622286,0
9.185,-0.0996742835449145,0
9.187,-0.1142504814932715,0
9.19,-0.1361495499742469,0
9.191,-0.1435314261972748,0
9.193,-0.1344767788548063,0
9.196,-0.1214367188199325,0
9.198,-0.0985711002822952,0
9.2,-0.0885849287498289,0
9.201,-0.0938916151104781,0
9.203,-0.0986097510767828,0
9.206,-0.1085865399710924,0
9.207,-0.1121896736986828,0
9.209,-0.1072092173515223,0
9.211,-0.1039699331635629,0
9.212,-0.0992775362770005,0
9.215,-0.096785170507868,0
9.217,-0.0978439228467281,0
9.219,-0.0981410526742875,0
9.22,-0.0988818421814642,0
9.223,-0.0995114835989793,0
9.224,-0.0995116929106747,0
9.226,-0.1001629230545556,0
9.228,-0.101201067382741,0
9.23,-0.1005855754552799,0
9.233,-0.0982914090581906,0
9.235,-0.0950541378318037,0
9.236,-0.0903501911738873,0
9.239,-0.0854448140000511,0
9.24,-0.0803749789767754,0
9.243,-0.074050963136145,0
9.244,-0.0667128011956768,0
9.246,-0.0594060911480134,0
9.248,-0.0520711345511641,0
9.251,-0.0443467991223086,0
9.253,-0.0364664430228279,0
9.254,-0.027495867468284,0
9.256,-0.0173678770795793,0
9.257,-0.0067233190688581,0
9.259,0.0046616951583496,0
9.262,0.0134967367569155,0
9.263,0.0193939905144065,0
9.265,0.0240692514053408,0
9.267,0.0265645038556528,0
9.27,0.0286344341967464,0
9.272,0.0303771119478894,0
9.273,0.0300485582678244,0
9.276,0.027973728935613,0
9.278,0.0266757401681418,0
9.279,0.0261145476013555,0
9.281,0.0252548040422901,0
9.283,0.0246903771860031,0
9.286,0.0224360797307891,0
9.288,0.0183337750324536,0
9.289,0.0138355856876533,0
9.292,0.0084707958289473,0
9.294,0.0080328334385973,0
9.295,0.013249947861934,0
9.296,0.0210519330366733,0
9.299,0.0331428802914754,0
9.3,0.0460536509052985,0
9.302,0.0595706446416036,0
9.304,0.076977908193948,0
9.307,0.0975961282872239,0
9.309,0.11585048845343,0
9.311,0.1316918524536798,0
9.312,0.1479285924865202,0
9.315,0.163225457421343,0
9.316,0.1673810252813354,0
9.319,0.1653703225703435,0
9.32,0.1729703299942357,0
9.322,0.1917170949113034,0
9.325,0.2492465122909354,0
9.327,0.3465448137009429,0
9.328,0.4635050438486496,0
9.331,0.5999940191829157,0
9.332,0.7264781444659772,0
9.335,0.8342421556731178,0
9.336,0.9471902596604024,0
9.337,1.0545150961485557,0
9.339,1.1444688577156357,0
9.342,1.2159883861999845,0
9.344,1.2642439681585471,0
9.345,1.2843369543320806,0
9.348,1.2953580959133757,0
9.35,1.2950737939656234,0
9.351,1.2667464547186054,0
9.353,1.2164329840269394,0
9.355,1.1586538388674723,0
9.358,1.0995834677232976,0
9.359,1.0434582859662431,0
9.361,0.998590870854655,0
9.364,0.9615899104794968,0
9.366,0.9243861369277095,0
9.368,0.8723351957543439,0
9.369,0.7865839778242599,0
9.371,0.6519150638503209,0
9.374,0.4568880812727772,0
9.375,0.1935341598995052,0
9.377,-0.1289521486890295,0
9.378,-0.4849719632491501,0
9.381,-0.8482558662099436,0
9.383,-1.191587982086852,0
9.384,-1.4848734429702286,0
9.387,-1.704263150301625,0
9.388,-1.8371343995711784,0
9.391,-1.8822471309363429,0
9.392,-1.8496048796215867,0
9.394,-1.7580500121676483,0
9.396,-1.6302436376882277,0
9.399,-1.48690563599595,0
9.401,-1.3488429965797,0
9.403,-1.226206107873129,0
9.404,-1.125904536590283,0
9.407,-1.04876645360912,0
9.408,-0.9928998259178136,0
9.411,-0.9546649464068908,0
9.412,-0.9292532883861238,0
9.414,-0.9095948007898708,0
9.416,-0.891110462936623,0
9.419,-0.8641335444869298,0
9.42,-0.8228514614325269,0
9.422,-0.7642153462962222,0
9.424,-0.688701176736159,0
9.425,-0.6023543792750781,0
9.427,-0.5112014057237944,0
9.43,-0.4201997551301989,0
9.431,-0.3350158549330072,0
9.433,-0.2692678847222862,0
9.436,-0.235488776201806,0
9.438,-0.2482809427346352,0
9.44,-0.3259265535800043,0
9.441,-0.4577358048855794,0
9.444,-0.6178761677693857,0
9.446,-0.7540910118496703,0
9.447,-0.7744271101368746,0
9.449,-0.6037010454375755,0
9.451,-0.1900165312235902,0
9.454,0.4624418838033903,0
9.456,1.2579613085930104,0
9.457,2.0517584862055567,0
9.46,2.6720400805201794,0
9.462,2.961550138240632,0
9.463,2.8268407891682146,0
9.464,2.24245359374713,0
9.467,1.256475525294528,0
9.468,-0.0134028683463826,0
9.47,-1.3974079511553454,0
9.473,-2.690698611008357,0
9.475,-3.684680742134877,0
9.476,-4.209045374879313,1
9.479,-4.171089991039127,0
9.48,-3.581508649373767,0
9.483,-2.553758971132683,0
9.484,-1.2767910158136384,0
9.486,0.0294129545826154,0
9.488,1.1619893240256944,0
9.491,1.9720997652325687,0
9.493,2.3845263120098794,0
9.495,2.400044849668696,0
9.496,2.084665136681638,0
9.499,1.550929648205049,0
9.5,0.9358105308598116,0
9.503,0.3764894542321238,0
9.503,-0.0149067802208178,0
9.505,-0.1726124292131553,0
9.507,-0.0902542946912541,0
9.51,0.1796679604738529,0
9.512,0.5433609813291719,0
9.513,0.8923602636285437,0
9.516,1.1354839994943862,0
9.518,1.2246220450446188,0
9.519,1.1623929154240904,0
9.521,0.9949624580694656,0
9.523,0.7905488500497291,0
9.526,0.6128052186780232,0
9.528,0.5026611680631885,0
9.529,0.4689214009054476,0
9.532,0.4934145646851719,0
9.534,0.5457236271238874,0
9.536,0.5963773070503398,0
9.537,0.6279177415163719,0
9.539,0.637563142151183,0
9.542,0.6323279703876656,0
9.543,0.6070065370600762,0
9.544,0.5680280434550908,0
9.547,0.5254440851909211,0
9.549,0.4722981441549231,0
9.551,0.4256235125437539,0
9.552,0.386323503766268,0
9.555,0.3363861204389893,0
9.556,0.2846766906777697,0
9.559,0.2432816583548487,0
9.56,0.2134862345394935,0
9.562,0.1895342059044116,0
9.564,0.1753669742182241,0
9.567,0.1618638324852409,0
9.569,0.1487770309299116,0
9.571,0.1439905471920232,0
9.572,0.1457953901007004,0
9.575,0.1380106555950409,0
9.576,0.1201980405835024,0
9.578,0.0990326722491534,0
9.58,0.0703304856468731,0
9.583,0.0469712067838983,0
9.585,0.0297480375720653,0
9.587,0.0088022193615818,0
9.588,-0.0130053071497066,0
9.59,-0.0303121447394062,0
9.592,-0.043665860663911,0
9.593,-0.052025312267028,0
9.595,-0.0581513690499926,0
9.598,-0.0510387959396441,0
9.599,-0.0362815635249809,0
9.601,-0.0289075737019443,0
9.604,-0.0306915373787444,0
9.606,-0.0350110223197159,0
9.608,-0.0414512527789169,0
9.609,-0.0493995265269361,0
9.611,-0.0528703067136011,0
9.614,-0.0629924043035093,0
9.615,-0.0773064883446959,0
9.617,-0.08964773760799,0
9.619,-0.1052260668602923,0
9.622,-0.1178045323706827,0
9.624,-0.1278687291785123,0
9.625,-0.1367226318561281,0
9.628,-0.1432661367439569,0
9.628,-0.1521459038601682,0
9.631,-0.1636012047260996,0
9.632,-0.1746429052823854,0
9.634,-0.1863536712321202,0
9.636,-0.1986246415919644,0
9.639,-0.2153793414672479,0
9.641,-0.2330953656082722,0
9.643,-0.2536671049501522,0
9.644,-0.2748373957199215,0
9.647,-0.2966459568610764,0
9.648,-0.3206207797146398,0
9.651,-0.3463952720226411,0
9.652,-0.3746132521755501,0
9.654,-0.4055626981016905,0
9.656,-0.4387466779156457,0
9.659,-0.4744421643493069,0
9.661,-0.5127542089737097,0
9.663,-0.5537253322062645,0
9.664,-0.5976062614272315,0
9.667,-0.6444892876462931,0
9.668,-0.6900451363473328,0
9.67,-0.7339531694830576,0
9.671,-0.7783720386475272,0
9.673,-0.8221299312097673,0
9.676,-0.8664327411373085,0
9.678,-0.9113275301287784,0
9.68,-0.9547374500735862,0
9.681,-0.9967602024284826,0
9.684,-1.041840133157568,0
9.686,-1.0844903910170258,0
9.687,-1.113126979307436,0
9.689,-1.12008832443624,0
9.691,-1.0998308367388248,0
9.694,-1.0439098241137392,0
9.696,-0.9498106105783172,0
9.697,-0.8181765024325952,0
9.7,-0.6544542652603307,0
9.702,-0.466048873083316,0
9.703,-0.2637701365866561,0
9.705,-0.0545127188075816,0
9.707,0.1460468191870407,0
9.71,0.3289872854909199,0
9.711,0.4951243460656341,0
9.712,0.6347357872367375,0
9.715,0.7397589307943097,0
9.717,0.8081785326933982,0
9.719,0.8443682138431843,0
9.72,0.8503936924571768,0
9.723,0.8314734859442672,0
9.724,0.7951451722162737,0
9.726,0.7497429279587768,0
9.728,0.701983577628416,0
9.73,0.6554964931606803,0
9.733,0.6171725057667088,0
9.735,0.5958456681671508,0
9.736,0.5919924840667126,0
9.739,0.5819063733241374,0
9.74,0.5662159587890176,0
9.743,0.548858197151979,0
9.744,0.5239634915409409,0
9.746,0.5006193517322983,0
9.748,0.4815328768115951,0
9.751,0.4524752823179845,0
9.753,0.4158071102419938,0
9.753,0.3915156662643205,0
9.756,0.379134571134861,0
9.758,0.3686701139558508,0
9.759,0.3645473659859705,0
9.761,0.3501366678102172,0
9.763,0.3234230256090799,0
9.766,0.2957340693571034,0
9.767,0.2626215703543784,0
9.769,0.2320939037618239,0
9.772,0.2055257893066759,0
9.774,0.1753164079381035,0
9.776,0.1435110598314469,0
9.777,0.1233932124069098,0
9.779,0.1154260727914633,0
9.782,0.1149225619097606,0
9.783,0.1254876381388855,0
9.785,0.1380791198966888,0
9.788,0.1525277869989139,0
9.79,0.1765985965417747,0
9.792,0.208621662846429,0
9.793,0.2241705012083813,0
9.795,0.2219505809045952,0
9.796,0.2125335748356975,0
9.799,0.189335132581582,0
9.8,0.1688045917420701,0
9.802,0.151788129622093,0
9.804,0.1243326243109773,0
9.807,0.0897994943459859,0
9.809,0.0638531482346046,0
9.811,0.0461448630621049,0
9.812,0.0313846183486787,0
9.815,0.023381196458429,0
9.816,0.0092517252032205,0
9.819,-0.011658711932652,0
9.82,-0.0297939986716959,0
9.822,-0.04798550469895,0
9.825,-0.0637594772954074,0
9.827,-0.0758234986224878,0
9.828,-0.0873426336107161,0
9.831,-0.0973413318039051,0
9.832,-0.1048572334457784,0
9.835,-0.1100639873748392,0
9.836,-0.1125020195118064,0
9.838,-0.1119080189663693,0
9.839,-0.1131326799421098,0
9.841,-0.1164040858486226,0
9.844,-0.1191227272931485,0
9.846,-0.1225007658512419,0
9.848,-0.1235445259796133,0
9.849,-0.1219179173684735,0
9.851,-0.1200798624540543,0
9.854,-0.1173071071159181,0
9.855,-0.1154060617036395,0
9.857,-0.1148250135312826,0
9.859,-0.1141774704828126,0
9.862,-0.1140502455489654,0
9.864,-0.1139163595388125,0
9.865,-0.1136876322849154,0
9.868,-0.114168523183764,0
9.87,-0.1152705960979915,0
9.871,-0.1145487655819189,0
9.873,-0.1119227012794238,0
9.875,-0.1085308808883538,0
9.878,-0.1037541843468119,0
9.878,-0.0992437974186472,0
9.881,-0.0951324903549155,0
9.883,-0.090087448571857,0
9.884,-0.0844822735171008,0
9.887,-0.079930496204977,0
9.888,-0.0764432161601623,0
9.891,-0.0735299030764109,0
9.892,-0.0716165574091888,0
9.894,-0.069464697380737,0
9.896,-0.0670526076664049,0
9.899,-0.0653780581825042,0
9.901,-0.0642032762375431,0
9.903,-0.0628932985802012,0
9.904,-0.061526268363272,0
9.907,-0.0602639061872075,0
9.908,-0.0589782315552954,0
9.911,-0.0583391626143245,0
9.912,-0.0583916588336733,0
9.914,-0.0587139919619036,0
9.916,-0.0594705774025628,0
9.919,-0.0592807189840478,0
9.92,-0.057979745197642,0
9.921,-0.0563496412667038,0
9.924,-0.0539969332764084,0
9.926,-0.0516362761200813,0
9.927,-0.0493287752000799,0
9.929,-0.0463708070749714,0
9.931,-0.0429073262828084,0
9.934,-0.0400907150267935,0
9.936,-0.0379275408897184,0
9.937,-0.0359570747325718,0
9.94,-0.0344658211784241,0
9.942,-0.0325965985636564,0
9.944,-0.0302955380517396,0
9.945,-0.0282264821583736,0
9.947,-0.0261995759743125,0
9.95,-0.0251315005451757,0
9.951,-0.0251922168473229,0
9.953,-0.0258199450654201,0
9.956,-0.0273024062311816,0
9.958,-0.029278285271298,0
9.96,-0.0317245949979048,0
9.961,-0.035091140185622,0
9.963,-0.0393229108059148,0
9.964,-0.0435299435759943,0
9.967,-0.0477144779484476,0
9.968,-0.0522886232931114,0
9.97,-0.0570437011720599,0
9.973,-0.0626441783179444,0
9.975,-0.0691552298050351,0
9.976,-0.0760866403031368,0
9.979,-0.0836020628468358,0
9.98,-0.0890954389824901,0
9.983,-0.0922572372063825,0
9.984,-0.0944354714642702,0
9.986,-0.0948682738969792,0
9.988,-0.0949539757201566,0
9.991,-0.0947661876903902,0
9.993,-0.0929141181897752,0
9.995,-0.0896541087474894,0
9.996,-0.0870759027688767,0
9.999,-0.0851537422785918,0
10.0,-0.083021627391243,0
10.003,-0.0811741856009318,0
10.003,-0.0779795329546231,0
10.006,-0.0733074978539433,0
10.007,-0.0683583672122977,0
10.009,-0.0627460724415147,0
10.012,-0.0586541902658453,0
10.014,-0.0564182670049251,0
10.016,-0.0547217232870494,0
10.017,-0.0542156629544989,0
10.019,-0.0539037167545913,0
10.022,-0.0537004975845111,0
10.023,-0.0546919078546775,0
10.025,-0.056691256711597,0
10.028,-0.0576503297763482,0
10.03,-0.0575527488266189,0
10.032,-0.0572795066878862,0
10.033,-0.0563283500560339,0
10.036,-0.0562003709498374,0
10.038,-0.0570101998890853,0
10.039,-0.0576042192460436,0
10.041,-0.0583273690388524,0
10.043,-0.0580462914738324,0
10.044,-0.0565224706779444,0
10.047,-0.0545383683419838,0
10.049,-0.051736184516972,0
10.051,-0.0485017362888623,0
10.052,-0.0448793642483758,0
10.055,-0.0403460857069399,0
10.056,-0.0349652118778016,0
10.059,-0.0299959057336552,0
10.06,-0.0254591031586033,0
10.062,-0.0207733105695395,0
10.064,-0.0162470183874618,0
10.067,-0.0109902953426289,0
10.069,-0.0049251989422376,0
10.071,0.0012583249721094,0
10.072,0.007769357081843,0
10.075,0.0132317888136839,0
10.076,0.0174331139869025,0
10.078,0.0211726030264622,0
10.08,0.0240346220267346,0
10.083,0.0266568145278435,0
10.085,0.0290823726347691,0
10.087,0.030611891113508,0
10.088,0.0313579029663329,0
10.089,0.0320118548593516,0
10.092,0.0325147387115659,0
10.094,0.0325815472657128,0
10.095,0.0323485801606738,0
10.097,0.0311967854459262,0
10.099,0.0290574533475517,0
10.102,0.0263242880227325,0
10.104,0.0228311065497803,0
10.105,0.0221609751332529,0
10.108,0.0246952905550499,0
10.11,0.0286122886792064,0
10.111,0.0349402250186725,0
10.113,0.0416269092048238,0
10.115,0.0485536647914793,0
10.118,0.0576675299842536,0
10.119,0.0685724085131307,0
10.121,0.0824400573775835,0
10.124,0.0997063240034277,0
10.126,0.1197576354228694,0
10.128,0.1430901470692643,0
10.128,0.1892716972667349,0
10.131,0.2604472038395481,0
10.132,0.3509019756696597,0
10.134,0.4599997795181807,0
10.136,0.5769862965898164,0
10.139,0.6945830192718536,0
10.141,0.811121117789733,0
10.143,0.9192292588866364,0
10.144,1.0193383437104846,0
10.147,1.1064852994032293,0
10.148,1.172828946146515,0
10.151,1.214513462715725,0
10.152,1.250999844816523,0
10.154,1.2796625407506286,0
10.156,1.2849809581249372,0
10.159,1.2691461236511292,0
10.161,1.2502356616734625,0
10.163,1.2268819877274302,0
10.164,1.1905935767961442,0
10.167,1.1448922223595597,0
10.168,1.0954866798054954,0
10.169,1.0425263737258574,0
10.171,0.9885478657412036,0
10.174,0.9286439407647394,0
10.176,0.8468878979692729,0
10.177,0.7312455399905503,0
10.18,0.5737258091383449,0
10.182,0.3619457526229946,0
10.184,0.0945399917426641,0
10.185,-0.2224175312636418,0
10.187,-0.5729810020732127,0
10.19,-0.9334101809491232,0
10.191,-1.2746685851002066,0
10.193,-1.5667972383336315,0
10.196,-1.7840797106133557,0
10.198,-1.9100719813039049,0
10.2,-1.9411287431568,0
10.201,-1.887511186569284,0
10.203,-1.7714360386862342,0
10.206,-1.6212363931188534,0
10.207,-1.4632365694254563,0
10.209,-1.3230145049790052,0
10.211,-1.209693794723081,0
10.212,-1.1255789337437514,0
10.215,-1.0628117304294584,0
10.217,-1.010548080440894,0
10.219,-0.9611110938926868,0
10.22,-0.905425760912186,0
10.223,-0.8466094705770898,0
10.224,-0.7865143270044372,0
10.226,-0.7290564643341881,0
10.228,-0.6761530023871953,0
10.23,-0.6250726475209498,0
10.233,-0.5735429097246547,0
10.235,-0.5259839907083858,0
10.236,-0.4808762091836112,0
10.239,-0.4272506201114186,0
10.24,-0.3642478218443769,0
10.243,-0.2947990761217548,0
10.244,-0.2250014437142375,0
10.246,-0.1733248498551592,0
10.248,-0.1648915109092281,0
10.251,-0.2226982182215543,0
10.253,-0.3553418170677488,0
10.254,-0.5386960244739788,0
10.256,-0.7075411803554599,0
10.257,-0.7669595999315857,0
10.259,-0.6227104239605387,0
10.262,-0.2216840397916887,0
10.263,0.4152714031366097,0
10.265,1.1853326967946087,0
10.267,1.926151620513882,0
10.27,2.45959170509632,0
10.272,2.638571643127242,0
10.273,2.380346383088196,0
10.276,1.6798398195090922,0
10.278,0.6070709557658318,0
10.279,-0.703850610173073,0
10.281,-2.070648903678733,0
10.283,-3.2856896376495928,0
10.286,-4.148500244605978,0
10.288,-4.5055633172655485,1
10.289,-4.287254916877617,0
10.292,-3.52857576171192,0
10.294,-2.364633014767851,0
10.295,-1.0000349001456994,0
10.296,0.337234194560877,0
10.299,1.4436652133338956,0
10.3,2.1782105011206254,0
10.302,2.482093327680351,0
10.304,2.3806184050866297,0
10.307,1.969891648151211,0
10.309,1.3918592295436696,0
10.311,0.8032350018871627,0
10.312,0.3424871236460052,0
10.315,0.1008871690719882,0
10.316,0.1059635504198848,0
10.319,0.3181313733389864,0
10.32,0.6473421166079147,0
10.322,0.9842039374337912,0
10.325,1.2281439314904483,0
10.327,1.3228819450042837,0
10.328,1.2771724710892414,0
10.331,1.1319667667919266,0
10.332,0.938576705109428,0
10.335,0.7647417140864473,0
10.336,0.6632185278487703,0
10.337,0.6443273214765671,0
10.339,0.6866392067867478,0
10.342,0.7560059051015005,0
10.344,0.8165917831888616,0
10.345,0.8396912173511341,0
10.348,0.8171976817216642,0
10.35,0.7555757319636681,0
10.351,0.6713815549194241,0
10.353,0.5848681096132075,0
10.355,0.5171763497719838,0
10.358,0.4766334858205321,0
10.359,0.4548976964269769,0
10.361,0.4465155242840066,0
10.364,0.4353037543791297,0
10.366,0.4097356708623472,0
10.368,0.3660773640547148,0
10.369,0.2974818117415143,0
10.371,0.2355921953963446,0
10.374,0.185592228009889,0
10.375,0.1346455992303286,0
10.377,0.0983165854748148,0
10.378,0.0679646053174709,0
10.381,0.04821193501563,0
10.383,0.0516867964990934,0
10.384,0.0724545290136202,0
10.387,0.095046273768895,0
10.388,0.1105395863472748,0
10.391,0.1126000910145166,0
10.392,0.0908713649206053,0
10.394,0.0593858947895358,0
10.396,0.0216046591851994,0
10.399,-0.023744354782432,0
10.401,-0.0660755409352374,0
10.403,-0.0955988787205049,0
10.404,-0.1113931703734849,0
10.407,-0.1074230233998613,0
10.408,-0.088295700680671,0
10.411,-0.0777053467537365,0
10.412,-0.0789817853118022,0
10.414,-0.0733478572684773,0
10.416,-0.0587630319242312,0
10.419,-0.0640304312472298,0
10.42,-0.0808557850342107,0
10.422,-0.0863628657198301,0
10.424,-0.0875498628237919,0
10.425,-0.0764020069283249,0
10.427,-0.0588154550113426,0
10.43,-0.0561789833534911,0
10.431,-0.0721288308040771,0
10.433,-0.0973418969606887,0
10.436,-0.130377960457782,0
10.438,-0.1699479287799003,0
10.44,-0.2040469709361827,0
10.441,-0.2316374243470787,0
10.444,-0.2453375855972108,0
10.446,-0.2446269767964542,0
10.447,-0.2328485252827871,0
10.449,-0.2201375179664723,0
10.451,-0.2144928659669611,0
10.454,-0.2195879597334248,0
10.456,-0.2433620588094579,0
10.457,-0.2696882445573796,0
10.46,-0.2971403762909287,0
10.462,-0.3316434241955989,0
10.463,-0.3688316882881142,0
10.464,-0.4014519754441983,0
10.467,-0.431781781730533,0
10.468,-0.4572559944535323,0
10.47,-0.476672462868131,0
10.473,-0.5070049567328637,0
10.475,-0.5486996321739759,0
10.476,-0.5906076405249595,0
10.479,-0.6365457114665624,0
10.48,-0.6812526112607155,0
10.483,-0.7232542463767785,0
10.484,-0.765905431160764,0
10.486,-0.8116711386731438,0
10.488,-0.8557031540953424,0
10.491,-0.899782305733296,0
10.493,-0.9446550407964716,0
10.495,-0.9853637327485684,0
10.496,-1.028185624968089,0
10.499,-1.064765518173977,0
10.5,-1.0778187861764263,0
10.503,-1.062335244434591,0
10.503,-1.0138201258419124,0
10.505,-0.9297147351750152,0
10.507,-0.811764405590597,0
10.51,-0.664040329797821,0
10.512,-0.494552584463753,0
10.513,-0.306819870779878,0
10.516,-0.1099367398045951,0
10.518,0.0907178738206201,0
10.519,0.2835873897947955,0
10.521,0.4616994649356519,0
10.523,0.6229721818998974,0
10.526,0.7597229154215338,0
10.528,0.8572042555262237,0
10.529,0.9126003590842112,0
10.532,0.9297822078778272,0
10.534,0.9114976219229448,0
10.536,0.8629740232930371,0
10.537,0.7951972804114594,0
10.539,0.7215945483248066,0
10.542,0.6514074297134654,0
10.543,0.5917764877369204,0
10.544,0.5466045429462403,0
10.547,0.5173231161568694,0
10.549,0.4992500010775504,0
10.551,0.4942889530833498,0
10.552,0.4961378918376385,0
10.555,0.4961841328515635,0
10.556,0.4902659451408579,0
10.559,0.4732664817421955,0
10.56,0.4457817693010887,0
10.562,0.4191509460380379,0
10.564,0.3932531796302881,0
10.567,0.3725021748731212,0
10.569,0.3604940415536684,0
10.571,0.3538497583566437,0
10.572,0.355506022658119,0
10.575,0.3436199478318968,0
10.576,0.3168349188171648,0
10.578,0.288906124639777,0
10.58,0.2544787009932692,0
10.583,0.2203109029824332,0
10.585,0.1878434767837271,0
10.587,0.1494900823286484,0
10.588,0.1069425088657415,0
10.59,0.0772266410265758,0
10.592,0.0609963815499125,0
10.593,0.0514267594970106,0
10.595,0.0530458044640742,0
10.598,0.0545459036170205,0
10.599,0.0554597005237963,0
10.601,0.0653989152523606,0
10.604,0.0821201897711558,0
10.606,0.0879399296084223,0
10.608,0.0824353270789689,0
10.609,0.0725761603033895,0
10.611,0.0537710913538781,0
10.614,0.0389479189461627,0
10.615,0.0287559437262139,0
10.617,0.0128175021203815,0
10.619,-0.0061471873492577,0
10.622,-0.0182626040987169,0
10.624,-0.0238443258632002,0
10.625,-0.0257424806326254,0
10.628,-0.0215328817619863,0
10.628,-0.0196610182338276,0
10.631,-0.0204282517386892,0
10.632,-0.0175823752715887,0
10.634,-0.0129111516387218,0
10.636,-0.0113800190301253,0
10.639,-0.0127783440342856,0
10.641,-0.0160020578286226,0
10.643,-0.0222935975312027,0
10.644,-0.0271430557395662,0
10.647,-0.03047518343768,0
10.648,-0.035620094469934,0
10.651,-0.0416687067915267,0
10.652,-0.0468163832739239,0
10.654,-0.0512903099847643,0
10.656,-0.0553509928108197,0
10.659,-0.0586063742536339,0
10.661,-0.0630539808903294,0
10.663,-0.0687594015957933,0
10.664,-0.0744210178475339,0
10.667,-0.0804850014368438,0
10.668,-0.0853502737421479,0
10.67,-0.0887441064921981,0
10.671,-0.0917530492981012,0
10.673,-0.0939044408319508,0
10.676,-0.095804867210316,0
10.678,-0.097539678358969,0
10.68,-0.098388047692446,0
10.681,-0.0984730050904188,0
10.684,-0.0992997427459855,0
10.686,-0.1008949248609558,0
10.687,-0.1026100362544264,0
10.689,-0.1048217519493876,0
10.691,-0.1064683767056921,0
10.694,-0.1074746242021797,0
10.696,-0.1086801232697157,0
10.697,-0.1098476314859643,0
10.7,-0.1109126525626664,0
10.702,-0.1119654910163173,0
10.703,-0.1128696211917033,0
10.705,-0.113633474375525,0
10.707,-0.1144970774848418,0
10.71,-0.1154557719142022,0
10.711,-0.1164046874627438,0
10.712,-0.1173981446309869,0
10.715,-0.1181719801238132,0
10.717,-0.1187003289150824,0
10.719,-0.1191529996436679,0
10.72,-0.1194610580368831,0
10.723,-0.1197533058755337,0
10.724,-0.1200501669388139,0
10.726,-0.120231852866679,0
10.728,-0.1203306702615157,0
10.73,-0.1208480385461109,0
10.733,-0.1218213057451001,0
10.735,-0.123039939502765,0
10.736,-0.1246458225305982,0
10.739,-0.1263285898711642,0
10.74,-0.1280798297063643,0
10.743,-0.1301837925906162,0
10.744,-0.1325843354938866,0
10.746,-0.1349872822174188,0
10.748,-0.1374097448068838,0
10.751,-0.139963548460563,0
10.753,-0.142584794806471,0
10.753,-0.1455333935226336,0
10.756,-0.1488318346018542,0
10.758,-0.1523046810242824,0
10.759,-0.156016728108093,0
10.761,-0.1581683108057349,0
10.763,-0.1585629249792273,0
10.766,-0.1580951830898376,0
10.767,-0.1562428469677333,0
10.769,-0.1540048874756778,0
10.772,-0.1514283907337115,0
10.774,-0.1475398994381809,0
10.776,-0.1425224924686032,0
10.777,-0.1377425501748134,0
10.779,-0.133174014039265,0
10.782,-0.1282590939085532,0
10.783,-0.1233175266179021,0
10.785,-0.1172611333816799,0
10.788,-0.1100024726423577,0
10.79,-0.1023315204643883,0
10.792,-0.0939889370282928,0
10.793,-0.08624673758007,0
10.795,-0.0793056944466597,0
10.796,-0.0723701577048398,0
10.799,-0.0658179071087369,0
10.8,-0.0590839322648104,0
10.802,-0.0521114044796365,0
10.804,-0.0455209369209378,0
10.807,-0.0392027584097117,0
10.809,-0.0319243761572125,0
10.811,-0.0236679357121481,0
10.812,-0.0149608682137672,0
10.815,-0.0054962260590596,0
10.816,0.0038149463160265,0
10.819,0.0129066887869567,0
10.82,0.0223877214959345,0
10.822,0.0320414388355531,0
10.825,0.0418528158987611,0
10.827,0.0518646239743035,0
10.828,0.059719030654747,0
10.831,0.0696929584364877,0
10.832,0.0773439276042714,0
10.835,0.0839939774185182,0
10.836,0.0892524683467102,0
10.838,0.0927827712152312,0
10.839,0.1055751809927836,0
10.841,0.1241959470951483,0
10.844,0.1331953175273846,0
10.846,0.1320945255016813,0
10.848,0.1398372083362751,0
10.849,0.153604960480052,0
10.851,0.1631953287528301,0
10.854,0.1712468569224906,0
10.855,0.1752852554501199,0
10.857,0.1735668534344692,0
10.859,0.1682973415799962,0
10.862,0.1581360343984947,0
10.864,0.1468629019927052,0
10.865,0.1346413916791823,0
10.868,0.1183167086234124,0
10.87,0.0986568444112686,0
10.871,0.1161822425439601,0
10.873,0.1746235992775242,0
10.875,0.2587874190852671,0
10.878,0.3725343438353359,0
10.878,0.4968157931634568,0
10.881,0.6209419519842138,0
10.883,0.7482023251185667,0
10.884,0.8676687304258737,0
10.887,0.9723274183832766,0
10.888,1.0610884774502505,0
10.891,1.1348768116645749,0
10.892,1.1906943047752945,0
10.894,1.242887953956323,0
10.896,1.291434109686331,0
10.899,1.3234535827975349,0
10.901,1.3414970080510504,0
10.903,1.332935121680987,0
10.904,1.2943059531856849,0
10.907,1.2292554132381033,0
10.908,1.1401402545085897,0
10.911,1.0643839477759955,0
10.912,1.0080469656181965,0
10.914,0.9497823555742196,0
10.916,0.88963668190134,0
10.919,0.8255537694097391,0
10.92,0.7374588420955317,0
10.921,0.605868903530623,0
10.924,0.4167541339144464,0
10.926,0.1674137881121914,0
10.927,-0.1370197394980216,0
10.929,-0.480311286955594,0
10.931,-0.8373864616273056,0
10.934,-1.178760981951814,0
10.936,-1.475401883211106,0
10.937,-1.7033285280997676,0
10.94,-1.847638983947318,0
10.942,-1.9049034877138689,0
10.944,-1.8832939613546984,0
10.945,-1.8004275921796704,0
10.947,-1.6788289609529203,0
10.95,-1.540022255118152,0
10.951,-1.4043911805038882,0
10.953,-1.2825903057253745,0
10.956,-1.1802239184829462,0
10.958,-1.0981697802104184,0
10.96,-1.033149633141728,0
10.961,-0.9795579296275406,0
10.963,-0.935452200333217,0
10.964,-0.8907784130790257,0
10.967,-0.8416693610105151,0
10.968,-0.7947104100093125,0
10.97,-0.7454619290400213,0
10.973,-0.6882980578147744,0
10.975,-0.621778503898418,0
10.976,-0.5407302709228549,0
10.979,-0.4479712928772341,0
10.98,-0.3650090174711605,0
10.983,-0.2941459019233685,0
10.984,-0.2315313895470827,0
10.986,-0.1883058614493285,0
10.988,-0.1821390801361909,0
10.991,-0.2299153116674769,0
10.993,-0.342380073052869,0
10.995,-0.5088233910434827,0
10.996,-0.6842487300382377,0
10.999,-0.7891673026225903,0
11.0,-0.728139067666043,0
11.003,-0.4328803811640678,0
11.003,0.1119395707343476,0
11.006,0.838126246322649,0
11.007,1.6078267756224132,0
11.009,2.247683582015057,0
11.012,2.5948237912250085,0
11.014,2.538194259030381,0
11.016,2.039235850566129,0
11.017,1.133406092758784,0
11.019,-0.0759974974376125,0
11.022,-1.4311660227889742,0
11.023,-2.736733687662634,0
11.025,-3.7850426404814166,0
11.028,-4.393458835580823,0
11.03,-4.447067514041656,1
11.032,-3.9298219188027455,0
11.033,-2.932149347514353,0
11.036,-1.6319841539494755,0
11.038,-0.2511862737181365,0
11.039,0.99450215589973,0
11.041,1.9368735680155555,0
11.043,2.485243550448806,0
11.044,2.623306244984391,0
11.047,2.4011239304542693,0
11.049,1.9236627435622664,0
11.051,1.3220234286016237,0
11.052,0.7363793700676823,0
11.055,0.2919095962143035,0
11.056,0.0704943471231793,0
11.059,0.0855195642128002,0
11.06,0.30035922062463,0
11.062,0.6352797669121548,0
11.064,0.9787909906738692,0
11.067,1.2401513845274708,0
11.069,1.3593656792880822,0
11.071,1.3208116175378144,0
11.072,1.163297925384947,0
11.075,0.964333045392886,0
11.076,0.7870616421942995,0
11.078,0.6666600658039545,0
11.08,0.6174274855032703,0
11.083,0.6134412307739144,0
11.085,0.6256062154242331,0
11.087,0.6358725899035265,0
11.088,0.6279835851526683,0
11.089,0.5937516496884657,0
11.092,0.5446247116630865,0
11.094,0.4987502749522242,0
11.095,0.4614790711942664,0
11.097,0.4443637222899248,0
11.099,0.4425392381301718,0
11.102,0.4430717349387232,0
11.104,0.439936585747645,0
11.105,0.4283721894066186,0
11.108,0.4068906909876866,0
11.11,0.3737241487985154,0
11.111,0.3312617850121627,0
11.113,0.2901345897600915,0
11.115,0.2522347134828506,0
11.118,0.2047803363732165,0
11.119,0.1506293626737651,0
11.121,0.1118761968717055,0
11.124,0.0889237351646281,0
11.126,0.0729952413357252,0
11.128,0.0697512441335069,0
11.128,0.0638962973067704,0
11.131,0.0546389964050902,0
11.132,0.0544154888913536,0
11.134,0.0600208928695786,0
11.136,0.0572554198735577,0
11.139,0.0462844774095246,0
11.141,0.0314019900204227,0
11.143,0.009010466338785,0
11.144,-0.0076925770034639,0
11.147,-0.0221855628906237,0
11.148,-0.0377847973187896,0
11.151,-0.0577344699496636,0
11.152,-0.0700853790864653,0
11.154,-0.0765488564054943,0
11.156,-0.0816586578849819,0
11.159,-0.0784551071230991,0
11.161,-0.0790449798661916,0
11.163,-0.0820566189833526,0
11.164,-0.0826368318214457,0
11.167,-0.0825824259943013,0
11.168,-0.0785713492973694,0
11.169,-0.0741129155028683,0
11.171,-0.0812630918614899,0
11.174,-0.1024143298969705,0
11.176,-0.1141604153881927,0
11.177,-0.1190025719827055,0
11.18,-0.1309820538082585,0
11.182,-0.1465097774720586,0
11.184,-0.1598985627011875,0
11.185,-0.1725729811681567,0
11.187,-0.1856194431871385,0
11.19,-0.198200563540807,0
11.191,-0.2124662993542819,0
11.193,-0.2285308848198097,0
11.196,-0.2467095605046562,0
11.198,-0.2638526090129339,0
11.2,-0.285124387998068,0
11.201,-0.3093538387542562,0
11.203,-0.3366728439451413,0
11.206,-0.3677320159698259,0
11.207,-0.390297331341332,0
11.209,-0.4086675057931736,0
11.211,-0.4396962709100337,0
11.212,-0.4841655099174984,0
11.215,-0.5314410735831855,0
11.217,-0.5808813635583946,0
11.219,-0.6468494408554483,0
11.22,-0.72214976171853,0
11.223,-0.7865443671298601,0
11.224,-0.8378489846946068,0
11.226,-0.887102894431033,0
11.228,-0.9335734696670204,0
11.23,-0.9719466170759888,0
11.233,-1.0081388665471245,0
11.235,-1.0489943893059384,0
11.236,-1.097066502933651,0
11.239,-1.1387126311275764,0
11.24,-1.1699237431812164,0
11.243,-1.1884438776267163,0
11.244,-1.1834118729138607,0
11.246,-1.156865259463446,0
11.248,-1.102001540579594,0
11.251,-1.011892620072472,0
11.253,-0.8876601321550793,0
11.254,-0.7288904086627775,0
11.256,-0.5404157696590456,0
11.257,-0.3325134081470133,0
11.259,-0.1139915421291519,0
11.262,0.1143207822674207,0
11.263,0.3442071534036999,0
11.265,0.5552185751321079,0
11.267,0.7399261898794423,0
11.27,0.8818257307656349,0
11.272,0.9740430554232742,0
11.273,1.020271693500053,0
11.276,1.0221267427154197,0
11.278,0.9887827532005636,0
11.279,0.9320155250933928,0
11.281,0.863214127145773,0
11.283,0.7929168962935786,0
11.286,0.7317976178935667,0
11.288,0.6841748167171894,0
11.289,0.651690344841122,0
11.292,0.6317146621472949,0
11.294,0.6161361761086818,0
11.295,0.6032798136386205,0
11.296,0.5879256880446204,0
11.299,0.5661829886086741,0
11.3,0.5456682323157845,0
11.302,0.5272801612996285,0
11.304,0.4982959346013338,0
11.307,0.4598778021567975,0
11.309,0.4354647688679178,0
11.311,0.4246019056581859,0
11.312,0.4142400587542119,0
11.315,0.4094102213034735,0
11.316,0.4020954067966931,0
11.319,0.3906554694734711,0
11.32,0.3826564459107638,0
11.322,0.3759224642126074,0
11.325,0.3629798018470734,0
11.327,0.3438668137063826,0
11.328,0.3203517442769834,0
11.331,0.2904402475413672,0
11.332,0.2596005660782854,0
11.335,0.2277562861463657,0
11.336,0.19033314647649,0
11.337,0.1482601196646296,0
11.339,0.1180203332745922,0
11.342,0.1005525715286788,0
11.344,0.0885552371036471,0
11.345,0.0864823162531944,0
11.348,0.0833056065899043,0
11.35,0.0784235811119189,0
11.351,0.0812192573187382,0
11.353,0.0894242489972744,0
11.355,0.0887883276087882,0
11.358,0.0791574357520555,0
11.359,0.065810873947097,0
11.361,0.0450992942448127,0
11.364,0.0277873786685016,0
11.366,0.0143768085613218,0
11.368,-0.0036121652574185,0
11.369,-0.02391209316163,0
11.371,-0.0393371160487018,0
11.374,-0.0502118702065252,0
11.375,-0.0584066635223163,0
11.377,-0.062177532118737,0
11.378,-0.067916592301495,0
11.381,-0.075827149001631,0
11.383,-0.0812564160087162,0
11.384,-0.0855556977136801,0
11.387,-0.0909355807705897,0
11.388,-0.0970974476608875,0
11.391,-0.1039334679205419,0
11.392,-0.1119449811340899,0
11.394,-0.1186218784962792,0
11.396,-0.12394771300771,0
11.399,-0.1295963697248001,0
11.401,-0.135049149024509,0
11.403,-0.1399785943248596,0
11.404,-0.1445243308296225,0
11.407,-0.1484799672406663,0
11.408,-0.1517881033520158,0
11.411,-0.1551046856018161,0
11.412,-0.1584129757220999,0
11.414,-0.1613380519710896,0
11.416,-0.164013283708204,0
11.419,-0.1656470099855967,0
11.42,-0.1661277851268201,0
11.422,-0.165921924463424,0
11.424,-0.1647977530991841,0
11.425,-0.1630984983065921,0
11.427,-0.1608531418740693,0
11.43,-0.1576817644236454,0
11.431,-0.1536474885508815,0
11.433,-0.1493438510343327,0
11.436,-0.1447626227252444,0
11.438,-0.1396504261190367,0
11.44,-0.1341460177926071,0
11.441,-0.1277929729554702,0
11.444,-0.1205519379900808,0
11.446,-0.1127573356375717,0
11.447,-0.104299392062931,0
11.449,-0.0970633114771478,0
11.451,-0.091272607158233,0
11.454,-0.0859605746104383,0
11.456,-0.0816793805252139,0
11.457,-0.0774178723999909,0
11.46,-0.0731257830972159,0
11.462,-0.0698113113517231,0
11.463,-0.0672910969288196,0
11.464,-0.0640731224808293,0
11.467,-0.0601799608801909,0
11.468,-0.0562320877848628,0
11.47,-0.0518789469930333,0
11.473,-0.0482936299513011,0
11.475,-0.0455721788052425,0
11.476,-0.0428579407201085,0
11.479,-0.040430717874787,0
11.48,-0.0386850099569487,0
11.483,-0.0375849289516432,0
11.484,-0.0371627686720475,0
11.486,-0.0375250060211691,0
11.488,-0.0382695794297405,0
11.491,-0.039423246557724,0
11.493,-0.0412931579619926,0
11.495,-0.0438182148974872,0
11.496,-0.0470663568896292,0
11.499,-0.0510971893276179,0
11.5,-0.0558574208141691,0
11.503,-0.0613918233900139,0
11.503,-0.0677833899673689,0
11.505,-0.0750539791710073,0
11.507,-0.0832195019952888,0
11.51,-0.0923194214470573,0
11.512,-0.099212530962472,0
11.513,-0.1036034808156343,0
11.516,-0.1070117873738494,0
11.518,-0.1085453763184973,0
11.519,-0.1100417382275676,0
11.521,-0.1115942253169236,0
11.523,-0.1114850582910812,0
11.526,-0.1100654786444254,0
11.528,-0.1096226172684968,0
11.529,-0.1101142692339383,0
11.532,-0.1106481535724661,0
11.534,-0.1117665914576485,0
11.536,-0.1116407261661742,0
11.537,-0.1101391780850267,0
11.539,-0.1086019136333612,0
11.542,-0.1066034493478401,0
11.543,-0.1046497733276634,0
11.544,-0.1029204330184831,0
11.547,-0.1008574036796084,0
11.549,-0.0986281253359165,0
11.551,-0.0962370937156075,0
11.552,-0.0936318700166142,0
11.555,-0.0909564601433053,0
11.556,-0.0882047436269875,0
11.559,-0.0845034291055335,0
11.56,-0.0797971520674379,0
11.562,-0.0744975319945202,0
11.564,-0.0683699159071813,0
11.567,-0.0619402454317419,0
11.569,-0.0552418355929283,0
11.571,-0.0478087706068958,0
11.572,-0.03974895012151,0
11.575,-0.0324863922647922,0
11.576,-0.0260999454871022,0
11.578,-0.0199878516916303,0
11.58,-0.0145378766461912,0
11.583,-0.0088055265617564,0
11.585,-0.0027494311052982,0
11.587,0.0028166000232754,0
11.588,0.0080797106649582,0
11.59,0.0137962851948972,0
11.592,0.019924351498786,0
11.593,0.0262172139011232,0
11.595,0.0328464941046217,0
11.598,0.0391412534133961,0
11.599,0.0450591256864417,0
11.601,0.0510669014416939,0
11.604,0.0570080036577533,0
11.606,0.0646082385667859,0
11.608,0.0740850407252508,0
11.609,0.0845108682285281,0
11.611,0.0963915503234062,0
11.614,0.1083988708200191,0
11.615,0.1204342136771718,0
11.617,0.1336189265345148,0
11.619,0.1476625782271048,0
11.622,0.1594966440402216,0
11.624,0.1689498993717282,0
11.625,0.1777687620244646,0
11.628,0.1851605348399705,0
11.628,0.179274535779884,0
11.631,0.1644186228104268,0
11.632,0.1565576511447299,0
11.634,0.1564284499103519,0
11.636,0.2076699409989822,0
11.639,0.3110095382730739,0
11.641,0.4341843861194697,0
11.643,0.5795379543169222,0
11.644,0.7124562228824504,0
11.647,0.8216890115107622,0
11.648,0.9331274779007462,0
11.651,1.0395951168453632,0
11.652,1.131289535753083,0
11.654,1.209859818406253,0
11.656,1.2644268008074324,0
11.659,1.2917292023593154,0
11.661,1.309947433211171,0
11.663,1.3161145052352516,0
11.664,1.2938861607561012,0
11.667,1.251422911403673,0
11.668,1.191839377976083,0
11.67,1.1220350426922154,0
11.671,1.0537205212040033,0
11.673,0.9932859755783106,0
11.676,0.9375278197813632,0
11.678,0.8791172997321609,0
11.68,0.8004606569324586,0
11.681,0.6832228004112687,0
11.684,0.5326059717068449,0
11.686,0.3392487698805936,0
11.687,0.0849165615224739,0
11.689,-0.215242694514356,0
11.691,-0.5451826042796695,0
11.694,-0.8800961622590912,0
11.696,-1.183175128970336,0
11.697,-1.431280925290484,0
11.7,-1.620400894417724,0
11.702,-1.7412426913397807,0
11.703,-1.7848279567769914,0
11.705,-1.7660585164880471,0
11.707,-1.6875143465889677,0
11.71,-1.569242289450598,0
11.711,-1.4425133990109973,0
11.712,-1.323389602749679,0
11.715,-1.2099713407538144,0
11.717,-1.109393719431245,0
11.719,-1.026762218347833,0
11.72,-0.9575922476194796,0
11.723,-0.906565670994017,0
11.724,-0.8733681948138511,0
11.726,-0.8414999867863875,0
11.728,-0.8101915161346068,0
11.73,-0.7765255186135527,0
11.733,-0.7351162818674251,0
11.735,-0.6820566854662239,0
11.736,-0.6193471808196552,0
11.739,-0.5479330498136981,0
11.74,-0.4732609938564779,0
11.743,-0.4035844192353886,0
11.744,-0.3432166898326633,0
11.746,-0.2924498459872121,0
11.748,-0.2637721369904292,0
11.751,-0.279925119176181,0
11.753,-0.3506524763425704,0
11.753,-0.4966813086252804,0
11.756,-0.6858823046426686,0
11.758,-0.8379346789826101,0
11.759,-0.8643721109710625,0
11.761,-0.6585448536245736,0
11.763,-0.1758175855487875,0
11.766,0.5388865798631046,0
11.767,1.3811269248792233,0
11.769,2.177587124689353,0
11.772,2.7509169013174977,0
11.774,2.965726981468773,0
11.776,2.736539297773527,0
11.777,2.0559945035562164,0
11.779,0.9891788037198294,0
11.782,-0.3371664468294659,0
11.783,-1.740151091266186,0
11.785,-3.007019049280553,0
11.788,-3.9301644984186734,0
11.79,-4.348610131139283,1
11.792,-4.188471513693172,0
11.793,-3.483957659201522,0
11.795,-2.3699400881427133,0
11.796,-1.0493891188978128,0
11.799,0.2541263129723807,0
11.8,1.3441890088318518,0
11.802,2.0851944461296283,0
11.804,2.417801462152584,0
11.807,2.357848364901,0
11.809,1.983443732510648,0
11.811,1.4153003352843496,0
11.812,0.7940609608188318,0
11.815,0.2555326603888404,0
11.816,-0.0947434424961177,0
11.819,-0.2020407593549043,0
11.82,-0.0732583067063735,0
11.822,0.2270279517352756,0
11.825,0.5980958014560867,0
11.827,0.9312115367060636,0
11.828,1.1417621369855155,0
11.831,1.1932424107664312,0
11.832,1.100358289350878,0
11.835,0.918508131759266,0
11.836,0.7197111678314043,0
11.838,0.5650139719911578,0
11.839,0.4863682777665043,0
11.841,0.4834856997150967,0
11.844,0.5311483631414906,0
11.846,0.5936234744524227,0
11.848,0.6416165912098323,0
11.849,0.6599325938033279,0
11.851,0.6485513936290942,0
11.854,0.6191663607045463,0
11.855,0.5804766307793935,0
11.857,0.5393421167828474,0
11.859,0.5048526772632911,0
11.862,0.4715953574155465,0
11.864,0.4374638098716843,0
11.865,0.3978683558730541,0
11.868,0.3470642192841799,0
11.87,0.2859833780922695,0
11.871,0.2424358294068993,0
11.873,0.21799174739992,0
11.875,0.1943849801724604,0
11.878,0.1784810105589163,0
11.878,0.1642792010606865,0
11.881,0.1500217803561237,0
11.883,0.1438054711429172,0
11.884,0.1440923874321451,0
11.887,0.1351868254844597,0
11.888,0.1167882754658711,0
11.891,0.0951968803842675,0
11.892,0.0664126494361148,0
11.894,0.0430687521893872,0
11.896,0.0259390628436997,0
11.899,0.0033176659683572,0
11.901,-0.0179378676423611,0
11.903,-0.0350779313410034,0
11.904,-0.0471590723131919,0
11.907,-0.0557615104465514,0
11.908,-0.0594224569133623,0
11.911,-0.0547536905347327,0
11.912,-0.0450037424129163,0
11.914,-0.0403128950110019,0
11.916,-0.0425591648858404,0
11.919,-0.0428052234356156,0
11.92,-0.040087933460225,0
11.921,-0.045194164855246,0
11.924,-0.0562622813181932,0
11.926,-0.0646117671312706,0
11.927,-0.0712713236138884,0
11.929,-0.0794902851346165,0
11.931,-0.0916570155275028,0
11.934,-0.0996114152227123,0
11.936,-0.1048352393779095,0
11.937,-0.1086687533429851,0
11.94,-0.1099140422673753,0
11.942,-0.1129166869536698,0
11.944,-0.1178851950141696,0
11.945,-0.1216659493624744,0
11.947,-0.1252181166168627,0
11.95,-0.1328673053798631,0
11.951,-0.1447300606107986,0
11.953,-0.1590822939806286,0
11.956,-0.1770714853457641,0
11.958,-0.1977200067609783,0
11.96,-0.2170050705902942,0
11.961,-0.2407574503269662,0
11.963,-0.267061317078303,0
11.964,-0.2951243882560946,0
11.967,-0.3252243087886423,0
11.968,-0.3553418032157404,0
11.97,-0.3896162890986303,0
11.973,-0.4261733407656993,0
11.975,-0.4666267566410087,0
11.976,-0.5097485003573661,0
11.979,-0.5559967666569678,0
11.98,-0.6009087930403691,0
11.983,-0.6440160258566,0
11.984,-0.6878171052530077,0
11.986,-0.7310702097784852,0
11.988,-0.7762490303405496,0
11.991,-0.8235798392261755,0
11.993,-0.870842556413174,0
11.995,-0.9185750451135593,0
11.996,-0.9620129010807456,0
11.999,-1.0003596316359715,0
12.0,-1.0382036047944792,0
12.003,-1.0700980081674405,0
12.003,-1.0806113955629346,0
12.006,-1.0663003673541058,0
12.007,-1.0351372264665255,0
12.009,-0.9813959817777516,0
12.012,-0.8915495645324544,0
12.014,-0.7671099687519153,0
12.016,-0.6200957607665122,0
12.017,-0.4485454457555427,0
12.019,-0.2599202612323411,0
12.022,-0.0573130876728154,0
12.023,0.146240616271465,0
12.025,0.3456307148950158,0
12.028,0.5245224858477556,0
12.03,0.6745183049469541,0
12.032,0.793503692151947,0
12.033,0.8762290758929812,0
12.036,0.9138921784969826,0
12.038,0.9107547240654256,0
12.039,0.8782375500218734,0
12.041,0.8254598207609756,0
12.043,0.7646965208500326,0
12.044,0.7058143664107398,0
12.047,0.6563495297067529,0
12.049,0.6199583408190712,0
12.051,0.5958741956766764,0
12.052,0.5809767729000809,0
12.055,0.5700331761807461,0
12.056,0.5606781321547437,0
12.059,0.5497701054826318,0
12.06,0.5340241453278537,0
12.062,0.5129579283076661,0
12.064,0.487508135306426,0
12.067,0.4707915603628073,0
12.069,0.4644060412478382,0
12.071,0.4569657934618895,0
12.072,0.4519355972311841,0
12.075,0.4385783441448662,0
12.076,0.4146420335580912,0
12.078,0.3875911506062397,0
12.08,0.3540547289672699,0
12.083,0.3187956676796583,0
12.085,0.2823735990419085,0
12.087,0.2393461899725738,0
12.088,0.1906544795794372,0
12.089,0.1572734342977141,0
12.092,0.1403966315849675,0
12.094,0.1306337125774369,0
12.095,0.1336305546113497,0
12.097,0.1358243132482122,0
12.099,0.1364576729232915,0
12.102,0.147211610698849,0
12.104,0.1653086846507649,0
12.105,0.1703557187363722,0
12.108,0.1619139739841447,0
12.11,0.147847108077249,0
12.111,0.122861461813229,0
12.113,0.1018931663325472,0
12.115,0.0856478967714988,0
12.118,0.0621310748004177,0
12.119,0.0344601429760697,0
12.121,0.0145512964523469,0
12.124,0.0020742250803727,0
12.126,-0.0065386077092195,0
12.128,-0.0083540995642416,0
12.128,-0.0134626844454682,0
12.131,-0.0222468689707402,0
12.132,-0.027208841131461,0
12.134,-0.0304928155698993,0
12.136,-0.0359026528540702,0
12.139,-0.0429655001028981,0
12.141,-0.0513668928270257,0
12.143,-0.0619712916943786,0
12.144,-0.0706145269868666,0
12.147,-0.0772509723479979,0
12.148,-0.0846800616709458,0
12.151,-0.0920346578824916,0
12.152,-0.098737186526749,0
12.154,-0.1050174416309982,0
12.156,-0.1105412478411147,0
12.159,-0.115203233093645,0
12.161,-0.120106037423382,0
12.163,-0.1252198157270536,0
12.164,-0.1299050743780901,0
12.167,-0.13438367071207,0
12.168,-0.1376706615420872,0
12.169,-0.1396102963539713,0
12.171,-0.1408205237011424,0
12.174,-0.1410098172911255,0
12.176,-0.1405509877467025,0
12.177,-0.1394824574821306,0
12.18,-0.1373552517723995,0
12.182,-0.1342363214686744,0
12.184,-0.1308744428540902,0
12.185,-0.1272605971795685,0
12.187,-0.1230652810610841,0
12.19,-0.1184627223214632,0
12.191,-0.1128853828122885,0
12.193,-0.1062812947202102,0
12.196,-0.0990664216466131,0
12.198,-0.0911026268097679,0
12.2,-0.0848721823763055,0
12.201,-0.0806661935473748,0
12.203,-0.0772156391280055,0
12.206,-0.0752464312428313,0
12.207,-0.07341953445663,0
12.209,-0.0716682631275331,0
12.211,-0.0713223470472489,0
12.212,-0.0721381015831771,0
12.215,-0.0721550865053815,0
12.217,-0.0714027641399096,0
12.219,-0.0706938492955871,0
12.22,-0.0695672246820154,0
12.223,-0.0695647078418729,0
12.224,-0.0708115230693196,0
12.226,-0.0721808977259605,0
12.228,-0.0740399023619795,0
12.23,-0.0750578973852416,0
12.233,-0.0749967058408381,0
12.235,-0.074761979747911,0
12.236,-0.0739544266311314,0
12.239,-0.0731021578200913,0
12.24,-0.0722750953888236,0
12.243,-0.0708538004496097,0
12.244,-0.0689442841763115,0
12.246,-0.06795941047876,0
12.248,-0.067934387179614,0
12.251,-0.0682558020040383,0
12.253,-0.0692821131945643,0
12.254,-0.0700305934436591,0
12.256,-0.0704339427233916,0
12.257,-0.0712806354982717,0
12.259,-0.0723540499211319,0
12.262,-0.07278864044654,0
12.263,-0.072590025521395,0
12.265,-0.0720139115417194,0
12.267,-0.0708368691959001,0
12.27,-0.069750046454861,0
12.272,-0.0687691993989173,0
12.273,-0.0673534958821391,0
12.276,-0.0656400054207376,0
12.278,-0.0639637443265494,0
12.279,-0.0622862656216482,0
12.281,-0.0605342704294662,0
12.283,-0.0587786425715003,0
12.286,-0.0566680776599686,0
12.288,-0.0541844966359659,0
12.289,-0.0515554414273935,0
12.292,-0.0486986592499437,0
12.294,-0.046740936706313,0
12.295,-0.045814391585486,0
12.296,-0.0453271517808875,0
12.299,-0.0456061914467293,0
12.3,-0.0460546124196914,0
12.302,-0.046637377181643,0
12.304,-0.047947859903524,0
12.307,-0.0498746247921339,0
12.309,-0.0515342039139055,0
12.311,-0.0529370745245173,0
12.312,-0.054445882647415,0
12.315,-0.0558507846837618,0
12.316,-0.0578400229691235,0
12.319,-0.0604670481315933,0
12.32,-0.0632237982035421,0
12.322,-0.0662720234572223,0
12.325,-0.0679709556038876,0
12.327,-0.0681037871733531,0
12.328,-0.067560488082876,0
12.331,-0.0658558305277554,0
12.332,-0.0638195951700078,0
12.335,-0.0615003240807192,0
12.336,-0.0580413908902799,0
12.337,-0.053592935231498,0
12.339,-0.0495322814849189,0
12.342,-0.0458485768374182,0
12.344,-0.0419580359954828,0
12.345,-0.0381879495593376,0
12.348,-0.0334798608169657,0
12.35,-0.0277470974160676,0
12.351,-0.0217735471935699,0
12.353,-0.0153083738761642,0
12.355,-0.0102893276253825,0
12.358,-0.0069888819072597,0
12.359,-0.0043092054546217,0
12.361,-0.0028251541199855,0
12.364,-0.0015928409217492,0
12.366,-0.0005473030805297,0
12.368,-0.0006819063620665,0
12.369,-0.0018233098622861,0
12.371,-0.0021813039360246,0
12.374,-0.0017486422930553,0
12.375,-0.0012917709013052,0
12.377,-0.0003748993921046,0
12.378,-0.0003306648045931,0
12.381,-0.0012625270481687,0
12.383,-0.0021570052674424,0
12.384,-0.0033228590177665,0
12.387,-0.0031308024989884,0
12.388,-0.0013094658299073,0
12.391,0.0011505543492841,0
12.392,0.0047452609446361,0
12.394,0.0088271788397403,0
12.396,0.0133469367285779,0
12.399,0.019084303580093,0
12.401,0.0259324310584594,0
12.403,0.0357397943745168,0
12.404,0.0488523583994059,0
12.407,0.0643175767236113,0
12.408,0.0827487349741564,0
12.411,0.1063361826347579,0
12.412,0.1354036535303749,0
12.414,0.1682880921064819,0
12.416,0.2095304567389608,0
12.419,0.2212582062911937,0
12.42,0.2082624543255278,0
12.422,0.2040372934290894,0
12.424,0.2043395703623975,0
12.425,0.2340120542564201,0
12.427,0.2954562326805963,0
12.43,0.3672309324814004,0
12.431,0.4454338015913203,0
12.433,0.5347631981853974,0
12.436,0.6275682626433965,0
12.438,0.7291237296801127,0
12.44,0.843878775833166,0
12.441,0.948251166647196,0
12.444,1.0434799244770163,0
12.446,1.1369612232791722,0
12.447,1.2195818256364066,0
12.449,1.2720443779352628,0
12.451,1.2892983583845217,0
12.454,1.2750368691344147,0
12.456,1.226639548213522,0
12.457,1.1627375221897605,0
12.46,1.0935924922706004,0
12.462,1.0204438818361896,0
12.463,0.9543817337941104,0
12.464,0.9130014927433872,0
12.467,0.892768255267144,0
12.468,0.8790671813787143,0
12.47,0.8570527635217335,0
12.473,0.7930527522416545,0
12.475,0.6708688209159306,0
12.476,0.4854249350666438,0
12.479,0.2344462160567292,0
12.48,-0.0744191424684024,0
12.483,-0.4202834866293531,0
12.484,-0.7772250031319341,0
12.486,-1.1178321612124442,0
12.488,-1.4143034591552843,0
12.491,-1.6470635578138066,0
12.493,-1.8031999868252109,0
12.495,-1.8789539675522584,0
12.496,-1.8819431935197173,0
12.499,-1.8232661841892872,0
12.5,-1.7166112161671254,0
12.503,-1.5792768818291962,0
12.503,-1.4331650258776578,0
12.505,-1.2947493127440102,0
12.507,-1.1601509455177623,0
12.51,-1.0385747853681744,0
12.512,-0.9473023621155268,0
12.513,-0.8840519693116928,0
12.516,-0.836827184269251,0
12.518,-0.7989583968467383,0
12.519,-0.7614664771558849,0
12.521,-0.7161505116827969,0
12.523,-0.6569303879266312,0
12.526,-0.584774515116296,0
12.528,-0.503707641391028,0
12.529,-0.4196236540426069,0
12.532,-0.3392102664115712,0
12.534,-0.2676917694108368,0
12.536,-0.2165699413522945,0
12.537,-0.2011521296751006,0
12.539,-0.2395982617274185,0
12.542,-0.3459771255301763,0
12.543,-0.5102743426881439,0
12.544,-0.6902556887834268,0
12.547,-0.8083132364368115,0
12.549,-0.7700253707002994,0
12.551,-0.4981156364393695,0
12.552,0.0302407522509733,0
12.555,0.7604548095741962,0
12.556,1.5644831903141885,0
12.559,2.27155129802136,0
12.56,2.712771895635448,0
12.562,2.7620681187874245,0
12.564,2.3612837319495004,0
12.567,1.5278109709395271,0
12.569,0.3503903137886041,0
12.571,-1.0213559773701646,0
12.572,-2.393394038012337,0
12.575,-3.553419642968534,0
12.576,-4.307778790448234,0
12.578,-4.523358887436337,1
12.58,-4.16155010646208,0
12.583,-3.290730452261005,0
12.585,-2.071255889234406,0
12.587,-0.7171442799550692,0
12.588,0.5526490803650733,0
12.59,1.5582429302805796,0
12.592,2.18731961379918,0
12.593,2.4051025130529182,0
12.595,2.2487688706241107,0
12.598,1.811764595286848,0
12.599,1.223117145879969,0
12.601,0.6238890517498228,0
12.604,0.1421314334273399,0
12.606,-0.1310179541592508,0
12.608,-0.1594371169159842,0
12.609,0.0315622000935522,0
12.611,0.364641205586429,0
12.614,0.7347277453008665,0
12.615,1.0411541140517335,0
12.617,1.2166640287707051,0
12.619,1.243318270896047,0
12.622,1.151390886197562,0
12.624,0.9985636824237634,0
12.625,0.8437598009112655,0
12.628,0.733615917018447,0
12.628,0.6784136943346566,0
12.631,0.6675579938108473,0
12.632,0.6761005559388287,0
12.634,0.677701056860969,0
12.636,0.6581708811406464,0
12.639,0.6168985955047094,0
12.641,0.5502165020205276,0
12.643,0.4715008600523477,0
12.644,0.4260743673826798,0
12.647,0.4168049662292183,0
12.648,0.4147403233717882,0
12.651,0.4179076668402384,0
12.652,0.41574277897669,0
12.654,0.398037111837426,0
12.656,0.3680241773593382,0
12.659,0.3254106664280107,0
12.661,0.2913739054346239,0
12.663,0.268364591393282,0
12.664,0.25128652531461,0
12.667,0.2469445950023957,0
12.668,0.230505324232616,0
12.67,0.2019756669416798,0
12.671,0.180025759451622,0
12.673,0.1599227012938112,0
12.676,0.1378304984020036,0
12.678,0.1158966658339504,0
12.68,0.093140624255378,0
12.681,0.0693916264652388,0
12.684,0.0519221926906506,0
12.686,0.0412070140143403,0
12.687,0.034018365864772,0
12.689,0.0323285455193597,0
12.691,0.0309637138520312,0
12.694,0.0296318852447352,0
12.696,0.0348841521366315,0
12.697,0.0410680961981683,0
12.7,0.044157748064414,0
12.702,0.0423406406174045,0
12.703,0.0375310035692017,0
12.705,0.0314633554036518,0
12.707,0.0139325358097063,0
12.71,-0.0093356939153954,0
12.711,-0.0252847877210572,0
12.712,-0.0320903876037631,0
12.715,-0.0375922758046395,0
12.717,-0.0429369690622116,0
12.719,-0.0503126491216573,0
12.72,-0.0627154291645104,0
12.723,-0.0696195998129121,0
12.724,-0.0723175563571193,0
12.726,-0.0794416735377817,0
12.728,-0.0850127951772131,0
12.73,-0.0953662502083809,0
12.733,-0.1102268973534049,0
12.735,-0.1267678007768913,0
12.736,-0.1499867027902627,0
12.739,-0.1619407844134644,0
12.74,-0.1670396347847978,0
12.743,-0.1836812133058205,0
12.744,-0.2114668948023362,0
12.746,-0.24020647936889,0
12.748,-0.2685289208166621,0
12.751,-0.2922428321643563,0
12.753,-0.3072557478078199,0
12.753,-0.333484418616008,0
12.756,-0.3694050981309201,0
12.758,-0.4002670310223176,0
12.759,-0.4343681198007427,0
12.761,-0.4683545984762512,0
12.763,-0.5024026740778472,0
12.766,-0.5392284491493751,0
12.767,-0.5741491346978327,0
12.769,-0.621965879276857,0
12.772,-0.6780601171724923,0
12.774,-0.7251566369164797,0
12.776,-0.7627829532142022,0
12.777,-0.8073360872822127,0
12.779,-0.8595760346166074,0
12.782,-0.9056406942216813,0
12.783,-0.9491181605515936,0
12.785,-0.9942456573319516,0
12.788,-1.0396491137149788,0
12.79,-1.0864401267240489,0
12.792,-1.1292697808286198,0
12.793,-1.1401533243333155,0
12.795,-1.1134084395406392,0
12.796,-1.0633963558402808,0
12.799,-0.9841215726013028,0
12.8,-0.8595525166130341,0
12.802,-0.694881977383114,0
12.804,-0.5017451796652065,0
12.807,-0.2852665515698327,0
12.809,-0.0573481840395147,0
12.811,0.1693094909852484,0
12.812,0.3822213365311326,0
12.815,0.5692817008125721,0
12.816,0.7205435500292996,0
12.819,0.8286700833439252,0
12.82,0.8870195404831277,0
12.822,0.8990875466147894,0
12.825,0.8749434578476426,0
12.827,0.8258703300760302,0
12.828,0.7651175862383157,0
12.831,0.7034717321960997,0
12.832,0.6490953090217294,0
12.835,0.6064940858142344,0
12.836,0.5787605166135589,0
12.838,0.5628694981453172,0
12.839,0.5513466005291456,0
12.841,0.5427725807033359,0
12.844,0.5314513036196318,0
12.846,0.5137495241016439,0
12.848,0.4923417356929774,0
12.849,0.4683246027575176,0
12.851,0.4453611337212192,0
12.854,0.4250375268278702,0
12.855,0.4012646164040566,0
12.857,0.3753990796976844,0
12.859,0.3506976141257579,0
12.862,0.3266327148270621,0
12.864,0.2979967409427433,0
12.865,0.2649294865149724,0
12.868,0.2299743409134556,0
12.87,0.1919865935091,0
12.871,0.1659971345269674,0
12.873,0.1536206996874168,0
12.875,0.1469099205598604,0
12.878,0.1501347465284441,0
12.878,0.154568016859152,0
12.881,0.1595898948888899,0
12.883,0.1733337019141912,0
12.884,0.1940294942608941,0
12.887,0.2016408840117533,0
12.888,0.1953508377391846,0
12.891,0.1835325270265652,0
12.892,0.1608754919803832,0
12.894,0.1411396500999424,0
12.896,0.1250256621434395,0
12.899,0.1010704069901831,0
12.901,0.0721121933232176,0
12.903,0.0518735786873239,0
12.904,0.0401999534576267,0
12.907,0.0324349143515975,0
12.908,0.0319939626126731,0
12.911,0.0278460655023464,0
12.912,0.0194894259325211,0
12.914,0.0152914466093782,0
12.916,0.0128875168474521,0
12.919,0.0079147915014469,0
12.92,0.0009015247629039,0
12.921,-0.0077280287389986,0
12.924,-0.0189624966369122,0
12.926,-0.0281217363895172,0
12.927,-0.0351444578565106,0
12.929,-0.043187061686733,0
12.931,-0.0512710801874302,0
12.934,-0.0588325714751244,0
12.936,-0.0661387299584743,0
12.937,-0.0727692681591315,0
12.94,-0.0786299869624815,0
12.942,-0.084907482154985,0
12.944,-0.0915644683207993,0
12.945,-0.0979298478363555,0
12.947,-0.1042420648469548,0
12.95,-0.1089716373903558,0
12.951,-0.1119070101545662,0
12.953,-0.1139337335945291,0
12.956,-0.114603890424294,0
12.958,-0.1145913158385541,0
12.96,-0.1139487805290166,0
12.961,-0.1119354473243532,0
12.963,-0.1086737228013181,0
12.964,-0.1052910366963472,0
12.967,-0.1017676977415083,0
12.968,-0.0976221495058894,0
12.97,-0.0931157342898072,0
12.973,-0.0873728252679614,0
12.975,-0.0803162492448443,0
12.976,-0.0725819505519508,0
12.979,-0.0639575757541821,0
12.98,-0.0571765996362984,0
12.983,-0.0525742527906475,0
12.984,-0.0487056602268007,0
12.986,-0.0463709068471422,0
12.988,-0.0441310227706558,0
12.991,-0.0419040005150126,0
12.993,-0.0411344016174002,0
12.995,-0.0415569795107986,0
12.996,-0.0409404658067881,0
12.999,-0.0393056811389943,0
13.0,-0.0375806018083845,0
13.003,-0.0352340230054568,0
13.003,-0.033992583360137,0
13.006,-0.0339925183194946,0
13.007,-0.0339553283482057,0
13.009,-0.0342874083418759,0
13.012,-0.0342225159509533,0
13.014,-0.0335609078350399,0
13.016,-0.0329700258233765,0
13.017,-0.0322082333021107,0
13.019,-0.0314406310774902,0
13.022,-0.0307245862549534,0
13.023,-0.0297638175038596,0
13.025,-0.0285957808385455,0
13.028,-0.0282800174178885,0
13.03,-0.028866412010193,0
13.032,-0.0298715596265077,0
13.033,-0.0315733273362482,0
13.036,-0.0332910315963596,0
13.038,-0.0349796711824339,0
13.039,-0.0372156556924068,0
13.041,-0.0398543400579176,0
13.043,-0.0422368752127847,0
13.044,-0.0443726975333776,0
13.047,-0.0464773590033792,0
13.049,-0.0483868126150049,0
13.051,-0.0506306724537002,0
13.052,-0.0532308382214712,0
13.055,-0.0557847586095099,0
13.056,-0.0584046238012596,0
13.059,-0.0613604623238356,0
13.06,-0.0646320513451599,0
13.062,-0.0681686644654255,0
13.064,-0.0720345139299096,0
13.067,-0.075967824538887,0
13.069,-0.0799631027925817,0
13.071,-0.0842050126444995,0
13.072,-0.0886388928990519,0
13.075,-0.0914677600147689,0
13.076,-0.0925270617382673,0
13.078,-0.092619290285809,0
13.08,-0.0912262064098587,0
13.083,-0.0894264598818588,0
13.085,-0.0872532273797495,0
13.087,-0.0836934055592085,0
13.088,-0.0789406121047542,0
13.089,-0.0742386508470935,0
13.092,-0.0695430870290587,0
13.094,-0.0643572731006004,0
13.095,-0.0589628320334187,0
13.097,-0.052320549198085,0
13.099,-0.0443426049841202,0
13.102,-0.0357577852346697,0
13.104,-0.0263122288463557,0
13.105,-0.020110433317455,0
13.108,-0.0176306516199436,0
13.11,-0.0167509120034518,0
13.111,-0.0186661604835896,0
13.113,-0.0211665364552101,0
13.115,-0.0241323798079935,0
13.118,-0.0297504230261538,0
13.119,-0.037612085067744,0
13.121,-0.0444669598088646,0
13.124,-0.0503558398076965,0
13.126,-0.0566167935141218,0
13.128,-0.0624795166786186,0
13.128,-0.0704843845634144,0
13.131,-0.080831071551779,0
13.132,-0.0916494399632397,0
13.134,-0.1035386139322154,0
13.136,-0.1115130881427652,0
13.139,-0.1148855684902111,0
13.141,-0.1164441114055631,0
13.143,-0.1147116609224696,0
13.144,-0.1121432684108276,0
13.147,-0.1089003128870863,0
13.148,-0.10241427324512,0
13.151,-0.0931340827769859,0
13.152,-0.0854335469842084,0
13.154,-0.0793052581712037,0
13.156,-0.0728862681137041,0
13.159,-0.0672291291213617,0
13.161,-0.0590301281444646,0
13.163,-0.0480261780351727,0
13.164,-0.036698547370255,0
13.167,-0.0242735377035039,0
13.168,-0.0140260825186766,0
13.169,-0.0065364878417324,0
13.171,0.0003088629026528,0
13.174,0.005512760054026,0
13.176,0.0104102530999875,0
13.177,0.0151366920624678,0
13.18,0.0181194363015045,0
13.182,0.0196027301256331,0
13.184,0.0201209845791154,0
13.185,0.0194332381186631,0
13.187,0.0173628191520161,0
13.19,0.0139153776776995,0
13.191,0.0083937963736412,0
13.193,0.0006688600667935,0
13.196,-0.0093829262221042,0
13.198,-0.0220434153273311,0
13.2,-0.0169261773457366,0
13.201,0.0038318709344201,0
13.203,0.0346527864491498,0
13.206,0.0794538972517017,0
13.207,0.1058586722960793,0
13.209,0.1111045038165018,0
13.211,0.1154817768547891,0
13.212,0.1105943623314626,0
13.215,0.1045213831927325,0
13.217,0.0988749962504438,0
13.219,0.0826388559323486,0
13.22,0.0574803730029791,0
13.223,0.050454279625882,0
13.224,0.0622778196621684,0
13.226,0.0810978178021402,0
13.228,0.1137752001481046,0
13.23,0.1639916804375641,0
13.233,0.2327446222272932,0
13.235,0.3275146839084296,0
13.236,0.4440366580060788,0
13.239,0.5626349596921795,0
13.24,0.6761129280693611,0
13.243,0.7844750729154372,0
13.244,0.8778975314592458,0
13.246,0.9606625519748412,0
13.248,1.033202504436401,0
13.251,1.0956712307852787,0
13.253,1.1490814412714965,0
13.254,1.1840061553015124,0
13.256,1.2001156997527458,0
13.257,1.200321554708399,0
13.259,1.1821354769016512,0
13.262,1.1650970060919472,0
13.263,1.1506004396012623,0
13.265,1.127120454524594,0
13.267,1.099636927871681,0
13.27,1.0639768177901276,0
13.272,1.0193793461603606,0
13.273,0.9739678769920485,0
13.276,0.9215601009006426,0
13.278,0.8558978879583801,0
13.279,0.765513033555913,0
13.281,0.6332737971644086,0
13.283,0.4488348223144645,0
13.286,0.2067438249945965,0
13.288,-0.0893787728861574,0
13.289,-0.425299132435926,0
13.292,-0.7773687257633852,0
13.294,-1.1181452443126412,0
13.295,-1.4164349800059115,0
13.296,-1.6438911601830943,0
13.299,-1.7836179553653788,0
13.3,-1.8299527183815167,0
13.302,-1.7927756386686722,0
13.304,-1.6954792578348483,0
13.307,-1.5661384937099052,0
13.309,-1.4250396396175495,0
13.311,-1.2973044504679292,0
13.312,-1.1948377850564331,0
13.315,-1.118314501694664,0
13.316,-1.0640011387761064,0
13.319,-1.0209063936229568,0
13.32,-0.9764554206188526,0
13.322,-0.9220680984109572,0
13.325,-0.863486609708298,0
13.327,-0.8015569776595328,0
13.328,-0.7389144175097253,0
13.331,-0.6775300385594936,0
13.332,-0.6178321003982087,0
13.335,-0.5617675885162483,0
13.336,-0.5075077714195481,0
13.337,-0.4561857439511982,0
13.339,-0.4008492236521623,0
13.342,-0.341005014892133,0
13.344,-0.279085926112909,0
13.345,-0.2216934294709937,0
13.348,-0.184026680111928,0
13.35,-0.1902193289084376,0
13.351,-0.2620140610827176,0
13.353,-0.4031995348396377,0
13.355,-0.5838672010629664,0
13.358,-0.7347115982770528,0
13.359,-0.7606508261685758,0
13.361,-0.573570512131578,0
13.364,-0.1315691888604208,0
13.366,0.5291304695359819,0
13.368,1.2918529393513691,0
13.369,1.988735641698971,0
13.371,2.4459785167924006,0
13.374,2.529745971354534,0
13.375,2.1756041051414763,0
13.377,1.396481248363505,0
13.378,0.2764241387822611,0
13.381,-1.0417463449127613,0
13.383,-2.372725912089776,0
13.384,-3.511630941112938,0
13.387,-4.266584301428449,0
13.388,-4.498527060473156,1
13.391,-4.156984836531665,0
13.392,-3.2976800994175064,0
13.394,-2.073241731071381,0
13.396,-0.698668502987852,0
13.399,0.59745475914189,0
13.401,1.6235670148742063,0
13.403,2.256340986140538,0
13.404,2.4590801542624123,0
13.407,2.276633698730034,0
13.408,1.818230831292052,0
13.411,1.2307194430277146,0
13.412,0.6673603686255567,0
13.414,0.2564696983407988,0
13.416,0.0753702142330435,0
13.419,0.1361199044035725,0
13.42,0.3870452361229231,0
13.422,0.7318290250409373,0
13.424,1.0608578631577634,0
13.425,1.2842104939478638,0
13.427,1.3564709293204928,0
13.43,1.284682276161281,0
13.431,1.1180495283553455,0
13.433,0.9252067914254332,0
13.436,0.7685781949995328,0
13.438,0.6847435650678604,0
13.44,0.6770270648181952,0
13.441,0.7212451449308068,0
13.444,0.7794459732677853,0
13.446,0.8158873584301809,0
13.447,0.8092159373349178,0
13.449,0.7560496694558628,0
13.451,0.6701326228898816,0
13.454,0.5745771659330304,0
13.456,0.4918016346210398,0
13.457,0.4381386183145295,0
13.46,0.4192670760064366,0
13.462,0.4305050817637147,0
13.463,0.4607937453377252,0
13.464,0.4968735560244851,0
13.467,0.5248643678727958,0
13.468,0.5332523161685879,0
13.47,0.5154318902367945,0
13.473,0.4675013660210283,0
13.475,0.3924130195675258,0
13.476,0.2990669373252466,0
13.479,0.1981381586496086,0
13.48,0.1140286137053727,0
13.483,0.0579727310655878,0
13.484,0.0174157659260285,0
13.486,-0.0059457934812846,0
13.488,-0.0037734536861834,0
13.491,0.0122205578976735,0
13.493,0.0275681779826971,0
13.495,0.0365192670661217,0
13.496,0.0294773046714685,0
13.499,0.0083313361455288,0
13.5,-0.0116075795556114,0
13.503,-0.0306446579133108,0
13.503,-0.0352371052275946,0
13.505,-0.0282258812091092,0
13.507,-0.0233354351279424,0
13.51,-0.0287213437583169,0
13.512,-0.0280231774993177,0
13.513,-0.0281919511374512,0
13.516,-0.0363374763293414,0
13.518,-0.0419171348071917,0
13.519,-0.0691341017812895,0
13.521,-0.1110356384631008,0
13.523,-0.1389533541112474,0
13.526,-0.1577852819381903,0
13.528,-0.158034284183397,0
13.529,-0.1423866114496114,0
13.532,-0.1304731881275224,0
13.534,-0.1234058385792522,0
13.536,-0.1294022472461698,0
13.537,-0.1490874316386826,0
13.539,-0.1748457236687063,0
13.542,-0.2019814778228909,0
13.543,-0.2266397960176865,0
13.544,-0.2436365693123762,0
13.547,-0.2575721330367484,0
13.549,-0.2723562692321048,0
13.551,-0.2847025065610644,0
13.552,-0.2975554489259306,0
13.555,-0.3235813094169613,0
13.556,-0.3596440952548758,0
13.559,-0.3990898955891095,0
13.56,-0.4375640490203297,0
13.562,-0.4720101603898645,0
13.564,-0.4976177788376851,0
13.567,-0.5345959193212324,0
13.569,-0.5856348729687353,0
13.571,-0.6327173476205065,0
13.572,-0.6809752638895323,0
13.575,-0.7295033446882384,0
13.576,-0.7762009732494634,0
13.578,-0.8232660778233961,0
13.58,-0.8697087689024114,0
13.583,-0.9186644038141492,0
13.585,-0.9704115506995028,0
13.587,-1.0224022719042445,0
13.588,-1.0753678519253138,0
13.59,-1.1140874149420823,0
13.592,-1.1367088470146227,0
13.593,-1.153556112622066,0
13.595,-1.153835291261336,0
13.598,-1.1341880010938066,0
13.599,-1.0867851202408827,0
13.601,-0.997503377028256,0
13.604,-0.8648736541954698,0
13.606,-0.6901192860905617,0
13.608,-0.4809572480473719,0
13.609,-0.2529908695263237,0
13.611,-0.0215903223851766,0
13.614,0.1955372333345145,0
13.615,0.3830676682897828,0
13.617,0.5438378805049533,0
13.619,0.673461300749024,0
13.622,0.7599678931190164,0
13.624,0.8088829077463332,0
13.625,0.834676949420665,0
13.628,0.8384285354256715,0
13.628,0.8294150752294157,0
13.631,0.8135231940053725,0
13.632,0.7859352944895196,0
13.634,0.7521669402296852,0
13.636,0.7176171696837648,0
13.639,0.6849057367120414,0
13.641,0.6582212061923266,0
13.643,0.6412582632480252,0
13.644,0.6167630948131285,0
13.647,0.5863633285746654,0
13.648,0.5634134876305056,0
13.651,0.5455426616822779,0
13.652,0.5214591786206138,0
13.654,0.492472520494672,0
13.656,0.463336414130165,0
13.659,0.43200797383312,0
13.661,0.4106845237568954,0
13.663,0.4008512034205883,0
13.664,0.3953899201320917,0
13.667,0.3977452703113002,0
13.668,0.386090300614979,0
13.67,0.3582129129026539,0
13.671,0.3275204906817391,0
13.673,0.288162295738771,0
13.676,0.2521513524977946,0
13.678,0.2210494814675258,0
13.68,0.1840402015309444,0
13.681,0.1440042611377237,0
13.684,0.1171848155926312,0
13.686,0.1039320571405815,0
13.687,0.0987115458048935,0
13.689,0.1058458837173513,0
13.691,0.1137206392254356,0
13.694,0.1220680395896716,0
13.696,0.1405334386149045,0
13.697,0.1668951848018215,0
13.7,0.1780531246320223,0
13.702,0.1730579189518909,0
13.703,0.1614778188323563,0
13.705,0.1371690311777049,0
13.707,0.1163120998452068,0
13.71,0.0997109819462425,0
13.711,0.0739641064365011,0
13.712,0.0424103899846407,0
13.715,0.0192216566837969,0
13.717,0.004035613872771,0
13.719,-0.0076962282814536,0
13.72,-0.0125165562693731,0
13.723,-0.0222508893497093,0
13.724,-0.0374382136844142,0
13.726,-0.0493157672841682,0
13.728,-0.0604497932264974,0
13.73,-0.0713843931096957,0
13.733,-0.0812039607354446,0
13.735,-0.0914504564459822,0
13.736,-0.1020311921354132,0
13.739,-0.1104002902433403,0
13.74,-0.1166336016691355,0
13.743,-0.1218607995236756,0
13.744,-0.1255224412863479,0
13.746,-0.1299249049305529,0
13.748,-0.1353071492780163,0
13.751,-0.1401261106122376,0
13.753,-0.1449809928153496,0
13.753,-0.1488219436804066,0
13.756,-0.1514604455492116,0
13.758,-0.153898378337089,0
13.759,-0.1558641819097524,0
13.761,-0.1577524382279973,0
13.763,-0.1597214738690715,0
13.766,-0.1613826842632519,0
13.767,-0.1628846499809984,0
13.769,-0.1641861106805817,0
13.772,-0.1652657477353151,0
13.774,-0.1662872727526775,0
13.776,-0.1672506295763093,0
13.777,-0.1672899978032097,0
13.779,-0.1663612042164408,0
13.782,-0.1648878723979275,0
13.783,-0.1626453440542285,0
13.785,-0.1601869317916696,0
13.788,-0.1575583530466925,0
13.79,-0.1542960707422777,0
13.792,-0.1505234466351791,0
13.793,-0.1473498115078703,0
13.795,-0.1448316794246929,0
13.796,-0.1425346580653984,0
13.799,-0.140763369736787,0
13.8,-0.1387699610172299,0
13.802,-0.1365318407225023,0
13.804,-0.1346954386605402,0
13.807,-0.1331184720101799,0
13.809,-0.1311874459903143,0
13.811,-0.1289385006472984,0
13.812,-0.126582701163145,0
13.815,-0.1239836098993039,0
13.816,-0.1216911597555999,0
13.819,-0.1197450571806821,0
13.82,-0.1177690922340478,0
13.822,-0.1158952964751067,0
13.825,-0.1133742665507191,0
13.827,-0.1101003782493962,0
13.828,-0.1065290368363092,0
13.831,-0.1024425662648821,0
13.832,-0.0981951456389697,0
13.835,-0.0938220729865057,0
13.836,-0.0889538266528703,0
13.838,-0.0836619203620677,0
13.839,-0.0786305436124915,0
13.841,-0.0738687935688732,0
13.844,-0.0690931286786049,0
13.846,-0.0644749178802433,0
13.848,-0.0595186081121409,0
13.849,-0.0541917470257208,0
13.851,-0.0488832310764519,0
13.854,-0.0434833449902888,0
13.855,-0.0390726109407113,0
13.857,-0.0358073586484999,0
13.859,-0.0331059977856739,0
13.862,-0.0312961183461746,0
13.864,-0.02985527110061,0
13.865,-0.0287604331148048,0
13.868,-0.0285768510202267,0
13.87,-0.0292179749106554,0
13.871,-0.0297706889580322,0
13.873,-0.0302492682330163,0
13.875,-0.0310568854589168,0
13.878,-0.0319828560679323,0
13.878,-0.0337399923068765,0
13.881,-0.0363953461697995,0
13.883,-0.0394348125632258,0
13.884,-0.0430341359992258,0
13.887,-0.0449231557934782,0
13.888,-0.0448271907023491,0
13.891,-0.043948038049456,0
13.892,-0.0416235105515523,0
13.894,-0.0390564370751673,0
13.896,-0.0363177110765781,0
13.899,-0.0322075516318369,0
13.901,-0.0269501123966585,0
13.903,-0.0229876543766864,0
13.904,-0.0203658454266218,0
13.907,-0.018043530385446,0
13.908,-0.0166355277993896,0
13.911,-0.0143744402300612,0
13.912,-0.0111388096967091,0
13.914,-0.0083180511990324,0
13.916,-0.0055180184092577,0
13.919,0.0028111247951384,0
13.92,0.0170809549866722,0
13.921,0.0349744703230022,0
13.924,0.0580640805141299,0
13.926,0.0827831240727934,0
13.927,0.1090297443703326,0
13.929,0.139884195465294,0
13.931,0.1746764830042491,0
13.934,0.1966092321680311,0
13.936,0.204431395401732,0
13.937,0.2028062136882428,0
13.94,0.1928927127555058,0
13.942,0.2006463411800234,0
13.944,0.2306513511468061,0
13.945,0.2661908370663576,0
13.947,0.3084767539121839,0
13.95,0.3860036080776141,0
13.951,0.4901229036935126,0
13.953,0.5979945358434747,0
13.956,0.7103901840703707,0
13.958,0.8136129490286863,0
13.96,0.9065751048489088,0
13.961,1.0033152577997873,0
13.963,1.1008483488067369,0
13.964,1.1829425144149854,0
13.967,1.2438587146185598,0
13.968,1.279586598285695,0
13.97,1.281746037896556,0
13.973,1.2645692926506968,0
13.975,1.2311736429048787,0
13.976,1.1749091661389746,0
13.979,1.1112588213107326,0
13.98,1.040470042479961,0
13.983,0.9696752667298482,0
13.984,0.901850664287094,0
13.986,0.8284484790155457,0
13.988,0.7697256426052492,0
13.991,0.7088062679590627,0
13.993,0.60671771163633,0
13.995,0.4551172276692167,0
13.996,0.2329975310038085,0
13.999,-0.0582967849385843,0
14.0,-0.3903929372571813,0
14.003,-0.742593436416152,0
14.003,-1.077168799918291,0
14.006,-1.3634752589388894,0
14.007,-1.585662412677588,0
14.009,-1.7271861864998246,0
14.012,-1.7861358148607154,0
14.014,-1.7705615149613805,0
14.016,-1.6933310894410316,0
14.017,-1.5752552947794316,0
14.019,-1.4380476361383887,0
14.022,-1.2997949365653143,0
14.023,-1.1752831842278149,0
14.025,-1.0729361452065231,0
14.028,-0.9960261560220494,0
14.03,-0.9439011497745358,0
14.032,-0.91295907160646,0
14.033,-0.89733399029118,0
14.036,-0.8894923729465009,0
14.038,-0.8803531376643022,0
14.039,-0.8610121464110666,0
14.041,-0.8229888794764825,0
14.043,-0.7623437065292445,0
14.044,-0.6805324137497833,0
14.047,-0.5849995326110895,0
14.049,-0.4836665966027846,0
14.051,-0.389160339994259,0
14.052,-0.3094552732068804,0
14.055,-0.2325105879217994,0
14.056,-0.1696096354805933,0
14.059,-0.1538926254520656,0
14.06,-0.2000237711519062,0
14.062,-0.3020866800378242,0
14.064,-0.4391404199155155,0
14.067,-0.5554922224208477,0
14.069,-0.5629581357311304,0
14.071,-0.3757047014879957,0
14.072,0.049252561199702,0
14.075,0.6830631380421246,0
14.076,1.4196367402926855,0
14.078,2.099590310573059,0
14.08,2.553923098184459,0
14.083,2.648132306571219,0
14.085,2.3115753812476507,0
14.087,1.547950640168399,0
14.088,0.4323455078508991,0
14.089,-0.8980842329960399,0
14.092,-2.2582889041470784,0
14.094,-3.438417756776498,0
14.095,-4.238933665385078,0
14.097,-4.513376025201711,1
14.099,-4.206248012367783,0
14.102,-3.370975182958356,0
14.104,-2.1592072348908053,0
14.105,-0.7844099875652568,0
14.108,0.5284996762134945,0
14.11,1.5900743859702848,0
14.111,2.277690008842844,0
14.113,2.547819825024192,0
14.115,2.4307716926576224,0
14.118,2.015172802601727,0
14.119,1.427656127336147,0
14.121,0.8099243674241424,0
14.124,0.2941540958723894,0
14.126,-0.020861654089634,0
14.128,-0.0890566330468476,0
14.128,0.0734979091510468,0
14.131,0.3949319550456708,0
14.132,0.7692072272584314,0
14.134,1.0875561611132698,0
14.136,1.2712982978593008,0
14.139,1.290562624129954,0
14.141,1.1678334263601733,0
14.143,0.9650877465169472,0
14.144,0.756613725893391,0
14.147,0.6040918549073317,0
14.148,0.538657519817228,0
14.151,0.555219249066972,0
14.152,0.621228497880204,0
14.154,0.6945074525697471,0
14.156,0.7397062209945513,0
14.159,0.7387475846392466,0
14.161,0.6942116448375191,0
14.163,0.6230487869163671,0
14.164,0.5470482454584796,0
14.167,0.4844718894049719,0
14.168,0.439909559420741,0
14.169,0.4122046673895568,0
14.171,0.3963696653422464,0
14.174,0.3821281029350843,0
14.176,0.3571628576523515,0
14.177,0.3168573326254103,0
14.18,0.2722905782489768,0
14.182,0.2236549118464446,0
14.184,0.183010283647809,0
14.185,0.1546056453551036,0
14.187,0.1378152840664308,0
14.19,0.1383926135544528,0
14.191,0.1312228135918549,0
14.193,0.1170219324190215,0
14.196,0.1141029331781407,0
14.198,0.1179732197587636,0
14.2,0.1258566087305007,0
14.201,0.1358674765175599,0
14.203,0.1369323277770226,0
14.206,0.1258498849371796,0
14.207,0.1090528501710268,0
14.209,0.0860464952404458,0
14.211,0.0460911844645865,0
14.212,-0.0105420602404849,0
14.215,-0.0425853777255849,0
14.217,-0.0486741868959596,0
14.219,-0.0511834187377976,0
14.22,-0.0400400743116416,0
14.223,-0.0386669738730273,0
14.224,-0.0499487649059927,0
14.226,-0.0543394845006638,0
14.228,-0.0575847040821989,0
14.23,-0.062712013806204,0
14.233,-0.0679553864223836,0
14.235,-0.0762347370177578,0
14.236,-0.0879576419144369,0
14.239,-0.0975978568999983,0
14.24,-0.1055574978880408,0
14.243,-0.1145543533983333,0
14.244,-0.1235648453513012,0
14.246,-0.1334606405251191,0
14.248,-0.1402453770948211,0
14.251,-0.1472812626847695,0
14.253,-0.1528327404548239,0
14.254,-0.1599548310227612,0
14.256,-0.1687322047105061,0
14.257,-0.1753010056942651,0
14.259,-0.1848051424781426,0
14.262,-0.1950400406541218,0
14.263,-0.2076316943226025,0
14.265,-0.2244948138947739,0
14.267,-0.2413202322858916,0
14.27,-0.2691969497508752,0
14.272,-0.3074210364329372,0
14.273,-0.3391754131412249,0
14.276,-0.3652424517898952,0
14.278,-0.3926349016935465,0
14.279,-0.4227756696872433,0
14.281,-0.4612769904728026,0
14.283,-0.5115327868524404,0
14.286,-0.5569093333455271,0
14.288,-0.599271169002406,0
14.289,-0.6512324515989578,0
14.292,-0.7058037028294116,0
14.294,-0.7589671545956685,0
14.295,-0.8099499322184326,0
14.296,-0.859752754211151,0
14.299,-0.911117662602826,0
14.3,-0.9611120092384884,0
14.302,-1.0112431941198394,0
14.304,-1.061097189561755,0
14.307,-1.1066415002888246,0
14.309,-1.1527697990022303,0
14.311,-1.1919362453543287,0
14.312,-1.2089378361875676,0
14.315,-1.1990943944054728,0
14.316,-1.162190517975482,0
14.319,-1.094826182644387,0
14.32,-0.9843820032491816,0
14.322,-0.8335954437525418,0
14.325,-0.6569949955110372,0
14.327,-0.4590738437676357,0
14.328,-0.2432771970331611,0
14.331,-0.0167268734866705,0
14.332,0.201181489622972,0
14.335,0.4032157836900733,0
14.336,0.5919875683701512,0
14.337,0.7578682982499112,0
14.339,0.8817139154347432,0
14.342,0.9608008216080152,0
14.344,1.0017186850436337,0
14.345,1.0052161749324566,0
14.348,0.9773220220301322,0
14.35,0.9273463323413852,0
14.351,0.8641596509605804,0
14.353,0.7957118139822309,0
14.355,0.7347931163124669,0
14.358,0.6860957889176948,0
14.359,0.6593188274508744,0
14.361,0.6565084578259969,0
14.364,0.6415789274045423,0
14.366,0.6149216010675633,0
14.368,0.5894485442000269,0
14.369,0.556675600083467,0
14.371,0.5335392641416065,0
14.374,0.5205869178557812,0
14.375,0.5024117233600787,0
14.377,0.4821044241295385,0
14.378,0.4608947135047673,0
14.381,0.4363718527508734,0
14.383,0.4094240834054274,0
14.384,0.3792553026948769,0
14.387,0.3515794340909782,0
14.388,0.3266690432264025,0
14.391,0.3006200040744612,0
14.392,0.2747533923317444,0
14.394,0.2452341410761421,0
14.396,0.2113374657083441,0
14.399,0.1758648741583498,0
14.401,0.1376754916490466,0
14.403,0.1140846982041599,0
14.404,0.1069772555126552,0
14.407,0.1072170786771507,0
14.408,0.1197472791446277,0
14.411,0.1348632405886582,0
14.412,0.1519071482915523,0
14.414,0.1801202441217866,0
14.416,0.2175815232723935,0
14.419,0.2361571334769638,0
14.42,0.2344196877017479,0
14.422,0.2245033519186374,0
14.424,0.1988564921340539,0
14.425,0.1762585703994288,0
14.427,0.1576764692508126,0
14.43,0.127159678539427,0
14.431,0.0885425182143473,0
14.433,0.0597389328121193,0
14.436,0.0403462735579093,0
14.438,0.024304373443273,0
14.44,0.0159652648096278,0
14.441,0.0005934534993955,0
14.444,-0.0225655247790099,0
14.446,-0.0425884626839304,0
14.447,-0.0627178956591142,0
14.449,-0.0802544332941771,0
14.451,-0.0937377222130472,0
14.454,-0.106733735227959,0
14.456,-0.1181679779198218,0
14.457,-0.1268738061485209,0
14.46,-0.1330522344525257,0
14.462,-0.1362512695565078,0
14.463,-0.1361620871361797,0
14.464,-0.138248746797867,0
14.467,-0.1427798957763736,0
14.468,-0.1468236231460772,0
14.47,-0.1517511105704795,0
14.473,-0.1542164126489529,0
14.475,-0.1538464228608589,0
14.476,-0.1534069297732804,0
14.479,-0.1520935741926129,0
14.48,-0.1519323676733061,0
14.483,-0.1534323899592682,0
14.484,-0.1550482038630513,0
14.486,-0.157442852850317,0
14.488,-0.1600345884208326,0
14.491,-0.162731244617358,0
14.493,-0.1664388368383104,0
14.495,-0.1710652399521843,0
14.496,-0.1738732217920688,0
14.499,-0.1747786039730109,0
14.5,-0.1750657219523342,0
14.503,-0.1740460887335916,0
14.503,-0.1735781493054758,0
14.505,-0.1738172156015215,0
14.507,-0.1732742716254053,0
14.51,-0.1723746911702928,0
14.512,-0.1711583574383686,0
14.513,-0.1694611051698758,0
14.516,-0.1675692381269523,0
14.518,-0.165449360984226,0
14.519,-0.1627347361345543,0
14.521,-0.1594413922708591,0
14.523,-0.1557121893880408,0
14.526,-0.1514664815376837,0
14.528,-0.1472717704842129,0
14.529,-0.1431813181687918,0
14.532,-0.1388609789482686,0
14.534,-0.1344623438931833,0
14.536,-0.1296941351559172,0
14.537,-0.1245214719911944,0
14.539,-0.119216370580892,0
14.542,-0.1137121375044749,0
14.543,-0.1094123907144935,0
14.544,-0.1064983293004424,0
14.547,-0.1042695342904507,0
14.549,-0.1031482317361263,0
14.551,-0.1023954368226652,0
14.552,-0.1019875969323861,0
14.555,-0.1026870292032973,0
14.556,-0.1043707304480342,0
14.559,-0.1059078227357512,0
14.56,-0.1073246763620633,0
14.562,-0.109112254798201,0
14.564,-0.1110129978196957,0
14.567,-0.1139324386064967,0
14.569,-0.1179559338277403,0
14.571,-0.1224404417874828,0
14.572,-0.1276108224329417,0
14.575,-0.1304221405734294,0
14.576,-0.1305126233693577,0
14.578,-0.1294875147047411,0
14.58,-0.1264612360931854,0
14.583,-0.1230592347867736,0
14.585,-0.1193777531366293,0
14.587,-0.1138051517837849,0
14.588,-0.1066460164357391,0
14.59,-0.1003716328315799,0
14.592,-0.0949620722286386,0
14.593,-0.0894012277319007,0
14.595,-0.084280932393776,0
14.598,-0.0776924745112253,0
14.599,-0.0694907555173259,0
14.601,-0.0610962936426959,0
14.604,-0.0520639317981113,0
14.606,-0.0444970666413326,0
14.608,-0.038750431411926,0
14.609,-0.0335056857029417,0
14.611,-0.0293994675607161,0
14.614,-0.0255392013845449,0
14.615,-0.0218423216011529,0
14.617,-0.019333062354323,0
14.619,-0.0178484675242336,0
14.622,-0.01532607784935,0
14.624,-0.0117444028843188,0
14.625,-0.0080198057627217,0
14.628,-0.0036478509860796,0
14.628,-3.40237006137496e-05,0
14.631,0.0027084365724514,0
14.632,0.0053035867941518,0
14.634,0.007390005579705,0
14.636,0.0125071320758239,0
14.639,0.0170043048314773,0
14.641,0.0231802301266985,0
14.643,0.0301664451955797,0
14.644,0.0376430451414061,0
14.647,0.0455591862640234,0
14.648,0.0545759534652535,0
14.651,0.0646026373436424,0
14.652,0.0742392951710596,0
14.654,0.0834733453458608,0
14.656,0.0928415119946829,0
14.659,0.1019946790465823,0
14.661,0.1129615762593246,0
14.663,0.1259020101230078,0
14.664,0.1374278685338057,0
14.667,0.1523986035602402,0
14.668,0.1844182733428864,0
14.67,0.2367148575279337,0
14.671,0.3031358904044824,0
14.673,0.3838128644927688,0
14.676,0.4884438631385709,0
14.678,0.609335674830341,0
14.68,0.7321832091933375,0
14.681,0.8538549741776434,0
14.684,0.9589091331785806,0
14.686,1.0436531822295374,0
14.687,1.1075649067925322,0
14.689,1.1440054780250846,0
14.691,1.1882241194061278,0
14.694,1.239746283201947,0
14.696,1.2717891814430404,0
14.697,1.2909156912755309,0
14.7,1.2884446178658415,0
14.702,1.2596847111506473,0
14.703,1.2104894055777553,0
14.705,1.1414080423387876,0
14.707,1.0787490435361118,0
14.71,1.030789606608882,0
14.711,0.9765318833636532,0
14.712,0.9198771489158892,0
14.715,0.8714921869624407,0
14.717,0.8156047835558986,0
14.719,0.7288097245143748,0
14.72,0.5969560718902658,0
14.723,0.4107619967460449,0
14.724,0.1659632449754081,0
14.726,-0.1313202101526343,0
14.728,-0.4642215338245546,0
14.73,-0.8079978865244907,0
14.733,-1.134462576869158,0
14.735,-1.4178726293122283,0
14.736,-1.6317804135468177,0
14.739,-1.765052551083048,0
14.74,-1.813391990719484,0
14.743,-1.7851606928892825,0
14.744,-1.6976903716934175,0
14.746,-1.573477813122594,0
14.748,-1.4353175656146069,0
14.751,-1.3019722673118574,0
14.753,-1.18558062596452,0
14.753,-1.0912545342930513,0
14.756,-1.018627487083318,0
14.758,-0.9641700070923352,0
14.759,-0.9228006218615482,0
14.761,-0.888647640413869,0
14.763,-0.8572008409369464,0
14.766,-0.8231864800581206,0
14.767,-0.7816072553247657,0
14.769,-0.7297091559480323,0
14.772,-0.667299894706485,0
14.774,-0.5994370034376365,0
14.776,-0.5255283688333744,0
14.777,-0.4559798747989657,0
14.779,-0.392935895881047,0
14.782,-0.3273624642690721,0
14.783,-0.2702591615125893,0
14.785,-0.2534234807009485,0
14.788,-0.2980777756484389,0
14.79,-0.4130203420567893,0
14.792,-0.5923827920599578,0
14.793,-0.7924519184832317,0
14.795,-0.9282911009730044,0
14.796,-0.897235736044937,0
14.799,-0.6156268165596005,0
14.8,-0.0585255724543658,0
14.802,0.7159669588507879,0
14.804,1.5718672600495385,0
14.807,2.328996710635147,0
14.809,2.810916331710732,0
14.811,2.8879902991065287,0
14.812,2.5026730648794198,0
14.815,1.67572714766777,0
14.816,0.5001020266194124,0
14.819,-0.8711379109614406,0
14.82,-2.242137337114277,0
14.822,-3.400496683383248,0
14.825,-4.154088244077578,0
14.827,-4.371930922018722,1
14.828,-4.017116860534629,0
14.831,-3.158755334891826,0
14.832,-1.95669599995936,0
14.835,-0.6244046050579914,0
14.836,0.6183365122331865,0
14.838,1.589227038252206,0
14.839,2.1737867546388685,0
14.841,2.338721811775672,0
14.844,2.1295307514599853,0
14.846,1.6550394839315117,0
14.848,1.0618497816718022,0
14.849,0.5027545794224278,0
14.851,0.1039447109627496,0
14.854,-0.0619506043254327,0
14.855,0.0114415231013464,0
14.857,0.2668293882462972,0
14.859,0.6051839545946809,0
14.862,0.9193688567602784,0
14.864,1.1252349629691571,0
14.865,1.184789778180915,0
14.868,1.111026483833575,0
14.87,0.9546062459802428,0
14.871,0.7793827529104173,0
14.873,0.6420624912068382,0
14.875,0.5743478223631118,0
14.878,0.5754714177406423,0
14.878,0.6224419377117857,0
14.881,0.6805723944246762,0
14.883,0.7179101627117287,0
14.884,0.717674524081328,0
14.887,0.6846189393379005,0
14.888,0.6309156492866466,0
14.891,0.5713110313071598,0
14.892,0.522824184399332,0
14.894,0.4791603753925026,0
14.896,0.4409479888329354,0
14.899,0.4132065220266547,0
14.901,0.384827473525845,0
14.903,0.3647252349165159,0
14.904,0.3489198896200271,0
14.907,0.322171136270465,0
14.908,0.2881368279416358,0
14.911,0.2552214905095198,0
14.912,0.2277263775917171,0
14.914,0.2128795711242601,0
14.916,0.2164059249719478,0
14.919,0.2098210014299243,0
14.92,0.1915289006497713,0
14.921,0.1880135903272483,0
14.924,0.1861542248771637,0
14.926,0.1817601068184045,0
14.927,0.1742782073251561,0
14.929,0.1497645696534085,0
14.931,0.1108859964912506,0
14.934,0.0671910235183002,0
14.936,0.0259675567905459,0
14.937,-0.004740232166811,0
14.94,-0.0171445261186622,0
14.942,-0.016183092665821,0
14.944,-0.0044160396102837,0
14.945,0.0166963777056471,0
14.947,0.0373234252229844,0
14.95,0.0501944867374253,0
14.951,0.0484266844727006,0
14.953,0.0338654932973133,0
14.956,0.0096705779940445,0
14.958,-0.0158192372670002,0
14.96,-0.0397420867501143,0
14.961,-0.0555401135887921,0
14.963,-0.0649637742046999,0
14.964,-0.0650740277208277,0
14.967,-0.0624457218733253,0
14.968,-0.0676745440315635,0
14.97,-0.0848564047447474,0
14.973,-0.1035646571338231,0
14.975,-0.1195862846717934,0
14.976,-0.1295240044471892,0
14.979,-0.1232494065005371,0
14.98,-0.132188035127326,0
14.983,-0.1584652928468243,0
14.984,-0.1752628009428661,0
14.986,-0.1978880171278326,0
14.988,-0.2177489727875171,0
14.991,-0.2352605310845739,0
14.993,-0.2568000643290457,0
14.995,-0.2738613664385895,0
14.996,-0.309222189758302,0
14.999,-0.3564140435435537,0
15.0,-0.3902417851316233,0
15.003,-0.4104260835200746,0
15.003,-0.4350818994674637,0
15.006,-0.4655436215865727,0
15.007,-0.5040838394951291,0
15.009,-0.5567701822923753,0
15.012,-0.5986548047039651,0
15.014,-0.6265567210202329,0
15.016,-0.6640032794513702,0
15.017,-0.6993883356816833,0
15.019,-0.7379160597948302,0
15.022,-0.7799613927466641,0
15.023,-0.8200309594053555,0
15.025,-0.8646122300643145,0
15.028,-0.8990315707836112,0
15.03,-0.9239536830886388,0
15.032,-0.9607264493578472,0
15.033,-1.004289734481409,0
15.036,-1.0540039655556617,0
15.038,-1.1052276902442135,0
15.039,-1.144578091476928,0
15.041,-1.1632764876386912,0
15.043,-1.1538147731608388,0
15.044,-1.1064428176596677,0
15.047,-1.0191414683704654,0
15.049,-0.8908989540724265,0
15.051,-0.7279284793612566,0
15.052,-0.5363879347162619,0
15.055,-0.3226428299822531,0
15.056,-0.0965388970768347,0
15.059,0.1243228873182677,0
15.06,0.3304451951616802,0
15.062,0.5265641659412004,0
15.064,0.702356535589632,0
15.067,0.8340815919074034,0
15.069,0.9187280670867124,0
15.071,0.9642689801195172,0
15.072,0.9712711001388862,0
15.075,0.9473310459005156,0
15.076,0.9033855369296668,0
15.078,0.8489040574682383,0
15.08,0.793257598945988,0
15.083,0.7363215996868623,0
15.085,0.6811929575480296,0
15.087,0.6465748857607729,0
15.088,0.6306296421802442,0
15.089,0.6111078886979759,0
15.092,0.5900644553543635,0
15.094,0.5731303345982549,0
15.095,0.5557263561177112,0
15.097,0.5404397693340578,0
15.099,0.5266005733726509,0
15.102,0.5092676482713325,0
15.104,0.4880659639462464,0
15.105,0.4661063258082896,0
15.108,0.4420770740596654,0
15.11,0.4132776856380588,0
15.111,0.3795381707648306,0
15.113,0.3442252955584671,0
15.115,0.3067701864706601,0
15.118,0.264781141940445,0
15.119,0.2186248842534802,0
15.121,0.1866110637778247,0
15.124,0.1701358702124621,0
15.126,0.1606173586599474,0
15.128,0.1631255068386749,0
15.128,0.1659507467139117,0
15.131,0.1684343393060332,0
15.132,0.1808857962237219,0
15.134,0.200936518973314,0
15.136,0.2075667557118904,0
15.139,0.2001259655537661,0
15.141,0.1870626697067337,0
15.143,0.1628655170277882,0
15.144,0.1424920537496528,0
15.147,0.1266804514144839,0
15.148,0.1032204620375673,0
15.151,0.0752218608744555,0
15.152,0.0563604483109664,0
15.154,0.0464236087866006,0
15.156,0.0409884136483957,0
15.159,0.0434606744294774,0
15.161,0.0426659531676356,0
15.163,0.0381450418251315,0
15.164,0.0383432646283582,0
15.167,0.040887616753203,0
15.168,0.0387711765570805,0
15.169,0.0322690864877358,0
15.171,0.0230507746067713,0
15.174,0.0093687507461759,0
15.176,-0.0025266969328272,0
15.177,-0.0125075440485859,0
15.18,-0.0252017590647264,0
15.182,-0.0393383964389411,0
15.184,-0.0523839285668842,0
15.185,-0.064646059168039,0
15.187,-0.0764857645058014,0
15.19,-0.087345979373648,0
15.191,-0.0999985510658455,0
15.193,-0.1145265705172921,0
15.196,-0.1291075209435582,0
15.198,-0.1443537282032695,0
15.2,-0.1562447634823795,0
15.201,-0.1642082048364517,0
15.203,-0.170580983423712,0
15.206,-0.1741766621221784,0
15.207,-0.1768504246463223,0
15.209,-0.1787462915320309,0
15.211,-0.177865592367172,0
15.212,-0.1745509802928192,0
15.215,-0.1721684978056049,0
15.217,-0.1707055703857895,0
15.219,-0.1687258704554662,0
15.22,-0.1670351125222099,0
15.223,-0.1630925404977248,0
15.224,-0.1566923496504729,0
15.226,-0.1497367052847014,0
15.228,-0.1416278055410572,0
15.23,-0.1355219052195556,0
15.233,-0.1319274743808575,0
15.235,-0.1289163098140541,0
15.236,-0.1274385095802729,0
15.239,-0.1260962814681299,0
15.24,-0.1247696955965136,0
15.243,-0.1250196140319817,0
15.244,-0.1265895934503647,0
15.246,-0.1264501741770853,0
15.248,-0.124575943856779,0
15.251,-0.1222872341284668,0
15.253,-0.1188431820696471,0
15.254,-0.1164579250848922,0
15.256,-0.1153063239858351,0
15.257,-0.11368943088948,0
15.259,-0.1121196065273553,0
15.262,-0.1099035544552233,0
15.263,-0.1067932175918726,0
15.265,-0.1034909440590836,0
15.267,-0.099756488219621,0
15.27,-0.0956058072120897,0
15.272,-0.0910892868791107,0
15.273,-0.0859778147187882,0
15.276,-0.0802699729601514,0
15.278,-0.0751328016815946,0
15.279,-0.0706236152052629,0
15.281,-0.0661725680471211,0
15.283,-0.0620812577062237,0
15.286,-0.0576133834315863,0
15.288,-0.0527078283331974,0
15.289,-0.0479833053846187,0
15.292,-0.0432758104519452,0
15.294,-0.0393599028905811,0
15.295,-0.0363926555566971,0
15.296,-0.0339004992961728,0
15.299,-0.0321341748179987,0
15.3,-0.0308019035657147,0
15.302,-0.0298909357550401,0
15.304,-0.0297863887157825,0
15.307,-0.0304502530397395,0
15.309,-0.0310845960263462,0
15.311,-0.0316931368503591,0
15.312,-0.0326571834078213,0
15.315,-0.033792349029967,0
15.316,-0.0356970309604676,0
15.319,-0.0384348790419563,0
15.32,-0.0415702067898671,0
15.322,-0.0452539794606018,0
15.325,-0.0480874842383197,0
15.327,-0.0498934652601455,0
15.328,-0.0514485264760244,0
15.331,-0.052345786177864,0
15.332,-0.0533095359567259,0
15.335,-0.0543921366322691,0
15.336,-0.0548670667513626,0
15.337,-0.0548740252046143,0
15.339,-0.0556238897862907,0
15.342,-0.057119421113172,0
15.344,-0.0588617079986994,0
15.345,-0.0611473337180647,0
15.348,-0.0630674121362087,0
15.35,-0.0645576064114279,0
15.351,-0.066311344635255,0
15.353,-0.068121795278563,0
15.355,-0.0688335061419434,0
15.358,-0.0684012923122919,0
15.359,-0.067214734272803,0
15.361,-0.0649542710222877,0
15.364,-0.0624419713660719,0
15.366,-0.0596874864292857,0
15.368,-0.0559884911484795,0
15.369,-0.0514942825277831,0
15.371,-0.0467741137327472,0
15.374,-0.0417750042584547,0
15.375,-0.0363042988336614,0
15.377,-0.0304786278511796,0
15.378,-0.0237439844813125,0
15.381,-0.0160533398660369,0
15.383,-0.0077616630803335,0
15.384,0.0012714948323126,0
15.387,0.0084772671051506,0
15.388,0.0135738500685488,0
15.391,0.0178810164334118,0
15.392,0.0206591791612102,0
15.394,0.023321591002422,0
15.396,0.0259494532636717,0
15.399,0.0271716193115385,0
15.401,0.0272559958272092,0
15.403,0.0281362922680972,0
15.404,0.0297831500497419,0
15.407,0.0314208622353761,0
15.408,0.033508024499279,0
15.411,0.0345211831723435,0
15.412,0.034345960213783,0
15.414,0.0341028853467891,0
15.416,0.0334354708001648,0
15.419,0.0363265697035833,0
15.42,0.0432921373211014,0
15.422,0.0522000891261315,0
15.424,0.0642269623494929,0
15.425,0.0773367313673258,0
15.427,0.0914160253196145,0
15.43,0.1085446299376835,0
15.431,0.1283544977924982,0
15.433,0.1633013830146575,0
15.436,0.2150361197923946,0
15.438,0.2771831544878524,0
15.44,0.3535076084792996,0
15.441,0.4398790038389903,0
15.444,0.5320733703524678,0
15.446,0.6402529989568322,0
15.447,0.7620684642609582,0
15.449,0.8661185051824564,0
15.451,0.9504896006738924,0
15.454,1.0297834244792448,0
15.456,1.0954880837439942,0
15.457,1.141930450459932,0
15.46,1.1676831531127456,0
15.462,1.167385635328498,0
15.463,1.1376878540397692,0
15.464,1.1124773474736591,0
15.467,1.0917610128724855,0
15.468,1.0549248663041049,0
15.47,1.0092103441813018,0
15.473,0.9704636731830866,0
15.475,0.9386592003496655,0
15.476,0.9129858165546206,0
15.479,0.8940681863983887,0
15.48,0.8694949754764946,0
15.483,0.8287949084398429,0
15.484,0.7627487223073498,0
15.486,0.6540687521337751,0
15.488,0.502001467681778,0
15.491,0.2991227533089769,0
15.493,0.0243069804925592,0
15.495,-0.3113029041882387,0
15.496,-0.6676921746376552,0
15.499,-1.0205951810816118,0
15.5,-1.349550747034678,0
15.503,-1.6211972168882494,0
15.503,-1.813510391316363,0
15.505,-1.9152203537856076,0
15.507,-1.9245198776209735,0
15.51,-1.8557902386929692,0
15.512,-1.733352604498868,0
15.513,-1.5843383331839658,0
15.516,-1.434380085881316,0
15.518,-1.302561990460006,0
15.519,-1.1972010834188764,0
15.521,-1.1183971814425189,0
15.523,-1.059901234575151,0
15.526,-1.0120278571888297,0
15.528,-0.967281794196028,0
15.529,-0.9176179148265854,0
15.532,-0.8647453627540176,0
15.534,-0.8084354215967465,0
15.536,-0.7553453214084836,0
15.537,-0.7061395966818427,0
15.539,-0.646989416728985,0
15.542,-0.5787087648341441,0
15.543,-0.512792408453518,0
15.544,-0.4470360883587402,0
15.547,-0.3751770775717501,0
15.549,-0.2985780144951343,0
15.551,-0.2251667363584403,0
15.552,-0.1622357045690815,0
15.555,-0.1252941783678894,0
15.556,-0.1373448453019806,0
15.559,-0.2180662981618782,0
15.56,-0.3680950249250753,0
15.562,-0.5541442573965039,0
15.564,-0.7038427508036492,0
15.567,-0.7191445541911166,0
15.569,-0.5085578691144703,0
15.571,-0.0272126101593828,0
15.572,0.6930933013567139,0
15.575,1.5393260194788645,0
15.576,2.341962355886245,0
15.578,2.919001859357756,0
15.58,3.1218309744627333,0
15.583,2.8667428282133285,0
15.585,2.14856184941056,0
15.587,1.0388098184157968,0
15.588,-0.3243344619909224,0
15.59,-1.7522336194411177,0
15.592,-3.0303541228406967,0
15.593,-3.95320615198716,0
15.595,-4.365680643716331,1
15.598,-4.199687782932233,0
15.599,-3.492856060322032,0
15.601,-2.380946217300206,0
15.604,-1.0656866923040416,0
15.606,0.2309549755919378,0
15.608,1.3128032363770894,0
15.609,2.0433515672541,0
15.611,2.3628079079269595,0
15.614,2.290807704396847,0
15.615,1.9132865448431196,0
15.617,1.361925606468222,0
15.619,0.7875203132318819,0
15.622,0.3221372704938389,0
15.624,0.0591846151659379,0
15.625,0.0414051264629434,0
15.628,0.2333815588849981,0
15.628,0.5374428224723174,0
15.631,0.8488057054726664,0
15.632,1.08057189345943,0
15.634,1.1770828923106118,0
15.636,1.1332297870848935,0
15.639,0.9901684112721716,0
15.641,0.8115646668363612,0
15.643,0.6589326270142304,0
15.644,0.5720394799045304,0
15.647,0.559799908013125,0
15.648,0.6036713916450501,0
15.651,0.6697584130946495,0
15.652,0.7235526558588038,0
15.654,0.7416956768408159,0
15.656,0.7172861610771443,0
15.659,0.6583961111397983,0
15.661,0.582128662383769,0
15.663,0.5067578003361038,0
15.664,0.4456204512396435,0
15.667,0.4044526155613667,0
15.668,0.3813107334329343,0
15.67,0.3693834436627181,0
15.671,0.3589998911487872,0
15.673,0.3449981269487459,0
15.676,0.3237431736748252,0
15.678,0.2943352393354955,0
15.68,0.2488970051361584,0
15.681,0.190872625787606,0
15.684,0.1344748569449809,0
15.686,0.0848485934236693,0
15.687,0.0429494515009485,0
15.689,0.0159585530297635,0
15.691,0.0061155863126771,0
15.694,0.0107540670636721,0
15.696,0.0232997761672798,0
15.697,0.0356149966575836,0
15.7,0.0410475118849795,0
15.702,0.032303116131508,0
15.703,0.0111768496827974,0
15.705,-0.0187850181922215,0
15.707,-0.0523063851042663,0
15.71,-0.0824709364365477,0
15.711,-0.1036390628580707,0
15.712,-0.1160079053758498,0
15.715,-0.1163470015456654,0
15.717,-0.1109067451005567,0
15.719,-0.1112402261674535,0
15.72,-0.1212035903446384,0
15.723,-0.1288498919504552,0
15.724,-0.1306045567453139,0
15.726,-0.1258644737011984,0
15.728,-0.1036818192264883,0
15.73,-0.0961905683398748,0
15.733,-0.1046806273782605,0
15.735,-0.103882108015798,0
15.736,-0.1094868933596722,0
15.739,-0.1087696619598361,0
15.74,-0.1023353585366947,0
15.743,-0.099293959009209,0
15.744,-0.089147874296127,0
15.746,-0.1092338307943824,0
15.748,-0.1526636072435542,0
15.751,-0.1841012019524246,0
15.753,-0.2059797002669585,0
15.753,-0.2107361802569956,0
15.756,-0.197926901774464,0
15.758,-0.1867641278167615,0
15.759,-0.1812237540573675,0
15.761,-0.1820872088796542,0
15.763,-0.1926546922039891,0
15.766,-0.2168613231790397,0
15.767,-0.2511370872200746,0
15.769,-0.2776805536609303,0
15.772,-0.2938798346771831,0
15.774,-0.3140966355942391,0
15.776,-0.3373886025542559,0
15.777,-0.3636909632358422,0
15.779,-0.3963712876323537,0
15.782,-0.4296770550011297,0
15.783,-0.4648752537959661,0
15.785,-0.504937966644644,0
15.788,-0.5454419023190504,0
15.79,-0.5907492480586348,0
15.792,-0.6396789119466467,0
15.793,-0.6858516178694579,0
15.795,-0.73357081823638,0
15.796,-0.7813212220690428,0
15.799,-0.8295560397993158,0
15.8,-0.8773358961824723,0
15.802,-0.9245951441308524,0
15.804,-0.9738105691918147,0
15.807,-1.0178786598686251,0
15.809,-1.053831973632631,0
15.811,-1.0741477048268768,0
15.812,-1.0681005811115107,0
15.815,-1.0291363016245356,0
15.816,-0.9493884953057647,0
15.819,-0.8285828331291192,0
15.82,-0.6774293981069267,0
15.822,-0.5006080812755603,0
15.825,-0.3104061235457546,0
15.827,-0.1137514457795324,0
15.828,0.0815122156949545,0
15.831,0.2669615322818234,0
15.832,0.4364745520679654,0
15.835,0.5820963315707905,0
15.836,0.6936560046601294,0
15.838,0.7674831416399904,0
15.839,0.8055746918430308,0
15.841,0.8103251076199097,0
15.844,0.7868582250569018,0
15.846,0.7439328551824528,0
15.848,0.697621125485985,0
15.849,0.6561213901148624,0
15.851,0.6115984572791183,0
15.854,0.5681225976220224,0
15.855,0.5444416378603215,0
15.857,0.5370048510125816,0
15.859,0.53119842845462,0
15.862,0.5289434647112142,0
15.864,0.5236026703410304,0
15.865,0.5113225750423711,0
15.868,0.4977079912780163,0
15.87,0.4793631176935225,0
15.871,0.4628580564976027,0
15.873,0.4483285500706824,0
15.875,0.4288989052956147,0
15.878,0.4056270685686113,0
15.878,0.3841563189208941,0
15.881,0.3637469025878063,0
15.883,0.3420273489204946,0
15.884,0.3199645870199789,0
15.887,0.2974384803841602,0
15.888,0.2742883501326662,0
15.891,0.2512015892250636,0
15.892,0.2281680638346509,0
15.894,0.2042149559469686,0
15.896,0.1794219366243661,0
15.899,0.1542986353846436,0
15.901,0.1286693775340437,0
15.903,0.1108124957621907,0
15.904,0.1016266340261672,0
15.907,0.0971286345507159,0
15.908,0.0997369715957824,0
15.911,0.1049040560185597,0
15.912,0.1124642574883369,0
15.914,0.1269091970636111,0
15.916,0.1474413201414945,0
15.919,0.1558271534046244,0
15.92,0.1509883648698717,0
15.921,0.1411376691198889,0
15.924,0.1213499350178949,0
15.926,0.1035270766901066,0
15.927,0.0883412078176317,0
15.929,0.0655656135448183,0
15.931,0.0376457041130851,0
15.934,0.0164084096629247,0
15.936,0.001625707776454,0
15.937,-0.0107524841447969,0
15.94,-0.0178403682670427,0
15.942,-0.0292536868397028,0
15.944,-0.0454838276109542,0
15.945,-0.0593574208076007,0
15.947,-0.0729830881178663,0
15.95,-0.084462317689626,0
15.951,-0.0928110941170472,0
15.953,-0.1004055675298654,0
15.956,-0.1064931193969569,0
15.958,-0.110366765684292,0
15.96,-0.1121462970585071,0
15.961,-0.11145381259573,0
15.963,-0.1080856389596594,0
15.964,-0.1057154001703616,0
15.967,-0.1045044863863445,0
15.968,-0.1024729506876793,0
15.97,-0.1005309877916273,0
15.973,-0.0963886573140734,0
15.975,-0.0897809490418675,0
15.976,-0.0825681003442513,0
15.979,-0.0741894457758203,0
15.98,-0.0682425060680524,0
15.983,-0.0652878574458377,0
15.984,-0.0632164389738816,0
15.986,-0.0631150378872581,0
15.988,-0.0632951134056933,0
15.991,-0.0636363905248406,0
15.993,-0.0659758159018794,0
15.995,-0.0700098314621668,0
15.996,-0.0722692021421645,0
15.999,-0.0727338686100453,0
16.0,-0.0729146952977196,0
16.003,-0.0719678562911322,0
16.003,-0.0724567378986453,0
16.006,-0.0745871619983346,0
16.007,-0.0764073007735626,0
16.009,-0.0785144540031395,0
16.012,-0.0795666218383831,0
16.014,-0.079227850584782,0
16.016,-0.0785708160164008,0
16.017,-0.0771650537025329,0
16.019,-0.0753484147483853,0
16.022,-0.0731958508143044,0
16.023,-0.0701464904257963,0
16.025,-0.0662603950255405,0
16.028,-0.0632782283444475,0
16.03,-0.0612594057909219,0
16.032,-0.0593940747775977,0
16.033,-0.058124191373424,0
16.036,-0.0562858738895382,0
16.038,-0.0537867631657284,0
16.039,-0.0515721473072695,0
16.041,-0.0493802379315337,0
16.043,-0.0475890695541729,0
16.044,-0.0463493746250172,0
16.047,-0.0453014467080451,0
16.049,-0.0445883137674807,0
16.051,-0.0442200977636503,0
16.052,-0.0441853654918349,0
16.055,-0.0446201199746531,0
16.056,-0.0455412603648682,0
16.059,-0.0463111820165733,0
16.06,-0.046911548420289,0
16.062,-0.047676603015451,0
16.064,-0.048452071201087,0
16.067,-0.0496632362160848,0
16.069,-0.0513588757019874,0
16.071,-0.0532078195088286,0
16.072,-0.0553160947294783,0
16.075,-0.0561923965318697,0
16.076,-0.0556529660193709,0
16.078,-0.054478344386475,0
16.08,-0.052230285276528,0
16.083,-0.0497002463271699,0
16.085,-0.0469304197495756,0
16.087,-0.0431264681922047,0
16.088,-0.0384327237745683,0
16.089,-0.0340789172132569,0
16.092,-0.0300528860844604,0
16.094,-0.0258407682069127,0
16.095,-0.0217346026379972,0
16.097,-0.0167807276826691,0
16.099,-0.0109027222316309,0
16.102,-0.0048048738109032,0
16.104,0.0017382025082541,0
16.105,0.0066070390122824,0
16.108,0.0095178171066382,0
16.11,0.0116335455807168,0
16.111,0.0123274215788679,0
16.113,0.0126630958267736,0
16.115,0.0127060072384839,0
16.118,0.0113546166643838,0
16.119,0.0088026344770433,0
16.121,0.0068529862922035,0
16.124,0.0054954984530353,0
16.126,0.0039659067053567,0
16.128,0.0026947976357653,0
16.128,0.0003051538158628,0
16.131,-0.0033142095265588,0
16.132,-0.0071379499025361,0
16.134,-0.0114907101984813,0
16.136,-0.0148930694125723,0
16.139,-0.0170951676209535,0
16.141,-0.0190354416971747,0
16.143,-0.0202675906859167,0
16.144,-0.0214194525762721,0
16.147,-0.0225530704220768,0
16.148,-0.0229512167765906,0
16.151,-0.0227311780400533,0
16.152,-0.0233669683762775,0
16.154,-0.0248787053779004,0
16.156,-0.0266220483362557,0
16.159,-0.0289613512334578,0
16.161,-0.0308365099176604,0
16.163,-0.0321662455225221,0
16.164,-0.0337747583148498,0
16.167,-0.0354196799469571,0
16.168,-0.0364272165433209,0
16.169,-0.0368174262278105,0
16.171,-0.0367294397027896,0
16.174,-0.0359887109193202,0
16.176,-0.0351707196613558,0
16.177,-0.0342751331453134,0
16.18,-0.0328572470825031,0
16.182,-0.0310246260380319,0
16.184,-0.0289415573030667,0
16.185,-0.026561439268434,0
16.187,-0.0238676225338038,0
16.19,-0.0208828841627959,0
16.191,-0.0173708925434698,0
16.193,-0.0133134944670471,0
16.196,-0.0088360750152376,0
16.198,-0.0038758879750473,0
16.2,-0.0010007958585068,0
16.201,-0.0004736913218411,0
16.203,-0.0010370244955547,0
16.206,-0.0034292939369958,0
16.207,-0.0061939054577521,0
16.209,-0.0092611740042548,0
16.211,-0.0140264655370362,0
16.212,-0.0202187168571796,0
16.215,-0.0259413560889266,0
16.217,-0.0312330931492836,0
16.219,-0.0368542303418463,0
16.22,-0.042360200379118,0
16.223,-0.0492696905388849,0
16.224,-0.0577006946374935,0
16.226,-0.0665504896205975,0
16.228,-0.0761787655344965,0
16.23,-0.0826150645490774,0
16.233,-0.0853516989190323,0
16.235,-0.0865217863707788,0
16.236,-0.0849572383657181,0
16.239,-0.0826986882694138,0
16.24,-0.0798654701538344,0
16.243,-0.0743766345206037,0
16.244,-0.0666051922239662,0
16.246,-0.0598365225194383,0
16.248,-0.0540428278696169,0
16.251,-0.0478439296691369,0
16.253,-0.0420213911609613,0
16.254,-0.0340435347863439,0
16.256,-0.0237067787639405,0
16.257,-0.0128865481625066,0
16.259,-0.0009849942367977,0
16.262,0.0081089723495453,0
16.263,0.0138188995956656,0
16.265,0.0184188276188621,0
16.267,0.0207498032121284,0
16.27,0.0226390831268144,0
16.272,0.0242256471909218,0
16.273,0.0235456304358693,0
16.276,0.0209358178712701,0
16.278,0.0200016049743313,0
16.279,0.0207612466428555,0
16.281,0.0215882930345639,0
16.283,0.0233533970532719,0
16.286,0.0243540698891444,0
16.288,0.0244558715143884,0
16.289,0.0237508369263756,0
16.292,0.025743239243777,0
16.294,0.0454579799524412,0
16.295,0.090622668040119,0
16.296,0.149067792289888,0
16.299,0.2240166560449306,0
16.3,0.3266401848688559,0
16.302,0.4474017975712437,0
16.304,0.5696371007549046,0
16.307,0.689476123897123,0
16.309,0.7970898624020284,0
16.311,0.890865069318438,0
16.312,0.9642978625762798,0
16.315,1.0128613310357288,0
16.316,1.0723348537362916,0
16.319,1.1419193289042435,0
16.32,1.1952236816231638,0
16.322,1.238911986648755,0
16.325,1.2514425369408555,0
16.327,1.2269530853593695,0
16.328,1.1757424851604494,0
16.331,1.0983230256920489,0
16.332,1.0241847074700714,0
16.335,0.9646538974396756,0
16.336,0.9140184802442052,0
16.337,0.8798367617595605,0
16.339,0.8581454075729332,0
16.342,0.8349483790313714,0
16.344,0.7943179090356094,0
16.345,0.7151063000235439,0
16.348,0.579450986124738,0
16.35,0.3780790770418215,0
16.351,0.1118916087952558,0
16.353,-0.2065911399232038,0
16.355,-0.5556184138996375,0
16.358,-0.9080154674480244,0
16.359,-1.235052926306498,0
16.361,-1.5115928378220094,0
16.364,-1.7182116316055347,0
16.366,-1.84486328723024,0
16.368,-1.8910604840586256,0
16.369,-1.8652426584621664,0
16.371,-1.782511920806328,0
16.374,-1.6613595476040417,0
16.375,-1.5201983677799442,0
16.377,-1.376097738444343,0
16.378,-1.241050968117145,0
16.381,-1.1233047341667843,0
16.383,-1.0265728680625197,0
16.384,-0.951136255193316,0
16.387,-0.8951060761514162,0
16.388,-0.8538931826363755,0
16.391,-0.8190367489303053,0
16.392,-0.7865312092687946,0
16.394,-0.7454933284195197,0
16.396,-0.6899320176594266,0
16.399,-0.6188694574429893,0
16.401,-0.5323348459935662,0
16.403,-0.4323587087745671,0
16.404,-0.3262543041416758,0
16.407,-0.225251044243134,0
16.408,-0.143341755909043,0
16.411,-0.0993496322395902,0
16.412,-0.1148063099340776,0
16.414,-0.2049441050814404,0
16.416,-0.3649975479141742,0
16.419,-0.5570201487412201,0
16.42,-0.7066780621343367,0
16.422,-0.7178859077160451,0
16.424,-0.5050486154787074,0
16.425,-0.0319064988378592,0
16.427,0.6609642397779153,0
16.43,1.454753660634977,0
16.431,2.1798974265752773,0
16.433,2.6612044940299406,0
16.436,2.762231971195558,0
16.438,2.4142260934478648,0
16.44,1.625799863440145,0
16.441,0.478756421423704,0
16.444,-0.883037435240558,0
16.446,-2.2696377067414906,0
16.447,-3.469080143175145,0
16.449,-4.282421573709635,0
16.451,-4.564801655035011,1
16.454,-4.261852288506999,0
16.456,-3.426944324619354,0
16.457,-2.2101239491738918,0
16.46,-0.8232439238536543,0
16.462,0.5077555475749517,0
16.463,1.5942131417275591,0
16.464,2.308678533207977,0
16.467,2.60419056556964,0
16.468,2.507112600824963,0
16.47,2.103907111439047,0
16.473,1.5207171515564646,0
16.475,0.9002639569418776,0
16.476,0.3762577009645317,0
16.479,0.047750166547632,0
16.48,-0.0396096764414794,0
16.483,0.095788308454246,0
16.484,0.3805282827305821,0
16.486,0.7124880628100758,0
16.488,0.9916412783869644,0
16.491,1.151498601696367,0
16.493,1.174959767548141,0
16.495,1.0900110190858685,0
16.496,0.9504432312484082,0
16.499,0.814737789180573,0
16.5,0.7239516128904057,0
16.503,0.6892644940551075,0
16.503,0.6980002909549456,0
16.505,0.7222821351410801,0
16.507,0.7335743988584954,0
16.51,0.7161987216222421,0
16.512,0.6697656351719726,0
16.513,0.6055987065587894,0
16.516,0.5401817305423497,0
16.518,0.4875776782160956,0
16.519,0.4460150544609483,0
16.521,0.4133661095366826,0
16.523,0.3866593157931666,0
16.526,0.3544930829431933,0
16.528,0.3259686754628647,0
16.529,0.2985043263027064,0
16.532,0.2679188027487399,0
16.534,0.2411345107531289,0
16.536,0.2128552042023621,0
16.537,0.1851912272576351,0
16.539,0.1724276512395296,0
16.542,0.1760700459877623,0
16.543,0.1636317621251113,0
16.544,0.1367349785224786,0
16.547,0.1143334620250343,0
16.549,0.0902524366377636,0
16.551,0.0692105236062922,0
16.552,0.0535673537369517,0
16.555,0.0375607136301369,0
16.556,0.0229839092800629,0
16.559,-0.0061570001206414,0
16.56,-0.0464556639633977,0
16.562,-0.0762251319226832,0
16.564,-0.0956979536748022,0
16.567,-0.1057651088940035,0
16.569,-0.1048416702436577,0
16.571,-0.0836496974138638,0
16.572,-0.0476099725754264,0
16.575,-0.0317760812770335,0
16.576,-0.0401702385146468,0
16.578,-0.0511381315641194,0
16.58,-0.0686530473629743,0
16.583,-0.0903140419460238,0
16.585,-0.1069139315869354,0
16.587,-0.116557442487533,0
16.588,-0.1133070723262694,0
16.59,-0.1117762158699692,0
16.592,-0.1142616936514323,0
16.593,-0.1160057989169873,0
16.595,-0.1216581384725705,0
16.598,-0.1236486378872136,0
16.599,-0.1185087393399158,0
16.601,-0.1167254550940179,0
16.604,-0.115488690179756,0
16.606,-0.1192420622375613,0
16.608,-0.1296247916227888,0
16.609,-0.1413596736226407,0
16.611,-0.1617977958962919,0
16.614,-0.1788760478690823,0
16.615,-0.1941392292506343,0
16.617,-0.2145193460628071,0
16.619,-0.2334633175371003,0
16.622,-0.2680255694643743,0
16.624,-0.312212336062022,0
16.625,-0.3450875915303425,0
16.628,-0.3655642567440886,0
16.628,-0.3922231362788036,0
16.631,-0.4267006856266583,0
16.632,-0.4680718301479685,0
16.634,-0.5223409596883747,0
16.636,-0.5640185131528769,0
16.639,-0.589498587317324,0
16.641,-0.6217218229505975,0
16.643,-0.6487067004845389,0
16.644,-0.6767878116412781,0
16.647,-0.7060581086514434,0
16.648,-0.7299006605537595,0
16.651,-0.7538950586198752,0
16.652,-0.7794835291235434,0
16.654,-0.8081434162329871,0
16.656,-0.8369857660255888,0
16.659,-0.8672173380470536,0
16.661,-0.9087652168381464,0
16.663,-0.9557510398353252,0
16.664,-0.988364634335937,0
16.667,-1.0040566813270588,0
16.668,-0.97709571667165,0
16.67,-0.8975473790147153,0
16.671,-0.7703013226931206,0
16.673,-0.5915261929068559,0
16.676,-0.3907903975255667,0
16.678,-0.1778144745817605,0
16.68,0.052337339714384,0
16.681,0.2819501220880103,0
16.684,0.4834704058057902,0
16.686,0.6448971648164591,0
16.687,0.7657752371997588,0
16.689,0.8384892365772809,0
16.691,0.8662839145803749,0
16.694,0.8558688596562464,0
16.696,0.8134706780681237,0
16.697,0.7508037973055935,0
16.7,0.6856071218970583,0
16.702,0.6284443387108142,0
16.703,0.5729110759336822,0
16.705,0.5248390292029115,0
16.707,0.4968381075369152,0
16.71,0.4854219313580008,0
16.711,0.4804240284161825,0
16.712,0.4772051710272925,0
16.715,0.4691166242612954,0
16.717,0.4498136565514259,0
16.719,0.4238417197530745,0
16.72,0.3921359296038342,0
16.723,0.3527620784477503,0
16.724,0.3115498615738477,0
16.726,0.2759270021249805,0
16.728,0.2494829289195205,0
16.73,0.2251923449231543,0
16.733,0.2067326871757406,0
16.735,0.2011895952460803,0
16.736,0.2095826323671048,0
16.739,0.2142942515475137,0
16.74,0.2162508956419629,0
16.743,0.2265314861951547,0
16.744,0.2419058041568128,0
16.746,0.2477722584586155,0
16.748,0.2439384475794833,0
16.751,0.2352749049157663,0
16.753,0.2179254542763556,0
16.753,0.2030725149482083,0
16.756,0.1910262863729476,0
16.758,0.172811398770968,0
16.759,0.1506428378966746,0
16.761,0.1352291556720621,0
16.763,0.1264304434857064,0
16.766,0.1205646986766741,0
16.767,0.1202812923519077,0
16.769,0.116806592938878,0
16.772,0.1097084367611322,0
16.774,0.1055651751126763,0
16.776,0.1024662522700814,0
16.777,0.0965474813706633,0
16.779,0.0881483597681746,0
16.782,0.0777395785041158,0
16.783,0.0643905130909503,0
16.785,0.0519795281882054,0
16.788,0.0405228203677016,0
16.79,0.0272761211469341,0
16.792,0.0130121819288417,0
16.793,0.0012096930448953,0
16.795,-0.0081022215118302,0
16.796,-0.0160507388772626,0
16.799,-0.0217231323911711,0
16.8,-0.0279228237456929,0
16.802,-0.0347329140524386,0
16.804,-0.0399552618333358,0
16.807,-0.0441560387343951,0
16.809,-0.0493512176067159,0
16.811,-0.0554579383329858,0
16.812,-0.0618863500993784,0
16.815,-0.0691204798060585,0
16.816,-0.0753748629126701,0
16.819,-0.080572371801823,0
16.82,-0.0860010928292988,0
16.822,-0.0912706443232544,0
16.825,-0.0957999982215103,0
16.827,-0.0996647645149088,0
16.828,-0.102857865837215,0
16.831,-0.1052406238116001,0
16.832,-0.1075021709701397,0
16.835,-0.1096358390963168,0
16.836,-0.111174549072648,0
16.838,-0.1122535053543161,0
16.839,-0.1148312643465959,0
16.841,-0.1190551023290131,0
16.844,-0.1240969138003156,0
16.846,-0.1305115127639151,0
16.848,-0.1383422654774698,0
16.849,-0.1476843605760739,0
16.851,-0.159061345323248,0
16.854,-0.1726190943777723,0
16.855,-0.1683840275936408,0
16.857,-0.1445347887757248,0
16.859,-0.1243211543202008,0
16.862,-0.1034968971748685,0
16.864,-0.090815002144783,0
16.865,-0.0911979173183064,0
16.868,-0.0986371821266689,0
16.87,-0.1175837174563382,0
16.871,-0.128990719093541,0
16.873,-0.1319758233979186,0
16.875,-0.1405924117802582,0
16.878,-0.1506414084010829,0
16.878,-0.1511135152903565,0
16.881,-0.142385351045105,0
16.883,-0.1266234006525861,0
16.884,-0.1009816036194181,0
16.887,-0.0888217198614178,0
16.888,-0.0915507414975966,0
16.891,-0.0953790010686527,0
16.892,-0.106117116530424,0
16.894,-0.1101967363066815,0
16.896,-0.105728710239047,0
16.899,-0.1040066222596177,0
16.901,-0.101573664937379,0
16.903,-0.1003089776454681,0
16.904,-0.101518059897159,0
16.907,-0.1016139985953749,0
16.908,-0.101340684411238,0
16.911,-0.1016606231344275,0
16.912,-0.1021502317704563,0
16.914,-0.1029481080700872,0
16.916,-0.1041313632863681,0
16.919,-0.1040243979601248,0
16.92,-0.102518143681608,0
16.921,-0.1004240037216042,0
16.924,-0.0972964386856331,0
16.926,-0.0939198138047986,0
16.927,-0.0903435316466142,0
16.929,-0.0857865446691476,0
16.931,-0.0803963386654233,0
16.934,-0.075394393368766,0
16.936,-0.0707735583110519,0
16.937,-0.0660306367125717,0
16.94,-0.0614594526458022,0
16.942,-0.0561230759952993,0
16.944,-0.0499510506177427,0
16.945,-0.0436443128252337,0
16.947,-0.0369853140186476,0
16.95,-0.0319245248086529,0
16.951,-0.0287321715685789,0
16.953,-0.0263338136058034,0
16.956,-0.0253105351255101,0
16.958,-0.0247015827065294,0
16.96,-0.024450272913485,0
16.961,-0.0255678202872945,0
16.963,-0.0278829946052177,0
16.964,-0.0292839945746458,0
16.967,-0.0297370674248159,0
16.968,-0.0301654311056937,0
16.97,-0.0300441294202992,0
16.973,-0.0309386905755209,0
16.975,-0.0329684842533092,0
16.976,-0.0349265727030216,0
16.979,-0.0371721557101934,0
16.98,-0.0389367075827233,0
16.983,-0.0400126471271414,0
16.984,-0.0410321289519943,0
16.986,-0.0417426020964802,0
16.988,-0.043571109641175,0
16.991,-0.0466884205574021,0
16.993,-0.0506033211653315,0
16.995,-0.0557516494865333,0
16.996,-0.0428212122208146,0
16.999,-0.0142675017173089,0
17.0,0.0108260654989192,0
17.003,0.034496325263137,0
17.003,0.0499832537938575,0
17.006,0.0522823622016273,0
17.007,0.0457461828830703,0
17.009,0.0261644198116488,0
17.012,0.0225770381096588,0
17.014,0.0365635969998514,0
17.016,0.0494264158435069,0
17.017,0.0681006626931425,0
17.019,0.0792344675713929,0
17.022,0.0802324159548798,0
17.023,0.0829121996785943,0
17.025,0.0835806561303362,0
17.028,0.0869124961492048,0
17.03,0.0944808178532112,0
17.032,0.1010764470545612,0
17.033,0.1082028566156568,0
17.036,0.1161499541989122,0
17.038,0.1244150234359673,0
17.039,0.1346077326291839,0
17.041,0.1467575988592961,0
17.043,0.1638023547352147,0
17.044,0.1915109565873888,0
17.047,0.2373955750215479,0
17.049,0.3063457584006391,0
17.051,0.3734437741203863,0
17.052,0.4363993792363658,0
17.055,0.5201732789970713,0
17.056,0.613458022272564,0
17.059,0.704517058026216,0
17.06,0.7925953165654848,0
17.062,0.882114157585615,0
17.064,0.9736347994641829,0
17.067,1.0551474951014364,0
17.069,1.126942643816235,0
17.071,1.1915550033332336,0
17.072,1.241982358578743,0
17.075,1.2755290775561898,0
17.076,1.2886490554217396,0
17.078,1.278705692892195,0
17.08,1.248140837888961,0
17.083,1.1952922851586496,0
17.085,1.1285028985173104,0
17.087,1.0608865348653644,0
17.088,0.9981969186439852,0
17.089,0.9404247419216532,0
17.092,0.8825168889638897,0
17.094,0.8115400094939046,0
17.095,0.710967188658637,0
17.097,0.5656632261446259,0
17.099,0.3607810951541206,0
17.102,0.0980669287273271,0
17.104,-0.2155035468821285,0
17.105,-0.5630571766589444,0
17.108,-0.917744096994197,0
17.11,-1.2481912340107078,0
17.111,-1.5258633505981245,0
17.113,-1.72882026812798,0
17.115,-1.845171876662845,0
17.118,-1.8753091688048704,0
17.119,-1.8309564804533476,0
17.121,-1.7319386117129127,0
17.124,-1.6016492185091864,0
17.126,-1.4623046870828864,0
17.128,-1.3311606958739184,0
17.128,-1.218436749366934,0
17.131,-1.1273358270666998,0
17.132,-1.0557802154622498,0
17.134,-0.9989209354751696,0
17.136,-0.9515530981345436,0
17.139,-0.909939473365963,0
17.141,-0.8725950608326968,0
17.143,-0.8355512913839281,0
17.144,-0.7955239585543222,0
17.147,-0.7493228030674496,0
17.148,-0.6941875915764432,0
17.151,-0.6269101513774327,0
17.152,-0.5489844394782245,0
17.154,-0.4640730389926186,0
17.156,-0.3785334466199823,0
17.159,-0.2953807712925154,0
17.161,-0.2220560424247984,0
17.163,-0.1629980460995805,0
17.164,-0.1347512686485687,0
17.167,-0.1555209601786429,0
17.168,-0.2416217798333542,0
17.169,-0.3912848731981493,0
17.171,-0.5700918581115615,0
17.174,-0.7068523273551341,0
17.176,-0.7083811758240824,0
17.177,-0.4924987751637867,0
17.18,-0.0271746769812227,0
17.182,0.6428064289721802,0
17.184,1.3964190370568763,0
17.185,2.065889841067704,0
17.187,2.482444341025272,0
17.19,2.519291920384209,0
17.191,2.117904197159119,0
17.193,1.295185532340287,0
17.196,0.1380961299020444,0
17.198,-1.2072124325203997,0
17.2,-2.5507332326982595,0
17.201,-3.682582588044197,0
17.203,-4.408594890052004,0
17.206,-4.592635430226652,1
17.207,-4.192622903324564,0
17.209,-3.275737403567811,0
17.211,-2.0048051287496067,0
17.212,-0.5994134713567776,0
17.215,0.7149374902392085,0
17.217,1.7533636949103446,0
17.219,2.401833733163768,0
17.22,2.6271626368178485,0
17.223,2.470057132255374,0
17.224,2.027871699810227,0
17.226,1.432627294471415,0
17.228,0.827173210258981,0
17.23,0.3407835582089595,0
17.233,0.0657050716478646,0
17.235,0.0392192537541925,0
17.236,0.2367491460042534,0
17.239,0.5796796215977804,0
17.24,0.9590272401384046,0
17.243,1.2673838028616404,0
17.244,1.4292882129902649,0
17.246,1.421935293022742,0
17.248,1.274294998435979,0
17.251,1.0516309113410969,0
17.253,0.8310402987742231,0
17.254,0.6678236746878217,0
17.256,0.5901113535387835,0
17.257,0.6050652379615444,0
17.259,0.679021585866425,0
17.262,0.7545193996549522,0
17.263,0.798820452334396,0
17.265,0.802992478340358,0
17.267,0.7662726912485102,0
17.27,0.7010488452306587,0
17.272,0.6263615914081745,0
17.273,0.5562470091570482,0
17.276,0.497144187164501,0
17.278,0.4510170026497506,0
17.279,0.4142941960943028,0
17.281,0.3825122959475742,0
17.283,0.3540225920237432,0
17.286,0.3326236108641457,0
17.288,0.3163486937238253,0
17.289,0.3064382155669108,0
17.292,0.3028887398917768,0
17.294,0.2875515959258539,0
17.295,0.2588145047898124,0
17.296,0.2249629230806065,0
17.299,0.1808350161723087,0
17.3,0.1454982928908477,0
17.302,0.1202232920736163,0
17.304,0.0910746537193084,0
17.307,0.0624581013191536,0
17.309,0.0385473449580999,0
17.311,0.018431015681001,0
17.312,0.0034623046976939,0
17.315,-0.0053649137285596,0
17.316,-0.0135668159680266,0
17.319,-0.0208063853135919,0
17.32,-0.0233419437008364,0
17.322,-0.0220990107990106,0
17.325,-0.0256070996875248,0
17.327,-0.0342060957655373,0
17.328,-0.0439622231956732,0
17.331,-0.0571015310480381,0
17.332,-0.0697001098099285,0
17.335,-0.0772079595359087,0
17.336,-0.0880100656191579,0
17.337,-0.0993753100608558,0
17.339,-0.1075751816102254,0
17.342,-0.1128129145411364,0
17.344,-0.1132950619454456,0
17.345,-0.1136368643941916,0
17.348,-0.1110457144338612,0
17.35,-0.1073722534075122,0
17.351,-0.1018238511345676,0
17.353,-0.0907829628533769,0
17.355,-0.0994787078060771,0
17.358,-0.1228524789703558,0
17.359,-0.1383361909609126,0
17.361,-0.1476380873259093,0
17.364,-0.1680580467769728,0
17.366,-0.200676745581034,0
17.368,-0.230794298684862,0
17.369,-0.2667569352162217,0
17.371,-0.3006224433757542,0
17.374,-0.3322563816989936,0
17.375,-0.3672004128640276,0
17.377,-0.3984168779354805,0
17.378,-0.4441754672145468,0
17.381,-0.5038924549002325,0
17.383,-0.5564901492884068,0
17.384,-0.6042712907504741,0
17.387,-0.6461235594105295,0
17.388,-0.6816506694286599,0
17.391,-0.7200414841821513,0
17.392,-0.761809470818871,0
17.394,-0.7981501415912284,0
17.396,-0.8268263498241648,0
17.399,-0.8562100005112592,0
17.401,-0.8834387955395621,0
17.403,-0.9129023951548628,0
17.404,-0.945667552083808,0
17.407,-0.9792450847216494,0
17.408,-1.0150878493784798,0
17.411,-1.046393846165663,0
17.412,-1.072641816224538,0
17.414,-1.101248872872798,0
17.416,-1.125005548703064,0
17.419,-1.1048001663013365,0
17.42,-1.0345533742163115,0
17.422,-0.9320342720287542,0
17.424,-0.789562388143862,0
17.425,-0.6088833940634342,0
17.427,-0.4002098335140249,0
17.43,-0.1705745068885247,0
17.431,0.0657550349139879,0
17.433,0.2890229339640355,0
17.436,0.4866143013630154,0
17.438,0.6488064266408008,0
17.44,0.7673613736499556,0
17.441,0.8470800429133863,0
17.444,0.889028756844573,0
17.446,0.8915702894342677,0
17.447,0.8626140147866832,0
17.449,0.8162831667705828,0
17.451,0.7581318712729972,0
17.454,0.6970882089144894,0
17.456,0.6415675857111132,0
17.457,0.5925257376633569,0
17.46,0.553333857833208,0
17.462,0.5278070269039363,0
17.463,0.5131996033662175,0
17.464,0.5016625468737084,0
17.467,0.4920481177145079,0
17.468,0.4797979597547482,0
17.47,0.4614584772396942,0
17.473,0.4470326557271821,0
17.475,0.4342479295808124,0
17.476,0.4139402361972704,0
17.479,0.3865195126959817,0
17.48,0.3634926692963338,0
17.483,0.3436007146253196,0
17.484,0.320221376032044,0
17.486,0.2952042235190156,0
17.488,0.2651889776040908,0
17.491,0.2289676101325989,0
17.493,0.1890544460141331,0
17.495,0.1441610410122588,0
17.496,0.1155433072546184,0
17.499,0.1053045958233245,0
17.5,0.1021681409993321,0
17.503,0.1120808383196962,0
17.503,0.1225743450008231,0
17.505,0.1326879531804859,0
17.507,0.1538394161078126,0
17.51,0.1834293087774246,0
17.512,0.1972158232419626,0
17.513,0.19438235172988,0
17.516,0.1847194086204952,0
17.518,0.1618438993172408,0
17.519,0.1427347165226813,0
17.521,0.128210013888274,0
17.523,0.1042782429068018,0
17.526,0.0744388066679091,0
17.528,0.0540017842636528,0
17.529,0.0426486014681977,0
17.532,0.0354015415757307,0
17.534,0.0360256021114029,0
17.536,0.0318733598766468,0
17.537,0.0223782231129302,0
17.539,0.0169858199416354,0
17.542,0.0129678672583461,0
17.543,0.0075099762387289,0
17.544,0.001392087137516,0
17.547,-0.0059606551398837,0
17.549,-0.0150781956114652,0
17.551,-0.0219138084553835,0
17.552,-0.026478708160339,0
17.555,-0.031203520998152,0
17.556,-0.0352331490991764,0
17.559,-0.0394331662708377,0
17.56,-0.044087855604399,0
17.562,-0.0481610783613005,0
17.564,-0.0519119819226543,0
17.567,-0.0554984889514872,0
17.569,-0.058806851143322,0
17.571,-0.0619663641792374,0
17.572,-0.0649817175399387,0
17.575,-0.0677284689312954,0
17.576,-0.0702275493355573,0
17.578,-0.0725393681668651,0
17.58,-0.0746473614396149,0
17.583,-0.0766084210309177,0
17.585,-0.0784368778097493,0
17.587,-0.0800996480170052,0
17.588,-0.0816167092806215,0
17.59,-0.0828039208098048,0
17.592,-0.0836450940570133,0
17.593,-0.0842471068000709,0
17.595,-0.0845609513916648,0
17.598,-0.0846964991144238,0
17.599,-0.0846663682107134,0
17.601,-0.084375310083098,0
17.604,-0.0838493076580903,0
17.606,-0.0830882579725864,0
17.608,-0.0820808101316111,0
17.609,-0.0808456211143755,0
17.611,-0.0793793038335095,0
17.614,-0.0776610440794061,0
17.615,-0.0756914831799402,0
17.617,-0.0734769864205282,0
17.619,-0.0710125756672296,0
17.622,-0.0683424060474816,0
17.624,-0.0654699997825662,0
17.625,-0.062370056481869,0
17.628,-0.059054147692068,0
17.628,-0.055497774327442,0
17.631,-0.0516980736015543,0
17.632,-0.0476767955146151,0
17.634,-0.0434282006155908,0
17.636,-0.0404309806745043,0
17.639,-0.0388400405415876,0
17.641,-0.0379602125213308,0
17.643,-0.0382231464850635,0
17.644,-0.0387877460863909,0
17.647,-0.0396255876129375,0
17.648,-0.0415532836505663,0
17.651,-0.0444224087478679,0
17.652,-0.0471630312007814,0
17.654,-0.0498083140207607,0
17.656,-0.0527984624257565,0
17.659,-0.0558905060179521,0
17.661,-0.0599633041721544,0
17.663,-0.0650938518673257,0
17.664,-0.0706623519160012,0
17.667,-0.0768844707605443,0
17.668,-0.0815412375784234,0
17.67,-0.0843567948295032,0
17.671,-0.0865415486649778,0
17.673,-0.087449734261426,0
17.676,-0.0882345534901706,0
17.678,-0.0889735205907737,0
17.68,-0.0885097631324703,0
17.681,-0.0870624508353286,0
17.684,-0.0864893540526541,0
17.686,-0.0867854861364306,0
17.687,-0.0871844629751665,0
17.689,-0.0881361792716153,0
17.691,-0.0882282492454943,0
17.694,-0.0873565031467658,0
17.696,-0.0865855002160848,0
17.697,-0.085589594129385,0
17.7,-0.0851486412918637,0
17.702,-0.085451254334211,0
17.703,-0.0858916468205011,0
17.705,-0.0867189898250854,0
17.707,-0.0877268785780382,0
17.71,-0.0888747884871547,0
17.711,-0.0904934734005821,0
17.712,-0.0925473825515828,0
17.715,-0.0940700201721999,0
17.717,-0.0950326178346491,0
17.719,-0.0958852504553408,0
17.72,-0.0963848723767317,0
17.723,-0.0971858179750879,0
17.724,-0.0983418505364926,0
17.726,-0.0993278435190659,0
17.728,-0.100292922568406,0
17.73,-0.1000234390052798,0
17.733,-0.0983345729261655,0
17.735,-0.0958999266105464,0
17.736,-0.0923495716532669,0
17.739,-0.0882554691361059,0
17.74,-0.0836461117943148,0
17.743,-0.0778924344372972,0
17.744,-0.0710894898007731,0
17.746,-0.0643154057354866,0
17.748,-0.0575600770275445,0
17.751,-0.0503449603062239,0
17.753,-0.0429220761873652,0
17.753,-0.0344639361778961,0
17.756,-0.0248942924005191,0
17.758,-0.0148181755580928,0
17.759,-0.0040336633068163,0
17.761,0.0044727739313133,0
17.763,0.010342551138197,0
17.766,0.0151310683999311,0
17.767,0.0179647928542975,0
17.769,0.0204352716259092,0
17.772,0.0226282814115912,0
17.774,0.0229553589893952,0
17.776,0.0217085438459227,0
17.777,0.0207213742516745,0
17.779,0.019907146587887,0
17.782,0.0185348320130577,0
17.783,0.0170079077291775,0
17.785,0.0137797884279237,0
17.788,0.0087121840598127,0
17.79,0.0028691507935613,0
17.792,-0.0041342791819977,0
17.793,-0.0029500711268898,0
17.795,0.0074567791489418,0
17.796,0.0224016248202733,0
17.799,0.044599181347474,0
17.8,0.0688232466670041,0
17.802,0.0948166356835194,0
17.804,0.127652899700187,0
17.807,0.1663652827838698,0
17.809,0.189566077703366,0
17.811,0.1959149383097297,0
17.812,0.1949504653062735,0
17.815,0.1808412791391785,0
17.816,0.1863850740612807,0
17.819,0.2142481046407559,0
17.82,0.2427646067660671,0
17.822,0.2801643751832363,0
17.825,0.3577267081237383,0
17.827,0.4691759842992444,0
17.828,0.5885667097618309,0
17.831,0.7188088614446024,0
17.832,0.8375394465539812,0
17.835,0.9410637551147792,0
17.836,1.0348750369487218,0
17.838,1.116355451722718,0
17.839,1.1860077504750834,0
17.841,1.243762834342961,0
17.844,1.276827147811863,0
17.846,1.2838651409684547,0
17.848,1.2737654687006046,0
17.849,1.243086562302183,0
17.851,1.1814072245925724,0
17.854,1.094748369194134,0
17.855,1.0155173752640787,0
17.857,0.9520894393399716,0
17.859,0.8993469310879184,0
17.862,0.8652143880853738,0
17.864,0.8247481651550402,0
17.865,0.764934081432293,0
17.868,0.6846331880225459,0
17.87,0.5615309602391975,0
17.871,0.3840503112812548,0
17.873,0.1471486822266195,0
17.875,-0.1504272401236427,0
17.878,-0.4927593491421168,0
17.878,-0.8533987116387406,0
17.881,-1.2028459117660324,0
17.883,-1.5119837145056494,0
17.884,-1.7528331625879416,0
17.887,-1.901410152273058,0
17.888,-1.9525731999367792,0
17.891,-1.9203849331290916,0
17.892,-1.8210533663761492,0
17.894,-1.6852075754007243,0
17.896,-1.5378731421824343,0
17.899,-1.393699642102782,0
17.901,-1.2667836260514027,0
17.903,-1.1596569443665905,0
17.904,-1.0696548996479267,0
17.907,-0.9931489113739278,0
17.908,-0.9232691792605338,0
17.911,-0.8690448547867902,0
17.912,-0.8263460007972909,0
17.914,-0.7995297984203049,0
17.916,-0.7889080907770915,0
17.919,-0.7531565672148982,0
17.92,-0.6892327471081818,0
17.921,-0.6174578833002018,0
17.924,-0.5266015917479999,0
17.926,-0.4362804743414883,0
17.927,-0.3524262746142761,0
17.929,-0.2668349166568219,0
17.931,-0.187035488314869,0
17.934,-0.1246862155785851,0
17.936,-0.0913059879694017,0
17.937,-0.1072964249996786,0
17.94,-0.191402125520373,0
17.942,-0.3350352308055127,0
17.944,-0.5123984320686252,0
17.945,-0.6674431311548615,0
17.947,-0.7053540476921973,0
17.95,-0.5459549699164292,0
17.951,-0.1354092570493982,0
17.953,0.5199415517060385,0
17.956,1.3215937054930686,0
17.958,2.1190102160961595,0
17.96,2.7354936161698973,0
17.961,3.011317900747978,0
17.963,2.851512736548555,0
17.964,2.231874902273715,0
17.967,1.2037664965966124,0
17.968,-0.110502327401771,0
17.97,-1.5349064860246655,0
17.973,-2.8580490487323744,0
17.975,-3.8658175075465615,0
17.976,-4.384771817887059,1
17.979,-4.322731188303229,0
17.98,-3.6945410990796415,0
17.983,-2.6208058105804986,0
17.984,-1.2988105147495612,0
17.986,0.0441766439725464,0
17.988,1.2003453777519546,0
17.991,2.019225535967009,0
17.993,2.4271389440814244,0
17.995,2.4285577847603097,0
17.996,2.094150397361342,0
17.999,1.5413202440978624,0
18.0,0.9110393295847486,0
18.003,0.3427462187369929,0
18.003,-0.0508529025544408,0
18.006,-0.2052615534705427,0
18.007,-0.1166499554365154,0
18.009,0.1597563930141995,0
18.012,0.5277618934273145,0
18.014,0.8776961474929916,0
18.016,1.1185913041139666,0
18.017,1.2036243225603616,0
18.019,1.1377356681466524,0
18.022,0.9699471059930088,0
18.023,0.771347045941287,0
18.025,0.6078568268779234,0
18.028,0.5179652416352515,0
18.03,0.5081475213178444,0
18.032,0.5568428374615236,0
18.033,0.6260581134670251,0
18.036,0.6813830598865029,0
18.038,0.7010233378141697,0
18.039,0.6799157703709575,0
18.041,0.6286915159303779,0
18.043,0.5707000079659741,0
18.044,0.5210785013111232,0
18.047,0.4847933518467709,0
18.049,0.4645807715896623,0
18.051,0.4361172616679976,0
18.052,0.3929120389654318,0
18.055,0.3446769165439209,0
18.056,0.2820070359359359,0
18.059,0.2382971823358458,0
18.06,0.2140487031531977,0
18.062,0.1873424900359961,0
18.064,0.1651507869002988,0
18.067,0.1465574722588308,0
18.069,0.1293143404673633,0
18.071,0.1188150954791126,0
18.072,0.114396229567789,0
18.075,0.1026344443305779,0
18.076,0.0831804255620893,0
18.078,0.061791622578523,0
18.08,0.0350625157652639,0
18.083,0.0137681374119446,0
18.085,-0.0013244509491195,0
18.087,-0.0206077928823796,0
18.088,-0.0372912245818883,0
18.089,-0.0503492332030305,0
18.092,-0.0586855920832926,0
18.094,-0.0635733585079241,0
18.095,-0.0639180869447567,0
18.097,-0.0517125969631586,0
18.099,-0.0316558571564147,0
18.102,-0.0192940435724844,0
18.104,-0.0166090800226977,0
18.105,-0.0113199829867493,0
18.108,-0.0032126518848412,0
18.11,-0.0079384616596877,0
18.111,-0.0186267499072541,0
18.113,-0.0279728483586732,0
18.115,-0.0356903583191075,0
18.118,-0.0467601971312829,0
18.119,-0.0638222429401799,0
18.121,-0.075575292700862,0
18.124,-0.0837468520101773,0
18.126,-0.0907170909016042,0
18.128,-0.0946650436514567,0
18.128,-0.1019741010342441,0
18.131,-0.1130104216558729,0
18.132,-0.1231240538566162,0
18.134,-0.1337534829547031,0
18.136,-0.1469246066865558,0
18.139,-0.1623778064303275,0
18.141,-0.1802218029084267,0
18.143,-0.2009546296039663,0
18.144,-0.2223206723312988,0
18.147,-0.2443903815675583,0
18.148,-0.268752613471329,0
18.151,-0.2950007703434658,0
18.152,-0.3240300089555052,0
18.154,-0.3561498620113911,0
18.156,-0.3907145980764884,0
18.159,-0.4280668864604002,0
18.161,-0.4682368455365486,0
18.163,-0.5112559698763545,0
18.164,-0.5574680498512508,0
18.167,-0.6069506528239957,0
18.168,-0.6530543240790283,0
18.169,-0.6952368274822477,0
18.171,-0.73674871964256,0
18.174,-0.7757521605374815,0
18.176,-0.8163042719234279,0
18.177,-0.8586620821298506,0
18.18,-0.8992848813423214,0
18.182,-0.93900924781688,0
18.184,-0.9783998431364276,0
18.185,-1.0170097375199456,0
18.187,-1.05717218294254,0
18.19,-1.0945800100214818,0
18.191,-1.1035435962427032,0
18.193,-1.0795966175670262,0
18.196,-1.0351141358505278,0
18.198,-0.9657320497880152,0
18.2,-0.8588538754291534,0
18.201,-0.7196666502264326,0
18.203,-0.5603110770477369,0
18.206,-0.3812581264242956,0
18.207,-0.192446063878433,0
18.209,0.0011866103278243,0
18.211,0.189803643248528,0
18.212,0.3667642971567604,0
18.215,0.5251347086435546,0
18.217,0.6574251768343775,0
18.219,0.7551536693170169,0
18.22,0.8159015148739904,0
18.223,0.8431862085991081,0
18.224,0.8403110983904725,0
18.226,0.8125757140896559,0
18.228,0.7686578152028034,0
18.23,0.7234761149608533,0
18.233,0.6851551512591681,0
18.235,0.6486961465340843,0
18.236,0.6172555280391898,0
18.239,0.5988728853218765,0
18.24,0.5893239694850894,0
18.243,0.5799278166133363,0
18.244,0.5697838474248722,0
18.246,0.5601717977208157,0
18.248,0.5480783924538867,0
18.251,0.5328695015189319,0
18.253,0.513079123296815,0
18.254,0.4976959408098021,0
18.256,0.4864924297511837,0
18.257,0.4729437243336252,0
18.259,0.4587044514874859,0
18.262,0.4410575247582363,0
18.263,0.4188247314867388,0
18.265,0.3942039227734755,0
18.267,0.3660626837009348,0
18.27,0.3350035394226126,0
18.272,0.3010054719790687,0
18.273,0.2625841721279385,0
18.276,0.2196919294466342,0
18.278,0.1896505532344991,0
18.279,0.173798127194731,0
18.281,0.1637716874844699,0
18.283,0.1643342261590085,0
18.286,0.1648885877193114,0
18.288,0.164774254275561,0
18.289,0.1734506758912458,0
18.292,0.1887589136571614,0
18.294,0.1918690766566194,0
18.295,0.1822368811847596,0
18.296,0.1674066619760198,0
18.299,0.1424590165385484,0
18.3,0.1208278151328337,0
18.302,0.1031830535574238,0
18.304,0.0785944607476947,0
18.307,0.0498641588600591,0
18.309,0.0283473585775533,0
18.311,0.0137733166802902,0
18.312,0.0026199569985518,0
18.315,-0.0023129588169809,0
18.316,-0.0105061112223818,0
18.319,-0.0223397901705163,0
18.32,-0.0307356966140598,0
18.322,-0.0377149163167359,0
18.325,-0.0462306557822346,0
18.327,-0.0557699487723708,0
18.328,-0.0663340302747429,0
18.331,-0.0785525057188964,0
18.332,-0.0888699064191556,0
18.335,-0.0972560976472528,0
18.336,-0.1059950675006136,0
18.337,-0.1143355392798418,0
18.339,-0.1222309285098512,0
18.342,-0.1298877725110208,0
18.344,-0.1367863322100738,0
18.345,-0.1429432684222566,0
18.348,-0.1489983580057912,0
18.35,-0.1548905479144768,0
18.351,-0.1603054223965228,0
18.353,-0.1653561720434645,0
18.355,-0.1689927442140456,0
18.358,-0.1710805356658312,0
18.359,-0.1721838422774874,0
18.361,-0.1719943989812707,0
18.364,-0.170991345304337,0
18.366,-0.1692004121467877,0
18.368,-0.1661002606340863,0
18.369,-0.1617722349855031,0
18.371,-0.1568903303174764,0
18.374,-0.1514251405644786,0
18.375,-0.1450859939451503,0
18.377,-0.1380191560905311,0
18.378,-0.1296670473944539,0
18.381,-0.1199727409196249,0
18.383,-0.1093173073236518,0
18.384,-0.0975576993425527,0
18.387,-0.0883686267132444,0
18.388,-0.0821511095916452,0
18.391,-0.0770673553400353,0
18.392,-0.0741819533211428,0
18.394,-0.071452779185797,0
18.396,-0.0687793178994314,0
18.399,-0.0681467448018719,0
18.401,-0.0691777444359561,0
18.403,-0.0690555695244195,0
18.404,-0.06782777801041,0
18.407,-0.0666406710114197,0
18.408,-0.064831245531114,0
18.411,-0.0646311194695964,0
18.412,-0.0662158591208867,0
18.414,-0.0679563182777447,0
18.416,-0.070380933780554,0
18.419,-0.0714450961277522,0
18.42,-0.0707904525688079,0
18.422,-0.0697792180858425,0
18.424,-0.0677975408961347,0
18.425,-0.0656733876050018,0
18.427,-0.0635078198937208,0
18.43,-0.0603382651843092,0
18.431,-0.0563274855890217,0
18.433,-0.0535935035011464,0
18.436,-0.0521815793224664,0
18.438,-0.0511710545643644,0
18.44,-0.0510950690039646,0
18.441,-0.050464995060005,0
18.444,-0.049175293795465,0
18.446,-0.048408799589137,0
18.447,-0.047833684966056,0
18.449,-0.0470751589505567,0
18.451,-0.046232600328953,0
18.454,-0.0452492094639577,0
18.456,-0.044055337677543,0
18.457,-0.0431530707721131,0
18.46,-0.0425429920101052,0
18.462,-0.0419216119091094,0
18.463,-0.0413957739327872,0
18.464,-0.0407975156358521,0
18.467,-0.0400853113212839,0
18.468,-0.0394169815159571,0
18.47,-0.0387428492453851,0
18.473,-0.0380787718318012,0
18.475,-0.0374404447053646,0
18.476,-0.0367782163536409,0
18.479,-0.036098094260774,0
18.48,-0.0355778866132323,0
18.483,-0.0352261047902228,0
18.484,-0.034962452022434,0
18.486,-0.0348337109688271,0
18.488,-0.0347294535979619,0
18.491,-0.0346428444569212,0
18.493,-0.0346691530439873,0
18.495,-0.0347854380507153,0
18.496,-0.0349080778043195,0
18.499,-0.0350418119101718,0
18.5,-0.0352116677869385,0
18.503,-0.0353983938276412,0
18.503,-0.0356759271463488,0
18.505,-0.0360481424794933,0
18.507,-0.0364629315825266,0
18.51,-0.0369370119589098,0
18.512,-0.0369584241310034,0
18.513,-0.0364695554998277,0
18.516,-0.0357221648654234,0
18.518,-0.0345663516071566,0
18.519,-0.0332828683704256,0
18.521,-0.031883147607711,0
18.523,-0.030089639704085,0
18.526,-0.0279522181445568,0
18.528,-0.0258550280401846,0
18.529,-0.0237886623915252,0
18.532,-0.0215936015189701,0
18.534,-0.0193581980352153,0
18.536,-0.0167728791869404,0
18.537,-0.0138109550487172,0
18.539,-0.0106936997990653,0
18.542,-0.0073458235586873,0
18.543,-0.0051645161528624,0
18.544,-0.0043115438703019,0
18.547,-0.0040740973610865,0
18.549,-0.0048598441086159,0
18.551,-0.0059123073947282,0
18.552,-0.0071934585736372,0
18.555,-0.0094518208733724,0
18.556,-0.0125491348299747,0
18.559,-0.0153397124539313,0
18.56,-0.0178351601237804,0
18.562,-0.0205113275892261,0
18.564,-0.0230958191006657,0
18.567,-0.0264450402041892,0
18.569,-0.0306259075004862,0
18.571,-0.0349965462725619,0
18.572,-0.0397569453038403,0
18.575,-0.0429270420908122,0
18.576,-0.0442399672443477,0
18.578,-0.0447615165045725,0
18.58,-0.0439025151809715,0
18.583,-0.0413865028671852,0
18.585,-0.0371359279475036,0
18.587,-0.0303241580904339,0
18.588,-0.0207171622309899,0
18.59,-0.0170695024569893,0
18.592,-0.0157817115448936,0
18.593,-0.002979371642792,0
18.595,0.0223715761505587,0
18.598,0.0431919221513093,0
18.599,0.0577102247448996,0
18.601,0.0811172777231902,0
18.604,0.1092192078411176,0
18.606,0.1357642188627359,0
18.608,0.1667275156240427,0
18.609,0.1964811600737937,0
18.611,0.2315938764689153,0
18.614,0.2854846609621804,0
18.615,0.3619760091519541,0
18.617,0.4558173913651519,0
18.619,0.5638737905789175,0
18.622,0.6840700711503819,0
18.624,0.8078029099594323,0
18.625,0.9255008383906232,0
18.628,1.03054511687156,0
18.628,1.1157335315387005,0
18.631,1.1786953683125785,0
18.632,1.2253163798699331,0
18.634,1.2525239197143028,0
18.636,1.265430067840087,0
18.639,1.264351872911775,0
18.641,1.2413355019016863,0
18.643,1.197036878261159,0
18.644,1.1510755232814711,0
18.647,1.1036266596609403,0
18.648,1.0447918888891417,0
18.651,0.9791903568879604,0
18.652,0.9213491076946132,0
18.654,0.8660315457506186,0
18.656,0.7998357275349637,0
18.659,0.7127427136919656,0
18.661,0.5913556375503262,0
18.663,0.4245781237894928,0
18.664,0.2037417354304005,0
18.667,-0.0698761530028337,0
18.668,-0.3852687982161326,0
18.67,-0.7229942170468129,0
18.671,-1.0572631017337544,0
18.673,-1.3584230358617564,0
18.676,-1.6039573383029266,0
18.678,-1.7743326680974645,0
18.68,-1.8495066874558015,0
18.681,-1.8337121113800352,0
18.684,-1.753405331365561,0
18.686,-1.6296368760936597,0
18.687,-1.4828096534853894,0
18.689,-1.3346515278736946,0
18.691,-1.2058630528463907,0
18.694,-1.103246670348034,0
18.696,-1.0275360478997215,0
18.697,-0.974043732268002,0
18.7,-0.9342286025111888,0
18.702,-0.9006102540484863,0
18.703,-0.8692981117085119,0
18.705,-0.833011972743292,0
18.707,-0.7954226713634835,0
18.71,-0.7513195906155267,0
18.711,-0.6922017940193056,0
18.712,-0.6149181241055528,0
18.715,-0.5311626254818753,0
18.717,-0.4437118453056721,0
18.719,-0.355459990701545,0
18.72,-0.2714265023331918,0
18.723,-0.2005765448910603,0
18.724,-0.1476358965816093,0
18.726,-0.1086138662787547,0
18.728,-0.0981918458810203,0
18.73,-0.1448332132304609,0
18.733,-0.2589380858569938,0
18.735,-0.4295449656832197,0
18.736,-0.6161284424101472,0
18.739,-0.7431343474231653,0
18.74,-0.7151708846893821,0
18.743,-0.4545597270307511,0
18.744,0.0605617970785101,0
18.746,0.7732970542854627,0
18.748,1.5527687892247568,0
18.751,2.226718325453675,0
18.753,2.627737838732941,0
18.753,2.634461389353029,0
18.756,2.1953656094136984,0
18.758,1.3342544250764576,0
18.759,0.1443453456288881,0
18.761,-1.2226347125628256,0
18.763,-2.572589181812281,0
18.766,-3.694426972167226,0
18.767,-4.396816381587117,0
18.769,-4.55062416604681,1
18.772,-4.123088411351802,0
18.774,-3.189998264983494,0
18.776,-1.9192912655068333,0
18.777,-0.5307226003788023,0
18.779,0.7545229974272735,0
18.782,1.7582638741245489,0
18.783,2.372989896419992,0
18.785,2.5701137428211625,0
18.788,2.3924704141432747,0
18.79,1.937706727066257,0
18.792,1.3374244040961418,0
18.793,0.7333611443331749,0
18.795,0.2538841060020707,0
18.796,-0.0102165925629219,0
18.799,-0.0250135475743624,0
18.8,0.1810496154890197,0
18.802,0.5262687047620928,0
18.804,0.9011027563869498,0
18.807,1.202365963171741,0
18.809,1.36376550105952,0
18.811,1.3696307423374026,0
18.812,1.2520829581659592,0
18.815,1.0729499531291833,0
18.816,0.8957986006712895,0
18.819,0.765398615039928,0
18.82,0.6971768382154034,0
18.822,0.678716610694528,0
18.825,0.6817420126300434,0
18.827,0.679187556567916,0
18.828,0.655382953265388,0
18.831,0.6082806303001959,0
18.832,0.5550300403010425,0
18.835,0.5100049432121068,0
18.836,0.4802140724526427,0
18.838,0.4719892130640249,0
18.839,0.4668282230865644,0
18.841,0.4560122584966529,0
18.844,0.4411038974674628,0
18.846,0.412388389976379,0
18.848,0.376545345273183,0
18.849,0.3364702547557764,0
18.851,0.2899281367258337,0
18.854,0.2397686590265229,0
18.855,0.1996075878926502,0
18.857,0.1719774282278996,0
18.859,0.1504087804077065,0
18.862,0.139633623711186,0
18.864,0.1202907474625465,0
18.865,0.0913863830189491,0
18.868,0.0669300060859298,0
18.87,0.0425791472745049,0
18.871,0.0244158000082058,0
18.873,0.0144765823036637,0
18.875,0.0067377714667935,0
18.878,0.0032485642773939,0
18.878,0.0018251626509978,0
18.881,0.00181412168331,0
18.883,0.0056667759484306,0
18.884,0.0127439575119207,0
18.887,0.020532092263049,0
18.888,0.0244611240043299,0
18.891,0.0156685162190738,0
18.892,-0.0100994700199256,0
18.894,-0.0251259667089872,0
18.896,-0.0316823341500627,0
18.899,-0.0498844462568555,0
18.901,-0.0706492539351917,0
18.903,-0.0863034348175364,0
18.904,-0.0966285215393227,0
18.907,-0.1052293634337838,0
18.908,-0.1097804191773722,0
18.911,-0.1172458447924232,0
18.912,-0.1280180977493474,0
18.914,-0.1369141202948659,0
18.916,-0.1454723543159386,0
18.919,-0.1551418837229684,0
18.92,-0.1655122740933004,0
18.921,-0.1770058789599857,0
18.924,-0.1899096652008655,0
18.926,-0.2021198782197346,0
18.927,-0.2136833316857136,0
18.929,-0.2259848970635936,0
18.931,-0.238616422640029,0
18.934,-0.2517296502364904,0
18.936,-0.2654983524175401,0
18.937,-0.2816666536273866,0
18.94,-0.2962411705048414,0
18.942,-0.3126953796891421,0
18.944,-0.3296068841748477,0
18.945,-0.3473598554118692,0
18.947,-0.3659740287949372,0
18.95,-0.3912267272209672,0
18.951,-0.4237662950073061,0
18.953,-0.4605249231217145,0
18.956,-0.5031794166877588,0
18.958,-0.5507780228619806,0
18.96,-0.5991027396253368,0
18.961,-0.6546490624415169,0
18.963,-0.715489859109653,0
18.964,-0.7726162376484498,0
18.967,-0.8256312796584503,0
18.968,-0.8766930009661753,0
18.97,-0.9274256262906672,0
18.973,-0.9779421000646124,0
18.975,-1.0297679699839146,0
18.976,-1.0807902329000552,0
18.979,-1.126287424992194,0
18.98,-1.169433093161753,0
18.983,-1.2012139336346084,0
18.984,-1.2050872761752742,0
18.986,-1.1748835140861738,0
18.988,-1.102549593558113,0
18.991,-0.9852489822417488,0
18.993,-0.8267250927451218,0
18.995,-0.6321190532714777,0
18.996,-0.415356136130627,0
18.999,-0.1865210587559477,0
19.0,0.0473789534843745,0
19.003,0.2757251797055163,0
19.003,0.4877856701504462,0
19.006,0.6739684881155416,0
19.007,0.8276493552677544,0
19.009,0.9391745261496072,0
19.012,1.0029348462053336,0
19.014,1.0193983622934704,0
19.016,0.9971734021594634,0
19.017,0.9459046977400204,0
19.019,0.8750314798993769,0
19.022,0.7975793653895633,0
19.023,0.7260695067946908,0
19.025,0.6677615248738669,0
19.028,0.6243882870629381,0
19.03,0.5959754404183181,0
19.032,0.5802711022393113,0
19.033,0.5714144853566733,0
19.036,0.5639112958234754,0
19.038,0.5532223940960288,0
19.039,0.5327763745378404,0
19.041,0.5017278914300084,0
19.043,0.4677030452696972,0
19.044,0.4349278206080754,0
19.047,0.4063503162707145,0
19.049,0.3867862334970489,0
19.051,0.3596994572187508,0
19.052,0.3271564852852717,0
19.055,0.3005797482565979,0
19.056,0.2779028149186034,0
19.059,0.2591693454309201,0
19.06,0.2465070201171562,0
19.062,0.2395293003278064,0
19.064,0.2393270862339891,0
19.067,0.2419721378061584,0
19.069,0.2476716502057896,0
19.071,0.2598487755639064,0
19.072,0.2779214195653003,0
19.075,0.283605256024958,0
19.076,0.2756567956188818,0
19.078,0.2624778272231451,0
19.08,0.2390641217131203,0
19.083,0.2172242240794663,0
19.085,0.1976210077900616,0
19.087,0.1699769011967577,0
19.088,0.1366969592368753,0
19.089,0.1123893506685798,0
19.092,0.0970746117818923,0
19.094,0.0853478272465648,0
19.095,0.0808760370798722,0
19.097,0.0724043262476492,0
19.099,0.0593492368511898,0
19.102,0.0503972385534176,0
19.104,0.0431187079646784,0
19.105,0.0332357066505191,0
19.108,0.0213339664849256,0
19.11,0.0077534716224224,0
19.111,-0.0084494525049172,0
19.113,-0.0225878907415229,0
19.115,-0.0345952313465511,0
19.118,-0.0475808792219791,0
19.119,-0.0605545250905353,0
19.121,-0.072669950634703,0
19.124,-0.0841451033183679,0
19.126,-0.0946705383376653,0
19.128,-0.1040555889093466,0
19.128,-0.1136512310024796,0
19.131,-0.1234109325079795,0
19.132,-0.1324831380432541,0
19.134,-0.1411241530951983,0
19.136,-0.1504553567703624,0
19.139,-0.1604971515000481,0
19.141,-0.1708893711771599,0
19.143,-0.181933180483835,0
19.144,-0.1939913010478639,0
19.147,-0.2071726596176792,0
19.148,-0.2216043330620033,0
19.151,-0.2374772085291246,0
19.152,-0.2326328401784003,0
19.154,-0.2049399811129226,0
19.156,-0.178497793186143,0
19.159,-0.1483594383113519,0
19.161,-0.1295486290725007,0
19.163,-0.1274578849076935,0
19.164,-0.1344443093214657,0
19.167,-0.1526024607665,0
19.168,-0.1644822535405967,0
19.169,-0.1675845446498103,0
19.171,-0.178935000318944,0
19.174,-0.1940582463951782,0
19.176,-0.191919946859117,0
19.177,-0.1768192608313774,0
19.18,-0.1651971504161596,0
19.182,-0.1550869092422487,0
19.184,-0.1483726675316175,0
19.185,-0.1489400065941268,0
19.187,-0.154766880119017,0
19.19,-0.1682997044719069,0
19.191,-0.175844749827545,0
19.193,-0.1769988492096376,0
19.196,-0.1818109336563293,0
19.198,-0.1873536352575604,0
19.2,-0.1821851648387318,0
19.201,-0.1706198570728357,0
19.203,-0.1654015173777261,0
19.206,-0.166955716975609,0
19.207,-0.1589485558488532,0
19.209,-0.1437175763491947,0
19.211,-0.1299531881222909,0
19.212,-0.1153171571239137,0
19.215,-0.1099864914813034,0
19.217,-0.116222386940973,0
19.219,-0.1282591359170141,0
19.22,-0.1495423879320648,0
19.223,-0.1518893519403371,0
19.224,-0.1328496756932123,0
19.226,-0.1091375643554263,0
19.228,-0.0733225111478366,0
19.23,-0.0543984316231904,0
19.233,-0.0556914028615564,0
19.235,-0.0570666610607543,0
19.236,-0.0661464921417133,0
19.239,-0.0684471646036951,0
19.24,-0.0613255455291013,0
19.243,-0.0580363565087323,0
19.244,-0.0547209890092788,0
19.246,-0.0521882557464295,0
19.248,-0.0519202030672239,0
19.251,-0.0505065395429525,0
19.253,-0.0484910647406547,0
19.254,-0.047625431665321,0
19.256,-0.0475108719964687,0
19.257,-0.0477467913562421,0
19.259,-0.0485812911589227,0
19.262,-0.048177917321328,0
19.263,-0.0463583368931728,0
19.265,-0.0441330222553046,0
19.267,-0.0410001286111974,0
19.27,-0.0376995818452963,0
19.272,-0.0342967970684352,0
19.273,-0.0299823087362353,0
19.276,-0.0248947442624451,0
19.278,-0.0205463913869294,0
19.279,-0.0169477393540515,0
19.281,-0.0134485696884495,0
19.283,-0.0104188664383997,0
19.286,-0.0067488459846692,0
19.288,-0.0023532338895317,0
19.289,0.0019167546907718,0
19.292,0.0063166740309345,0
19.294,0.0102914164283824,0
19.295,0.0136945512226372,0
19.296,0.016973325578515,0
19.299,0.0199461781926055,0
19.3,0.0227378907077793,0
19.302,0.025376578990896,0
19.304,0.0276323473187267,0
19.307,0.0295242463808674,0
19.309,0.0352901981679422,0
19.311,0.045314036979127,0
19.312,0.0576096480484068,0
19.315,0.073382122222684,0
19.316,0.0900720932936756,0
19.319,0.1075635085541485,0
19.32,0.1281338090760084,0
19.322,0.151288156061542,0
19.325,0.1679251673558732,0
19.327,0.1774598212744677,0
19.328,0.1820126335979114,0
19.331,0.1828989486017163,0
19.332,0.2051428202565919,0
19.335,0.2526385887129622,0
19.336,0.3107706271422296,0
19.337,0.3830332246159121,0
19.339,0.4814020287416298,0
19.342,0.5965315223515494,0
19.344,0.7118677997745719,0
19.345,0.8238996126341577,0
19.348,0.9253482839727646,0
19.35,1.0123177751138042,0
19.351,1.0774032678224288,0
19.353,1.1211497357027185,0
19.355,1.1650704355912955,0
19.358,1.2094325623265103,0
19.359,1.2482070711188564,0
19.361,1.2869903759420154,0
19.364,1.293597071903404,0
19.366,1.2662258113326386,0
19.368,1.2259537183158258,0
19.369,1.1651447763235947,0
19.371,1.0951544922938607,0
19.374,1.0260331261209394,0
19.375,0.9591193972515656,0
19.377,0.8988555845327085,0
19.378,0.8430949726045839,0
19.381,0.7763628949960617,0
19.383,0.6769717026282212,0
19.384,0.523997001681307,0
19.387,0.2875950160881517,0
19.388,-0.0338508286829364,0
19.391,-0.4157027028328192,0
19.392,-0.8299924578533628,0
19.394,-1.2262461583982904,0
19.396,-1.5599113825674726,0
19.399,-1.802341516419636,0
19.401,-1.930622403324612,0
19.403,-1.943840309512791,0
19.404,-1.860310260110557,0
19.407,-1.7095466360181226,0
19.408,-1.5290213782233002,0
19.411,-1.3589207646058854,0
19.412,-1.2235014814519718,0
19.414,-1.1201900813217436,0
19.416,-1.0467340000608012,0
19.419,-1.0062111232523594,0
19.42,-0.9823119364151291,0
19.422,-0.9552199856886892,0
19.424,-0.9217784141553322,0
19.425,-0.8845294039260526,0
19.427,-0.8472653161093279,0
19.43,-0.8134878376905162,0
19.431,-0.7862887760024196,0
19.433,-0.752717672923395,0
19.436,-0.7058785347847394,0
19.438,-0.6433565320845962,0
19.44,-0.5574766611078505,0
19.441,-0.4677650986458267,0
19.444,-0.3812890620880629,0
19.446,-0.2992924214981127,0
19.447,-0.2380695541865147,0
19.449,-0.1973139077838964,0
19.451,-0.1928810450300007,0
19.454,-0.2519732263413702,0
19.456,-0.376897900907791,0
19.457,-0.5586794644487292,0
19.46,-0.7490393530170976,0
19.462,-0.8599458565528606,0
19.463,-0.8003580322977608,0
19.464,-0.4975213768096063,0
19.467,0.0630866840639804,0
19.468,0.8142442506651209,0
19.47,1.61866160778523,0
19.473,2.2972291880065856,0
19.475,2.6739369626412137,0
19.476,2.6202010625385337,0
19.479,2.0841682229765928,0
19.48,1.105208916503834,0
19.483,-0.1874610160855101,0
19.484,-1.591835103952817,0
19.486,-2.866442127917012,0
19.488,-3.778938308502532,0
19.491,-4.158058373375421,1
19.493,-3.935069966544026,0
19.495,-3.162725719086914,0
19.496,-1.9996804305226603,0
19.499,-0.6661170399359541,0
19.5,0.6085577500300248,0
19.503,1.6321791194635618,0
19.503,2.281601868699483,0
19.505,2.513955241046278,0
19.507,2.3611929964711043,0
19.51,1.915024004890312,0
19.512,1.30636956282131,0
19.513,0.6816434947041822,0
19.516,0.1764606990580927,0
19.518,-0.1105918358532365,0
19.519,-0.1384173577007711,0
19.521,0.068101353930282,0
19.523,0.4266346262693893,0
19.526,0.8223748600311099,0
19.528,1.1424875330242008,0
19.529,1.308504426517141,0
19.532,1.2965507790784785,0
19.534,1.1387547143507784,0
19.536,0.9059403163183716,0
19.537,0.680018297572472,0
19.539,0.5259539106669149,0
19.542,0.4730968379197373,0
19.543,0.511388304440407,0
19.544,0.6020864584887738,0
19.547,0.6960910239127136,0
19.549,0.7524614343794349,0
19.551,0.7512978315246258,0
19.552,0.6962130276883262,0
19.555,0.6084547999045683,0
19.556,0.5163982960488721,0
19.559,0.445383269916337,0
19.56,0.4083691840806641,0
19.562,0.4043084896833157,0
19.564,0.4222407769667419,0
19.567,0.4398631861224557,0
19.569,0.4411226456641872,0
19.571,0.4190243054759421,0
19.572,0.3692047588453355,0
19.575,0.308715057931145,0
19.576,0.2476407184497553,0
19.578,0.1898692245045854,0
19.58,0.1461389403191055,0
19.583,0.1165565272602427,0
19.585,0.1011221549869425,0
19.587,0.1039834744664499,0
19.588,0.1177000428446372,0
19.59,0.1214771613702367,0
19.592,0.1100952713152615,0
19.593,0.0835385762947451,0
19.595,0.0386596738168849,0
19.598,0.0021644575191217,0
19.599,-0.0186401251071059,0
19.601,-0.032338396294455,0
19.604,-0.0282940499686535,0
19.606,-0.0243766251514352,0
19.608,-0.0250471223203719,0
19.609,-0.021424592852396,0
19.611,-0.0248261631938349,0
19.614,-0.0302129945194791,0
19.615,-0.0412329714951789,0
19.617,-0.0655593878999471,0
19.619,-0.0978127551061153,0
19.622,-0.1226773880076123,0
19.624,-0.137830689183498,0
19.625,-0.1391207621648552,0
19.628,-0.1255087921634659,0
19.628,-0.1125141965069574,0
19.631,-0.1061468264626184,0
19.632,-0.1037849237631017,0
19.634,-0.1128953081800366,0
19.636,-0.1228753061931138,0
19.639,-0.1307216777220975,0
19.641,-0.1385093431587898,0
19.643,-0.1421059584972459,0
19.644,-0.1536131138213634,0
19.647,-0.1723639860804429,0
19.648,-0.1879775871491475,0
19.651,-0.2073179432766602,0
19.652,-0.2236737469618934,0
19.654,-0.237323988665382,0
19.656,-0.2516565398584706,0
19.659,-0.2617214712384,0
19.661,-0.2855135755793367,0
19.663,-0.3187886998380243,0
19.664,-0.3436766478169861,0
19.667,-0.3607415120906643,0
19.668,-0.3817976930112793,0
19.67,-0.4080639415187626,0
19.671,-0.4424888016563163,0
19.673,-0.4894135345005077,0
19.676,-0.5300974647800581,0
19.678,-0.5659713747672991,0
19.68,-0.6119094580186595,0
19.681,-0.6594374522826618,0
19.684,-0.7077054355242332,0
19.686,-0.756034302207388,0
19.687,-0.8063741501498763,0
19.689,-0.8579099694123267,0
19.691,-0.9017717656801316,0
19.694,-0.9416155718393294,0
19.696,-0.9910018344310948,0
19.697,-1.0508838941806105,0
19.7,-1.0990330549187983,0
19.702,-1.1328374200601414,0
19.703,-1.1579550615316805,0
19.705,-1.1631221257594946,0
19.707,-1.1501858856458067,0
19.71,-1.1143806104260223,0
19.711,-1.0509900455613397,0
19.712,-0.9568111431692282,0
19.715,-0.8244967388707897,0
19.717,-0.654691366424573,0
19.719,-0.4592921472919883,0
19.72,-0.2438153063449853,0
19.723,-0.0160045220935363,0
19.724,0.2112326393104228,0
19.726,0.424484727570643,0
19.728,0.6125819996827886,0
19.73,0.7628107962100384,0
19.733,0.8689288301003649,0
19.735,0.9300316516701777,0
19.736,0.9482060986066464,0
19.739,0.931155465614808,0
19.74,0.8889350024474391,0
19.743,0.8331020569441823,0
19.744,0.7728396671792948,0
19.746,0.7254103380623349,0
19.748,0.6956337716103418,0
19.751,0.6816585175248238,0
19.753,0.6826439304895557,0
19.753,0.6761381481094595,0
19.756,0.6590526581283206,0
19.758,0.6347779474043853,0
19.759,0.5955598201435297,0
19.761,0.5603458066045411,0
19.763,0.5323027006608197,0
19.766,0.5045241928982603,0
19.767,0.4830680831055546,0
19.769,0.4643134420831257,0
19.772,0.4495493521965254,0
19.774,0.444753957623956,0
19.776,0.4505399400328845,0
19.777,0.4418435958882096,0
19.779,0.4181720883598108,0
19.782,0.3930189963951154,0
19.783,0.3604840665788401,0
19.785,0.3326161122725091,0
19.788,0.3110556819430436,0
19.79,0.2852464781342441,0
19.792,0.2581487010563353,0
19.793,0.2339976672914851,0
19.795,0.2120295626308177,0
19.796,0.1924642563701243,0
19.799,0.176213924517558,0
19.8,0.1587375258517482,0
19.802,0.1401144778858917,0
19.804,0.1233954191397462,0
19.807,0.1077067797704889,0
19.809,0.0953997583766351,0
19.811,0.0870782171987633,0
19.812,0.081090369334356,0
19.815,0.078230476929933,0
19.816,0.0781130385478426,0
19.819,0.0807154304432386,0
19.82,0.0870043286622039,0
19.822,0.0969946437585097,0
19.825,0.0997164371302319,0
19.827,0.0943194002097808,0
19.828,0.0860793947888833,0
19.831,0.0719755494803729,0
19.832,0.0587001060619555,0
19.835,0.0466610114651143,0
19.836,0.0298679457406427,0
19.838,0.0096767710128099,0
19.839,-0.0063238223582452,0
19.841,-0.0182423558321954,0
19.844,-0.0288447502670111,0
19.846,-0.0362848152488907,0
19.848,-0.0466015065593969,0
19.849,-0.060144963626562,0
19.851,-0.0723962782808524,0
19.854,-0.0847004326284155,0
19.855,-0.0954353394699133,0
19.857,-0.1039486113768351,0
19.859,-0.1119628415674125,0
19.862,-0.1188897529996616,0
19.864,-0.1245620474587699,0
19.865,-0.1290805739765887,0
19.868,-0.1319727611724171,0
19.87,-0.1331734567611645,0
19.871,-0.1353857856704591,0
19.873,-0.1387227975991171,0
19.875,-0.1417992600192096,0
19.878,-0.1452929308168488,0
19.878,-0.1474833027675373,0
19.881,-0.1481961456109606,0
19.883,-0.1488349991141741,0
19.884,-0.1489931320220648,0
19.887,-0.149326105312972,0
19.888,-0.1500554333518841,0
19.891,-0.1505754796260343,0
19.892,-0.1511155715394474,0
19.894,-0.1516040817656541,0
19.896,-0.1520045966271253,0
19.899,-0.1525684193897727,0
19.901,-0.1532910899048473,0
19.903,-0.1530825583636023,0
19.904,-0.1518969552501695,0
19.907,-0.1502671655366564,0
19.908,-0.147915658186449,0
19.911,-0.1455505267198289,0
19.912,-0.1432338608483696,0
19.914,-0.1403845200338125,0
19.916,-0.1371641189191292,0
19.919,-0.1341503027731311,0
19.92,-0.1313344130293712,0
19.921,-0.1285607290766333,0
19.924,-0.1259778838836293,0
19.926,-0.1231199675787349,0
19.927,-0.1199796790606181,0
19.929,-0.1169207658717371,0
19.931,-0.1138525447459591,0
19.934,-0.110597585988244,0
19.936,-0.1071876878147856,0
19.937,-0.1036520964180885,0
19.94,-0.0999579754807392,0
19.942,-0.0963170625723252,0
19.944,-0.0927420976846421,0
19.945,-0.0891067245289771,0
19.947,-0.0854631348684145,0
19.95,-0.0825946475826288,0
19.951,-0.0805767708837694,0
19.953,-0.0790875260569307,0
19.956,-0.078359142375252,0
19.958,-0.0779218969997378,0
19.96,-0.0777729712216741,0
19.961,-0.0783655905725289,0
19.963,-0.079623613347894,0
19.964,-0.0810322481255007,0
19.967,-0.0826221873430737,0
19.968,-0.084610340454433,0
19.97,-0.0868885164585352,0
19.973,-0.0899106748383244,0
19.975,-0.0937241434485794,0
19.976,-0.0980295781266835,0
19.979,-0.1029456252885668,0
19.98,-0.1065378520372815,0
19.983,-0.1085929528544035,0
19.984,-0.1101171729524587,0
19.986,-0.1105548253493491,0
19.988,-0.1109700783337185,0
19.991,-0.1114282183374072,0
19.993,-0.1108997123965142,0
19.995,-0.1095890122570173,0
19.996,-0.1090306878158331,0
19.999,-0.1092132769968317,0
20.0,-0.1095202733968161,0
