column,field_group,definition,unit,formal_predictor,predictor_scope,used_for_grouping_or_lineage,used_for_fixed_alpha_calibration,used_for_evaluation_scope,boundary_note,locked_model_input,locked_input_role,locked_feature_branches,selected_fold_components
chamber,model_context_and_identity,"Respiration-chamber identity (A1, B1 or B2), one-hot encoded inside each training fold; it entered every locked ensemble component.",dimensionless categorical label,yes,actual input to at least one locked fold component; see locked_model_features_by_fold.csv,yes,no,no,,yes,categorical,compact_base|compact_feed_event|full_motion|full_motion_feed_event,F1-C1:compact_base:cat_d8|F1-C2:full_motion_feed_event:elastic|F1-C3:compact_feed_event:rf_leaf3|F2-C1:full_motion_feed_event:elastic|F2-C2:full_motion_feed_event:extra_leaf3|F2-C3:compact_base:cat_d8|F3-C1:full_motion_feed_event:elastic|F3-C2:full_motion_feed_event:cat_d7|F3-C3:full_motion_feed_event:extra_leaf1|F4-C1:full_motion:cat_d8|F4-C2:full_motion_feed_event:xgb_d3|F4-C3:full_motion_feed_event:extra_leaf1|F5-C1:full_motion:cat_d8|F5-C2:full_motion:lgb_medium|F5-C3:full_motion:histgb
pig,identity_and_experimental_unit,"Identifier used to trace the animal, chamber, period, or experimental unit.",dimensionless or categorical,no,not a formal predictor,yes,yes,yes,,no,not an input,,
animal_id,identity_and_experimental_unit,"Identifier used to trace the animal, chamber, period, or experimental unit.",dimensionless or categorical,no,not a formal predictor,yes,no,no,,no,not an input,,
ear_tag,identity_and_experimental_unit,"Identifier used to trace the animal, chamber, period, or experimental unit.",dimensionless or categorical,no,not a formal predictor,yes,no,no,,no,not an input,,
experimental_unit,identity_and_experimental_unit,"Identifier used to trace the animal, chamber, period, or experimental unit.",dimensionless or categorical,no,not a formal predictor,yes,yes,yes,,no,not an input,,
legacy_pig,identity_and_experimental_unit,"Identifier used to trace the animal, chamber, period, or experimental unit.",dimensionless or categorical,no,not a formal predictor,yes,no,no,,no,not an input,,
period,identity_and_experimental_unit,"Identifier used to trace the animal, chamber, period, or experimental unit.",dimensionless or categorical,no,not a formal predictor,yes,no,no,,no,not an input,,
datetime,time_and_window,Right-aligned timestamp of the 30-min analysis window.,dimensionless or categorical,no,not a formal predictor,no,yes,yes,,no,not an input,,
weight,body_weight,Time-varying body-weight input retained exactly as used in the locked analysis panel.,kg,yes,actual input to at least one locked fold component; see locked_model_features_by_fold.csv,no,no,no,Derived analysis input; not a new weighing at every 30-min window. Source/audit weight fields are retained separately and are not direct predictors.,yes,numeric,compact_base|compact_feed_event|full_motion|full_motion_feed_event,F1-C1:compact_base:cat_d8|F1-C2:full_motion_feed_event:elastic|F1-C3:compact_feed_event:rf_leaf3|F2-C1:full_motion_feed_event:elastic|F2-C2:full_motion_feed_event:extra_leaf3|F2-C3:compact_base:cat_d8|F3-C1:full_motion_feed_event:elastic|F3-C2:full_motion_feed_event:cat_d7|F3-C3:full_motion_feed_event:extra_leaf1|F4-C1:full_motion:cat_d8|F4-C2:full_motion_feed_event:xgb_d3|F4-C3:full_motion_feed_event:extra_leaf1|F5-C1:full_motion:cat_d8|F5-C2:full_motion:lgb_medium|F5-C3:full_motion:histgb
weight_start,body_weight,Analysis-panel field weight_start.,kg,no,not a formal predictor,no,no,no,,no,not an input,,
weight_end,body_weight,Analysis-panel field weight_end.,kg,no,not a formal predictor,no,no,no,,no,not an input,,
adapt_weight_kg,body_weight,Archived source/audit body-weight field (adapt_weight_kg); retained for traceability and not used directly as a formal predictor.,kg,no,not a formal predictor,no,no,no,Audit/source field only; its label must not be interpreted as an additional confirmed public weighing time.,no,not an input,,
formal_weight_kg,body_weight,Archived source/audit body-weight field (formal_weight_kg); retained for traceability and not used directly as a formal predictor.,kg,no,not a formal predictor,no,no,no,Audit/source field only; its label must not be interpreted as an additional confirmed public weighing time.,no,not an input,,
prefast_weight_kg,body_weight,Archived source/audit body-weight field (prefast_weight_kg); retained for traceability and not used directly as a formal predictor.,kg,no,not a formal predictor,no,no,no,Audit/source field only; its label must not be interpreted as an additional confirmed public weighing time.,no,not an input,,
postfast_weight_kg,body_weight,Archived source/audit body-weight field (postfast_weight_kg); retained for traceability and not used directly as a formal predictor.,kg,no,not a formal predictor,no,no,no,Audit/source field only; its label must not be interpreted as an additional confirmed public weighing time.,no,not an input,,
weight_fraction_phase,body_weight,Analysis-panel field weight_fraction_phase.,fraction,no,not a formal predictor,no,no,no,,no,not an input,,
weight_anchor_start_kg,body_weight,Analysis-panel field weight_anchor_start_kg.,kg,no,not a formal predictor,no,no,no,,no,not an input,,
weight_anchor_end_kg,body_weight,Analysis-panel field weight_anchor_end_kg.,kg,no,not a formal predictor,no,no,no,,no,not an input,,
is_big,body_weight,Analysis-panel field is_big.,dimensionless or categorical,no,not a formal predictor,no,no,no,,no,not an input,,
win_s,time_and_window,"Effective source calorimetry-record interval in seconds, taken from the source interval field and clipped to 150–420 s; the same duration set the backward ECG/IMU extraction window and entered every locked ensemble component.",s,yes,actual input to at least one locked fold component; see locked_model_features_by_fold.csv,no,no,no,,yes,numeric,compact_base|compact_feed_event|full_motion|full_motion_feed_event,F1-C1:compact_base:cat_d8|F1-C2:full_motion_feed_event:elastic|F1-C3:compact_feed_event:rf_leaf3|F2-C1:full_motion_feed_event:elastic|F2-C2:full_motion_feed_event:extra_leaf3|F2-C3:compact_base:cat_d8|F3-C1:full_motion_feed_event:elastic|F3-C2:full_motion_feed_event:cat_d7|F3-C3:full_motion_feed_event:extra_leaf1|F4-C1:full_motion:cat_d8|F4-C2:full_motion_feed_event:xgb_d3|F4-C3:full_motion_feed_event:extra_leaf1|F5-C1:full_motion:cat_d8|F5-C2:full_motion:lgb_medium|F5-C3:full_motion:histgb
HP_kcal,target,Mean 5-min HP quantity represented by the 30-min window; multiplied by 6 only for manuscript reporting in kcal per 30 min.,kcal per 5-min equivalent; multiply by 6 for reported kcal per 30 min,no,not a formal predictor,no,yes,yes,,no,not an input,,
小室温度(℃),environment,Respiration-chamber environmental condition aligned to the analysis window.,degree Celsius,yes,actual input to at least one locked fold component; see locked_model_features_by_fold.csv,no,no,no,,yes,numeric,compact_base|compact_feed_event|full_motion|full_motion_feed_event,F1-C1:compact_base:cat_d8|F1-C2:full_motion_feed_event:elastic|F1-C3:compact_feed_event:rf_leaf3|F2-C1:full_motion_feed_event:elastic|F2-C2:full_motion_feed_event:extra_leaf3|F2-C3:compact_base:cat_d8|F3-C1:full_motion_feed_event:elastic|F3-C2:full_motion_feed_event:cat_d7|F3-C3:full_motion_feed_event:extra_leaf1|F4-C1:full_motion:cat_d8|F4-C2:full_motion_feed_event:xgb_d3|F4-C3:full_motion_feed_event:extra_leaf1|F5-C1:full_motion:cat_d8|F5-C2:full_motion:lgb_medium|F5-C3:full_motion:histgb
小室湿度(%),environment,Respiration-chamber environmental condition aligned to the analysis window.,% relative humidity,yes,actual input to at least one locked fold component; see locked_model_features_by_fold.csv,no,no,no,,yes,numeric,compact_base|compact_feed_event|full_motion|full_motion_feed_event,F1-C1:compact_base:cat_d8|F1-C2:full_motion_feed_event:elastic|F1-C3:compact_feed_event:rf_leaf3|F2-C1:full_motion_feed_event:elastic|F2-C2:full_motion_feed_event:extra_leaf3|F2-C3:compact_base:cat_d8|F3-C1:full_motion_feed_event:elastic|F3-C2:full_motion_feed_event:cat_d7|F3-C3:full_motion_feed_event:extra_leaf1|F4-C1:full_motion:cat_d8|F4-C2:full_motion_feed_event:xgb_d3|F4-C3:full_motion_feed_event:extra_leaf1|F5-C1:full_motion:cat_d8|F5-C2:full_motion:lgb_medium|F5-C3:full_motion:histgb
hour_of_day,time_and_window,Analysis-panel field hour_of_day.,hour,yes,actual input to at least one locked fold component; see locked_model_features_by_fold.csv,no,no,no,,yes,numeric,compact_base|compact_feed_event|full_motion|full_motion_feed_event,F1-C1:compact_base:cat_d8|F1-C2:full_motion_feed_event:elastic|F1-C3:compact_feed_event:rf_leaf3|F2-C1:full_motion_feed_event:elastic|F2-C2:full_motion_feed_event:extra_leaf3|F2-C3:compact_base:cat_d8|F3-C1:full_motion_feed_event:elastic|F3-C2:full_motion_feed_event:cat_d7|F3-C3:full_motion_feed_event:extra_leaf1|F4-C1:full_motion:cat_d8|F4-C2:full_motion_feed_event:xgb_d3|F4-C3:full_motion_feed_event:extra_leaf1|F5-C1:full_motion:cat_d8|F5-C2:full_motion:lgb_medium|F5-C3:full_motion:histgb
sin_hour,time_and_window,Analysis-panel field sin_hour.,dimensionless cyclical encoding,yes,actual input to at least one locked fold component; see locked_model_features_by_fold.csv,no,no,no,,yes,numeric,compact_base|compact_feed_event|full_motion|full_motion_feed_event,F1-C1:compact_base:cat_d8|F1-C2:full_motion_feed_event:elastic|F1-C3:compact_feed_event:rf_leaf3|F2-C1:full_motion_feed_event:elastic|F2-C2:full_motion_feed_event:extra_leaf3|F2-C3:compact_base:cat_d8|F3-C1:full_motion_feed_event:elastic|F3-C2:full_motion_feed_event:cat_d7|F3-C3:full_motion_feed_event:extra_leaf1|F4-C1:full_motion:cat_d8|F4-C2:full_motion_feed_event:xgb_d3|F4-C3:full_motion_feed_event:extra_leaf1|F5-C1:full_motion:cat_d8|F5-C2:full_motion:lgb_medium|F5-C3:full_motion:histgb
cos_hour,time_and_window,Analysis-panel field cos_hour.,dimensionless cyclical encoding,yes,actual input to at least one locked fold component; see locked_model_features_by_fold.csv,no,no,no,,yes,numeric,compact_base|compact_feed_event|full_motion|full_motion_feed_event,F1-C1:compact_base:cat_d8|F1-C2:full_motion_feed_event:elastic|F1-C3:compact_feed_event:rf_leaf3|F2-C1:full_motion_feed_event:elastic|F2-C2:full_motion_feed_event:extra_leaf3|F2-C3:compact_base:cat_d8|F3-C1:full_motion_feed_event:elastic|F3-C2:full_motion_feed_event:cat_d7|F3-C3:full_motion_feed_event:extra_leaf1|F4-C1:full_motion:cat_d8|F4-C2:full_motion_feed_event:xgb_d3|F4-C3:full_motion_feed_event:extra_leaf1|F5-C1:full_motion:cat_d8|F5-C2:full_motion:lgb_medium|F5-C3:full_motion:histgb
move_coverage,IMU_motion,Thirty-minute summary or coverage descriptor for the IMU-derived feature move_coverage.,fraction or binary indicator,yes,actual input to at least one locked fold component; see locked_model_features_by_fold.csv,no,no,no,,yes,numeric,compact_base|compact_feed_event|full_motion|full_motion_feed_event,F1-C1:compact_base:cat_d8|F1-C2:full_motion_feed_event:elastic|F1-C3:compact_feed_event:rf_leaf3|F2-C1:full_motion_feed_event:elastic|F2-C2:full_motion_feed_event:extra_leaf3|F2-C3:compact_base:cat_d8|F3-C1:full_motion_feed_event:elastic|F3-C2:full_motion_feed_event:cat_d7|F3-C3:full_motion_feed_event:extra_leaf1|F4-C1:full_motion:cat_d8|F4-C2:full_motion_feed_event:xgb_d3|F4-C3:full_motion_feed_event:extra_leaf1|F5-C1:full_motion:cat_d8|F5-C2:full_motion:lgb_medium|F5-C3:full_motion:histgb
beat_count,ECG_HR_HRV,Thirty-minute ECG/heart-rate descriptor beat_count.,count,yes,actual input to at least one locked fold component; see locked_model_features_by_fold.csv,no,no,no,,yes,numeric,compact_base|compact_feed_event|full_motion|full_motion_feed_event,F1-C1:compact_base:cat_d8|F1-C2:full_motion_feed_event:elastic|F1-C3:compact_feed_event:rf_leaf3|F2-C1:full_motion_feed_event:elastic|F2-C2:full_motion_feed_event:extra_leaf3|F2-C3:compact_base:cat_d8|F3-C1:full_motion_feed_event:elastic|F3-C2:full_motion_feed_event:cat_d7|F3-C3:full_motion_feed_event:extra_leaf1|F4-C1:full_motion:cat_d8|F4-C2:full_motion_feed_event:xgb_d3|F4-C3:full_motion_feed_event:extra_leaf1|F5-C1:full_motion:cat_d8|F5-C2:full_motion:lgb_medium|F5-C3:full_motion:histgb
hr_valid_frac,ECG_HR_HRV,Thirty-minute ECG/heart-rate descriptor hr_valid_frac.,fraction or binary indicator,no,not a formal predictor,no,no,no,,no,not an input,,
HR_mean,ECG_HR_HRV,Thirty-minute ECG/heart-rate descriptor HR_mean.,beats per minute,yes,actual input to at least one locked fold component; see locked_model_features_by_fold.csv,no,no,no,,yes,numeric,compact_base|compact_feed_event|full_motion|full_motion_feed_event,F1-C1:compact_base:cat_d8|F1-C2:full_motion_feed_event:elastic|F1-C3:compact_feed_event:rf_leaf3|F2-C1:full_motion_feed_event:elastic|F2-C2:full_motion_feed_event:extra_leaf3|F2-C3:compact_base:cat_d8|F3-C1:full_motion_feed_event:elastic|F3-C2:full_motion_feed_event:cat_d7|F3-C3:full_motion_feed_event:extra_leaf1|F4-C1:full_motion:cat_d8|F4-C2:full_motion_feed_event:xgb_d3|F4-C3:full_motion_feed_event:extra_leaf1|F5-C1:full_motion:cat_d8|F5-C2:full_motion:lgb_medium|F5-C3:full_motion:histgb
HR_std,ECG_HR_HRV,Thirty-minute ECG/heart-rate descriptor HR_std.,beats per minute,yes,actual input to at least one locked fold component; see locked_model_features_by_fold.csv,no,no,no,,yes,numeric,compact_base|compact_feed_event|full_motion|full_motion_feed_event,F1-C1:compact_base:cat_d8|F1-C2:full_motion_feed_event:elastic|F1-C3:compact_feed_event:rf_leaf3|F2-C1:full_motion_feed_event:elastic|F2-C2:full_motion_feed_event:extra_leaf3|F2-C3:compact_base:cat_d8|F3-C1:full_motion_feed_event:elastic|F3-C2:full_motion_feed_event:cat_d7|F3-C3:full_motion_feed_event:extra_leaf1|F4-C1:full_motion:cat_d8|F4-C2:full_motion_feed_event:xgb_d3|F4-C3:full_motion_feed_event:extra_leaf1|F5-C1:full_motion:cat_d8|F5-C2:full_motion:lgb_medium|F5-C3:full_motion:histgb
RR_mean,ECG_HR_HRV,Thirty-minute ECG/heart-rate descriptor RR_mean.,ms,yes,actual input to at least one locked fold component; see locked_model_features_by_fold.csv,no,no,no,,yes,numeric,compact_base|compact_feed_event|full_motion|full_motion_feed_event,F1-C1:compact_base:cat_d8|F1-C2:full_motion_feed_event:elastic|F1-C3:compact_feed_event:rf_leaf3|F2-C1:full_motion_feed_event:elastic|F2-C2:full_motion_feed_event:extra_leaf3|F2-C3:compact_base:cat_d8|F3-C1:full_motion_feed_event:elastic|F3-C2:full_motion_feed_event:cat_d7|F3-C3:full_motion_feed_event:extra_leaf1|F4-C1:full_motion:cat_d8|F4-C2:full_motion_feed_event:xgb_d3|F4-C3:full_motion_feed_event:extra_leaf1|F5-C1:full_motion:cat_d8|F5-C2:full_motion:lgb_medium|F5-C3:full_motion:histgb
SDNN,ECG_HR_HRV,Thirty-minute ECG/heart-rate descriptor SDNN.,ms,yes,actual input to at least one locked fold component; see locked_model_features_by_fold.csv,no,no,no,,yes,numeric,compact_base|compact_feed_event|full_motion|full_motion_feed_event,F1-C1:compact_base:cat_d8|F1-C2:full_motion_feed_event:elastic|F1-C3:compact_feed_event:rf_leaf3|F2-C1:full_motion_feed_event:elastic|F2-C2:full_motion_feed_event:extra_leaf3|F2-C3:compact_base:cat_d8|F3-C1:full_motion_feed_event:elastic|F3-C2:full_motion_feed_event:cat_d7|F3-C3:full_motion_feed_event:extra_leaf1|F4-C1:full_motion:cat_d8|F4-C2:full_motion_feed_event:xgb_d3|F4-C3:full_motion_feed_event:extra_leaf1|F5-C1:full_motion:cat_d8|F5-C2:full_motion:lgb_medium|F5-C3:full_motion:histgb
RMSSD,ECG_HR_HRV,Thirty-minute ECG/heart-rate descriptor RMSSD.,ms,yes,actual input to at least one locked fold component; see locked_model_features_by_fold.csv,no,no,no,,yes,numeric,compact_base|compact_feed_event|full_motion|full_motion_feed_event,F1-C1:compact_base:cat_d8|F1-C2:full_motion_feed_event:elastic|F1-C3:compact_feed_event:rf_leaf3|F2-C1:full_motion_feed_event:elastic|F2-C2:full_motion_feed_event:extra_leaf3|F2-C3:compact_base:cat_d8|F3-C1:full_motion_feed_event:elastic|F3-C2:full_motion_feed_event:cat_d7|F3-C3:full_motion_feed_event:extra_leaf1|F4-C1:full_motion:cat_d8|F4-C2:full_motion_feed_event:xgb_d3|F4-C3:full_motion_feed_event:extra_leaf1|F5-C1:full_motion:cat_d8|F5-C2:full_motion:lgb_medium|F5-C3:full_motion:histgb
pNN50,ECG_HR_HRV,Thirty-minute ECG/heart-rate descriptor pNN50.,fraction or binary indicator,yes,actual input to at least one locked fold component; see locked_model_features_by_fold.csv,no,no,no,,yes,numeric,compact_base|compact_feed_event|full_motion|full_motion_feed_event,F1-C1:compact_base:cat_d8|F1-C2:full_motion_feed_event:elastic|F1-C3:compact_feed_event:rf_leaf3|F2-C1:full_motion_feed_event:elastic|F2-C2:full_motion_feed_event:extra_leaf3|F2-C3:compact_base:cat_d8|F3-C1:full_motion_feed_event:elastic|F3-C2:full_motion_feed_event:cat_d7|F3-C3:full_motion_feed_event:extra_leaf1|F4-C1:full_motion:cat_d8|F4-C2:full_motion_feed_event:xgb_d3|F4-C3:full_motion_feed_event:extra_leaf1|F5-C1:full_motion:cat_d8|F5-C2:full_motion:lgb_medium|F5-C3:full_motion:histgb
RR_cv,ECG_HR_HRV,Thirty-minute ECG/heart-rate descriptor RR_cv.,ms,yes,actual input to at least one locked fold component; see locked_model_features_by_fold.csv,no,no,no,,yes,numeric,compact_base|compact_feed_event|full_motion|full_motion_feed_event,F1-C1:compact_base:cat_d8|F1-C2:full_motion_feed_event:elastic|F1-C3:compact_feed_event:rf_leaf3|F2-C1:full_motion_feed_event:elastic|F2-C2:full_motion_feed_event:extra_leaf3|F2-C3:compact_base:cat_d8|F3-C1:full_motion_feed_event:elastic|F3-C2:full_motion_feed_event:cat_d7|F3-C3:full_motion_feed_event:extra_leaf1|F4-C1:full_motion:cat_d8|F4-C2:full_motion_feed_event:xgb_d3|F4-C3:full_motion_feed_event:extra_leaf1|F5-C1:full_motion:cat_d8|F5-C2:full_motion:lgb_medium|F5-C3:full_motion:histgb
RR_skew,ECG_HR_HRV,Thirty-minute ECG/heart-rate descriptor RR_skew.,ms,yes,actual input to at least one locked fold component; see locked_model_features_by_fold.csv,no,no,no,,yes,numeric,compact_base|compact_feed_event|full_motion|full_motion_feed_event,F1-C1:compact_base:cat_d8|F1-C2:full_motion_feed_event:elastic|F1-C3:compact_feed_event:rf_leaf3|F2-C1:full_motion_feed_event:elastic|F2-C2:full_motion_feed_event:extra_leaf3|F2-C3:compact_base:cat_d8|F3-C1:full_motion_feed_event:elastic|F3-C2:full_motion_feed_event:cat_d7|F3-C3:full_motion_feed_event:extra_leaf1|F4-C1:full_motion:cat_d8|F4-C2:full_motion_feed_event:xgb_d3|F4-C3:full_motion_feed_event:extra_leaf1|F5-C1:full_motion:cat_d8|F5-C2:full_motion:lgb_medium|F5-C3:full_motion:histgb
RR_kurt,ECG_HR_HRV,Thirty-minute ECG/heart-rate descriptor RR_kurt.,ms,yes,actual input to at least one locked fold component; see locked_model_features_by_fold.csv,no,no,no,,yes,numeric,compact_base|compact_feed_event|full_motion|full_motion_feed_event,F1-C1:compact_base:cat_d8|F1-C2:full_motion_feed_event:elastic|F1-C3:compact_feed_event:rf_leaf3|F2-C1:full_motion_feed_event:elastic|F2-C2:full_motion_feed_event:extra_leaf3|F2-C3:compact_base:cat_d8|F3-C1:full_motion_feed_event:elastic|F3-C2:full_motion_feed_event:cat_d7|F3-C3:full_motion_feed_event:extra_leaf1|F4-C1:full_motion:cat_d8|F4-C2:full_motion_feed_event:xgb_d3|F4-C3:full_motion_feed_event:extra_leaf1|F5-C1:full_motion:cat_d8|F5-C2:full_motion:lgb_medium|F5-C3:full_motion:histgb
RR_range,ECG_HR_HRV,Thirty-minute ECG/heart-rate descriptor RR_range.,ms,yes,actual input to at least one locked fold component; see locked_model_features_by_fold.csv,no,no,no,,yes,numeric,compact_base|compact_feed_event|full_motion|full_motion_feed_event,F1-C1:compact_base:cat_d8|F1-C2:full_motion_feed_event:elastic|F1-C3:compact_feed_event:rf_leaf3|F2-C1:full_motion_feed_event:elastic|F2-C2:full_motion_feed_event:extra_leaf3|F2-C3:compact_base:cat_d8|F3-C1:full_motion_feed_event:elastic|F3-C2:full_motion_feed_event:cat_d7|F3-C3:full_motion_feed_event:extra_leaf1|F4-C1:full_motion:cat_d8|F4-C2:full_motion_feed_event:xgb_d3|F4-C3:full_motion_feed_event:extra_leaf1|F5-C1:full_motion:cat_d8|F5-C2:full_motion:lgb_medium|F5-C3:full_motion:histgb
Acc_Mean_mean,IMU_motion,Thirty-minute summary or coverage descriptor for the IMU-derived feature Acc_Mean_mean.,sensor-feature dependent,yes,actual input to at least one locked fold component; see locked_model_features_by_fold.csv,no,no,no,,yes,numeric,compact_base|compact_feed_event|full_motion|full_motion_feed_event,F1-C1:compact_base:cat_d8|F1-C2:full_motion_feed_event:elastic|F1-C3:compact_feed_event:rf_leaf3|F2-C1:full_motion_feed_event:elastic|F2-C2:full_motion_feed_event:extra_leaf3|F2-C3:compact_base:cat_d8|F3-C1:full_motion_feed_event:elastic|F3-C2:full_motion_feed_event:cat_d7|F3-C3:full_motion_feed_event:extra_leaf1|F4-C1:full_motion:cat_d8|F4-C2:full_motion_feed_event:xgb_d3|F4-C3:full_motion_feed_event:extra_leaf1|F5-C1:full_motion:cat_d8|F5-C2:full_motion:lgb_medium|F5-C3:full_motion:histgb
Acc_Mean_std,IMU_motion,Thirty-minute summary or coverage descriptor for the IMU-derived feature Acc_Mean_std.,sensor-feature dependent,yes,actual input to at least one locked fold component; see locked_model_features_by_fold.csv,no,no,no,,yes,numeric,compact_base|compact_feed_event|full_motion|full_motion_feed_event,F1-C1:compact_base:cat_d8|F1-C2:full_motion_feed_event:elastic|F1-C3:compact_feed_event:rf_leaf3|F2-C1:full_motion_feed_event:elastic|F2-C2:full_motion_feed_event:extra_leaf3|F2-C3:compact_base:cat_d8|F3-C1:full_motion_feed_event:elastic|F3-C2:full_motion_feed_event:cat_d7|F3-C3:full_motion_feed_event:extra_leaf1|F4-C1:full_motion:cat_d8|F4-C2:full_motion_feed_event:xgb_d3|F4-C3:full_motion_feed_event:extra_leaf1|F5-C1:full_motion:cat_d8|F5-C2:full_motion:lgb_medium|F5-C3:full_motion:histgb
Acc_Mean_p25,IMU_motion,Thirty-minute summary or coverage descriptor for the IMU-derived feature Acc_Mean_p25.,sensor-feature dependent,yes,actual input to at least one locked fold component; see locked_model_features_by_fold.csv,no,no,no,,yes,numeric,compact_base|compact_feed_event|full_motion|full_motion_feed_event,F1-C1:compact_base:cat_d8|F1-C2:full_motion_feed_event:elastic|F1-C3:compact_feed_event:rf_leaf3|F2-C1:full_motion_feed_event:elastic|F2-C2:full_motion_feed_event:extra_leaf3|F2-C3:compact_base:cat_d8|F3-C1:full_motion_feed_event:elastic|F3-C2:full_motion_feed_event:cat_d7|F3-C3:full_motion_feed_event:extra_leaf1|F4-C1:full_motion:cat_d8|F4-C2:full_motion_feed_event:xgb_d3|F4-C3:full_motion_feed_event:extra_leaf1|F5-C1:full_motion:cat_d8|F5-C2:full_motion:lgb_medium|F5-C3:full_motion:histgb
Acc_Mean_p75,IMU_motion,Thirty-minute summary or coverage descriptor for the IMU-derived feature Acc_Mean_p75.,sensor-feature dependent,yes,actual input to at least one locked fold component; see locked_model_features_by_fold.csv,no,no,no,,yes,numeric,compact_base|compact_feed_event|full_motion|full_motion_feed_event,F1-C1:compact_base:cat_d8|F1-C2:full_motion_feed_event:elastic|F1-C3:compact_feed_event:rf_leaf3|F2-C1:full_motion_feed_event:elastic|F2-C2:full_motion_feed_event:extra_leaf3|F2-C3:compact_base:cat_d8|F3-C1:full_motion_feed_event:elastic|F3-C2:full_motion_feed_event:cat_d7|F3-C3:full_motion_feed_event:extra_leaf1|F4-C1:full_motion:cat_d8|F4-C2:full_motion_feed_event:xgb_d3|F4-C3:full_motion_feed_event:extra_leaf1|F5-C1:full_motion:cat_d8|F5-C2:full_motion:lgb_medium|F5-C3:full_motion:histgb
Acc_Std_mean,IMU_motion,Thirty-minute summary or coverage descriptor for the IMU-derived feature Acc_Std_mean.,sensor-feature dependent,yes,actual input to at least one locked fold component; see locked_model_features_by_fold.csv,no,no,no,,yes,numeric,compact_base|compact_feed_event|full_motion|full_motion_feed_event,F1-C1:compact_base:cat_d8|F1-C2:full_motion_feed_event:elastic|F1-C3:compact_feed_event:rf_leaf3|F2-C1:full_motion_feed_event:elastic|F2-C2:full_motion_feed_event:extra_leaf3|F2-C3:compact_base:cat_d8|F3-C1:full_motion_feed_event:elastic|F3-C2:full_motion_feed_event:cat_d7|F3-C3:full_motion_feed_event:extra_leaf1|F4-C1:full_motion:cat_d8|F4-C2:full_motion_feed_event:xgb_d3|F4-C3:full_motion_feed_event:extra_leaf1|F5-C1:full_motion:cat_d8|F5-C2:full_motion:lgb_medium|F5-C3:full_motion:histgb
Acc_Std_std,IMU_motion,Thirty-minute summary or coverage descriptor for the IMU-derived feature Acc_Std_std.,sensor-feature dependent,yes,actual input to at least one locked fold component; see locked_model_features_by_fold.csv,no,no,no,,yes,numeric,compact_base|compact_feed_event|full_motion|full_motion_feed_event,F1-C1:compact_base:cat_d8|F1-C2:full_motion_feed_event:elastic|F1-C3:compact_feed_event:rf_leaf3|F2-C1:full_motion_feed_event:elastic|F2-C2:full_motion_feed_event:extra_leaf3|F2-C3:compact_base:cat_d8|F3-C1:full_motion_feed_event:elastic|F3-C2:full_motion_feed_event:cat_d7|F3-C3:full_motion_feed_event:extra_leaf1|F4-C1:full_motion:cat_d8|F4-C2:full_motion_feed_event:xgb_d3|F4-C3:full_motion_feed_event:extra_leaf1|F5-C1:full_motion:cat_d8|F5-C2:full_motion:lgb_medium|F5-C3:full_motion:histgb
Acc_Std_p25,IMU_motion,Thirty-minute summary or coverage descriptor for the IMU-derived feature Acc_Std_p25.,sensor-feature dependent,yes,actual input to at least one locked fold component; see locked_model_features_by_fold.csv,no,no,no,,yes,numeric,compact_base|compact_feed_event|full_motion|full_motion_feed_event,F1-C1:compact_base:cat_d8|F1-C2:full_motion_feed_event:elastic|F1-C3:compact_feed_event:rf_leaf3|F2-C1:full_motion_feed_event:elastic|F2-C2:full_motion_feed_event:extra_leaf3|F2-C3:compact_base:cat_d8|F3-C1:full_motion_feed_event:elastic|F3-C2:full_motion_feed_event:cat_d7|F3-C3:full_motion_feed_event:extra_leaf1|F4-C1:full_motion:cat_d8|F4-C2:full_motion_feed_event:xgb_d3|F4-C3:full_motion_feed_event:extra_leaf1|F5-C1:full_motion:cat_d8|F5-C2:full_motion:lgb_medium|F5-C3:full_motion:histgb
Acc_Std_p75,IMU_motion,Thirty-minute summary or coverage descriptor for the IMU-derived feature Acc_Std_p75.,sensor-feature dependent,yes,actual input to at least one locked fold component; see locked_model_features_by_fold.csv,no,no,no,,yes,numeric,compact_base|compact_feed_event|full_motion|full_motion_feed_event,F1-C1:compact_base:cat_d8|F1-C2:full_motion_feed_event:elastic|F1-C3:compact_feed_event:rf_leaf3|F2-C1:full_motion_feed_event:elastic|F2-C2:full_motion_feed_event:extra_leaf3|F2-C3:compact_base:cat_d8|F3-C1:full_motion_feed_event:elastic|F3-C2:full_motion_feed_event:cat_d7|F3-C3:full_motion_feed_event:extra_leaf1|F4-C1:full_motion:cat_d8|F4-C2:full_motion_feed_event:xgb_d3|F4-C3:full_motion_feed_event:extra_leaf1|F5-C1:full_motion:cat_d8|F5-C2:full_motion:lgb_medium|F5-C3:full_motion:histgb
Acc_Sum_mean,IMU_motion,Thirty-minute summary or coverage descriptor for the IMU-derived feature Acc_Sum_mean.,sensor-feature dependent,yes,actual input to at least one locked fold component; see locked_model_features_by_fold.csv,no,no,no,,yes,numeric,full_motion|full_motion_feed_event,F1-C2:full_motion_feed_event:elastic|F2-C1:full_motion_feed_event:elastic|F2-C2:full_motion_feed_event:extra_leaf3|F3-C1:full_motion_feed_event:elastic|F3-C2:full_motion_feed_event:cat_d7|F3-C3:full_motion_feed_event:extra_leaf1|F4-C1:full_motion:cat_d8|F4-C2:full_motion_feed_event:xgb_d3|F4-C3:full_motion_feed_event:extra_leaf1|F5-C1:full_motion:cat_d8|F5-C2:full_motion:lgb_medium|F5-C3:full_motion:histgb
Acc_Sum_std,IMU_motion,Thirty-minute summary or coverage descriptor for the IMU-derived feature Acc_Sum_std.,sensor-feature dependent,yes,actual input to at least one locked fold component; see locked_model_features_by_fold.csv,no,no,no,,yes,numeric,full_motion|full_motion_feed_event,F1-C2:full_motion_feed_event:elastic|F2-C1:full_motion_feed_event:elastic|F2-C2:full_motion_feed_event:extra_leaf3|F3-C1:full_motion_feed_event:elastic|F3-C2:full_motion_feed_event:cat_d7|F3-C3:full_motion_feed_event:extra_leaf1|F4-C1:full_motion:cat_d8|F4-C2:full_motion_feed_event:xgb_d3|F4-C3:full_motion_feed_event:extra_leaf1|F5-C1:full_motion:cat_d8|F5-C2:full_motion:lgb_medium|F5-C3:full_motion:histgb
Acc_Sum_p25,IMU_motion,Thirty-minute summary or coverage descriptor for the IMU-derived feature Acc_Sum_p25.,sensor-feature dependent,yes,actual input to at least one locked fold component; see locked_model_features_by_fold.csv,no,no,no,,yes,numeric,full_motion|full_motion_feed_event,F1-C2:full_motion_feed_event:elastic|F2-C1:full_motion_feed_event:elastic|F2-C2:full_motion_feed_event:extra_leaf3|F3-C1:full_motion_feed_event:elastic|F3-C2:full_motion_feed_event:cat_d7|F3-C3:full_motion_feed_event:extra_leaf1|F4-C1:full_motion:cat_d8|F4-C2:full_motion_feed_event:xgb_d3|F4-C3:full_motion_feed_event:extra_leaf1|F5-C1:full_motion:cat_d8|F5-C2:full_motion:lgb_medium|F5-C3:full_motion:histgb
Acc_Sum_p75,IMU_motion,Thirty-minute summary or coverage descriptor for the IMU-derived feature Acc_Sum_p75.,sensor-feature dependent,yes,actual input to at least one locked fold component; see locked_model_features_by_fold.csv,no,no,no,,yes,numeric,full_motion|full_motion_feed_event,F1-C2:full_motion_feed_event:elastic|F2-C1:full_motion_feed_event:elastic|F2-C2:full_motion_feed_event:extra_leaf3|F3-C1:full_motion_feed_event:elastic|F3-C2:full_motion_feed_event:cat_d7|F3-C3:full_motion_feed_event:extra_leaf1|F4-C1:full_motion:cat_d8|F4-C2:full_motion_feed_event:xgb_d3|F4-C3:full_motion_feed_event:extra_leaf1|F5-C1:full_motion:cat_d8|F5-C2:full_motion:lgb_medium|F5-C3:full_motion:histgb
Acc_Max_mean,IMU_motion,Thirty-minute summary or coverage descriptor for the IMU-derived feature Acc_Max_mean.,sensor-feature dependent,yes,actual input to at least one locked fold component; see locked_model_features_by_fold.csv,no,no,no,,yes,numeric,full_motion|full_motion_feed_event,F1-C2:full_motion_feed_event:elastic|F2-C1:full_motion_feed_event:elastic|F2-C2:full_motion_feed_event:extra_leaf3|F3-C1:full_motion_feed_event:elastic|F3-C2:full_motion_feed_event:cat_d7|F3-C3:full_motion_feed_event:extra_leaf1|F4-C1:full_motion:cat_d8|F4-C2:full_motion_feed_event:xgb_d3|F4-C3:full_motion_feed_event:extra_leaf1|F5-C1:full_motion:cat_d8|F5-C2:full_motion:lgb_medium|F5-C3:full_motion:histgb
Acc_Max_std,IMU_motion,Thirty-minute summary or coverage descriptor for the IMU-derived feature Acc_Max_std.,sensor-feature dependent,yes,actual input to at least one locked fold component; see locked_model_features_by_fold.csv,no,no,no,,yes,numeric,full_motion|full_motion_feed_event,F1-C2:full_motion_feed_event:elastic|F2-C1:full_motion_feed_event:elastic|F2-C2:full_motion_feed_event:extra_leaf3|F3-C1:full_motion_feed_event:elastic|F3-C2:full_motion_feed_event:cat_d7|F3-C3:full_motion_feed_event:extra_leaf1|F4-C1:full_motion:cat_d8|F4-C2:full_motion_feed_event:xgb_d3|F4-C3:full_motion_feed_event:extra_leaf1|F5-C1:full_motion:cat_d8|F5-C2:full_motion:lgb_medium|F5-C3:full_motion:histgb
Acc_Max_p25,IMU_motion,Thirty-minute summary or coverage descriptor for the IMU-derived feature Acc_Max_p25.,sensor-feature dependent,yes,actual input to at least one locked fold component; see locked_model_features_by_fold.csv,no,no,no,,yes,numeric,full_motion|full_motion_feed_event,F1-C2:full_motion_feed_event:elastic|F2-C1:full_motion_feed_event:elastic|F2-C2:full_motion_feed_event:extra_leaf3|F3-C1:full_motion_feed_event:elastic|F3-C2:full_motion_feed_event:cat_d7|F3-C3:full_motion_feed_event:extra_leaf1|F4-C1:full_motion:cat_d8|F4-C2:full_motion_feed_event:xgb_d3|F4-C3:full_motion_feed_event:extra_leaf1|F5-C1:full_motion:cat_d8|F5-C2:full_motion:lgb_medium|F5-C3:full_motion:histgb
Acc_Max_p75,IMU_motion,Thirty-minute summary or coverage descriptor for the IMU-derived feature Acc_Max_p75.,sensor-feature dependent,yes,actual input to at least one locked fold component; see locked_model_features_by_fold.csv,no,no,no,,yes,numeric,full_motion|full_motion_feed_event,F1-C2:full_motion_feed_event:elastic|F2-C1:full_motion_feed_event:elastic|F2-C2:full_motion_feed_event:extra_leaf3|F3-C1:full_motion_feed_event:elastic|F3-C2:full_motion_feed_event:cat_d7|F3-C3:full_motion_feed_event:extra_leaf1|F4-C1:full_motion:cat_d8|F4-C2:full_motion_feed_event:xgb_d3|F4-C3:full_motion_feed_event:extra_leaf1|F5-C1:full_motion:cat_d8|F5-C2:full_motion:lgb_medium|F5-C3:full_motion:histgb
Acc_Min_mean,IMU_motion,Thirty-minute summary or coverage descriptor for the IMU-derived feature Acc_Min_mean.,sensor-feature dependent,yes,actual input to at least one locked fold component; see locked_model_features_by_fold.csv,no,no,no,,yes,numeric,full_motion|full_motion_feed_event,F1-C2:full_motion_feed_event:elastic|F2-C1:full_motion_feed_event:elastic|F2-C2:full_motion_feed_event:extra_leaf3|F3-C1:full_motion_feed_event:elastic|F3-C2:full_motion_feed_event:cat_d7|F3-C3:full_motion_feed_event:extra_leaf1|F4-C1:full_motion:cat_d8|F4-C2:full_motion_feed_event:xgb_d3|F4-C3:full_motion_feed_event:extra_leaf1|F5-C1:full_motion:cat_d8|F5-C2:full_motion:lgb_medium|F5-C3:full_motion:histgb
Acc_Min_std,IMU_motion,Thirty-minute summary or coverage descriptor for the IMU-derived feature Acc_Min_std.,sensor-feature dependent,yes,actual input to at least one locked fold component; see locked_model_features_by_fold.csv,no,no,no,,yes,numeric,full_motion|full_motion_feed_event,F1-C2:full_motion_feed_event:elastic|F2-C1:full_motion_feed_event:elastic|F2-C2:full_motion_feed_event:extra_leaf3|F3-C1:full_motion_feed_event:elastic|F3-C2:full_motion_feed_event:cat_d7|F3-C3:full_motion_feed_event:extra_leaf1|F4-C1:full_motion:cat_d8|F4-C2:full_motion_feed_event:xgb_d3|F4-C3:full_motion_feed_event:extra_leaf1|F5-C1:full_motion:cat_d8|F5-C2:full_motion:lgb_medium|F5-C3:full_motion:histgb
Acc_Min_p25,IMU_motion,Thirty-minute summary or coverage descriptor for the IMU-derived feature Acc_Min_p25.,sensor-feature dependent,yes,actual input to at least one locked fold component; see locked_model_features_by_fold.csv,no,no,no,,yes,numeric,full_motion|full_motion_feed_event,F1-C2:full_motion_feed_event:elastic|F2-C1:full_motion_feed_event:elastic|F2-C2:full_motion_feed_event:extra_leaf3|F3-C1:full_motion_feed_event:elastic|F3-C2:full_motion_feed_event:cat_d7|F3-C3:full_motion_feed_event:extra_leaf1|F4-C1:full_motion:cat_d8|F4-C2:full_motion_feed_event:xgb_d3|F4-C3:full_motion_feed_event:extra_leaf1|F5-C1:full_motion:cat_d8|F5-C2:full_motion:lgb_medium|F5-C3:full_motion:histgb
Acc_Min_p75,IMU_motion,Thirty-minute summary or coverage descriptor for the IMU-derived feature Acc_Min_p75.,sensor-feature dependent,yes,actual input to at least one locked fold component; see locked_model_features_by_fold.csv,no,no,no,,yes,numeric,full_motion|full_motion_feed_event,F1-C2:full_motion_feed_event:elastic|F2-C1:full_motion_feed_event:elastic|F2-C2:full_motion_feed_event:extra_leaf3|F3-C1:full_motion_feed_event:elastic|F3-C2:full_motion_feed_event:cat_d7|F3-C3:full_motion_feed_event:extra_leaf1|F4-C1:full_motion:cat_d8|F4-C2:full_motion_feed_event:xgb_d3|F4-C3:full_motion_feed_event:extra_leaf1|F5-C1:full_motion:cat_d8|F5-C2:full_motion:lgb_medium|F5-C3:full_motion:histgb
Acc_Range_mean,IMU_motion,Thirty-minute summary or coverage descriptor for the IMU-derived feature Acc_Range_mean.,sensor-feature dependent,yes,actual input to at least one locked fold component; see locked_model_features_by_fold.csv,no,no,no,,yes,numeric,full_motion|full_motion_feed_event,F1-C2:full_motion_feed_event:elastic|F2-C1:full_motion_feed_event:elastic|F2-C2:full_motion_feed_event:extra_leaf3|F3-C1:full_motion_feed_event:elastic|F3-C2:full_motion_feed_event:cat_d7|F3-C3:full_motion_feed_event:extra_leaf1|F4-C1:full_motion:cat_d8|F4-C2:full_motion_feed_event:xgb_d3|F4-C3:full_motion_feed_event:extra_leaf1|F5-C1:full_motion:cat_d8|F5-C2:full_motion:lgb_medium|F5-C3:full_motion:histgb
Acc_Range_std,IMU_motion,Thirty-minute summary or coverage descriptor for the IMU-derived feature Acc_Range_std.,sensor-feature dependent,yes,actual input to at least one locked fold component; see locked_model_features_by_fold.csv,no,no,no,,yes,numeric,full_motion|full_motion_feed_event,F1-C2:full_motion_feed_event:elastic|F2-C1:full_motion_feed_event:elastic|F2-C2:full_motion_feed_event:extra_leaf3|F3-C1:full_motion_feed_event:elastic|F3-C2:full_motion_feed_event:cat_d7|F3-C3:full_motion_feed_event:extra_leaf1|F4-C1:full_motion:cat_d8|F4-C2:full_motion_feed_event:xgb_d3|F4-C3:full_motion_feed_event:extra_leaf1|F5-C1:full_motion:cat_d8|F5-C2:full_motion:lgb_medium|F5-C3:full_motion:histgb
Acc_Range_p25,IMU_motion,Thirty-minute summary or coverage descriptor for the IMU-derived feature Acc_Range_p25.,sensor-feature dependent,yes,actual input to at least one locked fold component; see locked_model_features_by_fold.csv,no,no,no,,yes,numeric,full_motion|full_motion_feed_event,F1-C2:full_motion_feed_event:elastic|F2-C1:full_motion_feed_event:elastic|F2-C2:full_motion_feed_event:extra_leaf3|F3-C1:full_motion_feed_event:elastic|F3-C2:full_motion_feed_event:cat_d7|F3-C3:full_motion_feed_event:extra_leaf1|F4-C1:full_motion:cat_d8|F4-C2:full_motion_feed_event:xgb_d3|F4-C3:full_motion_feed_event:extra_leaf1|F5-C1:full_motion:cat_d8|F5-C2:full_motion:lgb_medium|F5-C3:full_motion:histgb
Acc_Range_p75,IMU_motion,Thirty-minute summary or coverage descriptor for the IMU-derived feature Acc_Range_p75.,sensor-feature dependent,yes,actual input to at least one locked fold component; see locked_model_features_by_fold.csv,no,no,no,,yes,numeric,full_motion|full_motion_feed_event,F1-C2:full_motion_feed_event:elastic|F2-C1:full_motion_feed_event:elastic|F2-C2:full_motion_feed_event:extra_leaf3|F3-C1:full_motion_feed_event:elastic|F3-C2:full_motion_feed_event:cat_d7|F3-C3:full_motion_feed_event:extra_leaf1|F4-C1:full_motion:cat_d8|F4-C2:full_motion_feed_event:xgb_d3|F4-C3:full_motion_feed_event:extra_leaf1|F5-C1:full_motion:cat_d8|F5-C2:full_motion:lgb_medium|F5-C3:full_motion:histgb
Acc_P25_mean,IMU_motion,Thirty-minute summary or coverage descriptor for the IMU-derived feature Acc_P25_mean.,sensor-feature dependent,yes,actual input to at least one locked fold component; see locked_model_features_by_fold.csv,no,no,no,,yes,numeric,full_motion|full_motion_feed_event,F1-C2:full_motion_feed_event:elastic|F2-C1:full_motion_feed_event:elastic|F2-C2:full_motion_feed_event:extra_leaf3|F3-C1:full_motion_feed_event:elastic|F3-C2:full_motion_feed_event:cat_d7|F3-C3:full_motion_feed_event:extra_leaf1|F4-C1:full_motion:cat_d8|F4-C2:full_motion_feed_event:xgb_d3|F4-C3:full_motion_feed_event:extra_leaf1|F5-C1:full_motion:cat_d8|F5-C2:full_motion:lgb_medium|F5-C3:full_motion:histgb
Acc_P25_std,IMU_motion,Thirty-minute summary or coverage descriptor for the IMU-derived feature Acc_P25_std.,sensor-feature dependent,yes,actual input to at least one locked fold component; see locked_model_features_by_fold.csv,no,no,no,,yes,numeric,full_motion|full_motion_feed_event,F1-C2:full_motion_feed_event:elastic|F2-C1:full_motion_feed_event:elastic|F2-C2:full_motion_feed_event:extra_leaf3|F3-C1:full_motion_feed_event:elastic|F3-C2:full_motion_feed_event:cat_d7|F3-C3:full_motion_feed_event:extra_leaf1|F4-C1:full_motion:cat_d8|F4-C2:full_motion_feed_event:xgb_d3|F4-C3:full_motion_feed_event:extra_leaf1|F5-C1:full_motion:cat_d8|F5-C2:full_motion:lgb_medium|F5-C3:full_motion:histgb
Acc_P25_p25,IMU_motion,Thirty-minute summary or coverage descriptor for the IMU-derived feature Acc_P25_p25.,sensor-feature dependent,yes,actual input to at least one locked fold component; see locked_model_features_by_fold.csv,no,no,no,,yes,numeric,full_motion|full_motion_feed_event,F1-C2:full_motion_feed_event:elastic|F2-C1:full_motion_feed_event:elastic|F2-C2:full_motion_feed_event:extra_leaf3|F3-C1:full_motion_feed_event:elastic|F3-C2:full_motion_feed_event:cat_d7|F3-C3:full_motion_feed_event:extra_leaf1|F4-C1:full_motion:cat_d8|F4-C2:full_motion_feed_event:xgb_d3|F4-C3:full_motion_feed_event:extra_leaf1|F5-C1:full_motion:cat_d8|F5-C2:full_motion:lgb_medium|F5-C3:full_motion:histgb
Acc_P25_p75,IMU_motion,Thirty-minute summary or coverage descriptor for the IMU-derived feature Acc_P25_p75.,sensor-feature dependent,yes,actual input to at least one locked fold component; see locked_model_features_by_fold.csv,no,no,no,,yes,numeric,full_motion|full_motion_feed_event,F1-C2:full_motion_feed_event:elastic|F2-C1:full_motion_feed_event:elastic|F2-C2:full_motion_feed_event:extra_leaf3|F3-C1:full_motion_feed_event:elastic|F3-C2:full_motion_feed_event:cat_d7|F3-C3:full_motion_feed_event:extra_leaf1|F4-C1:full_motion:cat_d8|F4-C2:full_motion_feed_event:xgb_d3|F4-C3:full_motion_feed_event:extra_leaf1|F5-C1:full_motion:cat_d8|F5-C2:full_motion:lgb_medium|F5-C3:full_motion:histgb
Acc_P75_mean,IMU_motion,Thirty-minute summary or coverage descriptor for the IMU-derived feature Acc_P75_mean.,sensor-feature dependent,yes,actual input to at least one locked fold component; see locked_model_features_by_fold.csv,no,no,no,,yes,numeric,full_motion|full_motion_feed_event,F1-C2:full_motion_feed_event:elastic|F2-C1:full_motion_feed_event:elastic|F2-C2:full_motion_feed_event:extra_leaf3|F3-C1:full_motion_feed_event:elastic|F3-C2:full_motion_feed_event:cat_d7|F3-C3:full_motion_feed_event:extra_leaf1|F4-C1:full_motion:cat_d8|F4-C2:full_motion_feed_event:xgb_d3|F4-C3:full_motion_feed_event:extra_leaf1|F5-C1:full_motion:cat_d8|F5-C2:full_motion:lgb_medium|F5-C3:full_motion:histgb
Acc_P75_std,IMU_motion,Thirty-minute summary or coverage descriptor for the IMU-derived feature Acc_P75_std.,sensor-feature dependent,yes,actual input to at least one locked fold component; see locked_model_features_by_fold.csv,no,no,no,,yes,numeric,full_motion|full_motion_feed_event,F1-C2:full_motion_feed_event:elastic|F2-C1:full_motion_feed_event:elastic|F2-C2:full_motion_feed_event:extra_leaf3|F3-C1:full_motion_feed_event:elastic|F3-C2:full_motion_feed_event:cat_d7|F3-C3:full_motion_feed_event:extra_leaf1|F4-C1:full_motion:cat_d8|F4-C2:full_motion_feed_event:xgb_d3|F4-C3:full_motion_feed_event:extra_leaf1|F5-C1:full_motion:cat_d8|F5-C2:full_motion:lgb_medium|F5-C3:full_motion:histgb
Acc_P75_p25,IMU_motion,Thirty-minute summary or coverage descriptor for the IMU-derived feature Acc_P75_p25.,sensor-feature dependent,yes,actual input to at least one locked fold component; see locked_model_features_by_fold.csv,no,no,no,,yes,numeric,full_motion|full_motion_feed_event,F1-C2:full_motion_feed_event:elastic|F2-C1:full_motion_feed_event:elastic|F2-C2:full_motion_feed_event:extra_leaf3|F3-C1:full_motion_feed_event:elastic|F3-C2:full_motion_feed_event:cat_d7|F3-C3:full_motion_feed_event:extra_leaf1|F4-C1:full_motion:cat_d8|F4-C2:full_motion_feed_event:xgb_d3|F4-C3:full_motion_feed_event:extra_leaf1|F5-C1:full_motion:cat_d8|F5-C2:full_motion:lgb_medium|F5-C3:full_motion:histgb
Acc_P75_p75,IMU_motion,Thirty-minute summary or coverage descriptor for the IMU-derived feature Acc_P75_p75.,sensor-feature dependent,yes,actual input to at least one locked fold component; see locked_model_features_by_fold.csv,no,no,no,,yes,numeric,full_motion|full_motion_feed_event,F1-C2:full_motion_feed_event:elastic|F2-C1:full_motion_feed_event:elastic|F2-C2:full_motion_feed_event:extra_leaf3|F3-C1:full_motion_feed_event:elastic|F3-C2:full_motion_feed_event:cat_d7|F3-C3:full_motion_feed_event:extra_leaf1|F4-C1:full_motion:cat_d8|F4-C2:full_motion_feed_event:xgb_d3|F4-C3:full_motion_feed_event:extra_leaf1|F5-C1:full_motion:cat_d8|F5-C2:full_motion:lgb_medium|F5-C3:full_motion:histgb
Gyro_Mean_mean,IMU_motion,Thirty-minute summary or coverage descriptor for the IMU-derived feature Gyro_Mean_mean.,sensor-feature dependent,yes,actual input to at least one locked fold component; see locked_model_features_by_fold.csv,no,no,no,,yes,numeric,full_motion|full_motion_feed_event,F1-C2:full_motion_feed_event:elastic|F2-C1:full_motion_feed_event:elastic|F2-C2:full_motion_feed_event:extra_leaf3|F3-C1:full_motion_feed_event:elastic|F3-C2:full_motion_feed_event:cat_d7|F3-C3:full_motion_feed_event:extra_leaf1|F4-C1:full_motion:cat_d8|F4-C2:full_motion_feed_event:xgb_d3|F4-C3:full_motion_feed_event:extra_leaf1|F5-C1:full_motion:cat_d8|F5-C2:full_motion:lgb_medium|F5-C3:full_motion:histgb
Gyro_Mean_std,IMU_motion,Thirty-minute summary or coverage descriptor for the IMU-derived feature Gyro_Mean_std.,sensor-feature dependent,yes,actual input to at least one locked fold component; see locked_model_features_by_fold.csv,no,no,no,,yes,numeric,full_motion|full_motion_feed_event,F1-C2:full_motion_feed_event:elastic|F2-C1:full_motion_feed_event:elastic|F2-C2:full_motion_feed_event:extra_leaf3|F3-C1:full_motion_feed_event:elastic|F3-C2:full_motion_feed_event:cat_d7|F3-C3:full_motion_feed_event:extra_leaf1|F4-C1:full_motion:cat_d8|F4-C2:full_motion_feed_event:xgb_d3|F4-C3:full_motion_feed_event:extra_leaf1|F5-C1:full_motion:cat_d8|F5-C2:full_motion:lgb_medium|F5-C3:full_motion:histgb
Gyro_Mean_p25,IMU_motion,Thirty-minute summary or coverage descriptor for the IMU-derived feature Gyro_Mean_p25.,sensor-feature dependent,yes,actual input to at least one locked fold component; see locked_model_features_by_fold.csv,no,no,no,,yes,numeric,full_motion|full_motion_feed_event,F1-C2:full_motion_feed_event:elastic|F2-C1:full_motion_feed_event:elastic|F2-C2:full_motion_feed_event:extra_leaf3|F3-C1:full_motion_feed_event:elastic|F3-C2:full_motion_feed_event:cat_d7|F3-C3:full_motion_feed_event:extra_leaf1|F4-C1:full_motion:cat_d8|F4-C2:full_motion_feed_event:xgb_d3|F4-C3:full_motion_feed_event:extra_leaf1|F5-C1:full_motion:cat_d8|F5-C2:full_motion:lgb_medium|F5-C3:full_motion:histgb
Gyro_Mean_p75,IMU_motion,Thirty-minute summary or coverage descriptor for the IMU-derived feature Gyro_Mean_p75.,sensor-feature dependent,yes,actual input to at least one locked fold component; see locked_model_features_by_fold.csv,no,no,no,,yes,numeric,full_motion|full_motion_feed_event,F1-C2:full_motion_feed_event:elastic|F2-C1:full_motion_feed_event:elastic|F2-C2:full_motion_feed_event:extra_leaf3|F3-C1:full_motion_feed_event:elastic|F3-C2:full_motion_feed_event:cat_d7|F3-C3:full_motion_feed_event:extra_leaf1|F4-C1:full_motion:cat_d8|F4-C2:full_motion_feed_event:xgb_d3|F4-C3:full_motion_feed_event:extra_leaf1|F5-C1:full_motion:cat_d8|F5-C2:full_motion:lgb_medium|F5-C3:full_motion:histgb
Gyro_Max_mean,IMU_motion,Thirty-minute summary or coverage descriptor for the IMU-derived feature Gyro_Max_mean.,sensor-feature dependent,yes,actual input to at least one locked fold component; see locked_model_features_by_fold.csv,no,no,no,,yes,numeric,full_motion|full_motion_feed_event,F1-C2:full_motion_feed_event:elastic|F2-C1:full_motion_feed_event:elastic|F2-C2:full_motion_feed_event:extra_leaf3|F3-C1:full_motion_feed_event:elastic|F3-C2:full_motion_feed_event:cat_d7|F3-C3:full_motion_feed_event:extra_leaf1|F4-C1:full_motion:cat_d8|F4-C2:full_motion_feed_event:xgb_d3|F4-C3:full_motion_feed_event:extra_leaf1|F5-C1:full_motion:cat_d8|F5-C2:full_motion:lgb_medium|F5-C3:full_motion:histgb
Gyro_Max_std,IMU_motion,Thirty-minute summary or coverage descriptor for the IMU-derived feature Gyro_Max_std.,sensor-feature dependent,yes,actual input to at least one locked fold component; see locked_model_features_by_fold.csv,no,no,no,,yes,numeric,full_motion|full_motion_feed_event,F1-C2:full_motion_feed_event:elastic|F2-C1:full_motion_feed_event:elastic|F2-C2:full_motion_feed_event:extra_leaf3|F3-C1:full_motion_feed_event:elastic|F3-C2:full_motion_feed_event:cat_d7|F3-C3:full_motion_feed_event:extra_leaf1|F4-C1:full_motion:cat_d8|F4-C2:full_motion_feed_event:xgb_d3|F4-C3:full_motion_feed_event:extra_leaf1|F5-C1:full_motion:cat_d8|F5-C2:full_motion:lgb_medium|F5-C3:full_motion:histgb
Gyro_Max_p25,IMU_motion,Thirty-minute summary or coverage descriptor for the IMU-derived feature Gyro_Max_p25.,sensor-feature dependent,yes,actual input to at least one locked fold component; see locked_model_features_by_fold.csv,no,no,no,,yes,numeric,full_motion|full_motion_feed_event,F1-C2:full_motion_feed_event:elastic|F2-C1:full_motion_feed_event:elastic|F2-C2:full_motion_feed_event:extra_leaf3|F3-C1:full_motion_feed_event:elastic|F3-C2:full_motion_feed_event:cat_d7|F3-C3:full_motion_feed_event:extra_leaf1|F4-C1:full_motion:cat_d8|F4-C2:full_motion_feed_event:xgb_d3|F4-C3:full_motion_feed_event:extra_leaf1|F5-C1:full_motion:cat_d8|F5-C2:full_motion:lgb_medium|F5-C3:full_motion:histgb
Gyro_Max_p75,IMU_motion,Thirty-minute summary or coverage descriptor for the IMU-derived feature Gyro_Max_p75.,sensor-feature dependent,yes,actual input to at least one locked fold component; see locked_model_features_by_fold.csv,no,no,no,,yes,numeric,full_motion|full_motion_feed_event,F1-C2:full_motion_feed_event:elastic|F2-C1:full_motion_feed_event:elastic|F2-C2:full_motion_feed_event:extra_leaf3|F3-C1:full_motion_feed_event:elastic|F3-C2:full_motion_feed_event:cat_d7|F3-C3:full_motion_feed_event:extra_leaf1|F4-C1:full_motion:cat_d8|F4-C2:full_motion_feed_event:xgb_d3|F4-C3:full_motion_feed_event:extra_leaf1|F5-C1:full_motion:cat_d8|F5-C2:full_motion:lgb_medium|F5-C3:full_motion:histgb
DynX_Mean_mean,IMU_motion,Thirty-minute summary or coverage descriptor for the IMU-derived feature DynX_Mean_mean.,sensor-feature dependent,yes,actual input to at least one locked fold component; see locked_model_features_by_fold.csv,no,no,no,,yes,numeric,full_motion|full_motion_feed_event,F1-C2:full_motion_feed_event:elastic|F2-C1:full_motion_feed_event:elastic|F2-C2:full_motion_feed_event:extra_leaf3|F3-C1:full_motion_feed_event:elastic|F3-C2:full_motion_feed_event:cat_d7|F3-C3:full_motion_feed_event:extra_leaf1|F4-C1:full_motion:cat_d8|F4-C2:full_motion_feed_event:xgb_d3|F4-C3:full_motion_feed_event:extra_leaf1|F5-C1:full_motion:cat_d8|F5-C2:full_motion:lgb_medium|F5-C3:full_motion:histgb
DynX_Mean_std,IMU_motion,Thirty-minute summary or coverage descriptor for the IMU-derived feature DynX_Mean_std.,sensor-feature dependent,yes,actual input to at least one locked fold component; see locked_model_features_by_fold.csv,no,no,no,,yes,numeric,full_motion|full_motion_feed_event,F1-C2:full_motion_feed_event:elastic|F2-C1:full_motion_feed_event:elastic|F2-C2:full_motion_feed_event:extra_leaf3|F3-C1:full_motion_feed_event:elastic|F3-C2:full_motion_feed_event:cat_d7|F3-C3:full_motion_feed_event:extra_leaf1|F4-C1:full_motion:cat_d8|F4-C2:full_motion_feed_event:xgb_d3|F4-C3:full_motion_feed_event:extra_leaf1|F5-C1:full_motion:cat_d8|F5-C2:full_motion:lgb_medium|F5-C3:full_motion:histgb
DynX_Mean_p25,IMU_motion,Thirty-minute summary or coverage descriptor for the IMU-derived feature DynX_Mean_p25.,sensor-feature dependent,yes,actual input to at least one locked fold component; see locked_model_features_by_fold.csv,no,no,no,,yes,numeric,full_motion|full_motion_feed_event,F1-C2:full_motion_feed_event:elastic|F2-C1:full_motion_feed_event:elastic|F2-C2:full_motion_feed_event:extra_leaf3|F3-C1:full_motion_feed_event:elastic|F3-C2:full_motion_feed_event:cat_d7|F3-C3:full_motion_feed_event:extra_leaf1|F4-C1:full_motion:cat_d8|F4-C2:full_motion_feed_event:xgb_d3|F4-C3:full_motion_feed_event:extra_leaf1|F5-C1:full_motion:cat_d8|F5-C2:full_motion:lgb_medium|F5-C3:full_motion:histgb
DynX_Mean_p75,IMU_motion,Thirty-minute summary or coverage descriptor for the IMU-derived feature DynX_Mean_p75.,sensor-feature dependent,yes,actual input to at least one locked fold component; see locked_model_features_by_fold.csv,no,no,no,,yes,numeric,full_motion|full_motion_feed_event,F1-C2:full_motion_feed_event:elastic|F2-C1:full_motion_feed_event:elastic|F2-C2:full_motion_feed_event:extra_leaf3|F3-C1:full_motion_feed_event:elastic|F3-C2:full_motion_feed_event:cat_d7|F3-C3:full_motion_feed_event:extra_leaf1|F4-C1:full_motion:cat_d8|F4-C2:full_motion_feed_event:xgb_d3|F4-C3:full_motion_feed_event:extra_leaf1|F5-C1:full_motion:cat_d8|F5-C2:full_motion:lgb_medium|F5-C3:full_motion:histgb
DynX_Std_mean,IMU_motion,Thirty-minute summary or coverage descriptor for the IMU-derived feature DynX_Std_mean.,sensor-feature dependent,yes,actual input to at least one locked fold component; see locked_model_features_by_fold.csv,no,no,no,,yes,numeric,full_motion|full_motion_feed_event,F1-C2:full_motion_feed_event:elastic|F2-C1:full_motion_feed_event:elastic|F2-C2:full_motion_feed_event:extra_leaf3|F3-C1:full_motion_feed_event:elastic|F3-C2:full_motion_feed_event:cat_d7|F3-C3:full_motion_feed_event:extra_leaf1|F4-C1:full_motion:cat_d8|F4-C2:full_motion_feed_event:xgb_d3|F4-C3:full_motion_feed_event:extra_leaf1|F5-C1:full_motion:cat_d8|F5-C2:full_motion:lgb_medium|F5-C3:full_motion:histgb
DynX_Std_std,IMU_motion,Thirty-minute summary or coverage descriptor for the IMU-derived feature DynX_Std_std.,sensor-feature dependent,yes,actual input to at least one locked fold component; see locked_model_features_by_fold.csv,no,no,no,,yes,numeric,full_motion|full_motion_feed_event,F1-C2:full_motion_feed_event:elastic|F2-C1:full_motion_feed_event:elastic|F2-C2:full_motion_feed_event:extra_leaf3|F3-C1:full_motion_feed_event:elastic|F3-C2:full_motion_feed_event:cat_d7|F3-C3:full_motion_feed_event:extra_leaf1|F4-C1:full_motion:cat_d8|F4-C2:full_motion_feed_event:xgb_d3|F4-C3:full_motion_feed_event:extra_leaf1|F5-C1:full_motion:cat_d8|F5-C2:full_motion:lgb_medium|F5-C3:full_motion:histgb
DynX_Std_p25,IMU_motion,Thirty-minute summary or coverage descriptor for the IMU-derived feature DynX_Std_p25.,sensor-feature dependent,yes,actual input to at least one locked fold component; see locked_model_features_by_fold.csv,no,no,no,,yes,numeric,full_motion|full_motion_feed_event,F1-C2:full_motion_feed_event:elastic|F2-C1:full_motion_feed_event:elastic|F2-C2:full_motion_feed_event:extra_leaf3|F3-C1:full_motion_feed_event:elastic|F3-C2:full_motion_feed_event:cat_d7|F3-C3:full_motion_feed_event:extra_leaf1|F4-C1:full_motion:cat_d8|F4-C2:full_motion_feed_event:xgb_d3|F4-C3:full_motion_feed_event:extra_leaf1|F5-C1:full_motion:cat_d8|F5-C2:full_motion:lgb_medium|F5-C3:full_motion:histgb
DynX_Std_p75,IMU_motion,Thirty-minute summary or coverage descriptor for the IMU-derived feature DynX_Std_p75.,sensor-feature dependent,yes,actual input to at least one locked fold component; see locked_model_features_by_fold.csv,no,no,no,,yes,numeric,full_motion|full_motion_feed_event,F1-C2:full_motion_feed_event:elastic|F2-C1:full_motion_feed_event:elastic|F2-C2:full_motion_feed_event:extra_leaf3|F3-C1:full_motion_feed_event:elastic|F3-C2:full_motion_feed_event:cat_d7|F3-C3:full_motion_feed_event:extra_leaf1|F4-C1:full_motion:cat_d8|F4-C2:full_motion_feed_event:xgb_d3|F4-C3:full_motion_feed_event:extra_leaf1|F5-C1:full_motion:cat_d8|F5-C2:full_motion:lgb_medium|F5-C3:full_motion:histgb
DynX_Mean_abs_mean,IMU_motion,Thirty-minute summary or coverage descriptor for the IMU-derived feature DynX_Mean_abs_mean.,sensor-feature dependent,yes,actual input to at least one locked fold component; see locked_model_features_by_fold.csv,no,no,no,,yes,numeric,full_motion|full_motion_feed_event,F1-C2:full_motion_feed_event:elastic|F2-C1:full_motion_feed_event:elastic|F2-C2:full_motion_feed_event:extra_leaf3|F3-C1:full_motion_feed_event:elastic|F3-C2:full_motion_feed_event:cat_d7|F3-C3:full_motion_feed_event:extra_leaf1|F4-C1:full_motion:cat_d8|F4-C2:full_motion_feed_event:xgb_d3|F4-C3:full_motion_feed_event:extra_leaf1|F5-C1:full_motion:cat_d8|F5-C2:full_motion:lgb_medium|F5-C3:full_motion:histgb
DynX_Mean_abs_std,IMU_motion,Thirty-minute summary or coverage descriptor for the IMU-derived feature DynX_Mean_abs_std.,sensor-feature dependent,yes,actual input to at least one locked fold component; see locked_model_features_by_fold.csv,no,no,no,,yes,numeric,full_motion|full_motion_feed_event,F1-C2:full_motion_feed_event:elastic|F2-C1:full_motion_feed_event:elastic|F2-C2:full_motion_feed_event:extra_leaf3|F3-C1:full_motion_feed_event:elastic|F3-C2:full_motion_feed_event:cat_d7|F3-C3:full_motion_feed_event:extra_leaf1|F4-C1:full_motion:cat_d8|F4-C2:full_motion_feed_event:xgb_d3|F4-C3:full_motion_feed_event:extra_leaf1|F5-C1:full_motion:cat_d8|F5-C2:full_motion:lgb_medium|F5-C3:full_motion:histgb
DynX_Mean_abs_p25,IMU_motion,Thirty-minute summary or coverage descriptor for the IMU-derived feature DynX_Mean_abs_p25.,sensor-feature dependent,yes,actual input to at least one locked fold component; see locked_model_features_by_fold.csv,no,no,no,,yes,numeric,full_motion|full_motion_feed_event,F1-C2:full_motion_feed_event:elastic|F2-C1:full_motion_feed_event:elastic|F2-C2:full_motion_feed_event:extra_leaf3|F3-C1:full_motion_feed_event:elastic|F3-C2:full_motion_feed_event:cat_d7|F3-C3:full_motion_feed_event:extra_leaf1|F4-C1:full_motion:cat_d8|F4-C2:full_motion_feed_event:xgb_d3|F4-C3:full_motion_feed_event:extra_leaf1|F5-C1:full_motion:cat_d8|F5-C2:full_motion:lgb_medium|F5-C3:full_motion:histgb
DynX_Mean_abs_p75,IMU_motion,Thirty-minute summary or coverage descriptor for the IMU-derived feature DynX_Mean_abs_p75.,sensor-feature dependent,yes,actual input to at least one locked fold component; see locked_model_features_by_fold.csv,no,no,no,,yes,numeric,full_motion|full_motion_feed_event,F1-C2:full_motion_feed_event:elastic|F2-C1:full_motion_feed_event:elastic|F2-C2:full_motion_feed_event:extra_leaf3|F3-C1:full_motion_feed_event:elastic|F3-C2:full_motion_feed_event:cat_d7|F3-C3:full_motion_feed_event:extra_leaf1|F4-C1:full_motion:cat_d8|F4-C2:full_motion_feed_event:xgb_d3|F4-C3:full_motion_feed_event:extra_leaf1|F5-C1:full_motion:cat_d8|F5-C2:full_motion:lgb_medium|F5-C3:full_motion:histgb
DynY_Mean_mean,IMU_motion,Thirty-minute summary or coverage descriptor for the IMU-derived feature DynY_Mean_mean.,sensor-feature dependent,yes,actual input to at least one locked fold component; see locked_model_features_by_fold.csv,no,no,no,,yes,numeric,compact_base|compact_feed_event|full_motion|full_motion_feed_event,F1-C1:compact_base:cat_d8|F1-C2:full_motion_feed_event:elastic|F1-C3:compact_feed_event:rf_leaf3|F2-C1:full_motion_feed_event:elastic|F2-C2:full_motion_feed_event:extra_leaf3|F2-C3:compact_base:cat_d8|F3-C1:full_motion_feed_event:elastic|F3-C2:full_motion_feed_event:cat_d7|F3-C3:full_motion_feed_event:extra_leaf1|F4-C1:full_motion:cat_d8|F4-C2:full_motion_feed_event:xgb_d3|F4-C3:full_motion_feed_event:extra_leaf1|F5-C1:full_motion:cat_d8|F5-C2:full_motion:lgb_medium|F5-C3:full_motion:histgb
DynY_Mean_std,IMU_motion,Thirty-minute summary or coverage descriptor for the IMU-derived feature DynY_Mean_std.,sensor-feature dependent,yes,actual input to at least one locked fold component; see locked_model_features_by_fold.csv,no,no,no,,yes,numeric,compact_base|compact_feed_event|full_motion|full_motion_feed_event,F1-C1:compact_base:cat_d8|F1-C2:full_motion_feed_event:elastic|F1-C3:compact_feed_event:rf_leaf3|F2-C1:full_motion_feed_event:elastic|F2-C2:full_motion_feed_event:extra_leaf3|F2-C3:compact_base:cat_d8|F3-C1:full_motion_feed_event:elastic|F3-C2:full_motion_feed_event:cat_d7|F3-C3:full_motion_feed_event:extra_leaf1|F4-C1:full_motion:cat_d8|F4-C2:full_motion_feed_event:xgb_d3|F4-C3:full_motion_feed_event:extra_leaf1|F5-C1:full_motion:cat_d8|F5-C2:full_motion:lgb_medium|F5-C3:full_motion:histgb
DynY_Mean_p25,IMU_motion,Thirty-minute summary or coverage descriptor for the IMU-derived feature DynY_Mean_p25.,sensor-feature dependent,yes,actual input to at least one locked fold component; see locked_model_features_by_fold.csv,no,no,no,,yes,numeric,compact_base|compact_feed_event|full_motion|full_motion_feed_event,F1-C1:compact_base:cat_d8|F1-C2:full_motion_feed_event:elastic|F1-C3:compact_feed_event:rf_leaf3|F2-C1:full_motion_feed_event:elastic|F2-C2:full_motion_feed_event:extra_leaf3|F2-C3:compact_base:cat_d8|F3-C1:full_motion_feed_event:elastic|F3-C2:full_motion_feed_event:cat_d7|F3-C3:full_motion_feed_event:extra_leaf1|F4-C1:full_motion:cat_d8|F4-C2:full_motion_feed_event:xgb_d3|F4-C3:full_motion_feed_event:extra_leaf1|F5-C1:full_motion:cat_d8|F5-C2:full_motion:lgb_medium|F5-C3:full_motion:histgb
DynY_Mean_p75,IMU_motion,Thirty-minute summary or coverage descriptor for the IMU-derived feature DynY_Mean_p75.,sensor-feature dependent,yes,actual input to at least one locked fold component; see locked_model_features_by_fold.csv,no,no,no,,yes,numeric,compact_base|compact_feed_event|full_motion|full_motion_feed_event,F1-C1:compact_base:cat_d8|F1-C2:full_motion_feed_event:elastic|F1-C3:compact_feed_event:rf_leaf3|F2-C1:full_motion_feed_event:elastic|F2-C2:full_motion_feed_event:extra_leaf3|F2-C3:compact_base:cat_d8|F3-C1:full_motion_feed_event:elastic|F3-C2:full_motion_feed_event:cat_d7|F3-C3:full_motion_feed_event:extra_leaf1|F4-C1:full_motion:cat_d8|F4-C2:full_motion_feed_event:xgb_d3|F4-C3:full_motion_feed_event:extra_leaf1|F5-C1:full_motion:cat_d8|F5-C2:full_motion:lgb_medium|F5-C3:full_motion:histgb
DynY_Std_mean,IMU_motion,Thirty-minute summary or coverage descriptor for the IMU-derived feature DynY_Std_mean.,sensor-feature dependent,yes,actual input to at least one locked fold component; see locked_model_features_by_fold.csv,no,no,no,,yes,numeric,full_motion|full_motion_feed_event,F1-C2:full_motion_feed_event:elastic|F2-C1:full_motion_feed_event:elastic|F2-C2:full_motion_feed_event:extra_leaf3|F3-C1:full_motion_feed_event:elastic|F3-C2:full_motion_feed_event:cat_d7|F3-C3:full_motion_feed_event:extra_leaf1|F4-C1:full_motion:cat_d8|F4-C2:full_motion_feed_event:xgb_d3|F4-C3:full_motion_feed_event:extra_leaf1|F5-C1:full_motion:cat_d8|F5-C2:full_motion:lgb_medium|F5-C3:full_motion:histgb
DynY_Std_std,IMU_motion,Thirty-minute summary or coverage descriptor for the IMU-derived feature DynY_Std_std.,sensor-feature dependent,yes,actual input to at least one locked fold component; see locked_model_features_by_fold.csv,no,no,no,,yes,numeric,full_motion|full_motion_feed_event,F1-C2:full_motion_feed_event:elastic|F2-C1:full_motion_feed_event:elastic|F2-C2:full_motion_feed_event:extra_leaf3|F3-C1:full_motion_feed_event:elastic|F3-C2:full_motion_feed_event:cat_d7|F3-C3:full_motion_feed_event:extra_leaf1|F4-C1:full_motion:cat_d8|F4-C2:full_motion_feed_event:xgb_d3|F4-C3:full_motion_feed_event:extra_leaf1|F5-C1:full_motion:cat_d8|F5-C2:full_motion:lgb_medium|F5-C3:full_motion:histgb
DynY_Std_p25,IMU_motion,Thirty-minute summary or coverage descriptor for the IMU-derived feature DynY_Std_p25.,sensor-feature dependent,yes,actual input to at least one locked fold component; see locked_model_features_by_fold.csv,no,no,no,,yes,numeric,full_motion|full_motion_feed_event,F1-C2:full_motion_feed_event:elastic|F2-C1:full_motion_feed_event:elastic|F2-C2:full_motion_feed_event:extra_leaf3|F3-C1:full_motion_feed_event:elastic|F3-C2:full_motion_feed_event:cat_d7|F3-C3:full_motion_feed_event:extra_leaf1|F4-C1:full_motion:cat_d8|F4-C2:full_motion_feed_event:xgb_d3|F4-C3:full_motion_feed_event:extra_leaf1|F5-C1:full_motion:cat_d8|F5-C2:full_motion:lgb_medium|F5-C3:full_motion:histgb
DynY_Std_p75,IMU_motion,Thirty-minute summary or coverage descriptor for the IMU-derived feature DynY_Std_p75.,sensor-feature dependent,yes,actual input to at least one locked fold component; see locked_model_features_by_fold.csv,no,no,no,,yes,numeric,full_motion|full_motion_feed_event,F1-C2:full_motion_feed_event:elastic|F2-C1:full_motion_feed_event:elastic|F2-C2:full_motion_feed_event:extra_leaf3|F3-C1:full_motion_feed_event:elastic|F3-C2:full_motion_feed_event:cat_d7|F3-C3:full_motion_feed_event:extra_leaf1|F4-C1:full_motion:cat_d8|F4-C2:full_motion_feed_event:xgb_d3|F4-C3:full_motion_feed_event:extra_leaf1|F5-C1:full_motion:cat_d8|F5-C2:full_motion:lgb_medium|F5-C3:full_motion:histgb
DynY_Mean_abs_mean,IMU_motion,Thirty-minute summary or coverage descriptor for the IMU-derived feature DynY_Mean_abs_mean.,sensor-feature dependent,yes,actual input to at least one locked fold component; see locked_model_features_by_fold.csv,no,no,no,,yes,numeric,full_motion|full_motion_feed_event,F1-C2:full_motion_feed_event:elastic|F2-C1:full_motion_feed_event:elastic|F2-C2:full_motion_feed_event:extra_leaf3|F3-C1:full_motion_feed_event:elastic|F3-C2:full_motion_feed_event:cat_d7|F3-C3:full_motion_feed_event:extra_leaf1|F4-C1:full_motion:cat_d8|F4-C2:full_motion_feed_event:xgb_d3|F4-C3:full_motion_feed_event:extra_leaf1|F5-C1:full_motion:cat_d8|F5-C2:full_motion:lgb_medium|F5-C3:full_motion:histgb
DynY_Mean_abs_std,IMU_motion,Thirty-minute summary or coverage descriptor for the IMU-derived feature DynY_Mean_abs_std.,sensor-feature dependent,yes,actual input to at least one locked fold component; see locked_model_features_by_fold.csv,no,no,no,,yes,numeric,full_motion|full_motion_feed_event,F1-C2:full_motion_feed_event:elastic|F2-C1:full_motion_feed_event:elastic|F2-C2:full_motion_feed_event:extra_leaf3|F3-C1:full_motion_feed_event:elastic|F3-C2:full_motion_feed_event:cat_d7|F3-C3:full_motion_feed_event:extra_leaf1|F4-C1:full_motion:cat_d8|F4-C2:full_motion_feed_event:xgb_d3|F4-C3:full_motion_feed_event:extra_leaf1|F5-C1:full_motion:cat_d8|F5-C2:full_motion:lgb_medium|F5-C3:full_motion:histgb
DynY_Mean_abs_p25,IMU_motion,Thirty-minute summary or coverage descriptor for the IMU-derived feature DynY_Mean_abs_p25.,sensor-feature dependent,yes,actual input to at least one locked fold component; see locked_model_features_by_fold.csv,no,no,no,,yes,numeric,full_motion|full_motion_feed_event,F1-C2:full_motion_feed_event:elastic|F2-C1:full_motion_feed_event:elastic|F2-C2:full_motion_feed_event:extra_leaf3|F3-C1:full_motion_feed_event:elastic|F3-C2:full_motion_feed_event:cat_d7|F3-C3:full_motion_feed_event:extra_leaf1|F4-C1:full_motion:cat_d8|F4-C2:full_motion_feed_event:xgb_d3|F4-C3:full_motion_feed_event:extra_leaf1|F5-C1:full_motion:cat_d8|F5-C2:full_motion:lgb_medium|F5-C3:full_motion:histgb
DynY_Mean_abs_p75,IMU_motion,Thirty-minute summary or coverage descriptor for the IMU-derived feature DynY_Mean_abs_p75.,sensor-feature dependent,yes,actual input to at least one locked fold component; see locked_model_features_by_fold.csv,no,no,no,,yes,numeric,full_motion|full_motion_feed_event,F1-C2:full_motion_feed_event:elastic|F2-C1:full_motion_feed_event:elastic|F2-C2:full_motion_feed_event:extra_leaf3|F3-C1:full_motion_feed_event:elastic|F3-C2:full_motion_feed_event:cat_d7|F3-C3:full_motion_feed_event:extra_leaf1|F4-C1:full_motion:cat_d8|F4-C2:full_motion_feed_event:xgb_d3|F4-C3:full_motion_feed_event:extra_leaf1|F5-C1:full_motion:cat_d8|F5-C2:full_motion:lgb_medium|F5-C3:full_motion:histgb
DynZ_Mean_mean,IMU_motion,Thirty-minute summary or coverage descriptor for the IMU-derived feature DynZ_Mean_mean.,sensor-feature dependent,yes,actual input to at least one locked fold component; see locked_model_features_by_fold.csv,no,no,no,,yes,numeric,compact_base|compact_feed_event|full_motion|full_motion_feed_event,F1-C1:compact_base:cat_d8|F1-C2:full_motion_feed_event:elastic|F1-C3:compact_feed_event:rf_leaf3|F2-C1:full_motion_feed_event:elastic|F2-C2:full_motion_feed_event:extra_leaf3|F2-C3:compact_base:cat_d8|F3-C1:full_motion_feed_event:elastic|F3-C2:full_motion_feed_event:cat_d7|F3-C3:full_motion_feed_event:extra_leaf1|F4-C1:full_motion:cat_d8|F4-C2:full_motion_feed_event:xgb_d3|F4-C3:full_motion_feed_event:extra_leaf1|F5-C1:full_motion:cat_d8|F5-C2:full_motion:lgb_medium|F5-C3:full_motion:histgb
DynZ_Mean_std,IMU_motion,Thirty-minute summary or coverage descriptor for the IMU-derived feature DynZ_Mean_std.,sensor-feature dependent,yes,actual input to at least one locked fold component; see locked_model_features_by_fold.csv,no,no,no,,yes,numeric,compact_base|compact_feed_event|full_motion|full_motion_feed_event,F1-C1:compact_base:cat_d8|F1-C2:full_motion_feed_event:elastic|F1-C3:compact_feed_event:rf_leaf3|F2-C1:full_motion_feed_event:elastic|F2-C2:full_motion_feed_event:extra_leaf3|F2-C3:compact_base:cat_d8|F3-C1:full_motion_feed_event:elastic|F3-C2:full_motion_feed_event:cat_d7|F3-C3:full_motion_feed_event:extra_leaf1|F4-C1:full_motion:cat_d8|F4-C2:full_motion_feed_event:xgb_d3|F4-C3:full_motion_feed_event:extra_leaf1|F5-C1:full_motion:cat_d8|F5-C2:full_motion:lgb_medium|F5-C3:full_motion:histgb
DynZ_Mean_p25,IMU_motion,Thirty-minute summary or coverage descriptor for the IMU-derived feature DynZ_Mean_p25.,sensor-feature dependent,yes,actual input to at least one locked fold component; see locked_model_features_by_fold.csv,no,no,no,,yes,numeric,compact_base|compact_feed_event|full_motion|full_motion_feed_event,F1-C1:compact_base:cat_d8|F1-C2:full_motion_feed_event:elastic|F1-C3:compact_feed_event:rf_leaf3|F2-C1:full_motion_feed_event:elastic|F2-C2:full_motion_feed_event:extra_leaf3|F2-C3:compact_base:cat_d8|F3-C1:full_motion_feed_event:elastic|F3-C2:full_motion_feed_event:cat_d7|F3-C3:full_motion_feed_event:extra_leaf1|F4-C1:full_motion:cat_d8|F4-C2:full_motion_feed_event:xgb_d3|F4-C3:full_motion_feed_event:extra_leaf1|F5-C1:full_motion:cat_d8|F5-C2:full_motion:lgb_medium|F5-C3:full_motion:histgb
DynZ_Mean_p75,IMU_motion,Thirty-minute summary or coverage descriptor for the IMU-derived feature DynZ_Mean_p75.,sensor-feature dependent,yes,actual input to at least one locked fold component; see locked_model_features_by_fold.csv,no,no,no,,yes,numeric,compact_base|compact_feed_event|full_motion|full_motion_feed_event,F1-C1:compact_base:cat_d8|F1-C2:full_motion_feed_event:elastic|F1-C3:compact_feed_event:rf_leaf3|F2-C1:full_motion_feed_event:elastic|F2-C2:full_motion_feed_event:extra_leaf3|F2-C3:compact_base:cat_d8|F3-C1:full_motion_feed_event:elastic|F3-C2:full_motion_feed_event:cat_d7|F3-C3:full_motion_feed_event:extra_leaf1|F4-C1:full_motion:cat_d8|F4-C2:full_motion_feed_event:xgb_d3|F4-C3:full_motion_feed_event:extra_leaf1|F5-C1:full_motion:cat_d8|F5-C2:full_motion:lgb_medium|F5-C3:full_motion:histgb
DynZ_Std_mean,IMU_motion,Thirty-minute summary or coverage descriptor for the IMU-derived feature DynZ_Std_mean.,sensor-feature dependent,yes,actual input to at least one locked fold component; see locked_model_features_by_fold.csv,no,no,no,,yes,numeric,full_motion|full_motion_feed_event,F1-C2:full_motion_feed_event:elastic|F2-C1:full_motion_feed_event:elastic|F2-C2:full_motion_feed_event:extra_leaf3|F3-C1:full_motion_feed_event:elastic|F3-C2:full_motion_feed_event:cat_d7|F3-C3:full_motion_feed_event:extra_leaf1|F4-C1:full_motion:cat_d8|F4-C2:full_motion_feed_event:xgb_d3|F4-C3:full_motion_feed_event:extra_leaf1|F5-C1:full_motion:cat_d8|F5-C2:full_motion:lgb_medium|F5-C3:full_motion:histgb
DynZ_Std_std,IMU_motion,Thirty-minute summary or coverage descriptor for the IMU-derived feature DynZ_Std_std.,sensor-feature dependent,yes,actual input to at least one locked fold component; see locked_model_features_by_fold.csv,no,no,no,,yes,numeric,full_motion|full_motion_feed_event,F1-C2:full_motion_feed_event:elastic|F2-C1:full_motion_feed_event:elastic|F2-C2:full_motion_feed_event:extra_leaf3|F3-C1:full_motion_feed_event:elastic|F3-C2:full_motion_feed_event:cat_d7|F3-C3:full_motion_feed_event:extra_leaf1|F4-C1:full_motion:cat_d8|F4-C2:full_motion_feed_event:xgb_d3|F4-C3:full_motion_feed_event:extra_leaf1|F5-C1:full_motion:cat_d8|F5-C2:full_motion:lgb_medium|F5-C3:full_motion:histgb
DynZ_Std_p25,IMU_motion,Thirty-minute summary or coverage descriptor for the IMU-derived feature DynZ_Std_p25.,sensor-feature dependent,yes,actual input to at least one locked fold component; see locked_model_features_by_fold.csv,no,no,no,,yes,numeric,full_motion|full_motion_feed_event,F1-C2:full_motion_feed_event:elastic|F2-C1:full_motion_feed_event:elastic|F2-C2:full_motion_feed_event:extra_leaf3|F3-C1:full_motion_feed_event:elastic|F3-C2:full_motion_feed_event:cat_d7|F3-C3:full_motion_feed_event:extra_leaf1|F4-C1:full_motion:cat_d8|F4-C2:full_motion_feed_event:xgb_d3|F4-C3:full_motion_feed_event:extra_leaf1|F5-C1:full_motion:cat_d8|F5-C2:full_motion:lgb_medium|F5-C3:full_motion:histgb
DynZ_Std_p75,IMU_motion,Thirty-minute summary or coverage descriptor for the IMU-derived feature DynZ_Std_p75.,sensor-feature dependent,yes,actual input to at least one locked fold component; see locked_model_features_by_fold.csv,no,no,no,,yes,numeric,full_motion|full_motion_feed_event,F1-C2:full_motion_feed_event:elastic|F2-C1:full_motion_feed_event:elastic|F2-C2:full_motion_feed_event:extra_leaf3|F3-C1:full_motion_feed_event:elastic|F3-C2:full_motion_feed_event:cat_d7|F3-C3:full_motion_feed_event:extra_leaf1|F4-C1:full_motion:cat_d8|F4-C2:full_motion_feed_event:xgb_d3|F4-C3:full_motion_feed_event:extra_leaf1|F5-C1:full_motion:cat_d8|F5-C2:full_motion:lgb_medium|F5-C3:full_motion:histgb
DynZ_Mean_abs_mean,IMU_motion,Thirty-minute summary or coverage descriptor for the IMU-derived feature DynZ_Mean_abs_mean.,sensor-feature dependent,yes,actual input to at least one locked fold component; see locked_model_features_by_fold.csv,no,no,no,,yes,numeric,full_motion|full_motion_feed_event,F1-C2:full_motion_feed_event:elastic|F2-C1:full_motion_feed_event:elastic|F2-C2:full_motion_feed_event:extra_leaf3|F3-C1:full_motion_feed_event:elastic|F3-C2:full_motion_feed_event:cat_d7|F3-C3:full_motion_feed_event:extra_leaf1|F4-C1:full_motion:cat_d8|F4-C2:full_motion_feed_event:xgb_d3|F4-C3:full_motion_feed_event:extra_leaf1|F5-C1:full_motion:cat_d8|F5-C2:full_motion:lgb_medium|F5-C3:full_motion:histgb
DynZ_Mean_abs_std,IMU_motion,Thirty-minute summary or coverage descriptor for the IMU-derived feature DynZ_Mean_abs_std.,sensor-feature dependent,yes,actual input to at least one locked fold component; see locked_model_features_by_fold.csv,no,no,no,,yes,numeric,full_motion|full_motion_feed_event,F1-C2:full_motion_feed_event:elastic|F2-C1:full_motion_feed_event:elastic|F2-C2:full_motion_feed_event:extra_leaf3|F3-C1:full_motion_feed_event:elastic|F3-C2:full_motion_feed_event:cat_d7|F3-C3:full_motion_feed_event:extra_leaf1|F4-C1:full_motion:cat_d8|F4-C2:full_motion_feed_event:xgb_d3|F4-C3:full_motion_feed_event:extra_leaf1|F5-C1:full_motion:cat_d8|F5-C2:full_motion:lgb_medium|F5-C3:full_motion:histgb
DynZ_Mean_abs_p25,IMU_motion,Thirty-minute summary or coverage descriptor for the IMU-derived feature DynZ_Mean_abs_p25.,sensor-feature dependent,yes,actual input to at least one locked fold component; see locked_model_features_by_fold.csv,no,no,no,,yes,numeric,full_motion|full_motion_feed_event,F1-C2:full_motion_feed_event:elastic|F2-C1:full_motion_feed_event:elastic|F2-C2:full_motion_feed_event:extra_leaf3|F3-C1:full_motion_feed_event:elastic|F3-C2:full_motion_feed_event:cat_d7|F3-C3:full_motion_feed_event:extra_leaf1|F4-C1:full_motion:cat_d8|F4-C2:full_motion_feed_event:xgb_d3|F4-C3:full_motion_feed_event:extra_leaf1|F5-C1:full_motion:cat_d8|F5-C2:full_motion:lgb_medium|F5-C3:full_motion:histgb
DynZ_Mean_abs_p75,IMU_motion,Thirty-minute summary or coverage descriptor for the IMU-derived feature DynZ_Mean_abs_p75.,sensor-feature dependent,yes,actual input to at least one locked fold component; see locked_model_features_by_fold.csv,no,no,no,,yes,numeric,full_motion|full_motion_feed_event,F1-C2:full_motion_feed_event:elastic|F2-C1:full_motion_feed_event:elastic|F2-C2:full_motion_feed_event:extra_leaf3|F3-C1:full_motion_feed_event:elastic|F3-C2:full_motion_feed_event:cat_d7|F3-C3:full_motion_feed_event:extra_leaf1|F4-C1:full_motion:cat_d8|F4-C2:full_motion_feed_event:xgb_d3|F4-C3:full_motion_feed_event:extra_leaf1|F5-C1:full_motion:cat_d8|F5-C2:full_motion:lgb_medium|F5-C3:full_motion:histgb
AccMag_Mean_mean,IMU_motion,Thirty-minute summary or coverage descriptor for the IMU-derived feature AccMag_Mean_mean.,sensor-feature dependent,yes,actual input to at least one locked fold component; see locked_model_features_by_fold.csv,no,no,no,,yes,numeric,compact_base|compact_feed_event|full_motion|full_motion_feed_event,F1-C1:compact_base:cat_d8|F1-C2:full_motion_feed_event:elastic|F1-C3:compact_feed_event:rf_leaf3|F2-C1:full_motion_feed_event:elastic|F2-C2:full_motion_feed_event:extra_leaf3|F2-C3:compact_base:cat_d8|F3-C1:full_motion_feed_event:elastic|F3-C2:full_motion_feed_event:cat_d7|F3-C3:full_motion_feed_event:extra_leaf1|F4-C1:full_motion:cat_d8|F4-C2:full_motion_feed_event:xgb_d3|F4-C3:full_motion_feed_event:extra_leaf1|F5-C1:full_motion:cat_d8|F5-C2:full_motion:lgb_medium|F5-C3:full_motion:histgb
AccMag_Mean_std,IMU_motion,Thirty-minute summary or coverage descriptor for the IMU-derived feature AccMag_Mean_std.,sensor-feature dependent,yes,actual input to at least one locked fold component; see locked_model_features_by_fold.csv,no,no,no,,yes,numeric,compact_base|compact_feed_event|full_motion|full_motion_feed_event,F1-C1:compact_base:cat_d8|F1-C2:full_motion_feed_event:elastic|F1-C3:compact_feed_event:rf_leaf3|F2-C1:full_motion_feed_event:elastic|F2-C2:full_motion_feed_event:extra_leaf3|F2-C3:compact_base:cat_d8|F3-C1:full_motion_feed_event:elastic|F3-C2:full_motion_feed_event:cat_d7|F3-C3:full_motion_feed_event:extra_leaf1|F4-C1:full_motion:cat_d8|F4-C2:full_motion_feed_event:xgb_d3|F4-C3:full_motion_feed_event:extra_leaf1|F5-C1:full_motion:cat_d8|F5-C2:full_motion:lgb_medium|F5-C3:full_motion:histgb
AccMag_Mean_p25,IMU_motion,Thirty-minute summary or coverage descriptor for the IMU-derived feature AccMag_Mean_p25.,sensor-feature dependent,yes,actual input to at least one locked fold component; see locked_model_features_by_fold.csv,no,no,no,,yes,numeric,compact_base|compact_feed_event|full_motion|full_motion_feed_event,F1-C1:compact_base:cat_d8|F1-C2:full_motion_feed_event:elastic|F1-C3:compact_feed_event:rf_leaf3|F2-C1:full_motion_feed_event:elastic|F2-C2:full_motion_feed_event:extra_leaf3|F2-C3:compact_base:cat_d8|F3-C1:full_motion_feed_event:elastic|F3-C2:full_motion_feed_event:cat_d7|F3-C3:full_motion_feed_event:extra_leaf1|F4-C1:full_motion:cat_d8|F4-C2:full_motion_feed_event:xgb_d3|F4-C3:full_motion_feed_event:extra_leaf1|F5-C1:full_motion:cat_d8|F5-C2:full_motion:lgb_medium|F5-C3:full_motion:histgb
AccMag_Mean_p75,IMU_motion,Thirty-minute summary or coverage descriptor for the IMU-derived feature AccMag_Mean_p75.,sensor-feature dependent,yes,actual input to at least one locked fold component; see locked_model_features_by_fold.csv,no,no,no,,yes,numeric,compact_base|compact_feed_event|full_motion|full_motion_feed_event,F1-C1:compact_base:cat_d8|F1-C2:full_motion_feed_event:elastic|F1-C3:compact_feed_event:rf_leaf3|F2-C1:full_motion_feed_event:elastic|F2-C2:full_motion_feed_event:extra_leaf3|F2-C3:compact_base:cat_d8|F3-C1:full_motion_feed_event:elastic|F3-C2:full_motion_feed_event:cat_d7|F3-C3:full_motion_feed_event:extra_leaf1|F4-C1:full_motion:cat_d8|F4-C2:full_motion_feed_event:xgb_d3|F4-C3:full_motion_feed_event:extra_leaf1|F5-C1:full_motion:cat_d8|F5-C2:full_motion:lgb_medium|F5-C3:full_motion:histgb
AccMag_Std_mean,IMU_motion,Thirty-minute summary or coverage descriptor for the IMU-derived feature AccMag_Std_mean.,sensor-feature dependent,yes,actual input to at least one locked fold component; see locked_model_features_by_fold.csv,no,no,no,,yes,numeric,compact_base|compact_feed_event|full_motion|full_motion_feed_event,F1-C1:compact_base:cat_d8|F1-C2:full_motion_feed_event:elastic|F1-C3:compact_feed_event:rf_leaf3|F2-C1:full_motion_feed_event:elastic|F2-C2:full_motion_feed_event:extra_leaf3|F2-C3:compact_base:cat_d8|F3-C1:full_motion_feed_event:elastic|F3-C2:full_motion_feed_event:cat_d7|F3-C3:full_motion_feed_event:extra_leaf1|F4-C1:full_motion:cat_d8|F4-C2:full_motion_feed_event:xgb_d3|F4-C3:full_motion_feed_event:extra_leaf1|F5-C1:full_motion:cat_d8|F5-C2:full_motion:lgb_medium|F5-C3:full_motion:histgb
AccMag_Std_std,IMU_motion,Thirty-minute summary or coverage descriptor for the IMU-derived feature AccMag_Std_std.,sensor-feature dependent,yes,actual input to at least one locked fold component; see locked_model_features_by_fold.csv,no,no,no,,yes,numeric,compact_base|compact_feed_event|full_motion|full_motion_feed_event,F1-C1:compact_base:cat_d8|F1-C2:full_motion_feed_event:elastic|F1-C3:compact_feed_event:rf_leaf3|F2-C1:full_motion_feed_event:elastic|F2-C2:full_motion_feed_event:extra_leaf3|F2-C3:compact_base:cat_d8|F3-C1:full_motion_feed_event:elastic|F3-C2:full_motion_feed_event:cat_d7|F3-C3:full_motion_feed_event:extra_leaf1|F4-C1:full_motion:cat_d8|F4-C2:full_motion_feed_event:xgb_d3|F4-C3:full_motion_feed_event:extra_leaf1|F5-C1:full_motion:cat_d8|F5-C2:full_motion:lgb_medium|F5-C3:full_motion:histgb
AccMag_Std_p25,IMU_motion,Thirty-minute summary or coverage descriptor for the IMU-derived feature AccMag_Std_p25.,sensor-feature dependent,yes,actual input to at least one locked fold component; see locked_model_features_by_fold.csv,no,no,no,,yes,numeric,compact_base|compact_feed_event|full_motion|full_motion_feed_event,F1-C1:compact_base:cat_d8|F1-C2:full_motion_feed_event:elastic|F1-C3:compact_feed_event:rf_leaf3|F2-C1:full_motion_feed_event:elastic|F2-C2:full_motion_feed_event:extra_leaf3|F2-C3:compact_base:cat_d8|F3-C1:full_motion_feed_event:elastic|F3-C2:full_motion_feed_event:cat_d7|F3-C3:full_motion_feed_event:extra_leaf1|F4-C1:full_motion:cat_d8|F4-C2:full_motion_feed_event:xgb_d3|F4-C3:full_motion_feed_event:extra_leaf1|F5-C1:full_motion:cat_d8|F5-C2:full_motion:lgb_medium|F5-C3:full_motion:histgb
AccMag_Std_p75,IMU_motion,Thirty-minute summary or coverage descriptor for the IMU-derived feature AccMag_Std_p75.,sensor-feature dependent,yes,actual input to at least one locked fold component; see locked_model_features_by_fold.csv,no,no,no,,yes,numeric,compact_base|compact_feed_event|full_motion|full_motion_feed_event,F1-C1:compact_base:cat_d8|F1-C2:full_motion_feed_event:elastic|F1-C3:compact_feed_event:rf_leaf3|F2-C1:full_motion_feed_event:elastic|F2-C2:full_motion_feed_event:extra_leaf3|F2-C3:compact_base:cat_d8|F3-C1:full_motion_feed_event:elastic|F3-C2:full_motion_feed_event:cat_d7|F3-C3:full_motion_feed_event:extra_leaf1|F4-C1:full_motion:cat_d8|F4-C2:full_motion_feed_event:xgb_d3|F4-C3:full_motion_feed_event:extra_leaf1|F5-C1:full_motion:cat_d8|F5-C2:full_motion:lgb_medium|F5-C3:full_motion:histgb
Roll_Mean_mean,IMU_motion,Thirty-minute summary or coverage descriptor for the IMU-derived feature Roll_Mean_mean.,sensor-feature dependent,yes,actual input to at least one locked fold component; see locked_model_features_by_fold.csv,no,no,no,,yes,numeric,compact_base|compact_feed_event|full_motion|full_motion_feed_event,F1-C1:compact_base:cat_d8|F1-C2:full_motion_feed_event:elastic|F1-C3:compact_feed_event:rf_leaf3|F2-C1:full_motion_feed_event:elastic|F2-C2:full_motion_feed_event:extra_leaf3|F2-C3:compact_base:cat_d8|F3-C1:full_motion_feed_event:elastic|F3-C2:full_motion_feed_event:cat_d7|F3-C3:full_motion_feed_event:extra_leaf1|F4-C1:full_motion:cat_d8|F4-C2:full_motion_feed_event:xgb_d3|F4-C3:full_motion_feed_event:extra_leaf1|F5-C1:full_motion:cat_d8|F5-C2:full_motion:lgb_medium|F5-C3:full_motion:histgb
Roll_Mean_std,IMU_motion,Thirty-minute summary or coverage descriptor for the IMU-derived feature Roll_Mean_std.,sensor-feature dependent,yes,actual input to at least one locked fold component; see locked_model_features_by_fold.csv,no,no,no,,yes,numeric,compact_base|compact_feed_event|full_motion|full_motion_feed_event,F1-C1:compact_base:cat_d8|F1-C2:full_motion_feed_event:elastic|F1-C3:compact_feed_event:rf_leaf3|F2-C1:full_motion_feed_event:elastic|F2-C2:full_motion_feed_event:extra_leaf3|F2-C3:compact_base:cat_d8|F3-C1:full_motion_feed_event:elastic|F3-C2:full_motion_feed_event:cat_d7|F3-C3:full_motion_feed_event:extra_leaf1|F4-C1:full_motion:cat_d8|F4-C2:full_motion_feed_event:xgb_d3|F4-C3:full_motion_feed_event:extra_leaf1|F5-C1:full_motion:cat_d8|F5-C2:full_motion:lgb_medium|F5-C3:full_motion:histgb
Roll_Mean_p25,IMU_motion,Thirty-minute summary or coverage descriptor for the IMU-derived feature Roll_Mean_p25.,sensor-feature dependent,yes,actual input to at least one locked fold component; see locked_model_features_by_fold.csv,no,no,no,,yes,numeric,compact_base|compact_feed_event|full_motion|full_motion_feed_event,F1-C1:compact_base:cat_d8|F1-C2:full_motion_feed_event:elastic|F1-C3:compact_feed_event:rf_leaf3|F2-C1:full_motion_feed_event:elastic|F2-C2:full_motion_feed_event:extra_leaf3|F2-C3:compact_base:cat_d8|F3-C1:full_motion_feed_event:elastic|F3-C2:full_motion_feed_event:cat_d7|F3-C3:full_motion_feed_event:extra_leaf1|F4-C1:full_motion:cat_d8|F4-C2:full_motion_feed_event:xgb_d3|F4-C3:full_motion_feed_event:extra_leaf1|F5-C1:full_motion:cat_d8|F5-C2:full_motion:lgb_medium|F5-C3:full_motion:histgb
Roll_Mean_p75,IMU_motion,Thirty-minute summary or coverage descriptor for the IMU-derived feature Roll_Mean_p75.,sensor-feature dependent,yes,actual input to at least one locked fold component; see locked_model_features_by_fold.csv,no,no,no,,yes,numeric,compact_base|compact_feed_event|full_motion|full_motion_feed_event,F1-C1:compact_base:cat_d8|F1-C2:full_motion_feed_event:elastic|F1-C3:compact_feed_event:rf_leaf3|F2-C1:full_motion_feed_event:elastic|F2-C2:full_motion_feed_event:extra_leaf3|F2-C3:compact_base:cat_d8|F3-C1:full_motion_feed_event:elastic|F3-C2:full_motion_feed_event:cat_d7|F3-C3:full_motion_feed_event:extra_leaf1|F4-C1:full_motion:cat_d8|F4-C2:full_motion_feed_event:xgb_d3|F4-C3:full_motion_feed_event:extra_leaf1|F5-C1:full_motion:cat_d8|F5-C2:full_motion:lgb_medium|F5-C3:full_motion:histgb
Roll_Std_mean,IMU_motion,Thirty-minute summary or coverage descriptor for the IMU-derived feature Roll_Std_mean.,sensor-feature dependent,yes,actual input to at least one locked fold component; see locked_model_features_by_fold.csv,no,no,no,,yes,numeric,full_motion|full_motion_feed_event,F1-C2:full_motion_feed_event:elastic|F2-C1:full_motion_feed_event:elastic|F2-C2:full_motion_feed_event:extra_leaf3|F3-C1:full_motion_feed_event:elastic|F3-C2:full_motion_feed_event:cat_d7|F3-C3:full_motion_feed_event:extra_leaf1|F4-C1:full_motion:cat_d8|F4-C2:full_motion_feed_event:xgb_d3|F4-C3:full_motion_feed_event:extra_leaf1|F5-C1:full_motion:cat_d8|F5-C2:full_motion:lgb_medium|F5-C3:full_motion:histgb
Roll_Std_std,IMU_motion,Thirty-minute summary or coverage descriptor for the IMU-derived feature Roll_Std_std.,sensor-feature dependent,yes,actual input to at least one locked fold component; see locked_model_features_by_fold.csv,no,no,no,,yes,numeric,full_motion|full_motion_feed_event,F1-C2:full_motion_feed_event:elastic|F2-C1:full_motion_feed_event:elastic|F2-C2:full_motion_feed_event:extra_leaf3|F3-C1:full_motion_feed_event:elastic|F3-C2:full_motion_feed_event:cat_d7|F3-C3:full_motion_feed_event:extra_leaf1|F4-C1:full_motion:cat_d8|F4-C2:full_motion_feed_event:xgb_d3|F4-C3:full_motion_feed_event:extra_leaf1|F5-C1:full_motion:cat_d8|F5-C2:full_motion:lgb_medium|F5-C3:full_motion:histgb
Roll_Std_p25,IMU_motion,Thirty-minute summary or coverage descriptor for the IMU-derived feature Roll_Std_p25.,sensor-feature dependent,yes,actual input to at least one locked fold component; see locked_model_features_by_fold.csv,no,no,no,,yes,numeric,full_motion|full_motion_feed_event,F1-C2:full_motion_feed_event:elastic|F2-C1:full_motion_feed_event:elastic|F2-C2:full_motion_feed_event:extra_leaf3|F3-C1:full_motion_feed_event:elastic|F3-C2:full_motion_feed_event:cat_d7|F3-C3:full_motion_feed_event:extra_leaf1|F4-C1:full_motion:cat_d8|F4-C2:full_motion_feed_event:xgb_d3|F4-C3:full_motion_feed_event:extra_leaf1|F5-C1:full_motion:cat_d8|F5-C2:full_motion:lgb_medium|F5-C3:full_motion:histgb
Roll_Std_p75,IMU_motion,Thirty-minute summary or coverage descriptor for the IMU-derived feature Roll_Std_p75.,sensor-feature dependent,yes,actual input to at least one locked fold component; see locked_model_features_by_fold.csv,no,no,no,,yes,numeric,full_motion|full_motion_feed_event,F1-C2:full_motion_feed_event:elastic|F2-C1:full_motion_feed_event:elastic|F2-C2:full_motion_feed_event:extra_leaf3|F3-C1:full_motion_feed_event:elastic|F3-C2:full_motion_feed_event:cat_d7|F3-C3:full_motion_feed_event:extra_leaf1|F4-C1:full_motion:cat_d8|F4-C2:full_motion_feed_event:xgb_d3|F4-C3:full_motion_feed_event:extra_leaf1|F5-C1:full_motion:cat_d8|F5-C2:full_motion:lgb_medium|F5-C3:full_motion:histgb
Pitch_Mean_mean,IMU_motion,Thirty-minute summary or coverage descriptor for the IMU-derived feature Pitch_Mean_mean.,sensor-feature dependent,yes,actual input to at least one locked fold component; see locked_model_features_by_fold.csv,no,no,no,,yes,numeric,compact_base|compact_feed_event|full_motion|full_motion_feed_event,F1-C1:compact_base:cat_d8|F1-C2:full_motion_feed_event:elastic|F1-C3:compact_feed_event:rf_leaf3|F2-C1:full_motion_feed_event:elastic|F2-C2:full_motion_feed_event:extra_leaf3|F2-C3:compact_base:cat_d8|F3-C1:full_motion_feed_event:elastic|F3-C2:full_motion_feed_event:cat_d7|F3-C3:full_motion_feed_event:extra_leaf1|F4-C1:full_motion:cat_d8|F4-C2:full_motion_feed_event:xgb_d3|F4-C3:full_motion_feed_event:extra_leaf1|F5-C1:full_motion:cat_d8|F5-C2:full_motion:lgb_medium|F5-C3:full_motion:histgb
Pitch_Mean_std,IMU_motion,Thirty-minute summary or coverage descriptor for the IMU-derived feature Pitch_Mean_std.,sensor-feature dependent,yes,actual input to at least one locked fold component; see locked_model_features_by_fold.csv,no,no,no,,yes,numeric,compact_base|compact_feed_event|full_motion|full_motion_feed_event,F1-C1:compact_base:cat_d8|F1-C2:full_motion_feed_event:elastic|F1-C3:compact_feed_event:rf_leaf3|F2-C1:full_motion_feed_event:elastic|F2-C2:full_motion_feed_event:extra_leaf3|F2-C3:compact_base:cat_d8|F3-C1:full_motion_feed_event:elastic|F3-C2:full_motion_feed_event:cat_d7|F3-C3:full_motion_feed_event:extra_leaf1|F4-C1:full_motion:cat_d8|F4-C2:full_motion_feed_event:xgb_d3|F4-C3:full_motion_feed_event:extra_leaf1|F5-C1:full_motion:cat_d8|F5-C2:full_motion:lgb_medium|F5-C3:full_motion:histgb
Pitch_Mean_p25,IMU_motion,Thirty-minute summary or coverage descriptor for the IMU-derived feature Pitch_Mean_p25.,sensor-feature dependent,yes,actual input to at least one locked fold component; see locked_model_features_by_fold.csv,no,no,no,,yes,numeric,compact_base|compact_feed_event|full_motion|full_motion_feed_event,F1-C1:compact_base:cat_d8|F1-C2:full_motion_feed_event:elastic|F1-C3:compact_feed_event:rf_leaf3|F2-C1:full_motion_feed_event:elastic|F2-C2:full_motion_feed_event:extra_leaf3|F2-C3:compact_base:cat_d8|F3-C1:full_motion_feed_event:elastic|F3-C2:full_motion_feed_event:cat_d7|F3-C3:full_motion_feed_event:extra_leaf1|F4-C1:full_motion:cat_d8|F4-C2:full_motion_feed_event:xgb_d3|F4-C3:full_motion_feed_event:extra_leaf1|F5-C1:full_motion:cat_d8|F5-C2:full_motion:lgb_medium|F5-C3:full_motion:histgb
Pitch_Mean_p75,IMU_motion,Thirty-minute summary or coverage descriptor for the IMU-derived feature Pitch_Mean_p75.,sensor-feature dependent,yes,actual input to at least one locked fold component; see locked_model_features_by_fold.csv,no,no,no,,yes,numeric,compact_base|compact_feed_event|full_motion|full_motion_feed_event,F1-C1:compact_base:cat_d8|F1-C2:full_motion_feed_event:elastic|F1-C3:compact_feed_event:rf_leaf3|F2-C1:full_motion_feed_event:elastic|F2-C2:full_motion_feed_event:extra_leaf3|F2-C3:compact_base:cat_d8|F3-C1:full_motion_feed_event:elastic|F3-C2:full_motion_feed_event:cat_d7|F3-C3:full_motion_feed_event:extra_leaf1|F4-C1:full_motion:cat_d8|F4-C2:full_motion_feed_event:xgb_d3|F4-C3:full_motion_feed_event:extra_leaf1|F5-C1:full_motion:cat_d8|F5-C2:full_motion:lgb_medium|F5-C3:full_motion:histgb
Pitch_Std_mean,IMU_motion,Thirty-minute summary or coverage descriptor for the IMU-derived feature Pitch_Std_mean.,sensor-feature dependent,yes,actual input to at least one locked fold component; see locked_model_features_by_fold.csv,no,no,no,,yes,numeric,full_motion|full_motion_feed_event,F1-C2:full_motion_feed_event:elastic|F2-C1:full_motion_feed_event:elastic|F2-C2:full_motion_feed_event:extra_leaf3|F3-C1:full_motion_feed_event:elastic|F3-C2:full_motion_feed_event:cat_d7|F3-C3:full_motion_feed_event:extra_leaf1|F4-C1:full_motion:cat_d8|F4-C2:full_motion_feed_event:xgb_d3|F4-C3:full_motion_feed_event:extra_leaf1|F5-C1:full_motion:cat_d8|F5-C2:full_motion:lgb_medium|F5-C3:full_motion:histgb
Pitch_Std_std,IMU_motion,Thirty-minute summary or coverage descriptor for the IMU-derived feature Pitch_Std_std.,sensor-feature dependent,yes,actual input to at least one locked fold component; see locked_model_features_by_fold.csv,no,no,no,,yes,numeric,full_motion|full_motion_feed_event,F1-C2:full_motion_feed_event:elastic|F2-C1:full_motion_feed_event:elastic|F2-C2:full_motion_feed_event:extra_leaf3|F3-C1:full_motion_feed_event:elastic|F3-C2:full_motion_feed_event:cat_d7|F3-C3:full_motion_feed_event:extra_leaf1|F4-C1:full_motion:cat_d8|F4-C2:full_motion_feed_event:xgb_d3|F4-C3:full_motion_feed_event:extra_leaf1|F5-C1:full_motion:cat_d8|F5-C2:full_motion:lgb_medium|F5-C3:full_motion:histgb
Pitch_Std_p25,IMU_motion,Thirty-minute summary or coverage descriptor for the IMU-derived feature Pitch_Std_p25.,sensor-feature dependent,yes,actual input to at least one locked fold component; see locked_model_features_by_fold.csv,no,no,no,,yes,numeric,full_motion|full_motion_feed_event,F1-C2:full_motion_feed_event:elastic|F2-C1:full_motion_feed_event:elastic|F2-C2:full_motion_feed_event:extra_leaf3|F3-C1:full_motion_feed_event:elastic|F3-C2:full_motion_feed_event:cat_d7|F3-C3:full_motion_feed_event:extra_leaf1|F4-C1:full_motion:cat_d8|F4-C2:full_motion_feed_event:xgb_d3|F4-C3:full_motion_feed_event:extra_leaf1|F5-C1:full_motion:cat_d8|F5-C2:full_motion:lgb_medium|F5-C3:full_motion:histgb
Pitch_Std_p75,IMU_motion,Thirty-minute summary or coverage descriptor for the IMU-derived feature Pitch_Std_p75.,sensor-feature dependent,yes,actual input to at least one locked fold component; see locked_model_features_by_fold.csv,no,no,no,,yes,numeric,full_motion|full_motion_feed_event,F1-C2:full_motion_feed_event:elastic|F2-C1:full_motion_feed_event:elastic|F2-C2:full_motion_feed_event:extra_leaf3|F3-C1:full_motion_feed_event:elastic|F3-C2:full_motion_feed_event:cat_d7|F3-C3:full_motion_feed_event:extra_leaf1|F4-C1:full_motion:cat_d8|F4-C2:full_motion_feed_event:xgb_d3|F4-C3:full_motion_feed_event:extra_leaf1|F5-C1:full_motion:cat_d8|F5-C2:full_motion:lgb_medium|F5-C3:full_motion:histgb
Tilt_Mag_Mean_mean,IMU_motion,Thirty-minute summary or coverage descriptor for the IMU-derived feature Tilt_Mag_Mean_mean.,sensor-feature dependent,yes,actual input to at least one locked fold component; see locked_model_features_by_fold.csv,no,no,no,,yes,numeric,compact_base|compact_feed_event|full_motion|full_motion_feed_event,F1-C1:compact_base:cat_d8|F1-C2:full_motion_feed_event:elastic|F1-C3:compact_feed_event:rf_leaf3|F2-C1:full_motion_feed_event:elastic|F2-C2:full_motion_feed_event:extra_leaf3|F2-C3:compact_base:cat_d8|F3-C1:full_motion_feed_event:elastic|F3-C2:full_motion_feed_event:cat_d7|F3-C3:full_motion_feed_event:extra_leaf1|F4-C1:full_motion:cat_d8|F4-C2:full_motion_feed_event:xgb_d3|F4-C3:full_motion_feed_event:extra_leaf1|F5-C1:full_motion:cat_d8|F5-C2:full_motion:lgb_medium|F5-C3:full_motion:histgb
Tilt_Mag_Mean_std,IMU_motion,Thirty-minute summary or coverage descriptor for the IMU-derived feature Tilt_Mag_Mean_std.,sensor-feature dependent,yes,actual input to at least one locked fold component; see locked_model_features_by_fold.csv,no,no,no,,yes,numeric,compact_base|compact_feed_event|full_motion|full_motion_feed_event,F1-C1:compact_base:cat_d8|F1-C2:full_motion_feed_event:elastic|F1-C3:compact_feed_event:rf_leaf3|F2-C1:full_motion_feed_event:elastic|F2-C2:full_motion_feed_event:extra_leaf3|F2-C3:compact_base:cat_d8|F3-C1:full_motion_feed_event:elastic|F3-C2:full_motion_feed_event:cat_d7|F3-C3:full_motion_feed_event:extra_leaf1|F4-C1:full_motion:cat_d8|F4-C2:full_motion_feed_event:xgb_d3|F4-C3:full_motion_feed_event:extra_leaf1|F5-C1:full_motion:cat_d8|F5-C2:full_motion:lgb_medium|F5-C3:full_motion:histgb
Tilt_Mag_Mean_p25,IMU_motion,Thirty-minute summary or coverage descriptor for the IMU-derived feature Tilt_Mag_Mean_p25.,sensor-feature dependent,yes,actual input to at least one locked fold component; see locked_model_features_by_fold.csv,no,no,no,,yes,numeric,compact_base|compact_feed_event|full_motion|full_motion_feed_event,F1-C1:compact_base:cat_d8|F1-C2:full_motion_feed_event:elastic|F1-C3:compact_feed_event:rf_leaf3|F2-C1:full_motion_feed_event:elastic|F2-C2:full_motion_feed_event:extra_leaf3|F2-C3:compact_base:cat_d8|F3-C1:full_motion_feed_event:elastic|F3-C2:full_motion_feed_event:cat_d7|F3-C3:full_motion_feed_event:extra_leaf1|F4-C1:full_motion:cat_d8|F4-C2:full_motion_feed_event:xgb_d3|F4-C3:full_motion_feed_event:extra_leaf1|F5-C1:full_motion:cat_d8|F5-C2:full_motion:lgb_medium|F5-C3:full_motion:histgb
Tilt_Mag_Mean_p75,IMU_motion,Thirty-minute summary or coverage descriptor for the IMU-derived feature Tilt_Mag_Mean_p75.,sensor-feature dependent,yes,actual input to at least one locked fold component; see locked_model_features_by_fold.csv,no,no,no,,yes,numeric,compact_base|compact_feed_event|full_motion|full_motion_feed_event,F1-C1:compact_base:cat_d8|F1-C2:full_motion_feed_event:elastic|F1-C3:compact_feed_event:rf_leaf3|F2-C1:full_motion_feed_event:elastic|F2-C2:full_motion_feed_event:extra_leaf3|F2-C3:compact_base:cat_d8|F3-C1:full_motion_feed_event:elastic|F3-C2:full_motion_feed_event:cat_d7|F3-C3:full_motion_feed_event:extra_leaf1|F4-C1:full_motion:cat_d8|F4-C2:full_motion_feed_event:xgb_d3|F4-C3:full_motion_feed_event:extra_leaf1|F5-C1:full_motion:cat_d8|F5-C2:full_motion:lgb_medium|F5-C3:full_motion:histgb
Tilt_Mag_Std_mean,IMU_motion,Thirty-minute summary or coverage descriptor for the IMU-derived feature Tilt_Mag_Std_mean.,sensor-feature dependent,yes,actual input to at least one locked fold component; see locked_model_features_by_fold.csv,no,no,no,,yes,numeric,compact_base|compact_feed_event|full_motion|full_motion_feed_event,F1-C1:compact_base:cat_d8|F1-C2:full_motion_feed_event:elastic|F1-C3:compact_feed_event:rf_leaf3|F2-C1:full_motion_feed_event:elastic|F2-C2:full_motion_feed_event:extra_leaf3|F2-C3:compact_base:cat_d8|F3-C1:full_motion_feed_event:elastic|F3-C2:full_motion_feed_event:cat_d7|F3-C3:full_motion_feed_event:extra_leaf1|F4-C1:full_motion:cat_d8|F4-C2:full_motion_feed_event:xgb_d3|F4-C3:full_motion_feed_event:extra_leaf1|F5-C1:full_motion:cat_d8|F5-C2:full_motion:lgb_medium|F5-C3:full_motion:histgb
Tilt_Mag_Std_std,IMU_motion,Thirty-minute summary or coverage descriptor for the IMU-derived feature Tilt_Mag_Std_std.,sensor-feature dependent,yes,actual input to at least one locked fold component; see locked_model_features_by_fold.csv,no,no,no,,yes,numeric,compact_base|compact_feed_event|full_motion|full_motion_feed_event,F1-C1:compact_base:cat_d8|F1-C2:full_motion_feed_event:elastic|F1-C3:compact_feed_event:rf_leaf3|F2-C1:full_motion_feed_event:elastic|F2-C2:full_motion_feed_event:extra_leaf3|F2-C3:compact_base:cat_d8|F3-C1:full_motion_feed_event:elastic|F3-C2:full_motion_feed_event:cat_d7|F3-C3:full_motion_feed_event:extra_leaf1|F4-C1:full_motion:cat_d8|F4-C2:full_motion_feed_event:xgb_d3|F4-C3:full_motion_feed_event:extra_leaf1|F5-C1:full_motion:cat_d8|F5-C2:full_motion:lgb_medium|F5-C3:full_motion:histgb
Tilt_Mag_Std_p25,IMU_motion,Thirty-minute summary or coverage descriptor for the IMU-derived feature Tilt_Mag_Std_p25.,sensor-feature dependent,yes,actual input to at least one locked fold component; see locked_model_features_by_fold.csv,no,no,no,,yes,numeric,compact_base|compact_feed_event|full_motion|full_motion_feed_event,F1-C1:compact_base:cat_d8|F1-C2:full_motion_feed_event:elastic|F1-C3:compact_feed_event:rf_leaf3|F2-C1:full_motion_feed_event:elastic|F2-C2:full_motion_feed_event:extra_leaf3|F2-C3:compact_base:cat_d8|F3-C1:full_motion_feed_event:elastic|F3-C2:full_motion_feed_event:cat_d7|F3-C3:full_motion_feed_event:extra_leaf1|F4-C1:full_motion:cat_d8|F4-C2:full_motion_feed_event:xgb_d3|F4-C3:full_motion_feed_event:extra_leaf1|F5-C1:full_motion:cat_d8|F5-C2:full_motion:lgb_medium|F5-C3:full_motion:histgb
Tilt_Mag_Std_p75,IMU_motion,Thirty-minute summary or coverage descriptor for the IMU-derived feature Tilt_Mag_Std_p75.,sensor-feature dependent,yes,actual input to at least one locked fold component; see locked_model_features_by_fold.csv,no,no,no,,yes,numeric,compact_base|compact_feed_event|full_motion|full_motion_feed_event,F1-C1:compact_base:cat_d8|F1-C2:full_motion_feed_event:elastic|F1-C3:compact_feed_event:rf_leaf3|F2-C1:full_motion_feed_event:elastic|F2-C2:full_motion_feed_event:extra_leaf3|F2-C3:compact_base:cat_d8|F3-C1:full_motion_feed_event:elastic|F3-C2:full_motion_feed_event:cat_d7|F3-C3:full_motion_feed_event:extra_leaf1|F4-C1:full_motion:cat_d8|F4-C2:full_motion_feed_event:xgb_d3|F4-C3:full_motion_feed_event:extra_leaf1|F5-C1:full_motion:cat_d8|F5-C2:full_motion:lgb_medium|F5-C3:full_motion:histgb
AngX_Std_mean,IMU_motion,Thirty-minute summary or coverage descriptor for the IMU-derived feature AngX_Std_mean.,sensor-feature dependent,yes,actual input to at least one locked fold component; see locked_model_features_by_fold.csv,no,no,no,,yes,numeric,full_motion|full_motion_feed_event,F1-C2:full_motion_feed_event:elastic|F2-C1:full_motion_feed_event:elastic|F2-C2:full_motion_feed_event:extra_leaf3|F3-C1:full_motion_feed_event:elastic|F3-C2:full_motion_feed_event:cat_d7|F3-C3:full_motion_feed_event:extra_leaf1|F4-C1:full_motion:cat_d8|F4-C2:full_motion_feed_event:xgb_d3|F4-C3:full_motion_feed_event:extra_leaf1|F5-C1:full_motion:cat_d8|F5-C2:full_motion:lgb_medium|F5-C3:full_motion:histgb
AngX_Std_std,IMU_motion,Thirty-minute summary or coverage descriptor for the IMU-derived feature AngX_Std_std.,sensor-feature dependent,yes,actual input to at least one locked fold component; see locked_model_features_by_fold.csv,no,no,no,,yes,numeric,full_motion|full_motion_feed_event,F1-C2:full_motion_feed_event:elastic|F2-C1:full_motion_feed_event:elastic|F2-C2:full_motion_feed_event:extra_leaf3|F3-C1:full_motion_feed_event:elastic|F3-C2:full_motion_feed_event:cat_d7|F3-C3:full_motion_feed_event:extra_leaf1|F4-C1:full_motion:cat_d8|F4-C2:full_motion_feed_event:xgb_d3|F4-C3:full_motion_feed_event:extra_leaf1|F5-C1:full_motion:cat_d8|F5-C2:full_motion:lgb_medium|F5-C3:full_motion:histgb
AngX_Std_p25,IMU_motion,Thirty-minute summary or coverage descriptor for the IMU-derived feature AngX_Std_p25.,sensor-feature dependent,yes,actual input to at least one locked fold component; see locked_model_features_by_fold.csv,no,no,no,,yes,numeric,full_motion|full_motion_feed_event,F1-C2:full_motion_feed_event:elastic|F2-C1:full_motion_feed_event:elastic|F2-C2:full_motion_feed_event:extra_leaf3|F3-C1:full_motion_feed_event:elastic|F3-C2:full_motion_feed_event:cat_d7|F3-C3:full_motion_feed_event:extra_leaf1|F4-C1:full_motion:cat_d8|F4-C2:full_motion_feed_event:xgb_d3|F4-C3:full_motion_feed_event:extra_leaf1|F5-C1:full_motion:cat_d8|F5-C2:full_motion:lgb_medium|F5-C3:full_motion:histgb
AngX_Std_p75,IMU_motion,Thirty-minute summary or coverage descriptor for the IMU-derived feature AngX_Std_p75.,sensor-feature dependent,yes,actual input to at least one locked fold component; see locked_model_features_by_fold.csv,no,no,no,,yes,numeric,full_motion|full_motion_feed_event,F1-C2:full_motion_feed_event:elastic|F2-C1:full_motion_feed_event:elastic|F2-C2:full_motion_feed_event:extra_leaf3|F3-C1:full_motion_feed_event:elastic|F3-C2:full_motion_feed_event:cat_d7|F3-C3:full_motion_feed_event:extra_leaf1|F4-C1:full_motion:cat_d8|F4-C2:full_motion_feed_event:xgb_d3|F4-C3:full_motion_feed_event:extra_leaf1|F5-C1:full_motion:cat_d8|F5-C2:full_motion:lgb_medium|F5-C3:full_motion:histgb
AngY_Std_mean,IMU_motion,Thirty-minute summary or coverage descriptor for the IMU-derived feature AngY_Std_mean.,sensor-feature dependent,yes,actual input to at least one locked fold component; see locked_model_features_by_fold.csv,no,no,no,,yes,numeric,full_motion|full_motion_feed_event,F1-C2:full_motion_feed_event:elastic|F2-C1:full_motion_feed_event:elastic|F2-C2:full_motion_feed_event:extra_leaf3|F3-C1:full_motion_feed_event:elastic|F3-C2:full_motion_feed_event:cat_d7|F3-C3:full_motion_feed_event:extra_leaf1|F4-C1:full_motion:cat_d8|F4-C2:full_motion_feed_event:xgb_d3|F4-C3:full_motion_feed_event:extra_leaf1|F5-C1:full_motion:cat_d8|F5-C2:full_motion:lgb_medium|F5-C3:full_motion:histgb
AngY_Std_std,IMU_motion,Thirty-minute summary or coverage descriptor for the IMU-derived feature AngY_Std_std.,sensor-feature dependent,yes,actual input to at least one locked fold component; see locked_model_features_by_fold.csv,no,no,no,,yes,numeric,full_motion|full_motion_feed_event,F1-C2:full_motion_feed_event:elastic|F2-C1:full_motion_feed_event:elastic|F2-C2:full_motion_feed_event:extra_leaf3|F3-C1:full_motion_feed_event:elastic|F3-C2:full_motion_feed_event:cat_d7|F3-C3:full_motion_feed_event:extra_leaf1|F4-C1:full_motion:cat_d8|F4-C2:full_motion_feed_event:xgb_d3|F4-C3:full_motion_feed_event:extra_leaf1|F5-C1:full_motion:cat_d8|F5-C2:full_motion:lgb_medium|F5-C3:full_motion:histgb
AngY_Std_p25,IMU_motion,Thirty-minute summary or coverage descriptor for the IMU-derived feature AngY_Std_p25.,sensor-feature dependent,yes,actual input to at least one locked fold component; see locked_model_features_by_fold.csv,no,no,no,,yes,numeric,full_motion|full_motion_feed_event,F1-C2:full_motion_feed_event:elastic|F2-C1:full_motion_feed_event:elastic|F2-C2:full_motion_feed_event:extra_leaf3|F3-C1:full_motion_feed_event:elastic|F3-C2:full_motion_feed_event:cat_d7|F3-C3:full_motion_feed_event:extra_leaf1|F4-C1:full_motion:cat_d8|F4-C2:full_motion_feed_event:xgb_d3|F4-C3:full_motion_feed_event:extra_leaf1|F5-C1:full_motion:cat_d8|F5-C2:full_motion:lgb_medium|F5-C3:full_motion:histgb
AngY_Std_p75,IMU_motion,Thirty-minute summary or coverage descriptor for the IMU-derived feature AngY_Std_p75.,sensor-feature dependent,yes,actual input to at least one locked fold component; see locked_model_features_by_fold.csv,no,no,no,,yes,numeric,full_motion|full_motion_feed_event,F1-C2:full_motion_feed_event:elastic|F2-C1:full_motion_feed_event:elastic|F2-C2:full_motion_feed_event:extra_leaf3|F3-C1:full_motion_feed_event:elastic|F3-C2:full_motion_feed_event:cat_d7|F3-C3:full_motion_feed_event:extra_leaf1|F4-C1:full_motion:cat_d8|F4-C2:full_motion_feed_event:xgb_d3|F4-C3:full_motion_feed_event:extra_leaf1|F5-C1:full_motion:cat_d8|F5-C2:full_motion:lgb_medium|F5-C3:full_motion:histgb
AngZ_Std_mean,IMU_motion,Thirty-minute summary or coverage descriptor for the IMU-derived feature AngZ_Std_mean.,sensor-feature dependent,yes,actual input to at least one locked fold component; see locked_model_features_by_fold.csv,no,no,no,,yes,numeric,full_motion|full_motion_feed_event,F1-C2:full_motion_feed_event:elastic|F2-C1:full_motion_feed_event:elastic|F2-C2:full_motion_feed_event:extra_leaf3|F3-C1:full_motion_feed_event:elastic|F3-C2:full_motion_feed_event:cat_d7|F3-C3:full_motion_feed_event:extra_leaf1|F4-C1:full_motion:cat_d8|F4-C2:full_motion_feed_event:xgb_d3|F4-C3:full_motion_feed_event:extra_leaf1|F5-C1:full_motion:cat_d8|F5-C2:full_motion:lgb_medium|F5-C3:full_motion:histgb
AngZ_Std_std,IMU_motion,Thirty-minute summary or coverage descriptor for the IMU-derived feature AngZ_Std_std.,sensor-feature dependent,yes,actual input to at least one locked fold component; see locked_model_features_by_fold.csv,no,no,no,,yes,numeric,full_motion|full_motion_feed_event,F1-C2:full_motion_feed_event:elastic|F2-C1:full_motion_feed_event:elastic|F2-C2:full_motion_feed_event:extra_leaf3|F3-C1:full_motion_feed_event:elastic|F3-C2:full_motion_feed_event:cat_d7|F3-C3:full_motion_feed_event:extra_leaf1|F4-C1:full_motion:cat_d8|F4-C2:full_motion_feed_event:xgb_d3|F4-C3:full_motion_feed_event:extra_leaf1|F5-C1:full_motion:cat_d8|F5-C2:full_motion:lgb_medium|F5-C3:full_motion:histgb
AngZ_Std_p25,IMU_motion,Thirty-minute summary or coverage descriptor for the IMU-derived feature AngZ_Std_p25.,sensor-feature dependent,yes,actual input to at least one locked fold component; see locked_model_features_by_fold.csv,no,no,no,,yes,numeric,full_motion|full_motion_feed_event,F1-C2:full_motion_feed_event:elastic|F2-C1:full_motion_feed_event:elastic|F2-C2:full_motion_feed_event:extra_leaf3|F3-C1:full_motion_feed_event:elastic|F3-C2:full_motion_feed_event:cat_d7|F3-C3:full_motion_feed_event:extra_leaf1|F4-C1:full_motion:cat_d8|F4-C2:full_motion_feed_event:xgb_d3|F4-C3:full_motion_feed_event:extra_leaf1|F5-C1:full_motion:cat_d8|F5-C2:full_motion:lgb_medium|F5-C3:full_motion:histgb
AngZ_Std_p75,IMU_motion,Thirty-minute summary or coverage descriptor for the IMU-derived feature AngZ_Std_p75.,sensor-feature dependent,yes,actual input to at least one locked fold component; see locked_model_features_by_fold.csv,no,no,no,,yes,numeric,full_motion|full_motion_feed_event,F1-C2:full_motion_feed_event:elastic|F2-C1:full_motion_feed_event:elastic|F2-C2:full_motion_feed_event:extra_leaf3|F3-C1:full_motion_feed_event:elastic|F3-C2:full_motion_feed_event:cat_d7|F3-C3:full_motion_feed_event:extra_leaf1|F4-C1:full_motion:cat_d8|F4-C2:full_motion_feed_event:xgb_d3|F4-C3:full_motion_feed_event:extra_leaf1|F5-C1:full_motion:cat_d8|F5-C2:full_motion:lgb_medium|F5-C3:full_motion:histgb
AngX_Rate_mean,IMU_motion,Thirty-minute summary or coverage descriptor for the IMU-derived feature AngX_Rate_mean.,sensor-feature dependent,yes,actual input to at least one locked fold component; see locked_model_features_by_fold.csv,no,no,no,,yes,numeric,compact_base|compact_feed_event|full_motion|full_motion_feed_event,F1-C1:compact_base:cat_d8|F1-C2:full_motion_feed_event:elastic|F1-C3:compact_feed_event:rf_leaf3|F2-C1:full_motion_feed_event:elastic|F2-C2:full_motion_feed_event:extra_leaf3|F2-C3:compact_base:cat_d8|F3-C1:full_motion_feed_event:elastic|F3-C2:full_motion_feed_event:cat_d7|F3-C3:full_motion_feed_event:extra_leaf1|F4-C1:full_motion:cat_d8|F4-C2:full_motion_feed_event:xgb_d3|F4-C3:full_motion_feed_event:extra_leaf1|F5-C1:full_motion:cat_d8|F5-C2:full_motion:lgb_medium|F5-C3:full_motion:histgb
AngX_Rate_std,IMU_motion,Thirty-minute summary or coverage descriptor for the IMU-derived feature AngX_Rate_std.,sensor-feature dependent,yes,actual input to at least one locked fold component; see locked_model_features_by_fold.csv,no,no,no,,yes,numeric,compact_base|compact_feed_event|full_motion|full_motion_feed_event,F1-C1:compact_base:cat_d8|F1-C2:full_motion_feed_event:elastic|F1-C3:compact_feed_event:rf_leaf3|F2-C1:full_motion_feed_event:elastic|F2-C2:full_motion_feed_event:extra_leaf3|F2-C3:compact_base:cat_d8|F3-C1:full_motion_feed_event:elastic|F3-C2:full_motion_feed_event:cat_d7|F3-C3:full_motion_feed_event:extra_leaf1|F4-C1:full_motion:cat_d8|F4-C2:full_motion_feed_event:xgb_d3|F4-C3:full_motion_feed_event:extra_leaf1|F5-C1:full_motion:cat_d8|F5-C2:full_motion:lgb_medium|F5-C3:full_motion:histgb
AngX_Rate_p25,IMU_motion,Thirty-minute summary or coverage descriptor for the IMU-derived feature AngX_Rate_p25.,sensor-feature dependent,yes,actual input to at least one locked fold component; see locked_model_features_by_fold.csv,no,no,no,,yes,numeric,compact_base|compact_feed_event|full_motion|full_motion_feed_event,F1-C1:compact_base:cat_d8|F1-C2:full_motion_feed_event:elastic|F1-C3:compact_feed_event:rf_leaf3|F2-C1:full_motion_feed_event:elastic|F2-C2:full_motion_feed_event:extra_leaf3|F2-C3:compact_base:cat_d8|F3-C1:full_motion_feed_event:elastic|F3-C2:full_motion_feed_event:cat_d7|F3-C3:full_motion_feed_event:extra_leaf1|F4-C1:full_motion:cat_d8|F4-C2:full_motion_feed_event:xgb_d3|F4-C3:full_motion_feed_event:extra_leaf1|F5-C1:full_motion:cat_d8|F5-C2:full_motion:lgb_medium|F5-C3:full_motion:histgb
AngX_Rate_p75,IMU_motion,Thirty-minute summary or coverage descriptor for the IMU-derived feature AngX_Rate_p75.,sensor-feature dependent,yes,actual input to at least one locked fold component; see locked_model_features_by_fold.csv,no,no,no,,yes,numeric,compact_base|compact_feed_event|full_motion|full_motion_feed_event,F1-C1:compact_base:cat_d8|F1-C2:full_motion_feed_event:elastic|F1-C3:compact_feed_event:rf_leaf3|F2-C1:full_motion_feed_event:elastic|F2-C2:full_motion_feed_event:extra_leaf3|F2-C3:compact_base:cat_d8|F3-C1:full_motion_feed_event:elastic|F3-C2:full_motion_feed_event:cat_d7|F3-C3:full_motion_feed_event:extra_leaf1|F4-C1:full_motion:cat_d8|F4-C2:full_motion_feed_event:xgb_d3|F4-C3:full_motion_feed_event:extra_leaf1|F5-C1:full_motion:cat_d8|F5-C2:full_motion:lgb_medium|F5-C3:full_motion:histgb
AngY_Rate_mean,IMU_motion,Thirty-minute summary or coverage descriptor for the IMU-derived feature AngY_Rate_mean.,sensor-feature dependent,yes,actual input to at least one locked fold component; see locked_model_features_by_fold.csv,no,no,no,,yes,numeric,compact_base|compact_feed_event|full_motion|full_motion_feed_event,F1-C1:compact_base:cat_d8|F1-C2:full_motion_feed_event:elastic|F1-C3:compact_feed_event:rf_leaf3|F2-C1:full_motion_feed_event:elastic|F2-C2:full_motion_feed_event:extra_leaf3|F2-C3:compact_base:cat_d8|F3-C1:full_motion_feed_event:elastic|F3-C2:full_motion_feed_event:cat_d7|F3-C3:full_motion_feed_event:extra_leaf1|F4-C1:full_motion:cat_d8|F4-C2:full_motion_feed_event:xgb_d3|F4-C3:full_motion_feed_event:extra_leaf1|F5-C1:full_motion:cat_d8|F5-C2:full_motion:lgb_medium|F5-C3:full_motion:histgb
AngY_Rate_std,IMU_motion,Thirty-minute summary or coverage descriptor for the IMU-derived feature AngY_Rate_std.,sensor-feature dependent,yes,actual input to at least one locked fold component; see locked_model_features_by_fold.csv,no,no,no,,yes,numeric,compact_base|compact_feed_event|full_motion|full_motion_feed_event,F1-C1:compact_base:cat_d8|F1-C2:full_motion_feed_event:elastic|F1-C3:compact_feed_event:rf_leaf3|F2-C1:full_motion_feed_event:elastic|F2-C2:full_motion_feed_event:extra_leaf3|F2-C3:compact_base:cat_d8|F3-C1:full_motion_feed_event:elastic|F3-C2:full_motion_feed_event:cat_d7|F3-C3:full_motion_feed_event:extra_leaf1|F4-C1:full_motion:cat_d8|F4-C2:full_motion_feed_event:xgb_d3|F4-C3:full_motion_feed_event:extra_leaf1|F5-C1:full_motion:cat_d8|F5-C2:full_motion:lgb_medium|F5-C3:full_motion:histgb
AngY_Rate_p25,IMU_motion,Thirty-minute summary or coverage descriptor for the IMU-derived feature AngY_Rate_p25.,sensor-feature dependent,yes,actual input to at least one locked fold component; see locked_model_features_by_fold.csv,no,no,no,,yes,numeric,compact_base|compact_feed_event|full_motion|full_motion_feed_event,F1-C1:compact_base:cat_d8|F1-C2:full_motion_feed_event:elastic|F1-C3:compact_feed_event:rf_leaf3|F2-C1:full_motion_feed_event:elastic|F2-C2:full_motion_feed_event:extra_leaf3|F2-C3:compact_base:cat_d8|F3-C1:full_motion_feed_event:elastic|F3-C2:full_motion_feed_event:cat_d7|F3-C3:full_motion_feed_event:extra_leaf1|F4-C1:full_motion:cat_d8|F4-C2:full_motion_feed_event:xgb_d3|F4-C3:full_motion_feed_event:extra_leaf1|F5-C1:full_motion:cat_d8|F5-C2:full_motion:lgb_medium|F5-C3:full_motion:histgb
AngY_Rate_p75,IMU_motion,Thirty-minute summary or coverage descriptor for the IMU-derived feature AngY_Rate_p75.,sensor-feature dependent,yes,actual input to at least one locked fold component; see locked_model_features_by_fold.csv,no,no,no,,yes,numeric,compact_base|compact_feed_event|full_motion|full_motion_feed_event,F1-C1:compact_base:cat_d8|F1-C2:full_motion_feed_event:elastic|F1-C3:compact_feed_event:rf_leaf3|F2-C1:full_motion_feed_event:elastic|F2-C2:full_motion_feed_event:extra_leaf3|F2-C3:compact_base:cat_d8|F3-C1:full_motion_feed_event:elastic|F3-C2:full_motion_feed_event:cat_d7|F3-C3:full_motion_feed_event:extra_leaf1|F4-C1:full_motion:cat_d8|F4-C2:full_motion_feed_event:xgb_d3|F4-C3:full_motion_feed_event:extra_leaf1|F5-C1:full_motion:cat_d8|F5-C2:full_motion:lgb_medium|F5-C3:full_motion:histgb
AngZ_Rate_mean,IMU_motion,Thirty-minute summary or coverage descriptor for the IMU-derived feature AngZ_Rate_mean.,sensor-feature dependent,yes,actual input to at least one locked fold component; see locked_model_features_by_fold.csv,no,no,no,,yes,numeric,compact_base|compact_feed_event|full_motion|full_motion_feed_event,F1-C1:compact_base:cat_d8|F1-C2:full_motion_feed_event:elastic|F1-C3:compact_feed_event:rf_leaf3|F2-C1:full_motion_feed_event:elastic|F2-C2:full_motion_feed_event:extra_leaf3|F2-C3:compact_base:cat_d8|F3-C1:full_motion_feed_event:elastic|F3-C2:full_motion_feed_event:cat_d7|F3-C3:full_motion_feed_event:extra_leaf1|F4-C1:full_motion:cat_d8|F4-C2:full_motion_feed_event:xgb_d3|F4-C3:full_motion_feed_event:extra_leaf1|F5-C1:full_motion:cat_d8|F5-C2:full_motion:lgb_medium|F5-C3:full_motion:histgb
AngZ_Rate_std,IMU_motion,Thirty-minute summary or coverage descriptor for the IMU-derived feature AngZ_Rate_std.,sensor-feature dependent,yes,actual input to at least one locked fold component; see locked_model_features_by_fold.csv,no,no,no,,yes,numeric,compact_base|compact_feed_event|full_motion|full_motion_feed_event,F1-C1:compact_base:cat_d8|F1-C2:full_motion_feed_event:elastic|F1-C3:compact_feed_event:rf_leaf3|F2-C1:full_motion_feed_event:elastic|F2-C2:full_motion_feed_event:extra_leaf3|F2-C3:compact_base:cat_d8|F3-C1:full_motion_feed_event:elastic|F3-C2:full_motion_feed_event:cat_d7|F3-C3:full_motion_feed_event:extra_leaf1|F4-C1:full_motion:cat_d8|F4-C2:full_motion_feed_event:xgb_d3|F4-C3:full_motion_feed_event:extra_leaf1|F5-C1:full_motion:cat_d8|F5-C2:full_motion:lgb_medium|F5-C3:full_motion:histgb
AngZ_Rate_p25,IMU_motion,Thirty-minute summary or coverage descriptor for the IMU-derived feature AngZ_Rate_p25.,sensor-feature dependent,yes,actual input to at least one locked fold component; see locked_model_features_by_fold.csv,no,no,no,,yes,numeric,compact_base|compact_feed_event|full_motion|full_motion_feed_event,F1-C1:compact_base:cat_d8|F1-C2:full_motion_feed_event:elastic|F1-C3:compact_feed_event:rf_leaf3|F2-C1:full_motion_feed_event:elastic|F2-C2:full_motion_feed_event:extra_leaf3|F2-C3:compact_base:cat_d8|F3-C1:full_motion_feed_event:elastic|F3-C2:full_motion_feed_event:cat_d7|F3-C3:full_motion_feed_event:extra_leaf1|F4-C1:full_motion:cat_d8|F4-C2:full_motion_feed_event:xgb_d3|F4-C3:full_motion_feed_event:extra_leaf1|F5-C1:full_motion:cat_d8|F5-C2:full_motion:lgb_medium|F5-C3:full_motion:histgb
AngZ_Rate_p75,IMU_motion,Thirty-minute summary or coverage descriptor for the IMU-derived feature AngZ_Rate_p75.,sensor-feature dependent,yes,actual input to at least one locked fold component; see locked_model_features_by_fold.csv,no,no,no,,yes,numeric,compact_base|compact_feed_event|full_motion|full_motion_feed_event,F1-C1:compact_base:cat_d8|F1-C2:full_motion_feed_event:elastic|F1-C3:compact_feed_event:rf_leaf3|F2-C1:full_motion_feed_event:elastic|F2-C2:full_motion_feed_event:extra_leaf3|F2-C3:compact_base:cat_d8|F3-C1:full_motion_feed_event:elastic|F3-C2:full_motion_feed_event:cat_d7|F3-C3:full_motion_feed_event:extra_leaf1|F4-C1:full_motion:cat_d8|F4-C2:full_motion_feed_event:xgb_d3|F4-C3:full_motion_feed_event:extra_leaf1|F5-C1:full_motion:cat_d8|F5-C2:full_motion:lgb_medium|F5-C3:full_motion:histgb
Jerk_Mean_mean,IMU_motion,Thirty-minute summary or coverage descriptor for the IMU-derived feature Jerk_Mean_mean.,sensor-feature dependent,yes,actual input to at least one locked fold component; see locked_model_features_by_fold.csv,no,no,no,,yes,numeric,compact_base|compact_feed_event|full_motion|full_motion_feed_event,F1-C1:compact_base:cat_d8|F1-C2:full_motion_feed_event:elastic|F1-C3:compact_feed_event:rf_leaf3|F2-C1:full_motion_feed_event:elastic|F2-C2:full_motion_feed_event:extra_leaf3|F2-C3:compact_base:cat_d8|F3-C1:full_motion_feed_event:elastic|F3-C2:full_motion_feed_event:cat_d7|F3-C3:full_motion_feed_event:extra_leaf1|F4-C1:full_motion:cat_d8|F4-C2:full_motion_feed_event:xgb_d3|F4-C3:full_motion_feed_event:extra_leaf1|F5-C1:full_motion:cat_d8|F5-C2:full_motion:lgb_medium|F5-C3:full_motion:histgb
Jerk_Mean_std,IMU_motion,Thirty-minute summary or coverage descriptor for the IMU-derived feature Jerk_Mean_std.,sensor-feature dependent,yes,actual input to at least one locked fold component; see locked_model_features_by_fold.csv,no,no,no,,yes,numeric,compact_base|compact_feed_event|full_motion|full_motion_feed_event,F1-C1:compact_base:cat_d8|F1-C2:full_motion_feed_event:elastic|F1-C3:compact_feed_event:rf_leaf3|F2-C1:full_motion_feed_event:elastic|F2-C2:full_motion_feed_event:extra_leaf3|F2-C3:compact_base:cat_d8|F3-C1:full_motion_feed_event:elastic|F3-C2:full_motion_feed_event:cat_d7|F3-C3:full_motion_feed_event:extra_leaf1|F4-C1:full_motion:cat_d8|F4-C2:full_motion_feed_event:xgb_d3|F4-C3:full_motion_feed_event:extra_leaf1|F5-C1:full_motion:cat_d8|F5-C2:full_motion:lgb_medium|F5-C3:full_motion:histgb
Jerk_Mean_p25,IMU_motion,Thirty-minute summary or coverage descriptor for the IMU-derived feature Jerk_Mean_p25.,sensor-feature dependent,yes,actual input to at least one locked fold component; see locked_model_features_by_fold.csv,no,no,no,,yes,numeric,compact_base|compact_feed_event|full_motion|full_motion_feed_event,F1-C1:compact_base:cat_d8|F1-C2:full_motion_feed_event:elastic|F1-C3:compact_feed_event:rf_leaf3|F2-C1:full_motion_feed_event:elastic|F2-C2:full_motion_feed_event:extra_leaf3|F2-C3:compact_base:cat_d8|F3-C1:full_motion_feed_event:elastic|F3-C2:full_motion_feed_event:cat_d7|F3-C3:full_motion_feed_event:extra_leaf1|F4-C1:full_motion:cat_d8|F4-C2:full_motion_feed_event:xgb_d3|F4-C3:full_motion_feed_event:extra_leaf1|F5-C1:full_motion:cat_d8|F5-C2:full_motion:lgb_medium|F5-C3:full_motion:histgb
Jerk_Mean_p75,IMU_motion,Thirty-minute summary or coverage descriptor for the IMU-derived feature Jerk_Mean_p75.,sensor-feature dependent,yes,actual input to at least one locked fold component; see locked_model_features_by_fold.csv,no,no,no,,yes,numeric,compact_base|compact_feed_event|full_motion|full_motion_feed_event,F1-C1:compact_base:cat_d8|F1-C2:full_motion_feed_event:elastic|F1-C3:compact_feed_event:rf_leaf3|F2-C1:full_motion_feed_event:elastic|F2-C2:full_motion_feed_event:extra_leaf3|F2-C3:compact_base:cat_d8|F3-C1:full_motion_feed_event:elastic|F3-C2:full_motion_feed_event:cat_d7|F3-C3:full_motion_feed_event:extra_leaf1|F4-C1:full_motion:cat_d8|F4-C2:full_motion_feed_event:xgb_d3|F4-C3:full_motion_feed_event:extra_leaf1|F5-C1:full_motion:cat_d8|F5-C2:full_motion:lgb_medium|F5-C3:full_motion:histgb
ODBA_mean,IMU_motion,Thirty-minute summary or coverage descriptor for the IMU-derived feature ODBA_mean.,sensor-feature dependent,yes,actual input to at least one locked fold component; see locked_model_features_by_fold.csv,no,no,no,,yes,numeric,compact_base|compact_feed_event|full_motion|full_motion_feed_event,F1-C1:compact_base:cat_d8|F1-C2:full_motion_feed_event:elastic|F1-C3:compact_feed_event:rf_leaf3|F2-C1:full_motion_feed_event:elastic|F2-C2:full_motion_feed_event:extra_leaf3|F2-C3:compact_base:cat_d8|F3-C1:full_motion_feed_event:elastic|F3-C2:full_motion_feed_event:cat_d7|F3-C3:full_motion_feed_event:extra_leaf1|F4-C1:full_motion:cat_d8|F4-C2:full_motion_feed_event:xgb_d3|F4-C3:full_motion_feed_event:extra_leaf1|F5-C1:full_motion:cat_d8|F5-C2:full_motion:lgb_medium|F5-C3:full_motion:histgb
ODBA_std,IMU_motion,Thirty-minute summary or coverage descriptor for the IMU-derived feature ODBA_std.,sensor-feature dependent,yes,actual input to at least one locked fold component; see locked_model_features_by_fold.csv,no,no,no,,yes,numeric,compact_base|compact_feed_event|full_motion|full_motion_feed_event,F1-C1:compact_base:cat_d8|F1-C2:full_motion_feed_event:elastic|F1-C3:compact_feed_event:rf_leaf3|F2-C1:full_motion_feed_event:elastic|F2-C2:full_motion_feed_event:extra_leaf3|F2-C3:compact_base:cat_d8|F3-C1:full_motion_feed_event:elastic|F3-C2:full_motion_feed_event:cat_d7|F3-C3:full_motion_feed_event:extra_leaf1|F4-C1:full_motion:cat_d8|F4-C2:full_motion_feed_event:xgb_d3|F4-C3:full_motion_feed_event:extra_leaf1|F5-C1:full_motion:cat_d8|F5-C2:full_motion:lgb_medium|F5-C3:full_motion:histgb
ODBA_p25,IMU_motion,Thirty-minute summary or coverage descriptor for the IMU-derived feature ODBA_p25.,sensor-feature dependent,yes,actual input to at least one locked fold component; see locked_model_features_by_fold.csv,no,no,no,,yes,numeric,compact_base|compact_feed_event|full_motion|full_motion_feed_event,F1-C1:compact_base:cat_d8|F1-C2:full_motion_feed_event:elastic|F1-C3:compact_feed_event:rf_leaf3|F2-C1:full_motion_feed_event:elastic|F2-C2:full_motion_feed_event:extra_leaf3|F2-C3:compact_base:cat_d8|F3-C1:full_motion_feed_event:elastic|F3-C2:full_motion_feed_event:cat_d7|F3-C3:full_motion_feed_event:extra_leaf1|F4-C1:full_motion:cat_d8|F4-C2:full_motion_feed_event:xgb_d3|F4-C3:full_motion_feed_event:extra_leaf1|F5-C1:full_motion:cat_d8|F5-C2:full_motion:lgb_medium|F5-C3:full_motion:histgb
ODBA_p75,IMU_motion,Thirty-minute summary or coverage descriptor for the IMU-derived feature ODBA_p75.,sensor-feature dependent,yes,actual input to at least one locked fold component; see locked_model_features_by_fold.csv,no,no,no,,yes,numeric,compact_base|compact_feed_event|full_motion|full_motion_feed_event,F1-C1:compact_base:cat_d8|F1-C2:full_motion_feed_event:elastic|F1-C3:compact_feed_event:rf_leaf3|F2-C1:full_motion_feed_event:elastic|F2-C2:full_motion_feed_event:extra_leaf3|F2-C3:compact_base:cat_d8|F3-C1:full_motion_feed_event:elastic|F3-C2:full_motion_feed_event:cat_d7|F3-C3:full_motion_feed_event:extra_leaf1|F4-C1:full_motion:cat_d8|F4-C2:full_motion_feed_event:xgb_d3|F4-C3:full_motion_feed_event:extra_leaf1|F5-C1:full_motion:cat_d8|F5-C2:full_motion:lgb_medium|F5-C3:full_motion:histgb
VeDBA_RMS_mean,IMU_motion,Thirty-minute summary or coverage descriptor for the IMU-derived feature VeDBA_RMS_mean.,sensor-feature dependent,yes,actual input to at least one locked fold component; see locked_model_features_by_fold.csv,no,no,no,,yes,numeric,compact_base|compact_feed_event|full_motion|full_motion_feed_event,F1-C1:compact_base:cat_d8|F1-C2:full_motion_feed_event:elastic|F1-C3:compact_feed_event:rf_leaf3|F2-C1:full_motion_feed_event:elastic|F2-C2:full_motion_feed_event:extra_leaf3|F2-C3:compact_base:cat_d8|F3-C1:full_motion_feed_event:elastic|F3-C2:full_motion_feed_event:cat_d7|F3-C3:full_motion_feed_event:extra_leaf1|F4-C1:full_motion:cat_d8|F4-C2:full_motion_feed_event:xgb_d3|F4-C3:full_motion_feed_event:extra_leaf1|F5-C1:full_motion:cat_d8|F5-C2:full_motion:lgb_medium|F5-C3:full_motion:histgb
VeDBA_RMS_std,IMU_motion,Thirty-minute summary or coverage descriptor for the IMU-derived feature VeDBA_RMS_std.,sensor-feature dependent,yes,actual input to at least one locked fold component; see locked_model_features_by_fold.csv,no,no,no,,yes,numeric,compact_base|compact_feed_event|full_motion|full_motion_feed_event,F1-C1:compact_base:cat_d8|F1-C2:full_motion_feed_event:elastic|F1-C3:compact_feed_event:rf_leaf3|F2-C1:full_motion_feed_event:elastic|F2-C2:full_motion_feed_event:extra_leaf3|F2-C3:compact_base:cat_d8|F3-C1:full_motion_feed_event:elastic|F3-C2:full_motion_feed_event:cat_d7|F3-C3:full_motion_feed_event:extra_leaf1|F4-C1:full_motion:cat_d8|F4-C2:full_motion_feed_event:xgb_d3|F4-C3:full_motion_feed_event:extra_leaf1|F5-C1:full_motion:cat_d8|F5-C2:full_motion:lgb_medium|F5-C3:full_motion:histgb
VeDBA_RMS_p25,IMU_motion,Thirty-minute summary or coverage descriptor for the IMU-derived feature VeDBA_RMS_p25.,sensor-feature dependent,yes,actual input to at least one locked fold component; see locked_model_features_by_fold.csv,no,no,no,,yes,numeric,compact_base|compact_feed_event|full_motion|full_motion_feed_event,F1-C1:compact_base:cat_d8|F1-C2:full_motion_feed_event:elastic|F1-C3:compact_feed_event:rf_leaf3|F2-C1:full_motion_feed_event:elastic|F2-C2:full_motion_feed_event:extra_leaf3|F2-C3:compact_base:cat_d8|F3-C1:full_motion_feed_event:elastic|F3-C2:full_motion_feed_event:cat_d7|F3-C3:full_motion_feed_event:extra_leaf1|F4-C1:full_motion:cat_d8|F4-C2:full_motion_feed_event:xgb_d3|F4-C3:full_motion_feed_event:extra_leaf1|F5-C1:full_motion:cat_d8|F5-C2:full_motion:lgb_medium|F5-C3:full_motion:histgb
VeDBA_RMS_p75,IMU_motion,Thirty-minute summary or coverage descriptor for the IMU-derived feature VeDBA_RMS_p75.,sensor-feature dependent,yes,actual input to at least one locked fold component; see locked_model_features_by_fold.csv,no,no,no,,yes,numeric,compact_base|compact_feed_event|full_motion|full_motion_feed_event,F1-C1:compact_base:cat_d8|F1-C2:full_motion_feed_event:elastic|F1-C3:compact_feed_event:rf_leaf3|F2-C1:full_motion_feed_event:elastic|F2-C2:full_motion_feed_event:extra_leaf3|F2-C3:compact_base:cat_d8|F3-C1:full_motion_feed_event:elastic|F3-C2:full_motion_feed_event:cat_d7|F3-C3:full_motion_feed_event:extra_leaf1|F4-C1:full_motion:cat_d8|F4-C2:full_motion_feed_event:xgb_d3|F4-C3:full_motion_feed_event:extra_leaf1|F5-C1:full_motion:cat_d8|F5-C2:full_motion:lgb_medium|F5-C3:full_motion:histgb
Axis_Dominance_mean,IMU_motion,Thirty-minute summary or coverage descriptor for the IMU-derived feature Axis_Dominance_mean.,sensor-feature dependent,yes,actual input to at least one locked fold component; see locked_model_features_by_fold.csv,no,no,no,,yes,numeric,full_motion|full_motion_feed_event,F1-C2:full_motion_feed_event:elastic|F2-C1:full_motion_feed_event:elastic|F2-C2:full_motion_feed_event:extra_leaf3|F3-C1:full_motion_feed_event:elastic|F3-C2:full_motion_feed_event:cat_d7|F3-C3:full_motion_feed_event:extra_leaf1|F4-C1:full_motion:cat_d8|F4-C2:full_motion_feed_event:xgb_d3|F4-C3:full_motion_feed_event:extra_leaf1|F5-C1:full_motion:cat_d8|F5-C2:full_motion:lgb_medium|F5-C3:full_motion:histgb
Axis_Dominance_std,IMU_motion,Thirty-minute summary or coverage descriptor for the IMU-derived feature Axis_Dominance_std.,sensor-feature dependent,yes,actual input to at least one locked fold component; see locked_model_features_by_fold.csv,no,no,no,,yes,numeric,full_motion|full_motion_feed_event,F1-C2:full_motion_feed_event:elastic|F2-C1:full_motion_feed_event:elastic|F2-C2:full_motion_feed_event:extra_leaf3|F3-C1:full_motion_feed_event:elastic|F3-C2:full_motion_feed_event:cat_d7|F3-C3:full_motion_feed_event:extra_leaf1|F4-C1:full_motion:cat_d8|F4-C2:full_motion_feed_event:xgb_d3|F4-C3:full_motion_feed_event:extra_leaf1|F5-C1:full_motion:cat_d8|F5-C2:full_motion:lgb_medium|F5-C3:full_motion:histgb
Axis_Dominance_p25,IMU_motion,Thirty-minute summary or coverage descriptor for the IMU-derived feature Axis_Dominance_p25.,sensor-feature dependent,yes,actual input to at least one locked fold component; see locked_model_features_by_fold.csv,no,no,no,,yes,numeric,full_motion|full_motion_feed_event,F1-C2:full_motion_feed_event:elastic|F2-C1:full_motion_feed_event:elastic|F2-C2:full_motion_feed_event:extra_leaf3|F3-C1:full_motion_feed_event:elastic|F3-C2:full_motion_feed_event:cat_d7|F3-C3:full_motion_feed_event:extra_leaf1|F4-C1:full_motion:cat_d8|F4-C2:full_motion_feed_event:xgb_d3|F4-C3:full_motion_feed_event:extra_leaf1|F5-C1:full_motion:cat_d8|F5-C2:full_motion:lgb_medium|F5-C3:full_motion:histgb
Axis_Dominance_p75,IMU_motion,Thirty-minute summary or coverage descriptor for the IMU-derived feature Axis_Dominance_p75.,sensor-feature dependent,yes,actual input to at least one locked fold component; see locked_model_features_by_fold.csv,no,no,no,,yes,numeric,full_motion|full_motion_feed_event,F1-C2:full_motion_feed_event:elastic|F2-C1:full_motion_feed_event:elastic|F2-C2:full_motion_feed_event:extra_leaf3|F3-C1:full_motion_feed_event:elastic|F3-C2:full_motion_feed_event:cat_d7|F3-C3:full_motion_feed_event:extra_leaf1|F4-C1:full_motion:cat_d8|F4-C2:full_motion_feed_event:xgb_d3|F4-C3:full_motion_feed_event:extra_leaf1|F5-C1:full_motion:cat_d8|F5-C2:full_motion:lgb_medium|F5-C3:full_motion:histgb
Skewness_mean,IMU_motion,Thirty-minute summary or coverage descriptor for the IMU-derived feature Skewness_mean.,sensor-feature dependent,yes,actual input to at least one locked fold component; see locked_model_features_by_fold.csv,no,no,no,,yes,numeric,full_motion|full_motion_feed_event,F1-C2:full_motion_feed_event:elastic|F2-C1:full_motion_feed_event:elastic|F2-C2:full_motion_feed_event:extra_leaf3|F3-C1:full_motion_feed_event:elastic|F3-C2:full_motion_feed_event:cat_d7|F3-C3:full_motion_feed_event:extra_leaf1|F4-C1:full_motion:cat_d8|F4-C2:full_motion_feed_event:xgb_d3|F4-C3:full_motion_feed_event:extra_leaf1|F5-C1:full_motion:cat_d8|F5-C2:full_motion:lgb_medium|F5-C3:full_motion:histgb
Skewness_std,IMU_motion,Thirty-minute summary or coverage descriptor for the IMU-derived feature Skewness_std.,sensor-feature dependent,yes,actual input to at least one locked fold component; see locked_model_features_by_fold.csv,no,no,no,,yes,numeric,full_motion|full_motion_feed_event,F1-C2:full_motion_feed_event:elastic|F2-C1:full_motion_feed_event:elastic|F2-C2:full_motion_feed_event:extra_leaf3|F3-C1:full_motion_feed_event:elastic|F3-C2:full_motion_feed_event:cat_d7|F3-C3:full_motion_feed_event:extra_leaf1|F4-C1:full_motion:cat_d8|F4-C2:full_motion_feed_event:xgb_d3|F4-C3:full_motion_feed_event:extra_leaf1|F5-C1:full_motion:cat_d8|F5-C2:full_motion:lgb_medium|F5-C3:full_motion:histgb
Skewness_p25,IMU_motion,Thirty-minute summary or coverage descriptor for the IMU-derived feature Skewness_p25.,sensor-feature dependent,yes,actual input to at least one locked fold component; see locked_model_features_by_fold.csv,no,no,no,,yes,numeric,full_motion|full_motion_feed_event,F1-C2:full_motion_feed_event:elastic|F2-C1:full_motion_feed_event:elastic|F2-C2:full_motion_feed_event:extra_leaf3|F3-C1:full_motion_feed_event:elastic|F3-C2:full_motion_feed_event:cat_d7|F3-C3:full_motion_feed_event:extra_leaf1|F4-C1:full_motion:cat_d8|F4-C2:full_motion_feed_event:xgb_d3|F4-C3:full_motion_feed_event:extra_leaf1|F5-C1:full_motion:cat_d8|F5-C2:full_motion:lgb_medium|F5-C3:full_motion:histgb
Skewness_p75,IMU_motion,Thirty-minute summary or coverage descriptor for the IMU-derived feature Skewness_p75.,sensor-feature dependent,yes,actual input to at least one locked fold component; see locked_model_features_by_fold.csv,no,no,no,,yes,numeric,full_motion|full_motion_feed_event,F1-C2:full_motion_feed_event:elastic|F2-C1:full_motion_feed_event:elastic|F2-C2:full_motion_feed_event:extra_leaf3|F3-C1:full_motion_feed_event:elastic|F3-C2:full_motion_feed_event:cat_d7|F3-C3:full_motion_feed_event:extra_leaf1|F4-C1:full_motion:cat_d8|F4-C2:full_motion_feed_event:xgb_d3|F4-C3:full_motion_feed_event:extra_leaf1|F5-C1:full_motion:cat_d8|F5-C2:full_motion:lgb_medium|F5-C3:full_motion:histgb
Kurtosis_mean,IMU_motion,Thirty-minute summary or coverage descriptor for the IMU-derived feature Kurtosis_mean.,sensor-feature dependent,yes,actual input to at least one locked fold component; see locked_model_features_by_fold.csv,no,no,no,,yes,numeric,full_motion|full_motion_feed_event,F1-C2:full_motion_feed_event:elastic|F2-C1:full_motion_feed_event:elastic|F2-C2:full_motion_feed_event:extra_leaf3|F3-C1:full_motion_feed_event:elastic|F3-C2:full_motion_feed_event:cat_d7|F3-C3:full_motion_feed_event:extra_leaf1|F4-C1:full_motion:cat_d8|F4-C2:full_motion_feed_event:xgb_d3|F4-C3:full_motion_feed_event:extra_leaf1|F5-C1:full_motion:cat_d8|F5-C2:full_motion:lgb_medium|F5-C3:full_motion:histgb
Kurtosis_std,IMU_motion,Thirty-minute summary or coverage descriptor for the IMU-derived feature Kurtosis_std.,sensor-feature dependent,yes,actual input to at least one locked fold component; see locked_model_features_by_fold.csv,no,no,no,,yes,numeric,full_motion|full_motion_feed_event,F1-C2:full_motion_feed_event:elastic|F2-C1:full_motion_feed_event:elastic|F2-C2:full_motion_feed_event:extra_leaf3|F3-C1:full_motion_feed_event:elastic|F3-C2:full_motion_feed_event:cat_d7|F3-C3:full_motion_feed_event:extra_leaf1|F4-C1:full_motion:cat_d8|F4-C2:full_motion_feed_event:xgb_d3|F4-C3:full_motion_feed_event:extra_leaf1|F5-C1:full_motion:cat_d8|F5-C2:full_motion:lgb_medium|F5-C3:full_motion:histgb
Kurtosis_p25,IMU_motion,Thirty-minute summary or coverage descriptor for the IMU-derived feature Kurtosis_p25.,sensor-feature dependent,yes,actual input to at least one locked fold component; see locked_model_features_by_fold.csv,no,no,no,,yes,numeric,full_motion|full_motion_feed_event,F1-C2:full_motion_feed_event:elastic|F2-C1:full_motion_feed_event:elastic|F2-C2:full_motion_feed_event:extra_leaf3|F3-C1:full_motion_feed_event:elastic|F3-C2:full_motion_feed_event:cat_d7|F3-C3:full_motion_feed_event:extra_leaf1|F4-C1:full_motion:cat_d8|F4-C2:full_motion_feed_event:xgb_d3|F4-C3:full_motion_feed_event:extra_leaf1|F5-C1:full_motion:cat_d8|F5-C2:full_motion:lgb_medium|F5-C3:full_motion:histgb
Kurtosis_p75,IMU_motion,Thirty-minute summary or coverage descriptor for the IMU-derived feature Kurtosis_p75.,sensor-feature dependent,yes,actual input to at least one locked fold component; see locked_model_features_by_fold.csv,no,no,no,,yes,numeric,full_motion|full_motion_feed_event,F1-C2:full_motion_feed_event:elastic|F2-C1:full_motion_feed_event:elastic|F2-C2:full_motion_feed_event:extra_leaf3|F3-C1:full_motion_feed_event:elastic|F3-C2:full_motion_feed_event:cat_d7|F3-C3:full_motion_feed_event:extra_leaf1|F4-C1:full_motion:cat_d8|F4-C2:full_motion_feed_event:xgb_d3|F4-C3:full_motion_feed_event:extra_leaf1|F5-C1:full_motion:cat_d8|F5-C2:full_motion:lgb_medium|F5-C3:full_motion:histgb
Autocorr_Lag1_mean,IMU_motion,Thirty-minute summary or coverage descriptor for the IMU-derived feature Autocorr_Lag1_mean.,sensor-feature dependent,yes,actual input to at least one locked fold component; see locked_model_features_by_fold.csv,no,no,no,,yes,numeric,full_motion|full_motion_feed_event,F1-C2:full_motion_feed_event:elastic|F2-C1:full_motion_feed_event:elastic|F2-C2:full_motion_feed_event:extra_leaf3|F3-C1:full_motion_feed_event:elastic|F3-C2:full_motion_feed_event:cat_d7|F3-C3:full_motion_feed_event:extra_leaf1|F4-C1:full_motion:cat_d8|F4-C2:full_motion_feed_event:xgb_d3|F4-C3:full_motion_feed_event:extra_leaf1|F5-C1:full_motion:cat_d8|F5-C2:full_motion:lgb_medium|F5-C3:full_motion:histgb
Autocorr_Lag1_std,IMU_motion,Thirty-minute summary or coverage descriptor for the IMU-derived feature Autocorr_Lag1_std.,sensor-feature dependent,yes,actual input to at least one locked fold component; see locked_model_features_by_fold.csv,no,no,no,,yes,numeric,full_motion|full_motion_feed_event,F1-C2:full_motion_feed_event:elastic|F2-C1:full_motion_feed_event:elastic|F2-C2:full_motion_feed_event:extra_leaf3|F3-C1:full_motion_feed_event:elastic|F3-C2:full_motion_feed_event:cat_d7|F3-C3:full_motion_feed_event:extra_leaf1|F4-C1:full_motion:cat_d8|F4-C2:full_motion_feed_event:xgb_d3|F4-C3:full_motion_feed_event:extra_leaf1|F5-C1:full_motion:cat_d8|F5-C2:full_motion:lgb_medium|F5-C3:full_motion:histgb
Autocorr_Lag1_p25,IMU_motion,Thirty-minute summary or coverage descriptor for the IMU-derived feature Autocorr_Lag1_p25.,sensor-feature dependent,yes,actual input to at least one locked fold component; see locked_model_features_by_fold.csv,no,no,no,,yes,numeric,full_motion|full_motion_feed_event,F1-C2:full_motion_feed_event:elastic|F2-C1:full_motion_feed_event:elastic|F2-C2:full_motion_feed_event:extra_leaf3|F3-C1:full_motion_feed_event:elastic|F3-C2:full_motion_feed_event:cat_d7|F3-C3:full_motion_feed_event:extra_leaf1|F4-C1:full_motion:cat_d8|F4-C2:full_motion_feed_event:xgb_d3|F4-C3:full_motion_feed_event:extra_leaf1|F5-C1:full_motion:cat_d8|F5-C2:full_motion:lgb_medium|F5-C3:full_motion:histgb
Autocorr_Lag1_p75,IMU_motion,Thirty-minute summary or coverage descriptor for the IMU-derived feature Autocorr_Lag1_p75.,sensor-feature dependent,yes,actual input to at least one locked fold component; see locked_model_features_by_fold.csv,no,no,no,,yes,numeric,full_motion|full_motion_feed_event,F1-C2:full_motion_feed_event:elastic|F2-C1:full_motion_feed_event:elastic|F2-C2:full_motion_feed_event:extra_leaf3|F3-C1:full_motion_feed_event:elastic|F3-C2:full_motion_feed_event:cat_d7|F3-C3:full_motion_feed_event:extra_leaf1|F4-C1:full_motion:cat_d8|F4-C2:full_motion_feed_event:xgb_d3|F4-C3:full_motion_feed_event:extra_leaf1|F5-C1:full_motion:cat_d8|F5-C2:full_motion:lgb_medium|F5-C3:full_motion:histgb
Peak_Count_mean,IMU_motion,Thirty-minute summary or coverage descriptor for the IMU-derived feature Peak_Count_mean.,sensor-feature dependent,yes,actual input to at least one locked fold component; see locked_model_features_by_fold.csv,no,no,no,,yes,numeric,compact_base|compact_feed_event|full_motion|full_motion_feed_event,F1-C1:compact_base:cat_d8|F1-C2:full_motion_feed_event:elastic|F1-C3:compact_feed_event:rf_leaf3|F2-C1:full_motion_feed_event:elastic|F2-C2:full_motion_feed_event:extra_leaf3|F2-C3:compact_base:cat_d8|F3-C1:full_motion_feed_event:elastic|F3-C2:full_motion_feed_event:cat_d7|F3-C3:full_motion_feed_event:extra_leaf1|F4-C1:full_motion:cat_d8|F4-C2:full_motion_feed_event:xgb_d3|F4-C3:full_motion_feed_event:extra_leaf1|F5-C1:full_motion:cat_d8|F5-C2:full_motion:lgb_medium|F5-C3:full_motion:histgb
Peak_Count_std,IMU_motion,Thirty-minute summary or coverage descriptor for the IMU-derived feature Peak_Count_std.,sensor-feature dependent,yes,actual input to at least one locked fold component; see locked_model_features_by_fold.csv,no,no,no,,yes,numeric,compact_base|compact_feed_event|full_motion|full_motion_feed_event,F1-C1:compact_base:cat_d8|F1-C2:full_motion_feed_event:elastic|F1-C3:compact_feed_event:rf_leaf3|F2-C1:full_motion_feed_event:elastic|F2-C2:full_motion_feed_event:extra_leaf3|F2-C3:compact_base:cat_d8|F3-C1:full_motion_feed_event:elastic|F3-C2:full_motion_feed_event:cat_d7|F3-C3:full_motion_feed_event:extra_leaf1|F4-C1:full_motion:cat_d8|F4-C2:full_motion_feed_event:xgb_d3|F4-C3:full_motion_feed_event:extra_leaf1|F5-C1:full_motion:cat_d8|F5-C2:full_motion:lgb_medium|F5-C3:full_motion:histgb
Peak_Count_p25,IMU_motion,Thirty-minute summary or coverage descriptor for the IMU-derived feature Peak_Count_p25.,sensor-feature dependent,yes,actual input to at least one locked fold component; see locked_model_features_by_fold.csv,no,no,no,,yes,numeric,compact_base|compact_feed_event|full_motion|full_motion_feed_event,F1-C1:compact_base:cat_d8|F1-C2:full_motion_feed_event:elastic|F1-C3:compact_feed_event:rf_leaf3|F2-C1:full_motion_feed_event:elastic|F2-C2:full_motion_feed_event:extra_leaf3|F2-C3:compact_base:cat_d8|F3-C1:full_motion_feed_event:elastic|F3-C2:full_motion_feed_event:cat_d7|F3-C3:full_motion_feed_event:extra_leaf1|F4-C1:full_motion:cat_d8|F4-C2:full_motion_feed_event:xgb_d3|F4-C3:full_motion_feed_event:extra_leaf1|F5-C1:full_motion:cat_d8|F5-C2:full_motion:lgb_medium|F5-C3:full_motion:histgb
Peak_Count_p75,IMU_motion,Thirty-minute summary or coverage descriptor for the IMU-derived feature Peak_Count_p75.,sensor-feature dependent,yes,actual input to at least one locked fold component; see locked_model_features_by_fold.csv,no,no,no,,yes,numeric,compact_base|compact_feed_event|full_motion|full_motion_feed_event,F1-C1:compact_base:cat_d8|F1-C2:full_motion_feed_event:elastic|F1-C3:compact_feed_event:rf_leaf3|F2-C1:full_motion_feed_event:elastic|F2-C2:full_motion_feed_event:extra_leaf3|F2-C3:compact_base:cat_d8|F3-C1:full_motion_feed_event:elastic|F3-C2:full_motion_feed_event:cat_d7|F3-C3:full_motion_feed_event:extra_leaf1|F4-C1:full_motion:cat_d8|F4-C2:full_motion_feed_event:xgb_d3|F4-C3:full_motion_feed_event:extra_leaf1|F5-C1:full_motion:cat_d8|F5-C2:full_motion:lgb_medium|F5-C3:full_motion:histgb
Corr_XY_mean,IMU_motion,Thirty-minute summary or coverage descriptor for the IMU-derived feature Corr_XY_mean.,sensor-feature dependent,yes,actual input to at least one locked fold component; see locked_model_features_by_fold.csv,no,no,no,,yes,numeric,full_motion|full_motion_feed_event,F1-C2:full_motion_feed_event:elastic|F2-C1:full_motion_feed_event:elastic|F2-C2:full_motion_feed_event:extra_leaf3|F3-C1:full_motion_feed_event:elastic|F3-C2:full_motion_feed_event:cat_d7|F3-C3:full_motion_feed_event:extra_leaf1|F4-C1:full_motion:cat_d8|F4-C2:full_motion_feed_event:xgb_d3|F4-C3:full_motion_feed_event:extra_leaf1|F5-C1:full_motion:cat_d8|F5-C2:full_motion:lgb_medium|F5-C3:full_motion:histgb
Corr_XY_std,IMU_motion,Thirty-minute summary or coverage descriptor for the IMU-derived feature Corr_XY_std.,sensor-feature dependent,yes,actual input to at least one locked fold component; see locked_model_features_by_fold.csv,no,no,no,,yes,numeric,full_motion|full_motion_feed_event,F1-C2:full_motion_feed_event:elastic|F2-C1:full_motion_feed_event:elastic|F2-C2:full_motion_feed_event:extra_leaf3|F3-C1:full_motion_feed_event:elastic|F3-C2:full_motion_feed_event:cat_d7|F3-C3:full_motion_feed_event:extra_leaf1|F4-C1:full_motion:cat_d8|F4-C2:full_motion_feed_event:xgb_d3|F4-C3:full_motion_feed_event:extra_leaf1|F5-C1:full_motion:cat_d8|F5-C2:full_motion:lgb_medium|F5-C3:full_motion:histgb
Corr_XY_p25,IMU_motion,Thirty-minute summary or coverage descriptor for the IMU-derived feature Corr_XY_p25.,sensor-feature dependent,yes,actual input to at least one locked fold component; see locked_model_features_by_fold.csv,no,no,no,,yes,numeric,full_motion|full_motion_feed_event,F1-C2:full_motion_feed_event:elastic|F2-C1:full_motion_feed_event:elastic|F2-C2:full_motion_feed_event:extra_leaf3|F3-C1:full_motion_feed_event:elastic|F3-C2:full_motion_feed_event:cat_d7|F3-C3:full_motion_feed_event:extra_leaf1|F4-C1:full_motion:cat_d8|F4-C2:full_motion_feed_event:xgb_d3|F4-C3:full_motion_feed_event:extra_leaf1|F5-C1:full_motion:cat_d8|F5-C2:full_motion:lgb_medium|F5-C3:full_motion:histgb
Corr_XY_p75,IMU_motion,Thirty-minute summary or coverage descriptor for the IMU-derived feature Corr_XY_p75.,sensor-feature dependent,yes,actual input to at least one locked fold component; see locked_model_features_by_fold.csv,no,no,no,,yes,numeric,full_motion|full_motion_feed_event,F1-C2:full_motion_feed_event:elastic|F2-C1:full_motion_feed_event:elastic|F2-C2:full_motion_feed_event:extra_leaf3|F3-C1:full_motion_feed_event:elastic|F3-C2:full_motion_feed_event:cat_d7|F3-C3:full_motion_feed_event:extra_leaf1|F4-C1:full_motion:cat_d8|F4-C2:full_motion_feed_event:xgb_d3|F4-C3:full_motion_feed_event:extra_leaf1|F5-C1:full_motion:cat_d8|F5-C2:full_motion:lgb_medium|F5-C3:full_motion:histgb
Corr_XZ_mean,IMU_motion,Thirty-minute summary or coverage descriptor for the IMU-derived feature Corr_XZ_mean.,sensor-feature dependent,yes,actual input to at least one locked fold component; see locked_model_features_by_fold.csv,no,no,no,,yes,numeric,full_motion|full_motion_feed_event,F1-C2:full_motion_feed_event:elastic|F2-C1:full_motion_feed_event:elastic|F2-C2:full_motion_feed_event:extra_leaf3|F3-C1:full_motion_feed_event:elastic|F3-C2:full_motion_feed_event:cat_d7|F3-C3:full_motion_feed_event:extra_leaf1|F4-C1:full_motion:cat_d8|F4-C2:full_motion_feed_event:xgb_d3|F4-C3:full_motion_feed_event:extra_leaf1|F5-C1:full_motion:cat_d8|F5-C2:full_motion:lgb_medium|F5-C3:full_motion:histgb
Corr_XZ_std,IMU_motion,Thirty-minute summary or coverage descriptor for the IMU-derived feature Corr_XZ_std.,sensor-feature dependent,yes,actual input to at least one locked fold component; see locked_model_features_by_fold.csv,no,no,no,,yes,numeric,full_motion|full_motion_feed_event,F1-C2:full_motion_feed_event:elastic|F2-C1:full_motion_feed_event:elastic|F2-C2:full_motion_feed_event:extra_leaf3|F3-C1:full_motion_feed_event:elastic|F3-C2:full_motion_feed_event:cat_d7|F3-C3:full_motion_feed_event:extra_leaf1|F4-C1:full_motion:cat_d8|F4-C2:full_motion_feed_event:xgb_d3|F4-C3:full_motion_feed_event:extra_leaf1|F5-C1:full_motion:cat_d8|F5-C2:full_motion:lgb_medium|F5-C3:full_motion:histgb
Corr_XZ_p25,IMU_motion,Thirty-minute summary or coverage descriptor for the IMU-derived feature Corr_XZ_p25.,sensor-feature dependent,yes,actual input to at least one locked fold component; see locked_model_features_by_fold.csv,no,no,no,,yes,numeric,full_motion|full_motion_feed_event,F1-C2:full_motion_feed_event:elastic|F2-C1:full_motion_feed_event:elastic|F2-C2:full_motion_feed_event:extra_leaf3|F3-C1:full_motion_feed_event:elastic|F3-C2:full_motion_feed_event:cat_d7|F3-C3:full_motion_feed_event:extra_leaf1|F4-C1:full_motion:cat_d8|F4-C2:full_motion_feed_event:xgb_d3|F4-C3:full_motion_feed_event:extra_leaf1|F5-C1:full_motion:cat_d8|F5-C2:full_motion:lgb_medium|F5-C3:full_motion:histgb
Corr_XZ_p75,IMU_motion,Thirty-minute summary or coverage descriptor for the IMU-derived feature Corr_XZ_p75.,sensor-feature dependent,yes,actual input to at least one locked fold component; see locked_model_features_by_fold.csv,no,no,no,,yes,numeric,full_motion|full_motion_feed_event,F1-C2:full_motion_feed_event:elastic|F2-C1:full_motion_feed_event:elastic|F2-C2:full_motion_feed_event:extra_leaf3|F3-C1:full_motion_feed_event:elastic|F3-C2:full_motion_feed_event:cat_d7|F3-C3:full_motion_feed_event:extra_leaf1|F4-C1:full_motion:cat_d8|F4-C2:full_motion_feed_event:xgb_d3|F4-C3:full_motion_feed_event:extra_leaf1|F5-C1:full_motion:cat_d8|F5-C2:full_motion:lgb_medium|F5-C3:full_motion:histgb
Corr_YZ_mean,IMU_motion,Thirty-minute summary or coverage descriptor for the IMU-derived feature Corr_YZ_mean.,sensor-feature dependent,yes,actual input to at least one locked fold component; see locked_model_features_by_fold.csv,no,no,no,,yes,numeric,full_motion|full_motion_feed_event,F1-C2:full_motion_feed_event:elastic|F2-C1:full_motion_feed_event:elastic|F2-C2:full_motion_feed_event:extra_leaf3|F3-C1:full_motion_feed_event:elastic|F3-C2:full_motion_feed_event:cat_d7|F3-C3:full_motion_feed_event:extra_leaf1|F4-C1:full_motion:cat_d8|F4-C2:full_motion_feed_event:xgb_d3|F4-C3:full_motion_feed_event:extra_leaf1|F5-C1:full_motion:cat_d8|F5-C2:full_motion:lgb_medium|F5-C3:full_motion:histgb
Corr_YZ_std,IMU_motion,Thirty-minute summary or coverage descriptor for the IMU-derived feature Corr_YZ_std.,sensor-feature dependent,yes,actual input to at least one locked fold component; see locked_model_features_by_fold.csv,no,no,no,,yes,numeric,full_motion|full_motion_feed_event,F1-C2:full_motion_feed_event:elastic|F2-C1:full_motion_feed_event:elastic|F2-C2:full_motion_feed_event:extra_leaf3|F3-C1:full_motion_feed_event:elastic|F3-C2:full_motion_feed_event:cat_d7|F3-C3:full_motion_feed_event:extra_leaf1|F4-C1:full_motion:cat_d8|F4-C2:full_motion_feed_event:xgb_d3|F4-C3:full_motion_feed_event:extra_leaf1|F5-C1:full_motion:cat_d8|F5-C2:full_motion:lgb_medium|F5-C3:full_motion:histgb
Corr_YZ_p25,IMU_motion,Thirty-minute summary or coverage descriptor for the IMU-derived feature Corr_YZ_p25.,sensor-feature dependent,yes,actual input to at least one locked fold component; see locked_model_features_by_fold.csv,no,no,no,,yes,numeric,full_motion|full_motion_feed_event,F1-C2:full_motion_feed_event:elastic|F2-C1:full_motion_feed_event:elastic|F2-C2:full_motion_feed_event:extra_leaf3|F3-C1:full_motion_feed_event:elastic|F3-C2:full_motion_feed_event:cat_d7|F3-C3:full_motion_feed_event:extra_leaf1|F4-C1:full_motion:cat_d8|F4-C2:full_motion_feed_event:xgb_d3|F4-C3:full_motion_feed_event:extra_leaf1|F5-C1:full_motion:cat_d8|F5-C2:full_motion:lgb_medium|F5-C3:full_motion:histgb
Corr_YZ_p75,IMU_motion,Thirty-minute summary or coverage descriptor for the IMU-derived feature Corr_YZ_p75.,sensor-feature dependent,yes,actual input to at least one locked fold component; see locked_model_features_by_fold.csv,no,no,no,,yes,numeric,full_motion|full_motion_feed_event,F1-C2:full_motion_feed_event:elastic|F2-C1:full_motion_feed_event:elastic|F2-C2:full_motion_feed_event:extra_leaf3|F3-C1:full_motion_feed_event:elastic|F3-C2:full_motion_feed_event:cat_d7|F3-C3:full_motion_feed_event:extra_leaf1|F4-C1:full_motion:cat_d8|F4-C2:full_motion_feed_event:xgb_d3|F4-C3:full_motion_feed_event:extra_leaf1|F5-C1:full_motion:cat_d8|F5-C2:full_motion:lgb_medium|F5-C3:full_motion:histgb
Spectral_Entropy_mean,IMU_motion,Thirty-minute summary or coverage descriptor for the IMU-derived feature Spectral_Entropy_mean.,sensor-feature dependent,yes,actual input to at least one locked fold component; see locked_model_features_by_fold.csv,no,no,no,,yes,numeric,compact_base|compact_feed_event|full_motion|full_motion_feed_event,F1-C1:compact_base:cat_d8|F1-C2:full_motion_feed_event:elastic|F1-C3:compact_feed_event:rf_leaf3|F2-C1:full_motion_feed_event:elastic|F2-C2:full_motion_feed_event:extra_leaf3|F2-C3:compact_base:cat_d8|F3-C1:full_motion_feed_event:elastic|F3-C2:full_motion_feed_event:cat_d7|F3-C3:full_motion_feed_event:extra_leaf1|F4-C1:full_motion:cat_d8|F4-C2:full_motion_feed_event:xgb_d3|F4-C3:full_motion_feed_event:extra_leaf1|F5-C1:full_motion:cat_d8|F5-C2:full_motion:lgb_medium|F5-C3:full_motion:histgb
Spectral_Entropy_std,IMU_motion,Thirty-minute summary or coverage descriptor for the IMU-derived feature Spectral_Entropy_std.,sensor-feature dependent,yes,actual input to at least one locked fold component; see locked_model_features_by_fold.csv,no,no,no,,yes,numeric,compact_base|compact_feed_event|full_motion|full_motion_feed_event,F1-C1:compact_base:cat_d8|F1-C2:full_motion_feed_event:elastic|F1-C3:compact_feed_event:rf_leaf3|F2-C1:full_motion_feed_event:elastic|F2-C2:full_motion_feed_event:extra_leaf3|F2-C3:compact_base:cat_d8|F3-C1:full_motion_feed_event:elastic|F3-C2:full_motion_feed_event:cat_d7|F3-C3:full_motion_feed_event:extra_leaf1|F4-C1:full_motion:cat_d8|F4-C2:full_motion_feed_event:xgb_d3|F4-C3:full_motion_feed_event:extra_leaf1|F5-C1:full_motion:cat_d8|F5-C2:full_motion:lgb_medium|F5-C3:full_motion:histgb
Spectral_Entropy_p25,IMU_motion,Thirty-minute summary or coverage descriptor for the IMU-derived feature Spectral_Entropy_p25.,sensor-feature dependent,yes,actual input to at least one locked fold component; see locked_model_features_by_fold.csv,no,no,no,,yes,numeric,compact_base|compact_feed_event|full_motion|full_motion_feed_event,F1-C1:compact_base:cat_d8|F1-C2:full_motion_feed_event:elastic|F1-C3:compact_feed_event:rf_leaf3|F2-C1:full_motion_feed_event:elastic|F2-C2:full_motion_feed_event:extra_leaf3|F2-C3:compact_base:cat_d8|F3-C1:full_motion_feed_event:elastic|F3-C2:full_motion_feed_event:cat_d7|F3-C3:full_motion_feed_event:extra_leaf1|F4-C1:full_motion:cat_d8|F4-C2:full_motion_feed_event:xgb_d3|F4-C3:full_motion_feed_event:extra_leaf1|F5-C1:full_motion:cat_d8|F5-C2:full_motion:lgb_medium|F5-C3:full_motion:histgb
Spectral_Entropy_p75,IMU_motion,Thirty-minute summary or coverage descriptor for the IMU-derived feature Spectral_Entropy_p75.,sensor-feature dependent,yes,actual input to at least one locked fold component; see locked_model_features_by_fold.csv,no,no,no,,yes,numeric,compact_base|compact_feed_event|full_motion|full_motion_feed_event,F1-C1:compact_base:cat_d8|F1-C2:full_motion_feed_event:elastic|F1-C3:compact_feed_event:rf_leaf3|F2-C1:full_motion_feed_event:elastic|F2-C2:full_motion_feed_event:extra_leaf3|F2-C3:compact_base:cat_d8|F3-C1:full_motion_feed_event:elastic|F3-C2:full_motion_feed_event:cat_d7|F3-C3:full_motion_feed_event:extra_leaf1|F4-C1:full_motion:cat_d8|F4-C2:full_motion_feed_event:xgb_d3|F4-C3:full_motion_feed_event:extra_leaf1|F5-C1:full_motion:cat_d8|F5-C2:full_motion:lgb_medium|F5-C3:full_motion:histgb
Zero_Crossing_Rate_mean,IMU_motion,Thirty-minute summary or coverage descriptor for the IMU-derived feature Zero_Crossing_Rate_mean.,sensor-feature dependent,yes,actual input to at least one locked fold component; see locked_model_features_by_fold.csv,no,no,no,,yes,numeric,compact_base|compact_feed_event|full_motion|full_motion_feed_event,F1-C1:compact_base:cat_d8|F1-C2:full_motion_feed_event:elastic|F1-C3:compact_feed_event:rf_leaf3|F2-C1:full_motion_feed_event:elastic|F2-C2:full_motion_feed_event:extra_leaf3|F2-C3:compact_base:cat_d8|F3-C1:full_motion_feed_event:elastic|F3-C2:full_motion_feed_event:cat_d7|F3-C3:full_motion_feed_event:extra_leaf1|F4-C1:full_motion:cat_d8|F4-C2:full_motion_feed_event:xgb_d3|F4-C3:full_motion_feed_event:extra_leaf1|F5-C1:full_motion:cat_d8|F5-C2:full_motion:lgb_medium|F5-C3:full_motion:histgb
Zero_Crossing_Rate_std,IMU_motion,Thirty-minute summary or coverage descriptor for the IMU-derived feature Zero_Crossing_Rate_std.,sensor-feature dependent,yes,actual input to at least one locked fold component; see locked_model_features_by_fold.csv,no,no,no,,yes,numeric,compact_base|compact_feed_event|full_motion|full_motion_feed_event,F1-C1:compact_base:cat_d8|F1-C2:full_motion_feed_event:elastic|F1-C3:compact_feed_event:rf_leaf3|F2-C1:full_motion_feed_event:elastic|F2-C2:full_motion_feed_event:extra_leaf3|F2-C3:compact_base:cat_d8|F3-C1:full_motion_feed_event:elastic|F3-C2:full_motion_feed_event:cat_d7|F3-C3:full_motion_feed_event:extra_leaf1|F4-C1:full_motion:cat_d8|F4-C2:full_motion_feed_event:xgb_d3|F4-C3:full_motion_feed_event:extra_leaf1|F5-C1:full_motion:cat_d8|F5-C2:full_motion:lgb_medium|F5-C3:full_motion:histgb
Zero_Crossing_Rate_p25,IMU_motion,Thirty-minute summary or coverage descriptor for the IMU-derived feature Zero_Crossing_Rate_p25.,sensor-feature dependent,yes,actual input to at least one locked fold component; see locked_model_features_by_fold.csv,no,no,no,,yes,numeric,compact_base|compact_feed_event|full_motion|full_motion_feed_event,F1-C1:compact_base:cat_d8|F1-C2:full_motion_feed_event:elastic|F1-C3:compact_feed_event:rf_leaf3|F2-C1:full_motion_feed_event:elastic|F2-C2:full_motion_feed_event:extra_leaf3|F2-C3:compact_base:cat_d8|F3-C1:full_motion_feed_event:elastic|F3-C2:full_motion_feed_event:cat_d7|F3-C3:full_motion_feed_event:extra_leaf1|F4-C1:full_motion:cat_d8|F4-C2:full_motion_feed_event:xgb_d3|F4-C3:full_motion_feed_event:extra_leaf1|F5-C1:full_motion:cat_d8|F5-C2:full_motion:lgb_medium|F5-C3:full_motion:histgb
Zero_Crossing_Rate_p75,IMU_motion,Thirty-minute summary or coverage descriptor for the IMU-derived feature Zero_Crossing_Rate_p75.,sensor-feature dependent,yes,actual input to at least one locked fold component; see locked_model_features_by_fold.csv,no,no,no,,yes,numeric,compact_base|compact_feed_event|full_motion|full_motion_feed_event,F1-C1:compact_base:cat_d8|F1-C2:full_motion_feed_event:elastic|F1-C3:compact_feed_event:rf_leaf3|F2-C1:full_motion_feed_event:elastic|F2-C2:full_motion_feed_event:extra_leaf3|F2-C3:compact_base:cat_d8|F3-C1:full_motion_feed_event:elastic|F3-C2:full_motion_feed_event:cat_d7|F3-C3:full_motion_feed_event:extra_leaf1|F4-C1:full_motion:cat_d8|F4-C2:full_motion_feed_event:xgb_d3|F4-C3:full_motion_feed_event:extra_leaf1|F5-C1:full_motion:cat_d8|F5-C2:full_motion:lgb_medium|F5-C3:full_motion:histgb
Dominant_Frequency_mean,IMU_motion,Thirty-minute summary or coverage descriptor for the IMU-derived feature Dominant_Frequency_mean.,sensor-feature dependent,yes,actual input to at least one locked fold component; see locked_model_features_by_fold.csv,no,no,no,,yes,numeric,compact_base|compact_feed_event|full_motion|full_motion_feed_event,F1-C1:compact_base:cat_d8|F1-C2:full_motion_feed_event:elastic|F1-C3:compact_feed_event:rf_leaf3|F2-C1:full_motion_feed_event:elastic|F2-C2:full_motion_feed_event:extra_leaf3|F2-C3:compact_base:cat_d8|F3-C1:full_motion_feed_event:elastic|F3-C2:full_motion_feed_event:cat_d7|F3-C3:full_motion_feed_event:extra_leaf1|F4-C1:full_motion:cat_d8|F4-C2:full_motion_feed_event:xgb_d3|F4-C3:full_motion_feed_event:extra_leaf1|F5-C1:full_motion:cat_d8|F5-C2:full_motion:lgb_medium|F5-C3:full_motion:histgb
Dominant_Frequency_std,IMU_motion,Thirty-minute summary or coverage descriptor for the IMU-derived feature Dominant_Frequency_std.,sensor-feature dependent,yes,actual input to at least one locked fold component; see locked_model_features_by_fold.csv,no,no,no,,yes,numeric,compact_base|compact_feed_event|full_motion|full_motion_feed_event,F1-C1:compact_base:cat_d8|F1-C2:full_motion_feed_event:elastic|F1-C3:compact_feed_event:rf_leaf3|F2-C1:full_motion_feed_event:elastic|F2-C2:full_motion_feed_event:extra_leaf3|F2-C3:compact_base:cat_d8|F3-C1:full_motion_feed_event:elastic|F3-C2:full_motion_feed_event:cat_d7|F3-C3:full_motion_feed_event:extra_leaf1|F4-C1:full_motion:cat_d8|F4-C2:full_motion_feed_event:xgb_d3|F4-C3:full_motion_feed_event:extra_leaf1|F5-C1:full_motion:cat_d8|F5-C2:full_motion:lgb_medium|F5-C3:full_motion:histgb
Dominant_Frequency_p25,IMU_motion,Thirty-minute summary or coverage descriptor for the IMU-derived feature Dominant_Frequency_p25.,sensor-feature dependent,yes,actual input to at least one locked fold component; see locked_model_features_by_fold.csv,no,no,no,,yes,numeric,compact_base|compact_feed_event|full_motion|full_motion_feed_event,F1-C1:compact_base:cat_d8|F1-C2:full_motion_feed_event:elastic|F1-C3:compact_feed_event:rf_leaf3|F2-C1:full_motion_feed_event:elastic|F2-C2:full_motion_feed_event:extra_leaf3|F2-C3:compact_base:cat_d8|F3-C1:full_motion_feed_event:elastic|F3-C2:full_motion_feed_event:cat_d7|F3-C3:full_motion_feed_event:extra_leaf1|F4-C1:full_motion:cat_d8|F4-C2:full_motion_feed_event:xgb_d3|F4-C3:full_motion_feed_event:extra_leaf1|F5-C1:full_motion:cat_d8|F5-C2:full_motion:lgb_medium|F5-C3:full_motion:histgb
Dominant_Frequency_p75,IMU_motion,Thirty-minute summary or coverage descriptor for the IMU-derived feature Dominant_Frequency_p75.,sensor-feature dependent,yes,actual input to at least one locked fold component; see locked_model_features_by_fold.csv,no,no,no,,yes,numeric,compact_base|compact_feed_event|full_motion|full_motion_feed_event,F1-C1:compact_base:cat_d8|F1-C2:full_motion_feed_event:elastic|F1-C3:compact_feed_event:rf_leaf3|F2-C1:full_motion_feed_event:elastic|F2-C2:full_motion_feed_event:extra_leaf3|F2-C3:compact_base:cat_d8|F3-C1:full_motion_feed_event:elastic|F3-C2:full_motion_feed_event:cat_d7|F3-C3:full_motion_feed_event:extra_leaf1|F4-C1:full_motion:cat_d8|F4-C2:full_motion_feed_event:xgb_d3|F4-C3:full_motion_feed_event:extra_leaf1|F5-C1:full_motion:cat_d8|F5-C2:full_motion:lgb_medium|F5-C3:full_motion:histgb
Coefficient_of_Variation_mean,IMU_motion,Thirty-minute summary or coverage descriptor for the IMU-derived feature Coefficient_of_Variation_mean.,sensor-feature dependent,yes,actual input to at least one locked fold component; see locked_model_features_by_fold.csv,no,no,no,,yes,numeric,full_motion|full_motion_feed_event,F1-C2:full_motion_feed_event:elastic|F2-C1:full_motion_feed_event:elastic|F2-C2:full_motion_feed_event:extra_leaf3|F3-C1:full_motion_feed_event:elastic|F3-C2:full_motion_feed_event:cat_d7|F3-C3:full_motion_feed_event:extra_leaf1|F4-C1:full_motion:cat_d8|F4-C2:full_motion_feed_event:xgb_d3|F4-C3:full_motion_feed_event:extra_leaf1|F5-C1:full_motion:cat_d8|F5-C2:full_motion:lgb_medium|F5-C3:full_motion:histgb
Coefficient_of_Variation_std,IMU_motion,Thirty-minute summary or coverage descriptor for the IMU-derived feature Coefficient_of_Variation_std.,sensor-feature dependent,yes,actual input to at least one locked fold component; see locked_model_features_by_fold.csv,no,no,no,,yes,numeric,full_motion|full_motion_feed_event,F1-C2:full_motion_feed_event:elastic|F2-C1:full_motion_feed_event:elastic|F2-C2:full_motion_feed_event:extra_leaf3|F3-C1:full_motion_feed_event:elastic|F3-C2:full_motion_feed_event:cat_d7|F3-C3:full_motion_feed_event:extra_leaf1|F4-C1:full_motion:cat_d8|F4-C2:full_motion_feed_event:xgb_d3|F4-C3:full_motion_feed_event:extra_leaf1|F5-C1:full_motion:cat_d8|F5-C2:full_motion:lgb_medium|F5-C3:full_motion:histgb
Coefficient_of_Variation_p25,IMU_motion,Thirty-minute summary or coverage descriptor for the IMU-derived feature Coefficient_of_Variation_p25.,sensor-feature dependent,yes,actual input to at least one locked fold component; see locked_model_features_by_fold.csv,no,no,no,,yes,numeric,full_motion|full_motion_feed_event,F1-C2:full_motion_feed_event:elastic|F2-C1:full_motion_feed_event:elastic|F2-C2:full_motion_feed_event:extra_leaf3|F3-C1:full_motion_feed_event:elastic|F3-C2:full_motion_feed_event:cat_d7|F3-C3:full_motion_feed_event:extra_leaf1|F4-C1:full_motion:cat_d8|F4-C2:full_motion_feed_event:xgb_d3|F4-C3:full_motion_feed_event:extra_leaf1|F5-C1:full_motion:cat_d8|F5-C2:full_motion:lgb_medium|F5-C3:full_motion:histgb
Coefficient_of_Variation_p75,IMU_motion,Thirty-minute summary or coverage descriptor for the IMU-derived feature Coefficient_of_Variation_p75.,sensor-feature dependent,yes,actual input to at least one locked fold component; see locked_model_features_by_fold.csv,no,no,no,,yes,numeric,full_motion|full_motion_feed_event,F1-C2:full_motion_feed_event:elastic|F2-C1:full_motion_feed_event:elastic|F2-C2:full_motion_feed_event:extra_leaf3|F3-C1:full_motion_feed_event:elastic|F3-C2:full_motion_feed_event:cat_d7|F3-C3:full_motion_feed_event:extra_leaf1|F4-C1:full_motion:cat_d8|F4-C2:full_motion_feed_event:xgb_d3|F4-C3:full_motion_feed_event:extra_leaf1|F5-C1:full_motion:cat_d8|F5-C2:full_motion:lgb_medium|F5-C3:full_motion:histgb
Power_Low_mean,IMU_motion,Thirty-minute summary or coverage descriptor for the IMU-derived feature Power_Low_mean.,sensor-feature dependent,yes,actual input to at least one locked fold component; see locked_model_features_by_fold.csv,no,no,no,,yes,numeric,full_motion|full_motion_feed_event,F1-C2:full_motion_feed_event:elastic|F2-C1:full_motion_feed_event:elastic|F2-C2:full_motion_feed_event:extra_leaf3|F3-C1:full_motion_feed_event:elastic|F3-C2:full_motion_feed_event:cat_d7|F3-C3:full_motion_feed_event:extra_leaf1|F4-C1:full_motion:cat_d8|F4-C2:full_motion_feed_event:xgb_d3|F4-C3:full_motion_feed_event:extra_leaf1|F5-C1:full_motion:cat_d8|F5-C2:full_motion:lgb_medium|F5-C3:full_motion:histgb
Power_Low_std,IMU_motion,Thirty-minute summary or coverage descriptor for the IMU-derived feature Power_Low_std.,sensor-feature dependent,yes,actual input to at least one locked fold component; see locked_model_features_by_fold.csv,no,no,no,,yes,numeric,full_motion|full_motion_feed_event,F1-C2:full_motion_feed_event:elastic|F2-C1:full_motion_feed_event:elastic|F2-C2:full_motion_feed_event:extra_leaf3|F3-C1:full_motion_feed_event:elastic|F3-C2:full_motion_feed_event:cat_d7|F3-C3:full_motion_feed_event:extra_leaf1|F4-C1:full_motion:cat_d8|F4-C2:full_motion_feed_event:xgb_d3|F4-C3:full_motion_feed_event:extra_leaf1|F5-C1:full_motion:cat_d8|F5-C2:full_motion:lgb_medium|F5-C3:full_motion:histgb
Power_Low_p25,IMU_motion,Thirty-minute summary or coverage descriptor for the IMU-derived feature Power_Low_p25.,sensor-feature dependent,yes,actual input to at least one locked fold component; see locked_model_features_by_fold.csv,no,no,no,,yes,numeric,full_motion|full_motion_feed_event,F1-C2:full_motion_feed_event:elastic|F2-C1:full_motion_feed_event:elastic|F2-C2:full_motion_feed_event:extra_leaf3|F3-C1:full_motion_feed_event:elastic|F3-C2:full_motion_feed_event:cat_d7|F3-C3:full_motion_feed_event:extra_leaf1|F4-C1:full_motion:cat_d8|F4-C2:full_motion_feed_event:xgb_d3|F4-C3:full_motion_feed_event:extra_leaf1|F5-C1:full_motion:cat_d8|F5-C2:full_motion:lgb_medium|F5-C3:full_motion:histgb
Power_Low_p75,IMU_motion,Thirty-minute summary or coverage descriptor for the IMU-derived feature Power_Low_p75.,sensor-feature dependent,yes,actual input to at least one locked fold component; see locked_model_features_by_fold.csv,no,no,no,,yes,numeric,full_motion|full_motion_feed_event,F1-C2:full_motion_feed_event:elastic|F2-C1:full_motion_feed_event:elastic|F2-C2:full_motion_feed_event:extra_leaf3|F3-C1:full_motion_feed_event:elastic|F3-C2:full_motion_feed_event:cat_d7|F3-C3:full_motion_feed_event:extra_leaf1|F4-C1:full_motion:cat_d8|F4-C2:full_motion_feed_event:xgb_d3|F4-C3:full_motion_feed_event:extra_leaf1|F5-C1:full_motion:cat_d8|F5-C2:full_motion:lgb_medium|F5-C3:full_motion:histgb
Power_Loco_mean,IMU_motion,Thirty-minute summary or coverage descriptor for the IMU-derived feature Power_Loco_mean.,sensor-feature dependent,yes,actual input to at least one locked fold component; see locked_model_features_by_fold.csv,no,no,no,,yes,numeric,compact_base|compact_feed_event|full_motion|full_motion_feed_event,F1-C1:compact_base:cat_d8|F1-C2:full_motion_feed_event:elastic|F1-C3:compact_feed_event:rf_leaf3|F2-C1:full_motion_feed_event:elastic|F2-C2:full_motion_feed_event:extra_leaf3|F2-C3:compact_base:cat_d8|F3-C1:full_motion_feed_event:elastic|F3-C2:full_motion_feed_event:cat_d7|F3-C3:full_motion_feed_event:extra_leaf1|F4-C1:full_motion:cat_d8|F4-C2:full_motion_feed_event:xgb_d3|F4-C3:full_motion_feed_event:extra_leaf1|F5-C1:full_motion:cat_d8|F5-C2:full_motion:lgb_medium|F5-C3:full_motion:histgb
Power_Loco_std,IMU_motion,Thirty-minute summary or coverage descriptor for the IMU-derived feature Power_Loco_std.,sensor-feature dependent,yes,actual input to at least one locked fold component; see locked_model_features_by_fold.csv,no,no,no,,yes,numeric,compact_base|compact_feed_event|full_motion|full_motion_feed_event,F1-C1:compact_base:cat_d8|F1-C2:full_motion_feed_event:elastic|F1-C3:compact_feed_event:rf_leaf3|F2-C1:full_motion_feed_event:elastic|F2-C2:full_motion_feed_event:extra_leaf3|F2-C3:compact_base:cat_d8|F3-C1:full_motion_feed_event:elastic|F3-C2:full_motion_feed_event:cat_d7|F3-C3:full_motion_feed_event:extra_leaf1|F4-C1:full_motion:cat_d8|F4-C2:full_motion_feed_event:xgb_d3|F4-C3:full_motion_feed_event:extra_leaf1|F5-C1:full_motion:cat_d8|F5-C2:full_motion:lgb_medium|F5-C3:full_motion:histgb
Power_Loco_p25,IMU_motion,Thirty-minute summary or coverage descriptor for the IMU-derived feature Power_Loco_p25.,sensor-feature dependent,yes,actual input to at least one locked fold component; see locked_model_features_by_fold.csv,no,no,no,,yes,numeric,compact_base|compact_feed_event|full_motion|full_motion_feed_event,F1-C1:compact_base:cat_d8|F1-C2:full_motion_feed_event:elastic|F1-C3:compact_feed_event:rf_leaf3|F2-C1:full_motion_feed_event:elastic|F2-C2:full_motion_feed_event:extra_leaf3|F2-C3:compact_base:cat_d8|F3-C1:full_motion_feed_event:elastic|F3-C2:full_motion_feed_event:cat_d7|F3-C3:full_motion_feed_event:extra_leaf1|F4-C1:full_motion:cat_d8|F4-C2:full_motion_feed_event:xgb_d3|F4-C3:full_motion_feed_event:extra_leaf1|F5-C1:full_motion:cat_d8|F5-C2:full_motion:lgb_medium|F5-C3:full_motion:histgb
Power_Loco_p75,IMU_motion,Thirty-minute summary or coverage descriptor for the IMU-derived feature Power_Loco_p75.,sensor-feature dependent,yes,actual input to at least one locked fold component; see locked_model_features_by_fold.csv,no,no,no,,yes,numeric,compact_base|compact_feed_event|full_motion|full_motion_feed_event,F1-C1:compact_base:cat_d8|F1-C2:full_motion_feed_event:elastic|F1-C3:compact_feed_event:rf_leaf3|F2-C1:full_motion_feed_event:elastic|F2-C2:full_motion_feed_event:extra_leaf3|F2-C3:compact_base:cat_d8|F3-C1:full_motion_feed_event:elastic|F3-C2:full_motion_feed_event:cat_d7|F3-C3:full_motion_feed_event:extra_leaf1|F4-C1:full_motion:cat_d8|F4-C2:full_motion_feed_event:xgb_d3|F4-C3:full_motion_feed_event:extra_leaf1|F5-C1:full_motion:cat_d8|F5-C2:full_motion:lgb_medium|F5-C3:full_motion:histgb
Power_High_mean,IMU_motion,Thirty-minute summary or coverage descriptor for the IMU-derived feature Power_High_mean.,sensor-feature dependent,yes,actual input to at least one locked fold component; see locked_model_features_by_fold.csv,no,no,no,,yes,numeric,compact_base|compact_feed_event|full_motion|full_motion_feed_event,F1-C1:compact_base:cat_d8|F1-C2:full_motion_feed_event:elastic|F1-C3:compact_feed_event:rf_leaf3|F2-C1:full_motion_feed_event:elastic|F2-C2:full_motion_feed_event:extra_leaf3|F2-C3:compact_base:cat_d8|F3-C1:full_motion_feed_event:elastic|F3-C2:full_motion_feed_event:cat_d7|F3-C3:full_motion_feed_event:extra_leaf1|F4-C1:full_motion:cat_d8|F4-C2:full_motion_feed_event:xgb_d3|F4-C3:full_motion_feed_event:extra_leaf1|F5-C1:full_motion:cat_d8|F5-C2:full_motion:lgb_medium|F5-C3:full_motion:histgb
Power_High_std,IMU_motion,Thirty-minute summary or coverage descriptor for the IMU-derived feature Power_High_std.,sensor-feature dependent,yes,actual input to at least one locked fold component; see locked_model_features_by_fold.csv,no,no,no,,yes,numeric,compact_base|compact_feed_event|full_motion|full_motion_feed_event,F1-C1:compact_base:cat_d8|F1-C2:full_motion_feed_event:elastic|F1-C3:compact_feed_event:rf_leaf3|F2-C1:full_motion_feed_event:elastic|F2-C2:full_motion_feed_event:extra_leaf3|F2-C3:compact_base:cat_d8|F3-C1:full_motion_feed_event:elastic|F3-C2:full_motion_feed_event:cat_d7|F3-C3:full_motion_feed_event:extra_leaf1|F4-C1:full_motion:cat_d8|F4-C2:full_motion_feed_event:xgb_d3|F4-C3:full_motion_feed_event:extra_leaf1|F5-C1:full_motion:cat_d8|F5-C2:full_motion:lgb_medium|F5-C3:full_motion:histgb
Power_High_p25,IMU_motion,Thirty-minute summary or coverage descriptor for the IMU-derived feature Power_High_p25.,sensor-feature dependent,yes,actual input to at least one locked fold component; see locked_model_features_by_fold.csv,no,no,no,,yes,numeric,compact_base|compact_feed_event|full_motion|full_motion_feed_event,F1-C1:compact_base:cat_d8|F1-C2:full_motion_feed_event:elastic|F1-C3:compact_feed_event:rf_leaf3|F2-C1:full_motion_feed_event:elastic|F2-C2:full_motion_feed_event:extra_leaf3|F2-C3:compact_base:cat_d8|F3-C1:full_motion_feed_event:elastic|F3-C2:full_motion_feed_event:cat_d7|F3-C3:full_motion_feed_event:extra_leaf1|F4-C1:full_motion:cat_d8|F4-C2:full_motion_feed_event:xgb_d3|F4-C3:full_motion_feed_event:extra_leaf1|F5-C1:full_motion:cat_d8|F5-C2:full_motion:lgb_medium|F5-C3:full_motion:histgb
Power_High_p75,IMU_motion,Thirty-minute summary or coverage descriptor for the IMU-derived feature Power_High_p75.,sensor-feature dependent,yes,actual input to at least one locked fold component; see locked_model_features_by_fold.csv,no,no,no,,yes,numeric,compact_base|compact_feed_event|full_motion|full_motion_feed_event,F1-C1:compact_base:cat_d8|F1-C2:full_motion_feed_event:elastic|F1-C3:compact_feed_event:rf_leaf3|F2-C1:full_motion_feed_event:elastic|F2-C2:full_motion_feed_event:extra_leaf3|F2-C3:compact_base:cat_d8|F3-C1:full_motion_feed_event:elastic|F3-C2:full_motion_feed_event:cat_d7|F3-C3:full_motion_feed_event:extra_leaf1|F4-C1:full_motion:cat_d8|F4-C2:full_motion_feed_event:xgb_d3|F4-C3:full_motion_feed_event:extra_leaf1|F5-C1:full_motion:cat_d8|F5-C2:full_motion:lgb_medium|F5-C3:full_motion:histgb
Sample_Entropy_mean,IMU_motion,Thirty-minute summary or coverage descriptor for the IMU-derived feature Sample_Entropy_mean.,sensor-feature dependent,yes,actual input to at least one locked fold component; see locked_model_features_by_fold.csv,no,no,no,,yes,numeric,full_motion|full_motion_feed_event,F1-C2:full_motion_feed_event:elastic|F2-C1:full_motion_feed_event:elastic|F2-C2:full_motion_feed_event:extra_leaf3|F3-C1:full_motion_feed_event:elastic|F3-C2:full_motion_feed_event:cat_d7|F3-C3:full_motion_feed_event:extra_leaf1|F4-C1:full_motion:cat_d8|F4-C2:full_motion_feed_event:xgb_d3|F4-C3:full_motion_feed_event:extra_leaf1|F5-C1:full_motion:cat_d8|F5-C2:full_motion:lgb_medium|F5-C3:full_motion:histgb
Sample_Entropy_std,IMU_motion,Thirty-minute summary or coverage descriptor for the IMU-derived feature Sample_Entropy_std.,sensor-feature dependent,yes,actual input to at least one locked fold component; see locked_model_features_by_fold.csv,no,no,no,,yes,numeric,full_motion|full_motion_feed_event,F1-C2:full_motion_feed_event:elastic|F2-C1:full_motion_feed_event:elastic|F2-C2:full_motion_feed_event:extra_leaf3|F3-C1:full_motion_feed_event:elastic|F3-C2:full_motion_feed_event:cat_d7|F3-C3:full_motion_feed_event:extra_leaf1|F4-C1:full_motion:cat_d8|F4-C2:full_motion_feed_event:xgb_d3|F4-C3:full_motion_feed_event:extra_leaf1|F5-C1:full_motion:cat_d8|F5-C2:full_motion:lgb_medium|F5-C3:full_motion:histgb
Sample_Entropy_p25,IMU_motion,Thirty-minute summary or coverage descriptor for the IMU-derived feature Sample_Entropy_p25.,sensor-feature dependent,yes,actual input to at least one locked fold component; see locked_model_features_by_fold.csv,no,no,no,,yes,numeric,full_motion|full_motion_feed_event,F1-C2:full_motion_feed_event:elastic|F2-C1:full_motion_feed_event:elastic|F2-C2:full_motion_feed_event:extra_leaf3|F3-C1:full_motion_feed_event:elastic|F3-C2:full_motion_feed_event:cat_d7|F3-C3:full_motion_feed_event:extra_leaf1|F4-C1:full_motion:cat_d8|F4-C2:full_motion_feed_event:xgb_d3|F4-C3:full_motion_feed_event:extra_leaf1|F5-C1:full_motion:cat_d8|F5-C2:full_motion:lgb_medium|F5-C3:full_motion:histgb
Sample_Entropy_p75,IMU_motion,Thirty-minute summary or coverage descriptor for the IMU-derived feature Sample_Entropy_p75.,sensor-feature dependent,yes,actual input to at least one locked fold component; see locked_model_features_by_fold.csv,no,no,no,,yes,numeric,full_motion|full_motion_feed_event,F1-C2:full_motion_feed_event:elastic|F2-C1:full_motion_feed_event:elastic|F2-C2:full_motion_feed_event:extra_leaf3|F3-C1:full_motion_feed_event:elastic|F3-C2:full_motion_feed_event:cat_d7|F3-C3:full_motion_feed_event:extra_leaf1|F4-C1:full_motion:cat_d8|F4-C2:full_motion_feed_event:xgb_d3|F4-C3:full_motion_feed_event:extra_leaf1|F5-C1:full_motion:cat_d8|F5-C2:full_motion:lgb_medium|F5-C3:full_motion:histgb
Frac_Rest,IMU_motion,Thirty-minute summary or coverage descriptor for the IMU-derived feature Frac_Rest.,fraction or binary indicator,yes,actual input to at least one locked fold component; see locked_model_features_by_fold.csv,no,no,no,,yes,numeric,compact_base|compact_feed_event|full_motion|full_motion_feed_event,F1-C1:compact_base:cat_d8|F1-C2:full_motion_feed_event:elastic|F1-C3:compact_feed_event:rf_leaf3|F2-C1:full_motion_feed_event:elastic|F2-C2:full_motion_feed_event:extra_leaf3|F2-C3:compact_base:cat_d8|F3-C1:full_motion_feed_event:elastic|F3-C2:full_motion_feed_event:cat_d7|F3-C3:full_motion_feed_event:extra_leaf1|F4-C1:full_motion:cat_d8|F4-C2:full_motion_feed_event:xgb_d3|F4-C3:full_motion_feed_event:extra_leaf1|F5-C1:full_motion:cat_d8|F5-C2:full_motion:lgb_medium|F5-C3:full_motion:histgb
Frac_Moderate,IMU_motion,Thirty-minute summary or coverage descriptor for the IMU-derived feature Frac_Moderate.,fraction or binary indicator,yes,actual input to at least one locked fold component; see locked_model_features_by_fold.csv,no,no,no,,yes,numeric,compact_base|compact_feed_event|full_motion|full_motion_feed_event,F1-C1:compact_base:cat_d8|F1-C2:full_motion_feed_event:elastic|F1-C3:compact_feed_event:rf_leaf3|F2-C1:full_motion_feed_event:elastic|F2-C2:full_motion_feed_event:extra_leaf3|F2-C3:compact_base:cat_d8|F3-C1:full_motion_feed_event:elastic|F3-C2:full_motion_feed_event:cat_d7|F3-C3:full_motion_feed_event:extra_leaf1|F4-C1:full_motion:cat_d8|F4-C2:full_motion_feed_event:xgb_d3|F4-C3:full_motion_feed_event:extra_leaf1|F5-C1:full_motion:cat_d8|F5-C2:full_motion:lgb_medium|F5-C3:full_motion:histgb
Frac_Vigorous,IMU_motion,Thirty-minute summary or coverage descriptor for the IMU-derived feature Frac_Vigorous.,fraction or binary indicator,yes,actual input to at least one locked fold component; see locked_model_features_by_fold.csv,no,no,no,,yes,numeric,compact_base|compact_feed_event|full_motion|full_motion_feed_event,F1-C1:compact_base:cat_d8|F1-C2:full_motion_feed_event:elastic|F1-C3:compact_feed_event:rf_leaf3|F2-C1:full_motion_feed_event:elastic|F2-C2:full_motion_feed_event:extra_leaf3|F2-C3:compact_base:cat_d8|F3-C1:full_motion_feed_event:elastic|F3-C2:full_motion_feed_event:cat_d7|F3-C3:full_motion_feed_event:extra_leaf1|F4-C1:full_motion:cat_d8|F4-C2:full_motion_feed_event:xgb_d3|F4-C3:full_motion_feed_event:extra_leaf1|F5-C1:full_motion:cat_d8|F5-C2:full_motion:lgb_medium|F5-C3:full_motion:histgb
Frac_Lying,IMU_motion,Thirty-minute summary or coverage descriptor for the IMU-derived feature Frac_Lying.,fraction or binary indicator,yes,actual input to at least one locked fold component; see locked_model_features_by_fold.csv,no,no,no,,yes,numeric,compact_base|compact_feed_event|full_motion|full_motion_feed_event,F1-C1:compact_base:cat_d8|F1-C2:full_motion_feed_event:elastic|F1-C3:compact_feed_event:rf_leaf3|F2-C1:full_motion_feed_event:elastic|F2-C2:full_motion_feed_event:extra_leaf3|F2-C3:compact_base:cat_d8|F3-C1:full_motion_feed_event:elastic|F3-C2:full_motion_feed_event:cat_d7|F3-C3:full_motion_feed_event:extra_leaf1|F4-C1:full_motion:cat_d8|F4-C2:full_motion_feed_event:xgb_d3|F4-C3:full_motion_feed_event:extra_leaf1|F5-C1:full_motion:cat_d8|F5-C2:full_motion:lgb_medium|F5-C3:full_motion:histgb
Frac_HeadDown,IMU_motion,Thirty-minute summary or coverage descriptor for the IMU-derived feature Frac_HeadDown.,fraction or binary indicator,yes,actual input to at least one locked fold component; see locked_model_features_by_fold.csv,no,no,no,,yes,numeric,compact_base|compact_feed_event|full_motion|full_motion_feed_event,F1-C1:compact_base:cat_d8|F1-C2:full_motion_feed_event:elastic|F1-C3:compact_feed_event:rf_leaf3|F2-C1:full_motion_feed_event:elastic|F2-C2:full_motion_feed_event:extra_leaf3|F2-C3:compact_base:cat_d8|F3-C1:full_motion_feed_event:elastic|F3-C2:full_motion_feed_event:cat_d7|F3-C3:full_motion_feed_event:extra_leaf1|F4-C1:full_motion:cat_d8|F4-C2:full_motion_feed_event:xgb_d3|F4-C3:full_motion_feed_event:extra_leaf1|F5-C1:full_motion:cat_d8|F5-C2:full_motion:lgb_medium|F5-C3:full_motion:histgb
Active_Fraction,IMU_motion,Thirty-minute summary or coverage descriptor for the IMU-derived feature Active_Fraction.,fraction or binary indicator,yes,actual input to at least one locked fold component; see locked_model_features_by_fold.csv,no,no,no,,yes,numeric,compact_base|compact_feed_event|full_motion|full_motion_feed_event,F1-C1:compact_base:cat_d8|F1-C2:full_motion_feed_event:elastic|F1-C3:compact_feed_event:rf_leaf3|F2-C1:full_motion_feed_event:elastic|F2-C2:full_motion_feed_event:extra_leaf3|F2-C3:compact_base:cat_d8|F3-C1:full_motion_feed_event:elastic|F3-C2:full_motion_feed_event:cat_d7|F3-C3:full_motion_feed_event:extra_leaf1|F4-C1:full_motion:cat_d8|F4-C2:full_motion_feed_event:xgb_d3|F4-C3:full_motion_feed_event:extra_leaf1|F5-C1:full_motion:cat_d8|F5-C2:full_motion:lgb_medium|F5-C3:full_motion:histgb
StepFreq_std,IMU_motion,Thirty-minute summary or coverage descriptor for the IMU-derived feature StepFreq_std.,sensor-feature dependent,yes,actual input to at least one locked fold component; see locked_model_features_by_fold.csv,no,no,no,,yes,numeric,compact_base|compact_feed_event|full_motion|full_motion_feed_event,F1-C1:compact_base:cat_d8|F1-C2:full_motion_feed_event:elastic|F1-C3:compact_feed_event:rf_leaf3|F2-C1:full_motion_feed_event:elastic|F2-C2:full_motion_feed_event:extra_leaf3|F2-C3:compact_base:cat_d8|F3-C1:full_motion_feed_event:elastic|F3-C2:full_motion_feed_event:cat_d7|F3-C3:full_motion_feed_event:extra_leaf1|F4-C1:full_motion:cat_d8|F4-C2:full_motion_feed_event:xgb_d3|F4-C3:full_motion_feed_event:extra_leaf1|F5-C1:full_motion:cat_d8|F5-C2:full_motion:lgb_medium|F5-C3:full_motion:histgb
LyingTransitions,IMU_motion,Thirty-minute summary or coverage descriptor for the IMU-derived feature LyingTransitions.,sensor-feature dependent,yes,actual input to at least one locked fold component; see locked_model_features_by_fold.csv,no,no,no,,yes,numeric,compact_base|compact_feed_event|full_motion|full_motion_feed_event,F1-C1:compact_base:cat_d8|F1-C2:full_motion_feed_event:elastic|F1-C3:compact_feed_event:rf_leaf3|F2-C1:full_motion_feed_event:elastic|F2-C2:full_motion_feed_event:extra_leaf3|F2-C3:compact_base:cat_d8|F3-C1:full_motion_feed_event:elastic|F3-C2:full_motion_feed_event:cat_d7|F3-C3:full_motion_feed_event:extra_leaf1|F4-C1:full_motion:cat_d8|F4-C2:full_motion_feed_event:xgb_d3|F4-C3:full_motion_feed_event:extra_leaf1|F5-C1:full_motion:cat_d8|F5-C2:full_motion:lgb_medium|F5-C3:full_motion:histgb
HeadDownTransitions,IMU_motion,Thirty-minute summary or coverage descriptor for the IMU-derived feature HeadDownTransitions.,sensor-feature dependent,yes,actual input to at least one locked fold component; see locked_model_features_by_fold.csv,no,no,no,,yes,numeric,compact_base|compact_feed_event|full_motion|full_motion_feed_event,F1-C1:compact_base:cat_d8|F1-C2:full_motion_feed_event:elastic|F1-C3:compact_feed_event:rf_leaf3|F2-C1:full_motion_feed_event:elastic|F2-C2:full_motion_feed_event:extra_leaf3|F2-C3:compact_base:cat_d8|F3-C1:full_motion_feed_event:elastic|F3-C2:full_motion_feed_event:cat_d7|F3-C3:full_motion_feed_event:extra_leaf1|F4-C1:full_motion:cat_d8|F4-C2:full_motion_feed_event:xgb_d3|F4-C3:full_motion_feed_event:extra_leaf1|F5-C1:full_motion:cat_d8|F5-C2:full_motion:lgb_medium|F5-C3:full_motion:histgb
data_count_mean,IMU_motion,Thirty-minute summary or coverage descriptor for the IMU-derived feature data_count_mean.,sensor-feature dependent,yes,actual input to at least one locked fold component; see locked_model_features_by_fold.csv,no,no,no,,yes,numeric,compact_base|compact_feed_event|full_motion|full_motion_feed_event,F1-C1:compact_base:cat_d8|F1-C2:full_motion_feed_event:elastic|F1-C3:compact_feed_event:rf_leaf3|F2-C1:full_motion_feed_event:elastic|F2-C2:full_motion_feed_event:extra_leaf3|F2-C3:compact_base:cat_d8|F3-C1:full_motion_feed_event:elastic|F3-C2:full_motion_feed_event:cat_d7|F3-C3:full_motion_feed_event:extra_leaf1|F4-C1:full_motion:cat_d8|F4-C2:full_motion_feed_event:xgb_d3|F4-C3:full_motion_feed_event:extra_leaf1|F5-C1:full_motion:cat_d8|F5-C2:full_motion:lgb_medium|F5-C3:full_motion:histgb
cohort,identity_and_experimental_unit,"Identifier used to trace the animal, chamber, period, or experimental unit.",dimensionless or categorical,no,not a formal predictor,yes,no,no,,no,not an input,,
phase_idx,phase_evaluation,Protocol phase: 0–1 initial adaptation/calibration-reference days; 2–3 fed measurement days; 4 fasting day.,dimensionless or categorical,no,not a formal predictor,no,yes,yes,"Post-adaptation evaluation includes phases 2–4 (2,470 windows); fixed-alpha calibration adjusts only phases 2–3 (1,718 windows), while phase 4 remains unchanged (752 windows).",no,not an input,,
phase_label,phase_predictor_and_evaluation,"Five-level phase label (适应, 正式1, 正式2, 正式3, 绝食), one-hot encoded inside each training fold; it entered every locked ensemble component.",dimensionless categorical label,yes,actual input to at least one locked fold component; see locked_model_features_by_fold.csv,no,no,yes,,yes,categorical,compact_base|compact_feed_event|full_motion|full_motion_feed_event,F1-C1:compact_base:cat_d8|F1-C2:full_motion_feed_event:elastic|F1-C3:compact_feed_event:rf_leaf3|F2-C1:full_motion_feed_event:elastic|F2-C2:full_motion_feed_event:extra_leaf3|F2-C3:compact_base:cat_d8|F3-C1:full_motion_feed_event:elastic|F3-C2:full_motion_feed_event:cat_d7|F3-C3:full_motion_feed_event:extra_leaf1|F4-C1:full_motion:cat_d8|F4-C2:full_motion_feed_event:xgb_d3|F4-C3:full_motion_feed_event:extra_leaf1|F5-C1:full_motion:cat_d8|F5-C2:full_motion:lgb_medium|F5-C3:full_motion:histgb
is_fasting,phase_predictor_and_evaluation,Binary numeric indicator equal to 1 for phase_idx = 4 fasting windows; it entered every locked ensemble component.,binary indicator,yes,actual input to at least one locked fold component; see locked_model_features_by_fold.csv,no,no,yes,"Phase-4 fasting windows are included in the 2,470-window post-adaptation evaluation but are not adjusted by individual calibration.",yes,numeric,compact_base|compact_feed_event|full_motion|full_motion_feed_event,F1-C1:compact_base:cat_d8|F1-C2:full_motion_feed_event:elastic|F1-C3:compact_feed_event:rf_leaf3|F2-C1:full_motion_feed_event:elastic|F2-C2:full_motion_feed_event:extra_leaf3|F2-C3:compact_base:cat_d8|F3-C1:full_motion_feed_event:elastic|F3-C2:full_motion_feed_event:cat_d7|F3-C3:full_motion_feed_event:extra_leaf1|F4-C1:full_motion:cat_d8|F4-C2:full_motion_feed_event:xgb_d3|F4-C3:full_motion_feed_event:extra_leaf1|F5-C1:full_motion:cat_d8|F5-C2:full_motion:lgb_medium|F5-C3:full_motion:histgb
day_in_phase,phase_predictor_and_evaluation,Numeric phase/day index 0–4; in the locked panel it is identical to phase_idx and entered every locked ensemble component.,integer index,yes,actual input to at least one locked fold component; see locked_model_features_by_fold.csv,no,no,yes,,yes,numeric,compact_base|compact_feed_event|full_motion|full_motion_feed_event,F1-C1:compact_base:cat_d8|F1-C2:full_motion_feed_event:elastic|F1-C3:compact_feed_event:rf_leaf3|F2-C1:full_motion_feed_event:elastic|F2-C2:full_motion_feed_event:extra_leaf3|F2-C3:compact_base:cat_d8|F3-C1:full_motion_feed_event:elastic|F3-C2:full_motion_feed_event:cat_d7|F3-C3:full_motion_feed_event:extra_leaf1|F4-C1:full_motion:cat_d8|F4-C2:full_motion_feed_event:xgb_d3|F4-C3:full_motion_feed_event:extra_leaf1|F5-C1:full_motion:cat_d8|F5-C2:full_motion:lgb_medium|F5-C3:full_motion:histgb
diet_code,treatment_audit,Diet-treatment label retained for bookkeeping; never entered as an ordinal or categorical predictor in the locked model.,dimensionless or categorical,no,not a formal predictor,no,no,no,audit only; excluded from every formal feature branch,no,not an input,,
feed_measurement,treatment_audit,Provenance label stating that feed values are planned/offered quantities rather than measured intake.,dimensionless or categorical,no,not a formal predictor,no,no,no,"planned/offered feed, not intake",no,not an input,,
planned_feed_kg_day,planned_feeding_and_protocol_timing,Planned/offered feed descriptor; it is not measured feed intake.,kg per day offered,no,not a formal predictor,no,no,no,,no,not an input,,
planned_feed_g_meal,planned_feeding_and_protocol_timing,Planned/offered feed descriptor; it is not measured feed intake.,g per meal,no,not a formal predictor,no,no,no,,no,not an input,,
planned_feed_g_per_kg_bw,planned_feeding_and_protocol_timing,Planned/offered feed descriptor; it is not measured feed intake.,g kg^-1 body weight,no,not a formal predictor,no,no,no,,no,not an input,,
planned_feed_g_per_w075,planned_feeding_and_protocol_timing,Planned/offered feed descriptor; it is not measured feed intake.,g kg^-0.75,no,not a formal predictor,no,no,no,,no,not an input,,
n_windows,processing_or_audit,Analysis-panel field n_windows.,count,no,not a formal predictor,no,no,no,,no,not an input,,
feature_time,time_and_window,Window feature timestamp used in the audited alignment.,dimensionless or categorical,no,not a formal predictor,no,no,no,,no,not an input,,
experiment_date,grouping_and_time_audit,"Audit grouping/time field retained for lineage; formal outer evaluation groups by pig, not by date.",dimensionless or categorical,no,not a formal predictor,yes,no,no,,no,not an input,,
strict_day_group,grouping_and_time_audit,"Audit grouping/time field retained for lineage; formal outer evaluation groups by pig, not by date.",dimensionless or categorical,no,not a formal predictor,yes,no,no,,no,not an input,,
animal_day_group,grouping_and_time_audit,"Audit grouping/time field retained for lineage; formal outer evaluation groups by pig, not by date.",dimensionless or categorical,no,not a formal predictor,yes,no,no,,no,not an input,,
day_group,grouping_and_time_audit,"Audit grouping/time field retained for lineage; formal outer evaluation groups by pig, not by date.",dimensionless or categorical,no,not a formal predictor,yes,no,no,,no,not an input,,
HP_per_W075,target,Model-fitting target HP_kcal divided by body weight^0.75.,kcal kg^-0.75 per 5-min equivalent,no,not a formal predictor,no,no,no,,no,not an input,,
is_adaptation,phase_predictor_and_evaluation,Binary numeric indicator equal to 1 only for phase_idx = 0 (适应); it entered every locked ensemble component.,binary indicator,yes,actual input to at least one locked fold component; see locked_model_features_by_fold.csv,no,no,yes,,yes,numeric,compact_base|compact_feed_event|full_motion|full_motion_feed_event,F1-C1:compact_base:cat_d8|F1-C2:full_motion_feed_event:elastic|F1-C3:compact_feed_event:rf_leaf3|F2-C1:full_motion_feed_event:elastic|F2-C2:full_motion_feed_event:extra_leaf3|F2-C3:compact_base:cat_d8|F3-C1:full_motion_feed_event:elastic|F3-C2:full_motion_feed_event:cat_d7|F3-C3:full_motion_feed_event:extra_leaf1|F4-C1:full_motion:cat_d8|F4-C2:full_motion_feed_event:xgb_d3|F4-C3:full_motion_feed_event:extra_leaf1|F5-C1:full_motion:cat_d8|F5-C2:full_motion:lgb_medium|F5-C3:full_motion:histgb
is_formal,phase_predictor_and_evaluation,Binary numeric indicator equal to 1 for phase_idx 1–3 and 0 for adaptation and fasting; it entered every locked ensemble component.,binary indicator,yes,actual input to at least one locked fold component; see locked_model_features_by_fold.csv,no,no,yes,,yes,numeric,compact_base|compact_feed_event|full_motion|full_motion_feed_event,F1-C1:compact_base:cat_d8|F1-C2:full_motion_feed_event:elastic|F1-C3:compact_feed_event:rf_leaf3|F2-C1:full_motion_feed_event:elastic|F2-C2:full_motion_feed_event:extra_leaf3|F2-C3:compact_base:cat_d8|F3-C1:full_motion_feed_event:elastic|F3-C2:full_motion_feed_event:cat_d7|F3-C3:full_motion_feed_event:extra_leaf1|F4-C1:full_motion:cat_d8|F4-C2:full_motion_feed_event:xgb_d3|F4-C3:full_motion_feed_event:extra_leaf1|F5-C1:full_motion:cat_d8|F5-C2:full_motion:lgb_medium|F5-C3:full_motion:histgb
planned_feed_available,planned_feeding_and_protocol_timing,Planned/offered feed descriptor; it is not measured feed intake.,fraction or binary indicator,yes,actual input to at least one locked fold component; see locked_model_features_by_fold.csv,no,no,no,,yes,numeric,compact_feed_event|full_motion_feed_event,F1-C2:full_motion_feed_event:elastic|F1-C3:compact_feed_event:rf_leaf3|F2-C1:full_motion_feed_event:elastic|F2-C2:full_motion_feed_event:extra_leaf3|F3-C1:full_motion_feed_event:elastic|F3-C2:full_motion_feed_event:cat_d7|F3-C3:full_motion_feed_event:extra_leaf1|F4-C2:full_motion_feed_event:xgb_d3|F4-C3:full_motion_feed_event:extra_leaf1
planned_meal_g_per_w075,planned_feeding_and_protocol_timing,Planned/offered feed descriptor; it is not measured feed intake.,g kg^-0.75,no,not a formal predictor,no,no,no,,no,not an input,,
offered_feed_kg_day_if_fed,planned_feeding_and_protocol_timing,Planned/offered feed descriptor; it is not measured feed intake.,kg per day offered,no,not a formal predictor,no,no,no,,no,not an input,,
offered_feed_g_meal_if_fed,planned_feeding_and_protocol_timing,Planned/offered feed descriptor; it is not measured feed intake.,g per meal,no,not a formal predictor,no,no,no,,no,not an input,,
planned_meal_g_per_w075_if_fed,planned_feeding_and_protocol_timing,Planned/offered feed descriptor; it is not measured feed intake.,g kg^-0.75,yes,actual input to at least one locked fold component; see locked_model_features_by_fold.csv,no,no,no,,yes,numeric,compact_feed_event|full_motion_feed_event,F1-C2:full_motion_feed_event:elastic|F1-C3:compact_feed_event:rf_leaf3|F2-C1:full_motion_feed_event:elastic|F2-C2:full_motion_feed_event:extra_leaf3|F3-C1:full_motion_feed_event:elastic|F3-C2:full_motion_feed_event:cat_d7|F3-C3:full_motion_feed_event:extra_leaf1|F4-C2:full_motion_feed_event:xgb_d3|F4-C3:full_motion_feed_event:extra_leaf1
meal_history_known,planned_feeding_and_protocol_timing,Feature computed from prespecified protocol meal times; it is not a measured intake event.,dimensionless or categorical,yes,actual input to at least one locked fold component; see locked_model_features_by_fold.csv,no,no,no,,yes,numeric,compact_feed_event|full_motion_feed_event,F1-C2:full_motion_feed_event:elastic|F1-C3:compact_feed_event:rf_leaf3|F2-C1:full_motion_feed_event:elastic|F2-C2:full_motion_feed_event:extra_leaf3|F3-C1:full_motion_feed_event:elastic|F3-C2:full_motion_feed_event:cat_d7|F3-C3:full_motion_feed_event:extra_leaf1|F4-C2:full_motion_feed_event:xgb_d3|F4-C3:full_motion_feed_event:extra_leaf1
hours_since_last_meal_capped48,planned_feeding_and_protocol_timing,Feature computed from prespecified protocol meal times; it is not a measured intake event.,hour,yes,actual input to at least one locked fold component; see locked_model_features_by_fold.csv,no,no,no,,yes,numeric,compact_feed_event|full_motion_feed_event,F1-C2:full_motion_feed_event:elastic|F1-C3:compact_feed_event:rf_leaf3|F2-C1:full_motion_feed_event:elastic|F2-C2:full_motion_feed_event:extra_leaf3|F3-C1:full_motion_feed_event:elastic|F3-C2:full_motion_feed_event:cat_d7|F3-C3:full_motion_feed_event:extra_leaf1|F4-C2:full_motion_feed_event:xgb_d3|F4-C3:full_motion_feed_event:extra_leaf1
last_meal_is_afternoon,planned_feeding_and_protocol_timing,Feature computed from prespecified protocol meal times; it is not a measured intake event.,dimensionless or categorical,yes,actual input to at least one locked fold component; see locked_model_features_by_fold.csv,no,no,no,,yes,numeric,compact_feed_event|full_motion_feed_event,F1-C2:full_motion_feed_event:elastic|F1-C3:compact_feed_event:rf_leaf3|F2-C1:full_motion_feed_event:elastic|F2-C2:full_motion_feed_event:extra_leaf3|F3-C1:full_motion_feed_event:elastic|F3-C2:full_motion_feed_event:cat_d7|F3-C3:full_motion_feed_event:extra_leaf1|F4-C2:full_motion_feed_event:xgb_d3|F4-C3:full_motion_feed_event:extra_leaf1
last_meal_is_morning,planned_feeding_and_protocol_timing,Feature computed from prespecified protocol meal times; it is not a measured intake event.,dimensionless or categorical,yes,actual input to at least one locked fold component; see locked_model_features_by_fold.csv,no,no,no,,yes,numeric,compact_feed_event|full_motion_feed_event,F1-C2:full_motion_feed_event:elastic|F1-C3:compact_feed_event:rf_leaf3|F2-C1:full_motion_feed_event:elastic|F2-C2:full_motion_feed_event:extra_leaf3|F3-C1:full_motion_feed_event:elastic|F3-C2:full_motion_feed_event:cat_d7|F3-C3:full_motion_feed_event:extra_leaf1|F4-C2:full_motion_feed_event:xgb_d3|F4-C3:full_motion_feed_event:extra_leaf1
fed_to_fasting_carryover_6h,planned_feeding_and_protocol_timing,Feature computed from prespecified protocol meal times; it is not a measured intake event.,dimensionless or categorical,yes,actual input to at least one locked fold component; see locked_model_features_by_fold.csv,no,no,no,,yes,numeric,compact_feed_event|full_motion_feed_event,F1-C2:full_motion_feed_event:elastic|F1-C3:compact_feed_event:rf_leaf3|F2-C1:full_motion_feed_event:elastic|F2-C2:full_motion_feed_event:extra_leaf3|F3-C1:full_motion_feed_event:elastic|F3-C2:full_motion_feed_event:cat_d7|F3-C3:full_motion_feed_event:extra_leaf1|F4-C2:full_motion_feed_event:xgb_d3|F4-C3:full_motion_feed_event:extra_leaf1
hours_in_fasting,planned_feeding_and_protocol_timing,Feature computed from prespecified protocol meal times; it is not a measured intake event.,hour,yes,actual input to at least one locked fold component; see locked_model_features_by_fold.csv,no,no,no,,yes,numeric,compact_feed_event|full_motion_feed_event,F1-C2:full_motion_feed_event:elastic|F1-C3:compact_feed_event:rf_leaf3|F2-C1:full_motion_feed_event:elastic|F2-C2:full_motion_feed_event:extra_leaf3|F3-C1:full_motion_feed_event:elastic|F3-C2:full_motion_feed_event:cat_d7|F3-C3:full_motion_feed_event:extra_leaf1|F4-C2:full_motion_feed_event:xgb_d3|F4-C3:full_motion_feed_event:extra_leaf1
hours_since_afternoon_meal_capped48,planned_feeding_and_protocol_timing,Feature computed from prespecified protocol meal times; it is not a measured intake event.,hour,yes,actual input to at least one locked fold component; see locked_model_features_by_fold.csv,no,no,no,,yes,numeric,compact_feed_event|full_motion_feed_event,F1-C2:full_motion_feed_event:elastic|F1-C3:compact_feed_event:rf_leaf3|F2-C1:full_motion_feed_event:elastic|F2-C2:full_motion_feed_event:extra_leaf3|F3-C1:full_motion_feed_event:elastic|F3-C2:full_motion_feed_event:cat_d7|F3-C3:full_motion_feed_event:extra_leaf1|F4-C2:full_motion_feed_event:xgb_d3|F4-C3:full_motion_feed_event:extra_leaf1
meal_afternoon_kernel_tau0p5h,planned_feeding_and_protocol_timing,Feature computed from prespecified protocol meal times; it is not a measured intake event.,dimensionless protocol-time kernel,yes,actual input to at least one locked fold component; see locked_model_features_by_fold.csv,no,no,no,,yes,numeric,compact_feed_event|full_motion_feed_event,F1-C2:full_motion_feed_event:elastic|F1-C3:compact_feed_event:rf_leaf3|F2-C1:full_motion_feed_event:elastic|F2-C2:full_motion_feed_event:extra_leaf3|F3-C1:full_motion_feed_event:elastic|F3-C2:full_motion_feed_event:cat_d7|F3-C3:full_motion_feed_event:extra_leaf1|F4-C2:full_motion_feed_event:xgb_d3|F4-C3:full_motion_feed_event:extra_leaf1
meal_afternoon_kernel_tau1p5h,planned_feeding_and_protocol_timing,Feature computed from prespecified protocol meal times; it is not a measured intake event.,dimensionless protocol-time kernel,yes,actual input to at least one locked fold component; see locked_model_features_by_fold.csv,no,no,no,,yes,numeric,compact_feed_event|full_motion_feed_event,F1-C2:full_motion_feed_event:elastic|F1-C3:compact_feed_event:rf_leaf3|F2-C1:full_motion_feed_event:elastic|F2-C2:full_motion_feed_event:extra_leaf3|F3-C1:full_motion_feed_event:elastic|F3-C2:full_motion_feed_event:cat_d7|F3-C3:full_motion_feed_event:extra_leaf1|F4-C2:full_motion_feed_event:xgb_d3|F4-C3:full_motion_feed_event:extra_leaf1
meal_afternoon_kernel_tau3p0h,planned_feeding_and_protocol_timing,Feature computed from prespecified protocol meal times; it is not a measured intake event.,dimensionless protocol-time kernel,yes,actual input to at least one locked fold component; see locked_model_features_by_fold.csv,no,no,no,,yes,numeric,compact_feed_event|full_motion_feed_event,F1-C2:full_motion_feed_event:elastic|F1-C3:compact_feed_event:rf_leaf3|F2-C1:full_motion_feed_event:elastic|F2-C2:full_motion_feed_event:extra_leaf3|F3-C1:full_motion_feed_event:elastic|F3-C2:full_motion_feed_event:cat_d7|F3-C3:full_motion_feed_event:extra_leaf1|F4-C2:full_motion_feed_event:xgb_d3|F4-C3:full_motion_feed_event:extra_leaf1
meal_afternoon_kernel_tau6p0h,planned_feeding_and_protocol_timing,Feature computed from prespecified protocol meal times; it is not a measured intake event.,dimensionless protocol-time kernel,yes,actual input to at least one locked fold component; see locked_model_features_by_fold.csv,no,no,no,,yes,numeric,compact_feed_event|full_motion_feed_event,F1-C2:full_motion_feed_event:elastic|F1-C3:compact_feed_event:rf_leaf3|F2-C1:full_motion_feed_event:elastic|F2-C2:full_motion_feed_event:extra_leaf3|F3-C1:full_motion_feed_event:elastic|F3-C2:full_motion_feed_event:cat_d7|F3-C3:full_motion_feed_event:extra_leaf1|F4-C2:full_motion_feed_event:xgb_d3|F4-C3:full_motion_feed_event:extra_leaf1
hours_since_morning_meal_capped48,planned_feeding_and_protocol_timing,Feature computed from prespecified protocol meal times; it is not a measured intake event.,g per meal,yes,actual input to at least one locked fold component; see locked_model_features_by_fold.csv,no,no,no,,yes,numeric,compact_feed_event|full_motion_feed_event,F1-C2:full_motion_feed_event:elastic|F1-C3:compact_feed_event:rf_leaf3|F2-C1:full_motion_feed_event:elastic|F2-C2:full_motion_feed_event:extra_leaf3|F3-C1:full_motion_feed_event:elastic|F3-C2:full_motion_feed_event:cat_d7|F3-C3:full_motion_feed_event:extra_leaf1|F4-C2:full_motion_feed_event:xgb_d3|F4-C3:full_motion_feed_event:extra_leaf1
meal_morning_kernel_tau0p5h,planned_feeding_and_protocol_timing,Feature computed from prespecified protocol meal times; it is not a measured intake event.,dimensionless protocol-time kernel,yes,actual input to at least one locked fold component; see locked_model_features_by_fold.csv,no,no,no,,yes,numeric,compact_feed_event|full_motion_feed_event,F1-C2:full_motion_feed_event:elastic|F1-C3:compact_feed_event:rf_leaf3|F2-C1:full_motion_feed_event:elastic|F2-C2:full_motion_feed_event:extra_leaf3|F3-C1:full_motion_feed_event:elastic|F3-C2:full_motion_feed_event:cat_d7|F3-C3:full_motion_feed_event:extra_leaf1|F4-C2:full_motion_feed_event:xgb_d3|F4-C3:full_motion_feed_event:extra_leaf1
meal_morning_kernel_tau1p5h,planned_feeding_and_protocol_timing,Feature computed from prespecified protocol meal times; it is not a measured intake event.,dimensionless protocol-time kernel,yes,actual input to at least one locked fold component; see locked_model_features_by_fold.csv,no,no,no,,yes,numeric,compact_feed_event|full_motion_feed_event,F1-C2:full_motion_feed_event:elastic|F1-C3:compact_feed_event:rf_leaf3|F2-C1:full_motion_feed_event:elastic|F2-C2:full_motion_feed_event:extra_leaf3|F3-C1:full_motion_feed_event:elastic|F3-C2:full_motion_feed_event:cat_d7|F3-C3:full_motion_feed_event:extra_leaf1|F4-C2:full_motion_feed_event:xgb_d3|F4-C3:full_motion_feed_event:extra_leaf1
meal_morning_kernel_tau3p0h,planned_feeding_and_protocol_timing,Feature computed from prespecified protocol meal times; it is not a measured intake event.,dimensionless protocol-time kernel,yes,actual input to at least one locked fold component; see locked_model_features_by_fold.csv,no,no,no,,yes,numeric,compact_feed_event|full_motion_feed_event,F1-C2:full_motion_feed_event:elastic|F1-C3:compact_feed_event:rf_leaf3|F2-C1:full_motion_feed_event:elastic|F2-C2:full_motion_feed_event:extra_leaf3|F3-C1:full_motion_feed_event:elastic|F3-C2:full_motion_feed_event:cat_d7|F3-C3:full_motion_feed_event:extra_leaf1|F4-C2:full_motion_feed_event:xgb_d3|F4-C3:full_motion_feed_event:extra_leaf1
meal_morning_kernel_tau6p0h,planned_feeding_and_protocol_timing,Feature computed from prespecified protocol meal times; it is not a measured intake event.,dimensionless protocol-time kernel,yes,actual input to at least one locked fold component; see locked_model_features_by_fold.csv,no,no,no,,yes,numeric,compact_feed_event|full_motion_feed_event,F1-C2:full_motion_feed_event:elastic|F1-C3:compact_feed_event:rf_leaf3|F2-C1:full_motion_feed_event:elastic|F2-C2:full_motion_feed_event:extra_leaf3|F3-C1:full_motion_feed_event:elastic|F3-C2:full_motion_feed_event:cat_d7|F3-C3:full_motion_feed_event:extra_leaf1|F4-C2:full_motion_feed_event:xgb_d3|F4-C3:full_motion_feed_event:extra_leaf1
premeal_n_bins,premeal_sensor_sensitivity,"Premeal sensor or meal-sensor interaction retained for sensitivity analysis, not used by the locked confirmation branches.",count,no,not a formal predictor,no,no,no,,no,not an input,,
premeal_HR_mean,premeal_sensor_sensitivity,"Premeal sensor or meal-sensor interaction retained for sensitivity analysis, not used by the locked confirmation branches.",beats per minute,no,not a formal predictor,no,no,no,,no,not an input,,
delta_from_premeal_HR_mean,premeal_sensor_sensitivity,"Premeal sensor or meal-sensor interaction retained for sensitivity analysis, not used by the locked confirmation branches.",beats per minute,no,not a formal predictor,no,no,no,,no,not an input,,
premeal_RR_mean,premeal_sensor_sensitivity,"Premeal sensor or meal-sensor interaction retained for sensitivity analysis, not used by the locked confirmation branches.",ms,no,not a formal predictor,no,no,no,,no,not an input,,
delta_from_premeal_RR_mean,premeal_sensor_sensitivity,"Premeal sensor or meal-sensor interaction retained for sensitivity analysis, not used by the locked confirmation branches.",ms,no,not a formal predictor,no,no,no,,no,not an input,,
premeal_ODBA_mean,premeal_sensor_sensitivity,"Premeal sensor or meal-sensor interaction retained for sensitivity analysis, not used by the locked confirmation branches.",dimensionless or categorical,no,not a formal predictor,no,no,no,,no,not an input,,
delta_from_premeal_ODBA_mean,premeal_sensor_sensitivity,"Premeal sensor or meal-sensor interaction retained for sensitivity analysis, not used by the locked confirmation branches.",dimensionless or categorical,no,not a formal predictor,no,no,no,,no,not an input,,
premeal_VeDBA_RMS_mean,premeal_sensor_sensitivity,"Premeal sensor or meal-sensor interaction retained for sensitivity analysis, not used by the locked confirmation branches.",dimensionless or categorical,no,not a formal predictor,no,no,no,,no,not an input,,
delta_from_premeal_VeDBA_RMS_mean,premeal_sensor_sensitivity,"Premeal sensor or meal-sensor interaction retained for sensitivity analysis, not used by the locked confirmation branches.",dimensionless or categorical,no,not a formal predictor,no,no,no,,no,not an input,,
premeal_Active_Fraction,premeal_sensor_sensitivity,"Premeal sensor or meal-sensor interaction retained for sensitivity analysis, not used by the locked confirmation branches.",dimensionless or categorical,no,not a formal predictor,no,no,no,,no,not an input,,
delta_from_premeal_Active_Fraction,premeal_sensor_sensitivity,"Premeal sensor or meal-sensor interaction retained for sensitivity analysis, not used by the locked confirmation branches.",dimensionless or categorical,no,not a formal predictor,no,no,no,,no,not an input,,
premeal_Frac_Rest,premeal_sensor_sensitivity,"Premeal sensor or meal-sensor interaction retained for sensitivity analysis, not used by the locked confirmation branches.",dimensionless or categorical,no,not a formal predictor,no,no,no,,no,not an input,,
delta_from_premeal_Frac_Rest,premeal_sensor_sensitivity,"Premeal sensor or meal-sensor interaction retained for sensitivity analysis, not used by the locked confirmation branches.",dimensionless or categorical,no,not a formal predictor,no,no,no,,no,not an input,,
premeal_Frac_HeadDown,premeal_sensor_sensitivity,"Premeal sensor or meal-sensor interaction retained for sensitivity analysis, not used by the locked confirmation branches.",dimensionless or categorical,no,not a formal predictor,no,no,no,,no,not an input,,
delta_from_premeal_Frac_HeadDown,premeal_sensor_sensitivity,"Premeal sensor or meal-sensor interaction retained for sensitivity analysis, not used by the locked confirmation branches.",dimensionless or categorical,no,not a formal predictor,no,no,no,,no,not an input,,
premeal_Jerk_Mean_mean,premeal_sensor_sensitivity,"Premeal sensor or meal-sensor interaction retained for sensitivity analysis, not used by the locked confirmation branches.",dimensionless or categorical,no,not a formal predictor,no,no,no,,no,not an input,,
delta_from_premeal_Jerk_Mean_mean,premeal_sensor_sensitivity,"Premeal sensor or meal-sensor interaction retained for sensitivity analysis, not used by the locked confirmation branches.",dimensionless or categorical,no,not a formal predictor,no,no,no,,no,not an input,,
last_event_id,processing_or_audit,Analysis-panel field last_event_id.,dimensionless or categorical,no,not a formal predictor,no,no,no,,no,not an input,,
last_event_owner_day_group,processing_or_audit,Analysis-panel field last_event_owner_day_group.,dimensionless or categorical,no,not a formal predictor,no,no,no,,no,not an input,,
meal_any_kernel_tau1p5h,planned_feeding_and_protocol_timing,Feature computed from prespecified protocol meal times; it is not a measured intake event.,dimensionless protocol-time kernel,yes,actual input to at least one locked fold component; see locked_model_features_by_fold.csv,no,no,no,,yes,numeric,compact_feed_event|full_motion_feed_event,F1-C2:full_motion_feed_event:elastic|F1-C3:compact_feed_event:rf_leaf3|F2-C1:full_motion_feed_event:elastic|F2-C2:full_motion_feed_event:extra_leaf3|F3-C1:full_motion_feed_event:elastic|F3-C2:full_motion_feed_event:cat_d7|F3-C3:full_motion_feed_event:extra_leaf1|F4-C2:full_motion_feed_event:xgb_d3|F4-C3:full_motion_feed_event:extra_leaf1
meal_any_kernel_tau3p0h,planned_feeding_and_protocol_timing,Feature computed from prespecified protocol meal times; it is not a measured intake event.,dimensionless protocol-time kernel,yes,actual input to at least one locked fold component; see locked_model_features_by_fold.csv,no,no,no,,yes,numeric,compact_feed_event|full_motion_feed_event,F1-C2:full_motion_feed_event:elastic|F1-C3:compact_feed_event:rf_leaf3|F2-C1:full_motion_feed_event:elastic|F2-C2:full_motion_feed_event:extra_leaf3|F3-C1:full_motion_feed_event:elastic|F3-C2:full_motion_feed_event:cat_d7|F3-C3:full_motion_feed_event:extra_leaf1|F4-C2:full_motion_feed_event:xgb_d3|F4-C3:full_motion_feed_event:extra_leaf1
meal_tau1p5h_x_delta_HR_mean,premeal_sensor_sensitivity,"Premeal sensor or meal-sensor interaction retained for sensitivity analysis, not used by the locked confirmation branches.",dimensionless or categorical,no,not a formal predictor,no,no,no,,no,not an input,,
meal_tau3p0h_x_delta_HR_mean,premeal_sensor_sensitivity,"Premeal sensor or meal-sensor interaction retained for sensitivity analysis, not used by the locked confirmation branches.",dimensionless or categorical,no,not a formal predictor,no,no,no,,no,not an input,,
meal_tau1p5h_x_delta_RR_mean,premeal_sensor_sensitivity,"Premeal sensor or meal-sensor interaction retained for sensitivity analysis, not used by the locked confirmation branches.",dimensionless or categorical,no,not a formal predictor,no,no,no,,no,not an input,,
meal_tau3p0h_x_delta_RR_mean,premeal_sensor_sensitivity,"Premeal sensor or meal-sensor interaction retained for sensitivity analysis, not used by the locked confirmation branches.",dimensionless or categorical,no,not a formal predictor,no,no,no,,no,not an input,,
meal_tau1p5h_x_delta_ODBA_mean,premeal_sensor_sensitivity,"Premeal sensor or meal-sensor interaction retained for sensitivity analysis, not used by the locked confirmation branches.",dimensionless or categorical,no,not a formal predictor,no,no,no,,no,not an input,,
meal_tau3p0h_x_delta_ODBA_mean,premeal_sensor_sensitivity,"Premeal sensor or meal-sensor interaction retained for sensitivity analysis, not used by the locked confirmation branches.",dimensionless or categorical,no,not a formal predictor,no,no,no,,no,not an input,,
meal_tau1p5h_x_delta_VeDBA_RMS_mean,premeal_sensor_sensitivity,"Premeal sensor or meal-sensor interaction retained for sensitivity analysis, not used by the locked confirmation branches.",dimensionless or categorical,no,not a formal predictor,no,no,no,,no,not an input,,
meal_tau3p0h_x_delta_VeDBA_RMS_mean,premeal_sensor_sensitivity,"Premeal sensor or meal-sensor interaction retained for sensitivity analysis, not used by the locked confirmation branches.",dimensionless or categorical,no,not a formal predictor,no,no,no,,no,not an input,,
meal_tau1p5h_x_delta_Active_Fraction,premeal_sensor_sensitivity,"Premeal sensor or meal-sensor interaction retained for sensitivity analysis, not used by the locked confirmation branches.",dimensionless or categorical,no,not a formal predictor,no,no,no,,no,not an input,,
meal_tau3p0h_x_delta_Active_Fraction,premeal_sensor_sensitivity,"Premeal sensor or meal-sensor interaction retained for sensitivity analysis, not used by the locked confirmation branches.",dimensionless or categorical,no,not a formal predictor,no,no,no,,no,not an input,,
meal_tau1p5h_x_delta_Frac_Rest,premeal_sensor_sensitivity,"Premeal sensor or meal-sensor interaction retained for sensitivity analysis, not used by the locked confirmation branches.",dimensionless or categorical,no,not a formal predictor,no,no,no,,no,not an input,,
meal_tau3p0h_x_delta_Frac_Rest,premeal_sensor_sensitivity,"Premeal sensor or meal-sensor interaction retained for sensitivity analysis, not used by the locked confirmation branches.",dimensionless or categorical,no,not a formal predictor,no,no,no,,no,not an input,,
meal_tau1p5h_x_delta_Frac_HeadDown,premeal_sensor_sensitivity,"Premeal sensor or meal-sensor interaction retained for sensitivity analysis, not used by the locked confirmation branches.",dimensionless or categorical,no,not a formal predictor,no,no,no,,no,not an input,,
meal_tau3p0h_x_delta_Frac_HeadDown,premeal_sensor_sensitivity,"Premeal sensor or meal-sensor interaction retained for sensitivity analysis, not used by the locked confirmation branches.",dimensionless or categorical,no,not a formal predictor,no,no,no,,no,not an input,,
meal_tau1p5h_x_delta_Jerk_Mean_mean,premeal_sensor_sensitivity,"Premeal sensor or meal-sensor interaction retained for sensitivity analysis, not used by the locked confirmation branches.",dimensionless or categorical,no,not a formal predictor,no,no,no,,no,not an input,,
meal_tau3p0h_x_delta_Jerk_Mean_mean,premeal_sensor_sensitivity,"Premeal sensor or meal-sensor interaction retained for sensitivity analysis, not used by the locked confirmation branches.",dimensionless or categorical,no,not a formal predictor,no,no,no,,no,not an input,,
dose_x_meal_afternoon_kernel_tau0p5h,planned_feeding_and_protocol_timing,Feature computed from prespecified protocol meal times; it is not a measured intake event.,dimensionless protocol-time kernel,yes,actual input to at least one locked fold component; see locked_model_features_by_fold.csv,no,no,no,,yes,numeric,compact_feed_event|full_motion_feed_event,F1-C2:full_motion_feed_event:elastic|F1-C3:compact_feed_event:rf_leaf3|F2-C1:full_motion_feed_event:elastic|F2-C2:full_motion_feed_event:extra_leaf3|F3-C1:full_motion_feed_event:elastic|F3-C2:full_motion_feed_event:cat_d7|F3-C3:full_motion_feed_event:extra_leaf1|F4-C2:full_motion_feed_event:xgb_d3|F4-C3:full_motion_feed_event:extra_leaf1
dose_x_meal_afternoon_kernel_tau1p5h,planned_feeding_and_protocol_timing,Feature computed from prespecified protocol meal times; it is not a measured intake event.,dimensionless protocol-time kernel,yes,actual input to at least one locked fold component; see locked_model_features_by_fold.csv,no,no,no,,yes,numeric,compact_feed_event|full_motion_feed_event,F1-C2:full_motion_feed_event:elastic|F1-C3:compact_feed_event:rf_leaf3|F2-C1:full_motion_feed_event:elastic|F2-C2:full_motion_feed_event:extra_leaf3|F3-C1:full_motion_feed_event:elastic|F3-C2:full_motion_feed_event:cat_d7|F3-C3:full_motion_feed_event:extra_leaf1|F4-C2:full_motion_feed_event:xgb_d3|F4-C3:full_motion_feed_event:extra_leaf1
dose_x_meal_afternoon_kernel_tau3p0h,planned_feeding_and_protocol_timing,Feature computed from prespecified protocol meal times; it is not a measured intake event.,dimensionless protocol-time kernel,yes,actual input to at least one locked fold component; see locked_model_features_by_fold.csv,no,no,no,,yes,numeric,compact_feed_event|full_motion_feed_event,F1-C2:full_motion_feed_event:elastic|F1-C3:compact_feed_event:rf_leaf3|F2-C1:full_motion_feed_event:elastic|F2-C2:full_motion_feed_event:extra_leaf3|F3-C1:full_motion_feed_event:elastic|F3-C2:full_motion_feed_event:cat_d7|F3-C3:full_motion_feed_event:extra_leaf1|F4-C2:full_motion_feed_event:xgb_d3|F4-C3:full_motion_feed_event:extra_leaf1
dose_x_meal_afternoon_kernel_tau6p0h,planned_feeding_and_protocol_timing,Feature computed from prespecified protocol meal times; it is not a measured intake event.,dimensionless protocol-time kernel,yes,actual input to at least one locked fold component; see locked_model_features_by_fold.csv,no,no,no,,yes,numeric,compact_feed_event|full_motion_feed_event,F1-C2:full_motion_feed_event:elastic|F1-C3:compact_feed_event:rf_leaf3|F2-C1:full_motion_feed_event:elastic|F2-C2:full_motion_feed_event:extra_leaf3|F3-C1:full_motion_feed_event:elastic|F3-C2:full_motion_feed_event:cat_d7|F3-C3:full_motion_feed_event:extra_leaf1|F4-C2:full_motion_feed_event:xgb_d3|F4-C3:full_motion_feed_event:extra_leaf1
dose_x_meal_morning_kernel_tau0p5h,planned_feeding_and_protocol_timing,Feature computed from prespecified protocol meal times; it is not a measured intake event.,dimensionless protocol-time kernel,yes,actual input to at least one locked fold component; see locked_model_features_by_fold.csv,no,no,no,,yes,numeric,compact_feed_event|full_motion_feed_event,F1-C2:full_motion_feed_event:elastic|F1-C3:compact_feed_event:rf_leaf3|F2-C1:full_motion_feed_event:elastic|F2-C2:full_motion_feed_event:extra_leaf3|F3-C1:full_motion_feed_event:elastic|F3-C2:full_motion_feed_event:cat_d7|F3-C3:full_motion_feed_event:extra_leaf1|F4-C2:full_motion_feed_event:xgb_d3|F4-C3:full_motion_feed_event:extra_leaf1
dose_x_meal_morning_kernel_tau1p5h,planned_feeding_and_protocol_timing,Feature computed from prespecified protocol meal times; it is not a measured intake event.,dimensionless protocol-time kernel,yes,actual input to at least one locked fold component; see locked_model_features_by_fold.csv,no,no,no,,yes,numeric,compact_feed_event|full_motion_feed_event,F1-C2:full_motion_feed_event:elastic|F1-C3:compact_feed_event:rf_leaf3|F2-C1:full_motion_feed_event:elastic|F2-C2:full_motion_feed_event:extra_leaf3|F3-C1:full_motion_feed_event:elastic|F3-C2:full_motion_feed_event:cat_d7|F3-C3:full_motion_feed_event:extra_leaf1|F4-C2:full_motion_feed_event:xgb_d3|F4-C3:full_motion_feed_event:extra_leaf1
dose_x_meal_morning_kernel_tau3p0h,planned_feeding_and_protocol_timing,Feature computed from prespecified protocol meal times; it is not a measured intake event.,dimensionless protocol-time kernel,yes,actual input to at least one locked fold component; see locked_model_features_by_fold.csv,no,no,no,,yes,numeric,compact_feed_event|full_motion_feed_event,F1-C2:full_motion_feed_event:elastic|F1-C3:compact_feed_event:rf_leaf3|F2-C1:full_motion_feed_event:elastic|F2-C2:full_motion_feed_event:extra_leaf3|F3-C1:full_motion_feed_event:elastic|F3-C2:full_motion_feed_event:cat_d7|F3-C3:full_motion_feed_event:extra_leaf1|F4-C2:full_motion_feed_event:xgb_d3|F4-C3:full_motion_feed_event:extra_leaf1
dose_x_meal_morning_kernel_tau6p0h,planned_feeding_and_protocol_timing,Feature computed from prespecified protocol meal times; it is not a measured intake event.,dimensionless protocol-time kernel,yes,actual input to at least one locked fold component; see locked_model_features_by_fold.csv,no,no,no,,yes,numeric,compact_feed_event|full_motion_feed_event,F1-C2:full_motion_feed_event:elastic|F1-C3:compact_feed_event:rf_leaf3|F2-C1:full_motion_feed_event:elastic|F2-C2:full_motion_feed_event:extra_leaf3|F3-C1:full_motion_feed_event:elastic|F3-C2:full_motion_feed_event:cat_d7|F3-C3:full_motion_feed_event:extra_leaf1|F4-C2:full_motion_feed_event:xgb_d3|F4-C3:full_motion_feed_event:extra_leaf1
dose_x_meal_any_kernel_tau1p5h,planned_feeding_and_protocol_timing,Feature computed from prespecified protocol meal times; it is not a measured intake event.,dimensionless protocol-time kernel,yes,actual input to at least one locked fold component; see locked_model_features_by_fold.csv,no,no,no,,yes,numeric,compact_feed_event|full_motion_feed_event,F1-C2:full_motion_feed_event:elastic|F1-C3:compact_feed_event:rf_leaf3|F2-C1:full_motion_feed_event:elastic|F2-C2:full_motion_feed_event:extra_leaf3|F3-C1:full_motion_feed_event:elastic|F3-C2:full_motion_feed_event:cat_d7|F3-C3:full_motion_feed_event:extra_leaf1|F4-C2:full_motion_feed_event:xgb_d3|F4-C3:full_motion_feed_event:extra_leaf1
dose_x_meal_any_kernel_tau3p0h,planned_feeding_and_protocol_timing,Feature computed from prespecified protocol meal times; it is not a measured intake event.,dimensionless protocol-time kernel,yes,actual input to at least one locked fold component; see locked_model_features_by_fold.csv,no,no,no,,yes,numeric,compact_feed_event|full_motion_feed_event,F1-C2:full_motion_feed_event:elastic|F1-C3:compact_feed_event:rf_leaf3|F2-C1:full_motion_feed_event:elastic|F2-C2:full_motion_feed_event:extra_leaf3|F3-C1:full_motion_feed_event:elastic|F3-C2:full_motion_feed_event:cat_d7|F3-C3:full_motion_feed_event:extra_leaf1|F4-C2:full_motion_feed_event:xgb_d3|F4-C3:full_motion_feed_event:extra_leaf1
