pig,chamber,period,experimental_unit,timestamp,phase_idx,outer_fold,observed_HP,predicted_HP__Metabolic body weight,predicted_HP__Heart rate · Ridge,predicted_HP__Heart rate · LightGBM,predicted_HP__ODBA · Ridge,predicted_HP__ODBA · LightGBM,predicted_HP__Heart rate + ODBA · Ridge,predicted_HP__Heart rate + ODBA · LightGBM,predicted_HP__Main model (uncalibrated)
pig_01,A1,8,A1_p8,2026-07-12 09:30:00,2,3,56.837659498215,46.39419361883156,62.25115122643354,70.61902528179962,57.24249198779173,63.07884240979459,67.94364059585259,82.50491054838808,59.02460364011703
pig_01,A1,8,A1_p8,2026-07-12 10:00:00,2,3,42.642631299710125,46.435202479206744,53.033176297581136,53.79446565304795,45.61898508517608,49.39060013588564,51.71701174250124,58.95941083785567,44.80419910862585
pig_01,A1,8,A1_p8,2026-07-12 10:30:00,2,3,38.82517785236907,46.47392017029881,53.99121590198538,54.10550300269175,44.90677505728901,45.584360363946715,52.05116097256766,49.26615923722913,43.28520686569682
pig_01,A1,8,A1_p8,2026-07-12 11:00:00,2,3,36.6019086565782,46.51264007061518,49.853637222521456,49.703849053592975,44.05503700568703,41.72392937859738,47.77392965007157,48.13534561424241,41.82747600242668
pig_01,A1,8,A1_p8,2026-07-12 11:30:00,2,3,40.52209432916164,46.553606709070145,50.17332080401365,53.509989690271155,46.06537346562674,53.55673098500496,49.42329750918576,54.81186901423578,44.21121218818929
pig_01,A1,8,A1_p8,2026-07-12 12:00:00,2,3,37.443075752593266,46.59458353538269,48.940077986931364,50.34349879430937,44.16435625388277,43.26576983867784,46.992743000155194,46.77212140322469,41.709316364514194
pig_01,A1,8,A1_p8,2026-07-12 12:30:00,2,3,39.06421497365787,46.63553602277597,47.83939514038123,50.374697477246556,45.57522600222097,45.965280538533605,46.969199569424454,51.04292526993914,41.34340931487438
pig_01,A1,8,A1_p8,2026-07-12 13:00:00,2,3,36.40071266825475,46.67420870267843,46.4969820959868,47.41351973433918,44.377312034457354,43.23188742340114,44.929309106177556,43.99333361243556,41.47314821391555
pig_01,A1,8,A1_p8,2026-07-12 13:30:00,2,3,36.80431088759764,46.712857764890174,47.2941847483312,49.85758493147692,44.290190037994776,44.728775590144295,45.553120147464284,44.842767848479426,40.33855230656304
pig_01,A1,8,A1_p8,2026-07-12 14:00:00,2,3,46.97428188988183,46.75377568018162,48.41450163476671,49.60054376452723,53.356539319477065,53.63969464103741,52.78980796025998,56.40860693163632,45.73942549788482
pig_01,A1,8,A1_p8,2026-07-12 14:30:00,2,3,39.07255112481942,46.79468412538384,48.39333339147527,46.08153113273539,46.22333024102329,49.7513948971839,47.81616827696831,50.22621718347529,42.89309063752167
pig_01,A1,8,A1_p8,2026-07-12 15:00:00,2,3,44.69786181250292,46.828770317406196,56.114582302072954,51.66818406351214,54.411243451737334,54.236320947582335,60.29821829425954,64.95081061695821,51.89660516613303
pig_01,A1,8,A1_p8,2026-07-12 16:00:00,2,3,53.093653177005294,46.90144201899598,67.11831190355466,52.041511862150955,54.45525069339892,54.320488131655615,70.03642935924061,60.461970473968805,61.836719480684664
pig_01,A1,8,A1_p8,2026-07-14 16:00:00,4,3,19.77039480110436,46.89613846496979,36.763893599645655,32.10139179146314,42.345585199158684,32.86958773846793,34.77271630594685,28.245623402295962,26.381211176730112
pig_01,A1,8,A1_p8,2026-07-14 16:30:00,4,3,36.15420346453211,46.843530290818265,41.92625222384913,38.83701928027211,53.371568631214465,54.729613220907666,46.999528946562975,45.28591620775692,35.218798709070825
pig_01,A1,8,A1_p8,2026-07-14 17:00:00,4,3,34.21102144692175,46.77066208543008,43.51981670349328,41.790677468501386,50.63954068540648,48.55184483104574,46.56488075806139,41.524683355466465,34.12082265711768
pig_01,A1,8,A1_p8,2026-07-14 17:30:00,4,3,23.41239885468965,46.7018304640271,40.63814105873322,40.09382018534484,43.324860633309825,35.41972545732975,38.99462254002061,40.22851600192614,27.03753049763452
pig_01,A1,8,A1_p8,2026-07-14 18:00:00,4,3,31.468413705154926,46.632939748872246,42.23598189834636,38.8997741387015,50.205406363150814,53.13359687129585,45.206743999260695,43.46230926378827,32.380970821423944
pig_01,A1,8,A1_p8,2026-07-14 18:30:00,4,3,23.18134040038639,46.559966300637015,38.85373010931849,40.44260487011175,43.299410382744945,35.40747985967766,37.47787429847322,35.84986205853775,26.321752980835768
pig_01,A1,8,A1_p8,2026-07-14 19:00:00,4,3,23.914755444637844,46.486972300080176,37.42112888278998,34.184187856291985,43.674849200839084,39.64034986243929,36.51022030124319,32.20155434274099,26.411159554343907
pig_01,A1,8,A1_p8,2026-07-14 19:30:00,4,3,25.133169002193444,46.41392247372918,36.55660266848886,32.088761491818445,43.821620525483134,40.4043098938415,35.88785543205701,28.191256292630584,26.92807806172887
pig_01,A1,8,A1_p8,2026-07-14 20:00:00,4,3,21.661183682270675,46.34492083384098,36.33481003294465,31.724071745113363,42.835626114635104,35.29416588714153,35.049547741647594,26.758939248359198,25.645247033179903
pig_01,A1,8,A1_p8,2026-07-14 20:30:00,4,3,20.91256735513113,46.27583868453375,37.10135858829794,34.02893078491233,43.10656823281545,37.25699451628866,35.95593037369661,29.85629864784068,26.06568816699691
pig_01,A1,8,A1_p8,2026-07-14 21:00:00,4,3,22.445974346785594,46.20268222010842,36.083748928545724,31.6267064264163,43.363567822253174,42.68454795113638,35.27419100558461,30.73213879987035,26.52810270893103
pig_01,A1,8,A1_p8,2026-07-14 21:30:00,4,3,24.31707928840965,46.129504760463504,36.992614427375116,33.92132415658914,47.78606490160253,48.88568904395693,39.179051812063406,40.05442821623906,31.312958602563732
pig_01,A1,8,A1_p8,2026-07-14 22:00:00,4,3,27.544258063819406,46.06033333431626,34.4035889505745,30.574385615901676,44.64599403050502,47.414500200834645,34.7542424194808,32.997204961231134,27.20547503590234
pig_01,A1,8,A1_p8,2026-07-14 22:30:00,4,3,20.92831984225388,45.99114602237274,34.986351418865745,30.26316346768953,42.710661619606334,39.09855594224595,33.97262228150093,29.907918334346117,25.64582302366397
pig_01,A1,8,A1_p8,2026-07-14 23:00:00,4,3,21.08684779795635,45.9178299265494,32.838012577718345,32.263669653716356,42.024300473311854,32.18388952553466,31.636948136137548,31.22084352668257,23.715570059189027
pig_01,A1,8,A1_p8,2026-07-14 23:30:00,4,3,21.310099671840998,45.84449688062556,33.293010742625725,28.980042378563823,41.66717521491821,32.13249026184212,31.835549066686774,28.049434737796698,24.098418081113756
pig_01,A1,8,A1_p8,2026-07-15 00:00:00,4,3,22.707830318694917,45.77110702990194,31.45572477014995,32.49925688396048,42.47745593168504,38.91149370090911,30.81016765673639,31.638657409420265,24.712134871779178
pig_01,A1,8,A1_p8,2026-07-15 00:30:00,4,3,20.64567382726036,45.70176087771863,32.52503610078277,32.39683918542477,41.86827789868846,32.03244634085932,31.37652600451181,31.073932011584944,23.72138785176097
pig_01,A1,8,A1_p8,2026-07-15 01:00:00,4,3,21.405170664997303,45.63238737732502,32.85648965635035,32.06310651456057,42.42744227776565,34.702083471858934,32.09681643262562,31.542769329611147,24.022667408213618
pig_01,A1,8,A1_p8,2026-07-15 01:30:00,4,3,19.82215820172323,45.55888386975025,33.051486786990644,28.799495579662555,42.14407962148149,33.546436101797184,32.11613733353947,28.187738034133282,24.009218645006015
pig_01,A1,8,A1_p8,2026-07-15 02:00:00,4,3,20.00900583563264,45.48534524123222,30.83598105838457,32.29635495782768,42.84071772413675,41.69601121101372,30.677161578907796,31.51987334028187,24.688610794223816
pig_01,A1,8,A1_p8,2026-07-15 02:30:00,4,3,20.114666026415705,45.415859008515824,31.766623758844695,32.67136288992502,41.82629094637525,30.104978995384375,30.840581960700945,29.67981210287957,23.91441731894937
pig_01,A1,8,A1_p8,2026-07-15 03:00:00,4,3,21.146444806874076,45.34633066810436,32.2118488784842,32.14488356880586,42.108968466704425,38.550377621379205,31.470629570414076,31.345036506221355,24.59668286182754
pig_01,A1,8,A1_p8,2026-07-15 03:30:00,4,3,20.326813314451357,45.27269050509021,32.33218973514419,32.09268189270106,41.827755068313564,34.47760445147023,31.425366723927596,29.909226703570027,24.22733814419184
pig_01,A1,8,A1_p8,2026-07-15 04:00:00,4,3,19.94345669481224,45.19898375751413,30.623086949752608,32.093027225008235,41.97558603960707,38.42511326236917,30.055784981446948,31.243184951233726,23.20798376850438
pig_01,A1,8,A1_p8,2026-07-15 04:30:00,4,3,21.170237987796817,45.12526357306763,32.612986165297784,28.52538777111164,42.19668402106126,38.91734850262643,32.01432530922499,28.30452038691969,25.22802390277726
pig_01,A1,8,A1_p8,2026-07-15 05:00:00,4,3,19.980839710055022,45.05558948345634,31.780619457908628,32.41219138797915,41.24105519771646,31.579543649230295,30.656404820650998,30.63458163235422,23.345913651651163
pig_01,A1,8,A1_p8,2026-07-15 05:30:00,4,3,20.1657085810775,44.985879460564625,31.696492705398043,32.36204323478594,40.91648059409059,31.530683768892786,30.39773033294373,30.587183797560524,22.462090896893052
pig_01,A1,8,A1_p8,2026-07-15 06:00:00,4,3,20.848497557171818,44.91202513019528,31.2010562713725,32.30891374035016,42.33493051204086,38.94464400151148,30.981983565575213,30.405593939353693,24.838989715680793
pig_01,A1,8,A1_p8,2026-07-15 06:30:00,4,3,19.30574245876796,44.838134746138266,31.224833620957405,32.25575830953137,41.66443989766111,37.77008573508312,30.582194461529866,30.993752962621564,23.100251974229927
pig_01,A1,8,A1_p8,2026-07-15 07:00:00,4,3,20.95098683423005,44.76831654911993,31.27922870636888,32.20553233779145,41.1135747614377,30.90645456521914,30.289881215223055,30.348976117221675,23.717325832151904
pig_02,B2,7,B2_p7,2026-07-07 10:00:00,2,3,42.788168942812774,40.52708107752875,44.27598255774532,47.345376403699916,40.264610380606165,40.99646786986186,43.66730918971216,45.20369115500367,42.5007030074284
pig_02,B2,7,B2_p7,2026-07-07 10:30:00,2,3,41.08166579325375,40.537017438480916,42.02182469287475,42.62897872275995,39.38814122282844,39.47491206284614,41.058385518063226,41.343597649941515,39.80679896804404
pig_02,B2,7,B2_p7,2026-07-07 11:00:00,2,3,71.9563938879489,40.546953890778525,42.48919463874792,43.54632010239436,44.437535914391184,45.361789993150296,44.957458827401005,49.78415606598065,44.75081325628133
pig_02,B2,7,B2_p7,2026-07-07 11:30:00,2,3,42.30625029925693,40.558690633805085,39.68321417299372,39.37378871619745,40.98157364030854,47.23349613476924,40.07532703525576,43.75073547059303,41.91851375123995
pig_02,B2,7,B2_p7,2026-07-07 12:00:00,2,3,64.32183163588469,40.56952879374066,41.80398079384038,46.75128547616299,40.24480759165478,41.03940721776361,41.43881943395019,45.67597820078904,40.99759778959125
pig_02,B2,7,B2_p7,2026-07-07 12:30:00,2,3,43.667317078192326,40.582169753178874,41.196911532375076,43.956253022374355,45.596827118395545,41.32421420348037,44.593542941470055,46.72023225779904,46.69748884795848
pig_02,B2,7,B2_p7,2026-07-07 13:00:00,2,3,66.93410966913271,40.59119920950912,38.77031168632193,40.17456653136863,45.233198489326455,40.577243726169044,42.186884616489024,34.959259991721304,43.14423183306245
pig_02,B2,7,B2_p7,2026-07-07 13:30:00,2,3,35.62160489268382,40.60257250264218,37.68793827151655,36.61796260694794,46.08362018836861,47.43799357238092,41.809197803680355,37.82539047063463,42.24926298611689
pig_02,B2,7,B2_p7,2026-07-07 14:00:00,2,3,48.66567282450792,40.61286476662401,37.4949924193211,36.73483525476472,44.82636334858055,46.53590523938524,40.76314242993428,36.82185042006087,42.27770209430859
pig_02,B2,7,B2_p7,2026-07-07 14:30:00,2,3,37.71792346974007,40.62369509763943,38.20888109792193,37.20069098926861,41.42331943926474,42.99014176970031,39.03686213702303,37.8834160506055,38.002247457275274
pig_02,B2,7,B2_p7,2026-07-07 15:00:00,2,3,39.553439719825825,40.634527474582995,42.74685857737992,43.90390748681253,47.65105908911218,43.27833236507041,47.35674233073217,48.861318800247645,48.270081614663816
pig_02,B2,7,B2_p7,2026-07-07 16:00:00,2,3,68.75563435112994,40.6579864698491,44.69114080406254,53.13393503599653,55.40766878185576,50.05150639647748,54.42813912088067,52.71994712331805,60.35379655925081
pig_02,B2,7,B2_p7,2026-07-07 16:30:00,2,3,46.49491950447855,40.66701281722997,42.6463437176022,43.6752601075175,40.42138384430168,41.13802030635885,42.25097333860169,45.913936032656814,44.73235120787351
pig_02,B2,7,B2_p7,2026-07-07 17:00:00,2,3,51.840819376572846,40.677837337697525,42.17392693885593,42.655614275638335,45.98345633683529,49.37128101466583,45.67126497189483,48.98202689504251,47.62180621233044
pig_02,B2,7,B2_p7,2026-07-07 17:30:00,2,3,38.69716588123088,40.68866390507019,41.94068271314825,46.888573725881606,39.59482207259675,43.12711944790042,41.041817960401566,46.45629992916725,41.45504945673878
pig_02,B2,7,B2_p7,2026-07-07 18:00:00,2,3,40.19405527899745,40.69949051450613,39.22875366147531,39.71271364106744,39.121743906876404,42.47127425347243,38.305645276611,40.49596557851026,38.764474998599425
pig_02,B2,7,B2_p7,2026-07-07 18:30:00,2,3,41.862638080430415,40.71031215543963,42.81183015290421,43.98578966495103,40.652335674622734,41.93695286882812,42.53226155668723,45.94812505338842,40.7694942550542
pig_02,B2,7,B2_p7,2026-07-07 19:00:00,2,3,44.76758532864107,40.72113584375483,40.14740807895552,39.234240872692354,39.73202623872995,40.50593470440342,39.52900779059504,41.36518708243156,40.83665369121029
pig_02,B2,7,B2_p7,2026-07-07 19:30:00,2,3,44.22468725294517,40.731957571207836,40.23107206157879,43.05723970330473,38.523981013522864,35.9036342673543,38.761754656716455,38.48032394151468,38.408716204142536
pig_02,B2,7,B2_p7,2026-07-07 20:00:00,2,3,43.07794587617681,40.742779342246834,39.20672516916936,37.536921916002555,39.87743814629295,43.04571347195783,38.78355397238602,41.11676713598669,39.03697450435901
pig_02,B2,7,B2_p7,2026-07-07 20:30:00,2,3,42.16213206663773,40.7535961480797,41.03965043145763,41.35728722051959,38.42091142422666,35.33873810337869,39.39444131531468,38.41110541602977,38.598079702509274
pig_02,B2,7,B2_p7,2026-07-07 21:00:00,2,3,43.19869679436717,40.76441600380531,42.499723953010644,44.2359493789655,40.163745459277166,41.49452981738993,41.88671829898247,43.620416339574874,39.407893972000494
pig_02,B2,7,B2_p7,2026-07-07 21:30:00,2,3,38.639814194135596,40.77523289910667,40.68166616721234,41.08901628768106,39.286943172907606,39.839918651041614,39.663458103521116,41.08093329215161,38.19701222903946
pig_02,B2,7,B2_p7,2026-07-07 22:00:00,2,3,40.32163795502999,40.78604983951121,40.80750069927694,42.6385388137562,39.514192910691065,43.457944182563395,39.92580759358128,44.004474241794036,38.224308443196186
pig_02,B2,7,B2_p7,2026-07-07 22:30:00,2,3,38.757075062409,40.796867826611816,42.162318253335215,39.06095258389817,38.90679826673448,39.77237689888156,40.70008592975417,39.647416138751296,37.32218052817424
pig_02,B2,7,B2_p7,2026-07-07 23:00:00,2,3,40.02301466839812,40.80768185356369,42.923366347815794,44.09099355150124,40.047286145914256,43.886492450591675,42.15659326574394,45.58745840192006,37.361205053312155
pig_02,B2,7,B2_p7,2026-07-07 23:30:00,2,3,38.25002075044859,40.81849392410278,42.17110517731881,39.08165848642627,38.759128923826346,40.722207179795035,40.59330022041602,39.31890908433608,34.4265066176597
pig_02,B2,7,B2_p7,2026-07-08 00:00:00,2,3,37.85242947022838,40.8293080435978,38.85519700307219,35.752010049534135,39.47966490043394,38.05597700418507,38.14714351327595,36.256487056216265,35.970576514716676
pig_02,B2,7,B2_p7,2026-07-08 00:30:00,2,3,35.21290037480348,40.84012120842843,41.61144100258426,39.248545636739294,39.17599714466459,38.98317108933076,40.3731143442226,41.836813298184936,35.487811895039
pig_02,B2,7,B2_p7,2026-07-08 01:00:00,2,3,35.48918875091764,40.85093241802215,39.014230864979055,40.4316338087347,39.40592083717513,41.412696053856195,38.22458895981195,39.36599462704791,34.53798337623478
pig_02,B2,7,B2_p7,2026-07-08 01:30:00,2,3,37.62242137672706,40.86174367487569,42.39276865581512,42.84846223155087,39.99421919120763,43.171402113194304,41.61856403370073,44.77379025835261,36.40935655889684
pig_02,B2,7,B2_p7,2026-07-08 02:00:00,2,3,35.64440145333812,40.872553978327495,43.28817271035433,44.3419502389797,38.5377742020775,35.44189021769023,41.39883026764687,42.36601875214481,36.63732595489407
pig_02,B2,7,B2_p7,2026-07-08 02:30:00,2,3,38.69463941111282,40.88336032661074,40.752441021641026,41.53094536642076,39.824570201818645,42.037621199949925,40.03540741332476,43.93677334457414,36.36268651306279
pig_02,B2,7,B2_p7,2026-07-08 03:00:00,2,3,34.983754450920706,40.89416872478404,39.427885832459395,39.90267179334863,39.24641621248338,41.6225116162307,38.45587402911445,40.41272899780536,34.35222208497843
pig_02,B2,7,B2_p7,2026-07-08 03:30:00,2,3,32.59679667811211,40.90497517026243,38.720653566071405,39.40311477374208,38.771063270699834,37.98263889684685,37.49438210970947,36.59765989400359,33.14388693003102
pig_02,B2,7,B2_p7,2026-07-08 04:00:00,2,3,33.724116323913485,40.91578166465881,41.835804082496026,44.10765028680997,39.861897305393484,41.48035879304892,41.00239664884591,43.74214707705446,35.24673469480603
pig_02,B2,7,B2_p7,2026-07-08 04:30:00,2,3,33.48456179378559,40.92658320624471,40.760420049183224,41.5748528886576,38.85224316833552,40.92265579517898,39.34534209556972,39.05059678531863,35.34522189294991
pig_02,B2,7,B2_p7,2026-07-08 05:00:00,2,3,35.68591912844774,40.93738679851505,39.49871464125295,39.944842026059206,39.80892256980371,44.58083181932365,38.88254597523703,43.30620069754559,35.095994843374974
pig_02,B2,7,B2_p7,2026-07-08 05:30:00,2,3,34.17565943613985,40.948188440293336,38.48530878176097,38.87279408141958,38.84599580288269,35.47262827337072,37.31270965085699,36.0490654658348,33.72961810273905
pig_02,B2,7,B2_p7,2026-07-08 06:00:00,2,3,32.66546466851061,40.958992132712005,39.302341247453036,37.36656920788289,39.16861904590856,39.94802432956768,38.25342860657349,38.755009779923476,33.32636147021688
pig_02,B2,7,B2_p7,2026-07-08 06:30:00,2,3,32.6717000085918,40.96979287527327,37.70114442136113,37.8301351370688,40.06792604168596,41.06878464336933,37.450168958349295,38.40029982555248,32.20831324844673
pig_02,B2,7,B2_p7,2026-07-08 07:00:00,2,3,43.762764905632714,40.980593668732524,36.07360754278584,35.568217629873715,49.370979677805636,52.65243595330963,42.4331726532904,40.629899454432206,39.68408113639545
pig_02,B2,7,B2_p7,2026-07-08 07:30:00,2,3,32.3862566791603,40.99139151369567,40.58444194362907,43.441575135014375,39.20385592270311,39.66362658384965,39.3950750327741,44.52908261219085,34.501652959931114
pig_02,B2,7,B2_p7,2026-07-08 08:00:00,2,3,41.80342439328572,41.00218841062871,49.62119024655716,47.62766168833319,49.31130458270377,52.68018117764211,54.38315212759825,59.79100340386864,43.06795072785867
pig_02,B2,7,B2_p7,2026-07-08 09:30:00,3,3,53.45585979131036,41.03547656075192,42.07754751950293,44.325634352588125,42.91985982460905,47.96553541689468,43.26148790037544,49.00993215192398,44.73952271372724
pig_02,B2,7,B2_p7,2026-07-08 10:00:00,3,3,46.40895105620419,41.045370524017976,44.544590751800854,45.824650802268586,39.53034043327543,40.103859779904866,43.09846306829061,42.70912226911992,42.370045379564935
pig_02,B2,7,B2_p7,2026-07-08 10:30:00,3,3,40.85752859328332,41.05616568465317,44.215420465019484,45.53048169488234,40.011562251965586,41.62267990439668,43.13324629646998,44.22512016242081,41.809565496844954
pig_02,B2,7,B2_p7,2026-07-08 11:00:00,3,3,45.719952788605106,41.06695690151786,43.87873325323416,45.16496892286082,43.717981904505805,46.04512917290559,45.39098594553931,51.47250019146393,44.72267178612255
pig_02,B2,7,B2_p7,2026-07-08 11:30:00,3,3,45.244458422745886,41.077750170702025,43.657182999100655,46.3966009047777,40.06431230918679,40.048581645864736,42.662630393038064,44.16043842115785,42.62272634385721
pig_02,B2,7,B2_p7,2026-07-08 12:00:00,3,3,42.62961587002091,41.08854049652953,40.66610159875018,43.544531016267086,43.509138843515245,44.12417138024357,42.387628741199016,44.602630086638094,42.312981567946295
pig_02,B2,7,B2_p7,2026-07-08 12:30:00,3,3,49.65783293293771,41.09932588199254,40.258906032866506,39.89862957525911,41.95787349088635,41.591559796269635,40.94820353803153,43.00759945616383,41.85942346583696
pig_02,B2,7,B2_p7,2026-07-08 13:00:00,3,3,49.40305922547941,41.110116317410025,39.15899593205138,36.72347913871363,40.37846429972463,43.72659551731608,38.87554643469973,39.00516656236497,39.59125234032941
pig_02,B2,7,B2_p7,2026-07-08 13:30:00,3,3,61.392407709863285,41.12090381123518,41.63731029250924,43.88917853295399,52.98479200526527,57.47553691544414,49.78009596294193,43.01952733004029,50.81657520921871
pig_02,B2,7,B2_p7,2026-07-08 14:00:00,3,3,49.80016141130531,41.131690361826756,38.3749820634236,36.75212470812647,42.02174202287401,41.62431189546866,39.304438741652845,38.635209580742995,40.87846790630867
pig_02,B2,7,B2_p7,2026-07-08 14:30:00,3,3,57.18703356176721,41.141576805497586,46.62245375910356,48.49766576243529,51.86040895214684,53.566869541749114,53.40789903712155,60.367885448796414,52.37646742450636
pig_02,B2,7,B2_p7,2026-07-08 15:30:00,3,3,60.163641680217495,41.16584355086326,45.130234309441455,46.25987623782517,44.441042737088736,42.88359693515394,46.942633577199686,47.32721408848642,50.51453090629627
pig_02,B2,7,B2_p7,2026-07-08 16:00:00,3,3,48.219668687747856,41.17482913682142,40.57083850971189,39.67136797078703,40.70751702237378,47.36881636723213,40.31661127136084,43.16950176467757,46.01606222985462
pig_02,B2,7,B2_p7,2026-07-08 16:30:00,3,3,43.84231126334378,41.18561097724786,42.786644504056625,45.19166024519619,41.131371601398484,42.42657289956321,42.56669457945288,46.11991726744814,42.98215535534092
pig_02,B2,7,B2_p7,2026-07-08 17:00:00,3,3,46.29894426764827,41.19639287509722,41.01092648211584,41.8489362939092,42.45523698846813,43.91168178456287,41.90231488358431,46.43439028685669,43.92407463599306
pig_02,B2,7,B2_p7,2026-07-08 17:30:00,3,3,39.94905128803195,41.207171836216084,43.298254910672,44.52262576996987,40.35884313922104,42.20799425939973,42.473496369782296,44.640946123720255,42.04536729692547
pig_02,B2,7,B2_p7,2026-07-08 18:00:00,3,3,44.13197156627481,41.21794985756425,47.412376714835666,48.43690828288155,38.7146298555634,38.49579317440259,44.975887904473204,47.98644840926689,41.52562151520377
pig_02,B2,7,B2_p7,2026-07-08 18:30:00,3,3,51.42261449886277,41.228725941624404,42.24674999546252,44.21988073486316,43.58683728011671,44.274713758474405,43.76092414478846,47.11428666203793,44.19021148632941
pig_02,B2,7,B2_p7,2026-07-08 19:00:00,3,3,45.045521722157524,41.239505078266276,40.50507196082921,42.61351402268787,39.5274747440949,40.48875728006282,39.40522265640129,43.40914727902102,39.544142474591176
pig_02,B2,7,B2_p7,2026-07-08 19:30:00,3,3,39.874986272025644,41.25027828707843,42.317866973067666,44.557658532089434,39.32947675997276,40.21440131605533,40.86833360545401,43.33312875812514,39.26408788934126
pig_02,B2,7,B2_p7,2026-07-08 20:00:00,3,3,39.02683083802125,41.26105754176696,40.91699950705376,44.63704968085503,39.7069332674595,38.449120249429264,39.8818252709822,43.3712249635127,38.99265959887404
pig_02,B2,7,B2_p7,2026-07-08 20:30:00,3,3,40.84164310793261,41.27182987238485,41.615095192919526,41.60564350666942,40.28429728663631,41.66794829636599,40.89328465663179,43.848999835864376,38.60675003820274
pig_02,B2,7,B2_p7,2026-07-08 21:00:00,3,3,39.81094906408846,41.28260326084335,38.951809459143476,39.0610939126016,40.094162443787944,40.200962883376484,38.39584443456354,38.365583154729066,37.039132958325276
pig_02,B2,7,B2_p7,2026-07-08 21:30:00,3,3,36.37861540156563,41.29337571221781,43.20007829664927,44.347956734713605,39.79172616420267,43.42675654794025,41.9446839113488,43.089600569878456,38.390710588116555
pig_02,B2,7,B2_p7,2026-07-08 22:00:00,3,3,40.0984610539128,41.30414922155386,39.947993223096766,39.513472725351775,39.35419483356022,40.809808069200386,38.75451591487078,36.365379127962335,36.00384293530651
pig_02,B2,7,B2_p7,2026-07-08 22:30:00,3,3,42.597373387011714,41.31491780534392,42.49365080657917,44.75417277639662,40.467024583671176,42.31835711721722,41.77316465579515,44.82957341047994,38.6551105112785
pig_02,B2,7,B2_p7,2026-07-08 23:00:00,3,3,39.40256231916291,41.3256874479094,44.17681046568889,45.44951781493461,39.12006328184117,36.09007747558913,42.32712467152003,43.85942934541608,38.759901458807555
pig_02,B2,7,B2_p7,2026-07-08 23:30:00,3,3,47.535924974255735,41.33645416090011,43.261113733573815,44.394221811022106,40.51833315667907,42.34041653870087,42.476203709116234,45.41479048612447,38.80742021932325
pig_02,B2,7,B2_p7,2026-07-09 00:00:00,3,3,44.6824154863092,41.347223927077515,41.028751363413704,44.730266225729906,40.60424275752056,43.97879398987591,40.55141348481648,45.622021982283925,38.05364196287128
pig_02,B2,7,B2_p7,2026-07-09 00:30:00,3,3,38.07168374510074,41.35799076449208,41.16906632424758,42.013093864670786,39.73632232218477,40.13895302051148,40.06951905611281,42.50702298904428,36.323272337534284
pig_02,B2,7,B2_p7,2026-07-09 01:00:00,3,3,36.57910060258817,41.368756667667746,41.46187261463371,42.209819857769915,40.692353512909094,44.626338063464615,40.98365625015044,45.6414952683244,36.342059915858776
pig_02,B2,7,B2_p7,2026-07-09 01:30:00,3,3,37.206625138914,41.37952064029648,39.767717686276505,38.12356104007429,38.93454341235938,37.15987660404713,38.26115919600731,38.480890851488326,35.6529593507534
pig_02,B2,7,B2_p7,2026-07-09 02:00:00,3,3,35.04836189331025,41.39028467629598,41.349583830821516,43.270217798169945,39.32302746910986,38.33766393227505,39.92510464036253,39.596629727987924,36.894380295328574
pig_02,B2,7,B2_p7,2026-07-09 02:30:00,3,3,40.22296865998025,41.401047779271124,41.63412559152054,45.17563782314561,40.20479857825651,40.31630405163975,40.78058394218015,43.28850242684686,35.3415365744084
pig_02,B2,7,B2_p7,2026-07-09 03:00:00,3,3,37.356277834911076,41.411810946080244,39.14612414261518,39.25033202810983,39.36471170101352,38.35760259428617,37.989139592791005,36.52430028026762,33.86845391416402
pig_02,B2,7,B2_p7,2026-07-09 03:30:00,3,3,32.81698212177591,41.422573180500564,42.7369850939731,43.63510568392379,40.288245120619585,45.109199997849075,41.80302145733054,45.62170203386175,35.3558376734493
pig_02,B2,7,B2_p7,2026-07-09 04:00:00,3,3,35.862537330476755,41.433331494091235,41.04357798899048,43.909931249666066,40.50267425515545,41.856340550864076,40.444620766966615,45.9771194715814,35.12756324644537
pig_02,B2,7,B2_p7,2026-07-09 04:30:00,3,3,34.08900735657379,41.444091865203475,41.51714591758726,42.44932549600269,40.619423848325084,42.450668502203456,40.938718688649,44.616649885186376,37.689065657321144
pig_02,B2,7,B2_p7,2026-07-09 05:00:00,3,3,38.17527662428982,41.45485030902788,37.02125505949706,35.83145728237116,39.57600498032456,43.03979250373544,36.22764095011843,36.36872282479165,33.173761501544526
pig_02,B2,7,B2_p7,2026-07-09 05:30:00,3,3,34.650108910912785,41.465606826225674,38.89115320495598,39.36398793239093,40.063344737512594,40.46831882902885,38.21513865658472,38.27943017968952,34.059434060163056
pig_02,B2,7,B2_p7,2026-07-09 06:00:00,3,3,30.626478388665625,41.47636440526813,38.90719437407498,39.37420028050351,40.313375495303774,44.36576841506007,38.395989866498276,41.00348757044436,34.39651033238341
pig_02,B2,7,B2_p7,2026-07-09 06:30:00,3,3,33.57559021090026,41.487120058488344,37.53721701058879,34.60728850960801,40.117850749959885,38.66910713328302,37.04075683750776,33.03957171865653,34.18804555336142
pig_02,B2,7,B2_p7,2026-07-09 07:00:00,3,3,29.61702726044477,41.49787577807576,37.71516027722561,35.728556611827294,39.39383125618275,41.493893544432815,36.691689305252304,31.461567426606443,33.6979598234153
pig_02,B2,7,B2_p7,2026-07-09 07:30:00,3,3,40.956913240138576,41.508628577137564,38.93080083688642,39.40482919369992,50.681724363197375,55.496657273326264,45.566031050412846,46.11006326295356,40.93821436306239
pig_02,B2,7,B2_p7,2026-07-09 08:00:00,3,3,42.81124681321393,41.51848261896062,37.265908969746505,34.04990207847596,55.7471840670808,51.11080943263099,47.586988430167764,46.47584642169738,43.226047956909696
pig_02,B2,7,B2_p7,2026-07-09 09:30:00,4,3,48.00413888112747,41.47236792590525,37.92122512243317,37.20458008015463,57.174892942328256,58.796695305568946,49.18123988808058,48.88815946793811,41.70892654583917
pig_02,B2,7,B2_p7,2026-07-09 10:00:00,4,3,43.94649575877732,41.44203426118324,35.5437658726121,35.88820184911644,48.08962069358927,47.997490766371534,40.81148107375378,41.411137776466035,36.24174611899058
pig_02,B2,7,B2_p7,2026-07-09 10:30:00,4,3,41.69090818715708,41.409024048069845,34.236657195730245,35.58415832507451,45.51147423486861,46.32622854357135,37.890088108562466,36.174131024118864,33.46768892024511
pig_02,B2,7,B2_p7,2026-07-09 11:00:00,4,3,45.3602965951779,41.375986711270954,35.85426841682739,38.967360469451215,51.353796499512725,48.468179997819746,43.381291729081454,45.71310801555915,36.93035458274157
pig_02,B2,7,B2_p7,2026-07-09 11:30:00,4,3,47.44753429770044,41.34296199277087,35.06297309361085,32.900735023986506,50.92629957563265,56.21104670386122,42.403705925030344,48.07234116450505,37.79706776251108
pig_02,B2,7,B2_p7,2026-07-09 12:00:00,4,3,45.38044315162293,41.30991623889044,35.33114555509628,35.77378955405227,54.18023384919145,48.37719934777415,44.90987672790878,42.269891687401724,39.57235047788564
pig_02,B2,7,B2_p7,2026-07-09 12:30:00,4,3,43.440555665842076,41.27686473177147,35.84233433523312,36.00516403615919,52.507843516765256,50.85727637139391,44.22575111778676,40.196258784528695,38.32851531589033
pig_02,B2,7,B2_p7,2026-07-09 13:00:00,4,3,40.877378738491075,41.24380133899847,34.64523486383195,36.91952036001733,51.69105577771502,53.69996721751143,42.619507915759215,45.68040172211559,38.40473353631053
pig_02,B2,7,B2_p7,2026-07-09 13:30:00,4,3,42.38342484663775,41.21073829580101,34.57589097763527,38.214702041042884,49.88127400268702,55.09838068806961,41.32603355298289,46.86423779364149,37.79263270924247
pig_02,B2,7,B2_p7,2026-07-09 14:00:00,4,3,48.176995977553005,41.17766028178781,35.91707676913177,38.61761174696818,56.423979930402474,58.37887890342009,47.056519514331896,46.63201267633431,40.57316906827642
pig_02,B2,7,B2_p7,2026-07-09 14:30:00,4,3,35.85014428691943,41.15007931127246,37.62731531109351,36.91545714911172,46.33229827920314,43.04942906795844,41.61129371099721,40.72535612530342,34.097718684517346
pig_02,B2,7,B2_p7,2026-07-09 15:00:00,4,3,45.261852507861754,41.11148379285808,34.98615693745285,32.55326762578352,52.53700204359454,57.46237036111785,43.582784083697284,40.79144180907049,39.20676098171078
pig_02,B2,7,B2_p7,2026-07-09 15:30:00,4,3,43.81245545014592,41.0783669035206,36.631309177913735,35.506044237543016,56.660531686687136,58.23810752238229,47.9102159942684,48.91388960235207,40.19211242720182
pig_02,B2,7,B2_p7,2026-07-09 16:00:00,4,3,42.55548099276613,41.04525644470635,35.05404272728548,32.50082688685539,53.1186022094783,57.36980302818712,44.0832365775778,40.72573002323682,39.201258551852185
pig_02,B2,7,B2_p7,2026-07-09 16:30:00,4,3,31.288903320029988,41.01213094568596,34.291533517631116,35.62368142639672,43.85373880792585,46.40130218250636,37.021846771688914,42.17486034635899,31.340552396746784
pig_02,B2,7,B2_p7,2026-07-09 17:00:00,4,3,29.148418345046963,40.978999593904625,35.578870672597084,35.745340931394786,39.0159391878074,40.042426411951446,34.837183861472695,33.81285443652607,24.691765852356376
pig_02,B2,7,B2_p7,2026-07-09 17:30:00,4,3,40.21251349711686,40.94586237981969,36.23572809984152,32.6932853652748,49.51099621367683,54.74424400774407,42.693665067049665,48.2682921999249,36.04787867754506
pig_02,B2,7,B2_p7,2026-07-09 18:00:00,4,3,29.025345579928647,40.912716224078785,34.10911961838143,35.53732847935483,38.57034212172454,35.476716177075296,33.26514817663743,29.384817331073243,26.50858437761768
pig_02,B2,7,B2_p7,2026-07-09 18:30:00,4,3,28.23933122185312,40.87954883213726,34.431330513336846,36.59345856632582,40.435565451528355,47.0291166326451,34.85923840276802,35.78052584470224,27.94107827302262
pig_02,B2,7,B2_p7,2026-07-09 19:00:00,4,3,26.832544082659112,40.846384753500764,34.94614025234392,35.372377996737214,42.10046430686703,43.53860433323955,36.485490516969776,38.22051686626292,29.745964135573274
pig_02,B2,7,B2_p7,2026-07-09 19:30:00,4,3,29.791046635934464,40.813205552324746,33.19546728958604,27.70361689063212,38.58526986783722,35.491648484567584,32.523387892353085,26.30469687326705,24.24603628484713
pig_11,B2,2,B2_p2,2026-06-12 09:30:00,2,5,61.03746799413838,30.960700701692843,42.52446415620521,43.46885335953464,35.809284315910574,39.16714921079739,44.60198746397174,40.08636677521976,41.49247726528279
pig_11,B2,2,B2_p2,2026-06-12 10:00:00,2,5,53.26925364011849,30.977131322496348,38.626904702387634,38.435652219485725,32.44287654593957,34.461976928438894,38.80477384949479,37.17667431277477,39.71072588173591
pig_11,B2,2,B2_p2,2026-06-12 10:30:00,2,5,48.53653312584815,30.995055431103935,36.21770343427966,35.73642839473809,30.405081964533853,34.522708758883596,35.24644101116466,35.651573465735346,33.00419174124478
pig_11,B2,2,B2_p2,2026-06-12 11:00:00,2,5,45.203133444964664,31.012972767257583,34.92297165638594,32.53497711516987,30.132058577244507,30.574629043196772,33.8941027485902,32.106471207271525,30.375517269185767
pig_11,B2,2,B2_p2,2026-06-12 11:30:00,2,5,46.731647846403845,31.03089328832207,36.31657243186275,35.777748437579874,30.604445448776474,32.05050265687138,35.4508120618297,33.66333834868624,32.43441820544976
pig_11,B2,2,B2_p2,2026-06-12 12:00:00,2,5,47.710064603763215,31.048802068475286,36.60712585978011,37.99161961075907,29.205054898604732,25.144431471787378,34.73821462865887,34.00269514886434,30.397991987606524
pig_11,B2,2,B2_p2,2026-06-12 12:30:00,2,5,43.58420327405174,31.066712380209154,35.58356410512996,37.34133137544167,29.399625157462395,27.67354720710493,33.94887370405213,34.14317488385662,31.62118487994881
pig_11,B2,2,B2_p2,2026-06-12 13:00:00,2,5,56.40919044269047,31.084610962116763,37.31479911517659,34.6667568709274,35.21616007601015,30.699116816206864,39.47776600088095,36.059838143872454,41.12749788409806
pig_11,B2,2,B2_p2,2026-06-12 13:30:00,2,5,47.356382866086335,31.102519368639975,32.99811971973961,33.72055257659608,31.299570814201957,32.948482801656574,32.92805453230468,35.46386556693176,34.7055514476302
pig_11,B2,2,B2_p2,2026-06-12 15:00:00,2,5,67.22115656892946,31.156200792063593,42.263897115710705,43.743335673161255,38.648161713734595,40.60722131281382,46.20669484271846,46.982089246828494,49.14429078471835
pig_11,B2,2,B2_p2,2026-06-12 15:30:00,2,5,50.93862529302301,31.174087196135044,36.82190661736041,38.14491972528322,30.10703251525232,33.29736842871591,35.47684022421402,36.311540783592335,32.805083865993936
pig_11,B2,2,B2_p2,2026-06-12 16:00:00,2,5,46.54012325822209,31.191973491687392,36.02398006967861,35.3193690985201,30.14778429953582,32.16805500637503,34.783031516002225,38.1107684767247,32.755765362988086
pig_11,B2,2,B2_p2,2026-06-12 16:30:00,2,5,47.845962180291046,31.209854713558613,34.81555832438659,34.22284037151165,30.148550765920326,31.74618157037702,33.69574872866497,34.23593854277961,31.076781561481326
pig_11,B2,2,B2_p2,2026-06-12 17:00:00,2,5,45.47176969979921,31.227739141933036,35.80014624399483,37.53488110147178,29.33289607759921,28.10530322110234,34.002979931065845,32.125993440952094,28.933351487339124
pig_11,B2,2,B2_p2,2026-06-12 17:30:00,2,5,44.57915039787066,31.245611882370056,36.799144365268894,37.161386800945344,29.525436222344045,29.041901454504064,35.01563897491464,37.07884592047081,30.305847393832064
pig_11,B2,2,B2_p2,2026-06-12 18:00:00,2,5,46.260516582632434,31.263479561109357,35.82991645755505,37.577840099502424,29.681397954740703,28.748101740797438,34.24824648133561,34.80014600417282,31.705929676892012
pig_11,B2,2,B2_p2,2026-06-12 18:30:00,2,5,47.12959782602856,31.281347145086443,36.76069376486482,39.61192365779304,29.437896952041594,25.36569682355651,34.900545384203994,34.356246468688624,31.308202868854096
pig_11,B2,2,B2_p2,2026-06-12 19:00:00,2,5,45.63425236484291,31.299212981717666,36.05898839370162,35.44079877116732,29.472088025787155,29.49589059651779,34.28803525801215,35.119148218739845,30.651856528587693
pig_11,B2,2,B2_p2,2026-06-12 19:30:00,2,5,45.6543064226191,31.317070458817938,36.05796267779914,34.692827755422485,29.822591057360903,29.42376508473194,34.517564517427175,31.673766874685416,30.420647908846895
pig_11,B2,2,B2_p2,2026-06-12 20:00:00,2,5,44.91317141018561,31.334927848969905,34.28446838661384,32.495393694706074,29.7909211907195,34.05091046487158,32.90417859878956,33.928984566581605,29.21385606171644
pig_11,B2,2,B2_p2,2026-06-12 20:30:00,2,5,46.4177020044705,31.352780194539044,35.69044662922326,37.04788056859327,29.548995627243638,28.910462454670096,33.98127143466416,33.70881812201717,29.945177819672566
pig_11,B2,2,B2_p2,2026-06-12 21:00:00,2,5,42.920323885788186,31.370640721104202,34.97941922973482,34.39914858956353,29.845951104410446,28.689908735049066,33.54095679610626,31.46936513524652,31.101198724638923
pig_11,B2,2,B2_p2,2026-06-12 21:30:00,2,5,44.694143999937936,31.388491249292116,33.71828015853436,34.21656903184886,29.938892474584975,30.739860719810316,32.47000639493211,32.61715249353158,30.106726362529773
pig_11,B2,2,B2_p2,2026-06-12 22:00:00,2,5,43.12581837603626,31.40632022171392,35.35389936655374,32.94762863765011,29.920986529828404,29.061909501464395,33.90575601233779,31.08514324076627,31.28747419299669
pig_11,B2,2,B2_p2,2026-06-12 22:30:00,2,5,44.18488855632735,31.42416564187667,36.42705041673407,36.58895688677799,30.16340665535747,28.558701071351386,35.01881246689187,33.255149952409056,29.931350778430346
pig_11,B2,2,B2_p2,2026-06-12 23:00:00,2,5,44.91859486156006,31.442006033183233,35.44443804315091,32.98506577946183,30.466884063462004,33.49715105313594,34.34083666657373,35.61914416195265,30.347485847371537
pig_11,B2,2,B2_p2,2026-06-12 23:30:00,2,5,42.10826526291178,31.459843050877645,32.807305474959364,34.150616008354085,29.679801223056543,26.990808606431372,31.438491940046887,29.48546245772163,29.1679506688766
pig_11,B2,2,B2_p2,2026-06-13 00:00:00,2,5,44.09162642124408,31.477675047345205,33.86059627529482,34.07763149151797,30.566686316900572,31.43086111490824,32.97655897949864,32.627370689588126,29.662161324650427
pig_11,B2,2,B2_p2,2026-06-13 00:30:00,2,5,42.01412291823608,31.49549377424963,32.472192033607215,34.79990019296621,30.150353250654057,30.052951481539203,31.442311093935118,33.637897138149484,29.048187868405464
pig_11,B2,2,B2_p2,2026-06-13 01:00:00,2,5,79.12674613281163,31.51362201497156,31.757743264838723,30.86642387652619,30.650389583910428,32.804965957296474,31.13829597329547,33.090936456235625,30.560259634377307
pig_11,B2,2,B2_p2,2026-06-13 01:30:00,2,5,41.43204818987891,31.531137650779357,31.893714314168722,33.10902734546004,30.25777127817021,32.62134228972318,30.979691178442813,32.94098095381389,28.62771977078442
pig_11,B2,2,B2_p2,2026-06-13 02:00:00,2,5,43.062236346228886,31.548954552727555,30.872569241413167,28.8146556617096,29.565921693147345,28.307559559350704,29.583639048167687,27.874224570555043,25.494543054722655
pig_11,B2,2,B2_p2,2026-06-13 02:30:00,2,5,40.02680596238727,31.566768101344614,30.243726451451764,29.625794868255817,29.614646106963974,28.75782683379662,29.046109134577527,28.291984519544528,26.884953978961477
pig_11,B2,2,B2_p2,2026-06-13 03:00:00,2,5,41.96859538849567,31.58457829978382,29.191020043984366,27.688105153425006,30.30331542081114,32.67663067552985,28.57025787613088,26.93523994940564,26.793881490550945
pig_11,B2,2,B2_p2,2026-06-13 03:30:00,2,5,39.77788304546743,31.60239174570362,29.716505596174542,28.64450598749098,30.21675907343244,30.553654608581798,28.96903032146865,27.557277790575725,26.16731804849788
pig_11,B2,2,B2_p2,2026-06-13 04:00:00,2,5,39.065807787323166,31.620193603669676,28.59357923104399,30.513170519376317,30.22264895697377,31.97874126520923,27.96154309849687,29.47987876316069,25.90326682588565
pig_11,B2,2,B2_p2,2026-06-13 04:30:00,2,5,37.52947595567735,31.637995417523168,29.760963380110358,29.84623105363804,30.479229175183328,31.40146777547769,29.168372913745408,28.862291058499302,26.7093091438935
pig_11,B2,2,B2_p2,2026-06-13 05:00:00,2,5,39.98879443723156,31.65579059774179,29.665168862829383,28.69290687275437,30.029032582006785,31.579330548882037,28.76340449923049,27.005176323340297,25.656135039945816
pig_11,B2,2,B2_p2,2026-06-13 05:30:00,2,5,40.49758283315739,31.6735857388705,28.23758382412479,28.804249252571864,30.30301625263123,31.34122690841523,27.668443878150704,27.95740374660764,25.665853833673065
pig_11,B2,2,B2_p2,2026-06-13 06:00:00,2,5,35.0036455078107,31.691375900930666,29.848870142107714,29.89658842364551,29.966241041575742,27.646742114950804,28.863474986661075,27.889424752667836,25.381468338240495
pig_11,B2,2,B2_p2,2026-06-13 06:30:00,2,5,42.131899734833766,31.70916438151361,27.1546399041603,24.621028038068722,31.820241985267252,34.03103447108504,27.724522805691258,25.492245235003374,25.206492336392404
pig_11,B2,2,B2_p2,2026-06-13 07:00:00,2,5,34.81570072282387,31.726942950470445,30.319200658217838,30.439684793732656,29.283948337737783,23.473015610856798,28.793560865402753,25.92328514927287,25.95498202633984
pig_11,B2,2,B2_p2,2026-06-13 10:00:00,3,5,51.60338864656191,31.8365403904112,35.77200265056118,40.48121384545756,31.41585501099457,32.72336435730106,35.056525274342235,35.06483466004177,34.058343848049994
pig_11,B2,2,B2_p2,2026-06-13 10:30:00,3,5,47.789444018435674,31.851331383057776,36.725452760181994,36.06597478345821,30.56314042586175,32.95260687825033,35.312324839384864,34.21735454691826,31.936541205863215
pig_11,B2,2,B2_p2,2026-06-13 11:00:00,3,5,59.3470658457354,31.86909169121789,39.25852064248256,35.84913444993876,37.93285027066755,38.628963570824986,42.62317735113286,37.76403078335179,43.458352147453944
pig_11,B2,2,B2_p2,2026-06-13 11:30:00,3,5,56.832397887561186,31.886847057069236,36.84248482326805,37.09155244852253,32.73046862225978,35.41480180299175,36.884956874209934,37.639537419947594,33.46788545002293
pig_11,B2,2,B2_p2,2026-06-13 12:00:00,3,5,46.70669099521602,31.906078181654912,36.5911866492916,35.34532631852621,29.960156674414502,26.667373653342224,34.74671877743357,32.283927984437234,30.295719763311702
pig_11,B2,2,B2_p2,2026-06-13 12:30:00,3,5,44.80977999163143,31.92234462084258,37.28033855214278,36.805566786955815,29.921623612939026,28.642586876163083,35.325305190018895,32.592997386743974,30.242876720386462
pig_11,B2,2,B2_p2,2026-06-13 13:00:00,3,5,46.44421318155386,31.940090111680266,35.77313152582617,33.80406538503307,30.486936546323232,29.065931768116705,34.35950667063261,32.38001807171757,32.23741385720682
pig_11,B2,2,B2_p2,2026-06-13 13:30:00,3,5,54.72900256421415,31.95635734698807,32.73587332179706,32.96231763941873,33.62637702966915,34.18575818146516,33.79860487442499,36.0642459571006,39.196099771280046
pig_11,B2,2,B2_p2,2026-06-13 14:00:00,3,5,44.417579234590136,31.97704689862732,31.801080710104095,31.505583620490412,31.265327298483868,33.59794340650707,31.331239463575695,32.887439109402195,33.592056220654264
pig_11,B2,2,B2_p2,2026-06-13 14:30:00,3,5,46.754877114081324,31.990346516718116,35.94715181462819,40.67678342096479,33.008355200613835,34.36173796815071,36.217662490858565,39.45065950649784,38.892871491927515
pig_11,B2,2,B2_p2,2026-06-13 15:30:00,3,5,68.32416187314375,32.02876013351741,40.81299987947623,42.81650765356625,38.96618828020816,40.07889541774496,44.62666070305156,48.716625933916134,50.84931415613745
pig_11,B2,2,B2_p2,2026-06-13 16:00:00,3,5,50.18194954193909,32.04648595669397,36.79859708656204,35.5008690523639,30.536707102121795,29.65428831326375,35.2464732658849,32.37973182415993,31.342611137951828
pig_11,B2,2,B2_p2,2026-06-13 17:30:00,3,5,28.2996210754689,32.099637272274485,34.403969567780884,35.20151227317746,29.79850215715286,24.8338873493434,32.57349751599878,31.611653110997118,31.277547228402312
pig_11,B2,2,B2_p2,2026-06-13 18:00:00,3,5,23.350613959450847,32.11735004422747,33.86628901151654,32.944254981797215,30.887317096344272,33.177889329017844,32.83179184383246,32.896903750454285,32.30283228354418
pig_11,B2,2,B2_p2,2026-06-13 18:30:00,3,5,24.768467624588002,32.13579158007473,33.121299618578114,35.507375995574726,29.998964355209946,24.413521317646477,31.54662020267267,28.60403421028817,30.578962615144945
pig_11,B2,2,B2_p2,2026-06-13 19:00:00,3,5,22.79185560165405,32.15276418512808,33.83828601924843,32.98058090800794,30.557437336703444,28.07633861623707,32.559725297039954,29.262639623163636,30.824270936948416
pig_11,B2,2,B2_p2,2026-06-13 19:30:00,3,5,31.600039612873736,32.170462282919694,33.29605936364077,33.128234167586186,30.69099042587791,31.505672636978524,32.157764104067795,31.14581794490705,31.231722697874957
pig_11,B2,2,B2_p2,2026-06-13 20:00:00,3,5,26.25732984942978,32.188158774423904,32.75970415017407,34.83857886879076,30.025106919163555,24.453304610751406,31.211871500252613,28.37115696285648,31.170360896926304
pig_11,B2,2,B2_p2,2026-06-13 21:00:00,3,5,23.342603729685933,32.22354858482073,33.53227437121249,35.45601239675808,30.615630141992995,28.138148753713132,32.28589774800614,30.914763934051138,29.534215490555784
pig_11,B2,2,B2_p2,2026-06-13 21:30:00,3,5,23.24607479827291,32.24123371891872,33.36157694037314,33.201112595118055,30.605931333696685,30.171328033458376,32.116804334633564,31.205539536387345,28.60563529592781
pig_11,B2,2,B2_p2,2026-06-13 22:00:00,3,5,23.99819174684819,32.258183714344796,33.37759739528949,33.21856722205739,30.384421754388974,29.71854874563622,31.969117355210415,31.831882931876848,29.154221126796166
pig_11,B2,2,B2_p2,2026-06-13 22:30:00,3,5,26.19158683313557,32.27660083936641,31.518234060540625,29.514252980594378,30.897884530807723,30.79828263583387,30.65331940123668,30.54445009613839,28.71767898714752
pig_11,B2,2,B2_p2,2026-06-13 23:00:00,3,5,22.360696886767073,32.29427791892049,34.56731963538302,36.32379682540495,30.573808478573877,27.69650154200648,33.13912288209917,33.93778875309956,28.56855961500048
pig_11,B2,2,B2_p2,2026-06-13 23:30:00,3,5,25.38640092445361,32.31196159255405,33.20656535287574,32.30718624187528,30.983355116039554,33.20576825339966,32.19693903599718,33.04913958035217,29.97596090238484
pig_11,B2,2,B2_p2,2026-06-14 00:00:00,3,5,27.95167971816278,32.33110247677841,31.69785743851886,30.620661767715426,32.219996081738785,34.084788466928586,31.69015913422801,31.158811604815845,30.46286796335393
pig_11,B2,2,B2_p2,2026-06-14 00:30:00,3,5,21.760112375108967,32.348182349750715,32.1638600209851,31.871247123657692,30.18618184084285,24.57487432400501,30.69866381339268,29.319824737705623,27.50849850128825
pig_11,B2,2,B2_p2,2026-06-14 01:00:00,3,5,25.03954073908942,32.36496219696548,33.5285658886,33.32852469003558,30.776209529879765,35.17022395199335,32.311082107071066,34.239945685518606,28.401438491450868
pig_11,B2,2,B2_p2,2026-06-14 01:30:00,3,5,28.64373278919858,32.382628086502685,33.33225964681264,34.27725470942855,30.746678961698045,29.777206502095133,32.105542981091325,32.4025894443229,26.408794086535675
pig_11,B2,2,B2_p2,2026-06-14 02:00:00,3,5,25.01636704571196,32.400284224236955,33.115204615328786,33.420218975846616,31.040450849065145,31.808896385530733,32.10359968191169,33.86048740035682,29.511522297729883
pig_11,B2,2,B2_p2,2026-06-14 02:30:00,3,5,24.703033795271544,32.41794205944309,34.03761803007151,36.92127187969318,31.577426192689373,33.740630650540105,33.28470532553364,35.26275873629374,28.543017069813324
pig_11,B2,2,B2_p2,2026-06-14 03:00:00,3,5,26.580002129075552,32.43559342041961,34.306288235878604,35.77219618732195,31.297580342525542,34.108728471243566,33.321808669656576,35.68126634782668,30.166120445212904
pig_11,B2,2,B2_p2,2026-06-14 03:30:00,3,5,25.838837234045528,32.45324321412788,31.313364536820174,31.204334965601955,30.94128747453385,30.030682062074696,30.398266834470228,29.96338049132332,26.817886972245923
pig_11,B2,2,B2_p2,2026-06-14 04:00:00,3,5,23.53152092734844,32.47089144258068,30.008360408168237,28.46507710675294,30.698244005948247,29.7800359511506,29.057519645020562,26.980887299083367,26.544487342890584
pig_11,B2,2,B2_p2,2026-06-14 04:30:00,3,5,22.427529935776377,32.48883181065341,31.629087195269634,33.82367146164668,30.644837139426343,27.87362415730241,30.45553918461757,30.629191684332323,24.347091409640175
pig_11,B2,2,B2_p2,2026-06-14 14:30:00,4,5,42.41085254532635,31.983509248321653,35.28182485583686,37.05320690364573,37.811636820715485,34.559252424818396,38.92797498128937,45.474538166143006,43.44052181116143
pig_11,B2,2,B2_p2,2026-06-14 15:00:00,4,5,35.17367995337984,31.928807578477254,33.880284126193075,34.616393029036495,36.71333392870273,37.4944961620952,36.9554980011578,37.386743810262864,41.78974521110359
pig_11,B2,2,B2_p2,2026-06-14 15:30:00,4,5,34.847532680930506,31.85578730825881,34.80268514323194,33.03554279831287,37.136266821007496,35.23371748445959,38.11071572589337,40.2098800780769,40.46135532854035
pig_11,B2,2,B2_p2,2026-06-14 16:00:00,4,5,19.357112235297436,31.782711202615513,31.880648528525683,32.25235127995592,33.389053296384425,34.713567720042604,32.973500637355706,36.26763060615102,31.665862091019935
pig_11,B2,2,B2_p2,2026-06-14 16:30:00,4,5,9.688698910564884,31.703514682134518,28.66071099763974,30.59357452660419,30.04921649562746,30.06151428930994,27.85405423535154,28.03812903782096,26.11810854770247
pig_11,B2,2,B2_p2,2026-06-14 17:00:00,4,5,11.680925934722637,31.63641096500156,26.641903602289,27.8897288397059,30.399202728671906,32.58225427596732,26.333272228113927,28.413905684306386,26.981317168551193
pig_11,B2,2,B2_p2,2026-06-14 17:30:00,4,5,13.1191748933743,31.563172862634193,25.839437154673845,28.422700262664172,29.922676164981986,29.928441106270263,25.33279682750119,24.25380955049829,23.95116680938633
pig_11,B2,2,B2_p2,2026-06-14 18:00:00,4,5,15.662861532229947,31.48987128013254,26.52731860270039,27.760543766222877,30.857574907156014,32.66670341238218,26.630764320088467,26.84404945927899,26.90371486437394
pig_11,B2,2,B2_p2,2026-06-14 18:30:00,4,5,13.406947939011737,31.41649239137149,25.99451984246089,23.495467907508413,29.686789075766683,29.200729994063416,25.393897230295796,23.53682541442989,24.42569049968752
pig_11,B2,2,B2_p2,2026-06-14 19:00:00,4,5,15.795291257274382,31.343090330131332,25.961677465731043,23.44057267118703,29.985806158600166,31.384509997625024,25.61249013250949,26.360862002540745,24.284700563659833
pig_11,B2,2,B2_p2,2026-06-14 19:30:00,4,5,14.646889197158178,31.269603701320534,25.446921913910785,25.996530769023174,30.344295136740115,31.314812024532138,25.442298067631977,26.352048525995755,23.86009001136562
pig_11,B2,2,B2_p2,2026-06-14 20:00:00,4,5,17.149165135862738,31.18383620622828,26.102423194388926,25.340792200265053,31.370749109295204,33.03462586913633,26.78150013358111,25.381825360330005,27.650517289401517
pig_11,B2,2,B2_p2,2026-06-14 20:30:00,4,5,14.355345992082977,31.12249827931285,24.732366021108874,21.385048808638334,29.313990137491558,28.672273999990907,24.182529522730604,19.903520820065914,23.03386147207861
pig_11,B2,2,B2_p2,2026-06-14 21:00:00,4,5,12.659611929348316,31.048831343351388,24.245074728203768,26.439115207095398,28.988371718900666,24.216593796054973,23.56698681995831,20.696567323838302,23.469613793640526
pig_11,B2,2,B2_p2,2026-06-14 21:30:00,4,5,14.392801332083977,30.97514706340849,24.8673103728945,24.765937644781335,29.419413120460543,27.613143491630808,24.460522691202446,19.71042884159346,23.788714381945383
pig_11,B2,2,B2_p2,2026-06-14 22:00:00,4,5,13.329629803514017,30.901376979232126,24.354229715407975,21.94150064688649,28.747828629477503,21.397436996289887,23.584386103709058,18.573741940206183,24.44965991802801
pig_11,B2,2,B2_p2,2026-06-14 22:30:00,4,5,13.558419809458265,30.833695390100296,24.823496693867412,24.652841060809372,28.869876864412717,28.53900730230768,24.125796967941586,21.76499206272086,24.28635344465377
pig_11,B2,2,B2_p2,2026-06-14 23:00:00,4,5,24.095679558935444,30.75367401333873,24.274538984131528,21.83662426147897,29.20263563289831,28.279313814402823,23.91121490247167,19.038322795484824,24.152124602196665
pig_11,B2,2,B2_p2,2026-06-14 23:30:00,4,5,13.716170307981162,30.67972013534022,25.398017527157485,22.94445767119445,28.673934896755828,23.330141461630504,24.59254112106289,20.45295771581389,25.54482577115295
pig_11,B2,2,B2_p2,2026-06-15 00:00:00,4,5,12.685598366182159,30.60573420550716,25.327207959642465,22.889125776775927,28.564594299651223,23.251138613049022,24.497100681370846,20.438335224335866,25.028276914345177
pig_11,B2,2,B2_p2,2026-06-15 00:30:00,4,5,14.829965658507007,30.531695470056295,25.249012798462047,22.833754390593548,28.959424696435498,30.45795051270943,24.741442391916177,23.35006851731023,24.856460994777215
pig_11,B2,2,B2_p2,2026-06-15 01:00:00,4,5,13.165906156742484,30.45756937593476,23.254451621576344,24.29371646576979,29.142473633451985,30.137970508293044,23.131665533484046,22.926333145172762,24.003512922109216
pig_11,B2,2,B2_p2,2026-06-15 01:30:00,4,5,13.611029354550642,30.38334874182181,23.023579754242526,22.958498670614148,28.89289755850236,33.01685239606362,22.797310917591826,22.206829796353247,24.585415602205664
pig_11,B2,2,B2_p2,2026-06-15 02:00:00,4,5,12.76957408977357,30.309129514619052,22.52589980222661,20.88058166223323,28.369541728355838,28.053480375953363,22.036990567629324,21.345423792445175,24.13839150712162
pig_11,B2,2,B2_p2,2026-06-15 02:30:00,4,5,14.230051613466514,30.234822126626625,23.68462043470965,22.943997770714823,28.59365585241859,26.376082024312094,23.267085188050018,19.804739370997254,24.41207009548166
pig_11,B2,2,B2_p2,2026-06-15 03:00:00,4,5,12.825647027762273,30.16046759042996,22.172018195776673,18.9852109748812,28.66315749127377,26.33663146401054,22.009168471642198,16.074853622525904,24.30273775845756
pig_11,B2,2,B2_p2,2026-06-15 03:30:00,4,5,13.124911277395489,30.086045008038585,22.54804399517972,18.76156727199313,28.367258894620118,28.88802061428265,22.18423724764945,17.68027736727867,24.07197340784427
pig_11,B2,2,B2_p2,2026-06-15 04:00:00,4,5,12.9723621027412,30.011561009573064,22.85863742006496,23.93796907634372,28.343404062872878,28.438948177676465,22.48787876107729,19.36598753024217,23.651233382918747
pig_11,B2,2,B2_p2,2026-06-15 04:30:00,4,5,12.572268404048856,29.93700153029988,22.551623082925413,18.902019903248995,27.69764849496412,22.947189056018694,21.81367658020605,17.724205074663367,23.774490243343944
pig_11,B2,2,B2_p2,2026-06-15 05:00:00,4,5,12.844766659542104,29.8624146564921,23.32532736783323,25.428841837363237,27.638129046947316,22.89001702786376,22.505801069843802,22.290047433912196,24.461698797446925
pig_11,B2,2,B2_p2,2026-06-15 05:30:00,4,5,13.041407050336783,29.787751799186527,23.726481384629963,20.467911040053973,27.450717779605977,19.455696151003664,22.777938533555385,18.60480053854392,24.963053649533094
pig_11,B1,4,B1_p4,2026-06-22 09:30:00,2,5,45.4551900878929,34.42985958654087,41.60799581067731,38.26547056454761,33.37478141907255,36.06049409665626,40.105314460568465,39.6106838031849,46.0119780399714
pig_11,B1,4,B1_p4,2026-06-22 10:00:00,2,5,48.1223008590641,34.440053778156916,40.85930525607774,42.18940388083782,33.015398194368984,32.14684106327017,39.184986421458504,37.29080869922743,43.238478669922266
pig_11,B1,4,B1_p4,2026-06-22 10:30:00,2,5,48.73008851759807,34.450250739468984,40.0187056196444,39.76993782868407,33.53807095370956,37.3464718951671,38.78863029761875,39.02844852297239,45.369924226977396
pig_11,B1,4,B1_p4,2026-06-22 11:00:00,2,5,47.67968409812188,34.46044386352724,39.06252995605365,43.64361844060888,33.343201949941616,33.260123110611,37.79631507607566,39.38138672246935,45.53011002597827
pig_11,B1,4,B1_p4,2026-06-22 11:30:00,2,5,46.17073510560644,34.470635039001436,35.988423046775964,37.38600728470958,33.73641205379566,36.25270087004197,35.31956922064427,37.542664254168365,45.42927995542975
pig_11,B1,4,B1_p4,2026-06-22 12:00:00,2,5,60.37431322710049,34.48082521024091,42.54378689496531,42.150524230859695,41.89912222210161,43.14726457589611,46.7659429969185,47.92468748452491,53.25865682397864
pig_11,B1,4,B1_p4,2026-06-22 12:30:00,2,5,52.92238298025339,34.49101626470491,40.874491630892905,43.798842022277654,33.25098545008116,33.712915648434254,39.33087661260683,40.19536219346135,44.43155246011769
pig_11,B1,4,B1_p4,2026-06-22 13:00:00,2,5,45.65131250142679,34.501205372161955,38.80045029899507,36.05238070907153,33.18450473767743,35.64046136991432,37.43003785372436,36.86089373972078,45.604294577491146
pig_11,B1,4,B1_p4,2026-06-22 13:30:00,2,5,48.44093235113952,34.511392533384566,37.87419255179151,35.70777350927278,33.89711713067142,36.523761709474456,37.08778988315594,37.797808319188036,49.15290610053235
pig_11,B1,4,B1_p4,2026-06-22 14:00:00,2,5,45.27092366983753,34.52157963555212,34.01748085987353,33.395797402555424,33.51397825965765,33.244901448648775,33.379945751305335,34.08264081087309,46.302108281960514
pig_11,B1,4,B1_p4,2026-06-22 14:30:00,2,5,49.668143779846744,34.53091730958798,44.94627336162444,43.747292348208916,39.65486635328809,40.5501941579154,47.3374112554701,46.13704532909506,51.70404634230225
pig_11,B1,4,B1_p4,2026-06-23 09:30:00,3,5,54.55370135959667,34.918106502101466,44.38406079385972,46.67902747601861,33.82378946778997,35.20743227535502,42.60649117461403,44.0329041974304,42.87084983291425
pig_11,B1,4,B1_p4,2026-06-23 10:00:00,3,5,54.504326684122745,34.92825202644162,42.700395505753875,39.32278143776077,33.93829602336258,35.7130850395125,41.178076150383546,37.03872604082844,45.626938827595026
pig_11,B1,4,B1_p4,2026-06-23 10:30:00,3,5,50.84869522203512,34.93839844743753,42.31866597980372,42.59121385917957,34.32135793574327,36.97566646058875,41.09498639800948,42.08143419429578,47.140849153174855
pig_11,B1,4,B1_p4,2026-06-23 11:00:00,3,5,50.528241475194534,34.94854482567194,40.251593053941676,38.71574921205011,33.818494724190124,33.73122261692127,38.90061562775296,40.786548759737265,46.12090519843855
pig_11,B1,4,B1_p4,2026-06-23 11:30:00,3,5,49.268384195621195,34.958687404322724,39.265347016151225,44.4511270136979,34.00188099153551,36.39120091196571,38.14135790089243,38.15584760887301,49.24134501915327
pig_11,B1,4,B1_p4,2026-06-23 12:00:00,3,5,47.55621762309577,34.96883088050886,36.49525888796763,37.92633830381424,34.54395481038467,40.632703346073335,36.037972477463505,41.77308566464103,45.5577486598409
pig_11,B1,4,B1_p4,2026-06-23 12:30:00,3,5,47.77954445593687,34.978974315085125,34.94248144822999,34.67220515764775,34.87761774132573,36.8762847223082,34.87681001764508,35.46392734129102,46.82151509012058
pig_11,B1,4,B1_p4,2026-06-23 13:00:00,3,5,46.49247343647264,34.989114891301725,33.1793798476778,32.439493063011525,34.26236749842703,34.954017716768504,32.876268717121874,32.70314883423916,45.156071677587335
pig_11,B1,4,B1_p4,2026-06-23 13:30:00,3,5,43.348841623724574,34.999257304642065,32.96099993119272,33.01713355838945,34.04816047533281,36.43343325828994,32.52853871375963,34.70134869161356,44.816699962067524
pig_11,B1,4,B1_p4,2026-06-23 14:00:00,3,5,42.934163297551805,35.008551184084666,38.49808491541246,39.59955171757821,35.00775612954719,35.948202651790055,38.119374091174166,37.91043054790747,47.007256018401016
pig_11,B1,4,B1_p4,2026-06-23 15:30:00,3,5,53.47949941017471,35.03980965821814,40.315046348035196,38.81685174396849,33.74883793680583,32.52396372135884,38.856538885994965,38.29502332742163,47.76043905072084
pig_11,B1,4,B1_p4,2026-06-23 16:00:00,3,5,53.12229811718608,35.04994436355335,40.1246732496507,42.129066350902626,35.32795515988186,40.757068721771546,39.765696823822765,43.322949968322355,47.19432343781263
pig_11,B1,4,B1_p4,2026-06-23 16:30:00,3,5,53.33591382113718,35.060079030514544,40.78359040337578,40.473933669076274,33.67238919965807,36.375556093802786,39.2100630713171,37.43603000111386,40.703184668349536
pig_11,B1,4,B1_p4,2026-06-23 17:00:00,3,5,51.44477095919436,35.070210844522535,41.80981651242991,40.562271078018995,33.382086758199264,31.743001879322136,39.91979265538245,35.18258192632287,42.55108308413415
pig_11,B1,4,B1_p4,2026-06-23 17:30:00,3,5,72.5809301740486,35.080344497435355,46.564303958415266,44.912041798846914,44.11066785518119,43.42398498314709,51.52309315558442,50.65257156681988,57.24651848658519
pig_11,B1,4,B1_p4,2026-06-23 18:00:00,3,5,54.51258798291907,35.090474360436716,41.742759609724715,41.07755124349961,33.826234220697344,34.29885025995969,40.153382934368025,37.243192564870256,48.31265097107588
pig_11,B1,4,B1_p4,2026-06-23 18:30:00,3,5,48.616242793128116,35.100607938717204,39.17697532494404,40.54826108308312,33.55633544199541,33.935781194681596,37.67438743737721,36.26153870210784,43.17508717100394
pig_11,B1,4,B1_p4,2026-06-23 19:00:00,3,5,50.00626739612068,35.11073585240853,39.226914184271784,40.559960860172446,33.96308004919482,33.98412238255646,37.99246505797129,38.11437657385052,45.93861800947728
pig_11,B1,4,B1_p4,2026-06-23 19:30:00,3,5,49.600327506754745,35.12086373018144,39.41329158986369,44.65733957471269,34.243296650413726,35.29468463897024,38.34527770192907,38.39288719405518,45.56893610104957
pig_11,B1,4,B1_p4,2026-06-23 20:00:00,3,5,51.50323382527509,35.13099626082384,40.46165921023871,38.917867613315586,33.86283353343161,34.338458005906666,39.01281362459008,38.63316916093011,46.887820339472235
pig_11,B1,4,B1_p4,2026-06-23 20:30:00,3,5,52.567176252422456,35.14112219164599,37.97798209656014,35.61864917356734,35.419902203582595,40.86309288451852,37.862054438477855,41.20863287602751,48.808467508659994
pig_11,B1,4,B1_p4,2026-06-23 21:00:00,3,5,48.11953149816269,35.15124714996429,36.82820192008292,37.728040604071715,33.407106510994424,30.694664759862995,35.44834300720731,33.0313777273032,43.919297171663445
pig_11,B1,4,B1_p4,2026-06-23 21:30:00,3,5,45.830175631439616,35.16137113624558,37.10899745877953,37.188856002560044,34.10612879810782,37.52861446028769,36.173039531326474,36.92297582301671,45.85394264631505
pig_11,B1,4,B1_p4,2026-06-23 22:00:00,3,5,49.06307653624035,35.17149790038819,35.74115709309335,34.64613039653578,33.91632401790519,34.37804594810521,34.8171893987727,34.840174335405614,41.73767233370099
pig_11,B1,4,B1_p4,2026-06-24 14:30:00,4,5,30.414321444707035,35.36262600481276,27.4712852197174,28.085058654253235,33.888556764539906,34.717167871815306,27.313876875772067,26.265361422691708,33.16438131704555
pig_11,B1,4,B1_p4,2026-06-24 15:00:00,4,5,28.92343293864468,35.31138354662141,27.521230597883104,28.044361805447487,33.190730218926056,32.22540576418669,26.90868991006719,24.717118034263805,30.310788658290935
pig_11,B1,4,B1_p4,2026-06-24 15:30:00,4,5,31.786090888953723,35.24983820570121,31.103191053980773,31.311800491329386,36.26523181295273,39.14987365819459,32.25008551175247,32.77949641608204,37.20025758275036
pig_11,B1,4,B1_p4,2026-06-24 16:00:00,4,5,41.47415773763057,35.18831973582466,27.58381234602303,26.70300907320207,36.450405167270176,37.66989331293498,29.2749022359382,29.337831193847194,38.351659946253406
pig_11,B1,4,B1_p4,2026-06-24 16:30:00,4,5,51.14398193749041,35.12671405604824,40.315417297020126,38.913123817343724,50.648510818193614,45.16260847071102,50.41570358160015,46.747200277266856,48.50323754507448
pig_11,B1,4,B1_p4,2026-06-24 17:00:00,4,5,91.23927713896076,35.06509517084072,41.148178201120565,44.40332657408485,54.2836911637947,45.08338473282912,53.6910304309095,48.18539623511472,49.596747361649605
pig_11,B1,4,B1_p4,2026-06-24 17:30:00,4,5,36.311819959794555,35.00343445974981,29.785127867756323,33.01864836456328,33.509993000671756,33.40022306194693,29.324732210651483,33.199555019239334,37.30532197419052
pig_11,B1,4,B1_p4,2026-06-24 18:00:00,4,5,33.14911307692406,34.941743235333874,28.729094129345995,31.558016337620618,32.979404469722994,31.529861635597467,28.05435069142473,27.065742021268978,31.74394940709304
pig_11,B1,4,B1_p4,2026-06-24 18:30:00,4,5,31.874483269666158,34.88000424783782,28.755498336277025,26.085726255166264,32.86442676372988,32.13395756148576,28.034630749353063,26.583513376245143,30.635957865431536
pig_11,B1,4,B1_p4,2026-06-24 19:00:00,4,5,31.048963116623206,34.8182288119903,28.1908760475567,27.84871508573224,32.752605381176,28.197048195331405,27.490123815659988,23.164919589093046,28.513312886160538
pig_11,B1,4,B1_p4,2026-06-24 19:30:00,4,5,31.705777467229982,34.75642254444611,27.996892883086986,27.799280487991933,32.90665939746877,29.808107585303727,27.45874855087282,24.39329225485216,29.761435284499587
pig_11,B1,4,B1_p4,2026-06-24 20:00:00,4,5,32.59430778225134,34.6945796190869,27.644757371224582,23.839515449263722,33.09898137056254,33.97763010501989,27.312669204874446,23.074817766386243,29.19753604454222
pig_11,B1,4,B1_p4,2026-06-24 20:30:00,4,5,28.690016807137845,34.632694195636944,26.672400054613092,23.547343503585367,32.513848114733385,28.946302691253642,26.079539233580455,22.118873165848584,27.21135814839934
pig_11,B1,4,B1_p4,2026-06-24 21:00:00,4,5,30.309147883823307,34.57078909318943,27.233860123752315,24.546964096822634,32.22178501651754,23.73592526937503,26.415339066069407,20.742319368874448,27.888193098958233
pig_11,B1,4,B1_p4,2026-06-24 21:30:00,4,5,30.86748235437495,34.50881258903385,28.794886084851782,29.719247739229512,32.22859577570226,26.91521260853413,27.847731376577915,24.79091071189577,29.280126059562335
pig_11,B1,4,B1_p4,2026-06-24 22:00:00,4,5,32.03185352487481,34.4468506345194,26.857596219219708,27.357748273363853,34.57943428298748,36.969184910059454,27.77112962273477,26.086020897713894,32.377329616915404
pig_11,B1,4,B1_p4,2026-06-24 22:30:00,4,5,29.52331733643959,34.384799800509086,26.616299348392463,23.690418708785888,32.159978225373564,28.093911954134633,25.929854492070284,21.31919649673151,29.640955205145012
pig_11,B1,4,B1_p4,2026-06-24 23:00:00,4,5,30.956699025633448,34.32274610939103,27.43334330771682,26.006313865993214,31.946255068452288,23.7665395269903,26.547441357895444,22.252855462530675,27.19086329868402
pig_11,B1,4,B1_p4,2026-06-24 23:30:00,4,5,27.90601956501168,34.260643495148145,27.44131326928965,27.392830734071552,31.407593044360524,24.225673217813068,26.22044825748138,24.127486237201655,27.339941960642104
pig_11,B1,4,B1_p4,2026-06-25 00:00:00,4,5,30.501991756311703,34.1985033347171,25.99225139990253,25.84133500289139,32.32503443057997,31.364481033246232,25.594605468589357,22.933151214793444,28.45939934669277
pig_11,B1,4,B1_p4,2026-06-25 00:30:00,4,5,29.339697508199208,34.13631975537091,25.766639325095163,21.55344097459548,31.888996456970247,25.9586842826141,25.129887609803916,20.668066044919904,27.862736280017586
pig_11,B1,4,B1_p4,2026-06-25 01:00:00,4,5,28.255218814244607,34.074109919571704,25.929586405256416,25.74733989785816,31.872568958604774,27.840064492153296,25.299884046324394,23.49727470330182,26.95055354419607
pig_11,B1,4,B1_p4,2026-06-25 01:30:00,4,5,30.309717875547463,34.01186796737554,26.915878223936787,24.15010255075476,31.697125234066853,26.61440373000001,26.09478190817709,20.724502638981996,28.21796341066648
pig_11,B1,4,B1_p4,2026-06-25 02:00:00,4,5,29.615105099042474,33.94954763778458,24.210063722263016,23.762042492719154,31.719741421546868,25.816654958188877,23.733792379701566,23.74430461974219,27.2148482458739
pig_11,B1,4,B1_p4,2026-06-25 02:30:00,4,5,27.715776182758177,33.88724688182299,26.220419949140698,23.347614997790384,31.652112353362476,25.76927885947159,25.51587220741797,20.623604658003245,26.5239490784626
pig_11,B1,4,B1_p4,2026-06-25 03:00:00,4,5,29.54911874752149,33.824873263576485,25.73746703611038,25.55900978704789,31.549392844252104,23.22378762793413,25.050782609127666,21.9430044524761,27.70253548230321
pig_11,B1,4,B1_p4,2026-06-25 03:30:00,4,5,29.371731557280906,33.76244394199577,25.413995028994087,21.31737831953606,32.19681051892444,33.106506316745715,25.243224615796386,21.39935827171196,27.54312351657672
pig_11,B1,4,B1_p4,2026-06-25 04:00:00,4,5,28.594655914403795,33.70002238740251,26.603347953291753,23.92867681949025,31.367969070865158,23.335338949219945,25.77043445177908,20.25591026650552,26.389743492189133
pig_11,B1,4,B1_p4,2026-06-25 04:30:00,4,5,30.585614251381337,33.637539119321275,24.661071852836297,21.17393488484142,32.07156039878649,31.12657295845196,24.558123290143833,18.462562192536744,27.853487323043808
pig_11,B1,4,B1_p4,2026-06-25 05:00:00,4,5,26.918992142604488,33.57499976611928,27.602764267868217,30.32362707317216,31.159795458337562,24.77396418522922,26.590874060049437,25.219058599627445,26.6448121068901
pig_11,B1,4,B1_p4,2026-06-25 05:30:00,4,5,29.044768321216537,33.51243314751177,24.001759259386212,23.456096351613994,32.2888716275645,33.26189209119702,24.19192441268865,25.076247895472196,28.827015516461024
pig_11,B1,4,B1_p4,2026-06-25 06:00:00,4,5,32.15192984531725,33.44983916417778,23.425799948354832,24.5872180784747,32.310104112121955,34.0246591133463,23.729183092755612,28.201666493180426,28.057264215013035
pig_11,B1,4,B1_p4,2026-06-25 06:30:00,4,5,26.900643344505788,33.38720611283598,23.12752847401812,24.541179815489258,30.714721468481123,21.806658718030818,22.403536195482204,21.27135910116136,26.711025770121616
pig_11,A1,6,A1_p6,2026-07-02 08:00:00,2,5,40.53930872110532,36.75583131132702,47.10379057982044,45.04758123825703,40.26270707948518,40.818139397196724,48.3913949404249,46.9013938938633,34.3550404984819
pig_11,A1,6,A1_p6,2026-07-02 08:30:00,2,5,34.429051463687685,36.76708880391837,43.851641045226536,42.52488328130661,35.576484996145744,35.486423357749615,42.26600308656371,39.694871052630084,34.89236284325607
pig_11,A1,6,A1_p6,2026-07-02 09:00:00,2,5,34.46229285432912,36.784480101488036,43.72196488622339,45.061349135656684,37.150230651540014,40.696811030359,43.22139174581979,44.19485371950857,38.19302116383949
pig_11,A1,6,A1_p6,2026-07-02 09:30:00,2,5,32.00990984544879,36.80289982819754,39.930135208099266,39.026029176008706,35.87824571124645,36.63008883569076,38.95604841298048,38.82962464287681,36.0546764526111
pig_11,A1,6,A1_p6,2026-07-02 10:00:00,2,5,31.71961406556645,36.82131093869877,38.439715505214394,39.935492845699166,35.13250722508923,35.81807235321645,37.104215064698266,35.89422034388163,34.916738155974556
pig_11,A1,6,A1_p6,2026-07-02 10:30:00,2,5,28.95353428585821,36.83869785523524,38.356076296148885,40.534124427590946,34.870495039291285,31.593926779061405,36.839592872238406,34.484657290594775,33.92578502723637
pig_11,A1,6,A1_p6,2026-07-02 15:30:00,2,5,39.84604987393211,37.01751421029129,45.03528136409483,44.96802630826588,37.97324409201258,41.11312500262575,44.82291907332621,43.710305773161195,42.56406511216826
pig_11,A1,6,A1_p6,2026-07-02 16:00:00,2,5,35.45203095610483,37.035889683279855,43.76661771688107,47.03048089227867,36.21168229639078,38.91321576796045,42.471017591545525,44.53426661181027,38.73747030746194
pig_11,A1,6,A1_p6,2026-07-02 16:30:00,2,5,30.694541176941655,37.05426322416961,39.50394902938547,40.16325719882984,35.19260422598527,33.032440016866325,37.95961996037546,38.38303353774314,34.08008249948906
pig_11,A1,6,A1_p6,2026-07-02 17:00:00,2,5,34.92223951095358,37.07263372869047,38.79936176884678,39.79027613583074,38.87088821000128,40.49130274938051,39.84753290784782,43.805131613607685,37.911269340053224
pig_11,A1,6,A1_p6,2026-07-02 17:30:00,2,5,31.430952310231824,37.08998072560504,39.78683463568209,40.43175811823162,35.65197876646808,38.1988710549149,38.50674798099772,38.56983870262748,35.075003675291235
pig_11,A1,6,A1_p6,2026-07-02 18:00:00,2,5,33.571979726156464,37.107323083239145,41.18094088500584,43.32843337220725,40.27554929546984,43.030382472366206,42.91586964623188,53.483954589848636,37.60365513876158
pig_11,A1,6,A1_p6,2026-07-02 18:30:00,2,5,38.16832656115161,37.12568704187335,43.97960528055199,47.14451117462437,41.934936813367806,36.66527481297439,46.5405196599682,47.42084912489818,38.824317713609645
pig_11,A1,6,A1_p6,2026-07-02 19:00:00,2,5,33.12643179598656,37.14404355104749,39.72163213370437,42.250662868970515,36.46929545382365,40.33578866148406,38.97878240233352,42.03654256280498,35.085952765540426
pig_11,A1,6,A1_p6,2026-07-02 19:30:00,2,5,29.36952006040862,37.16240035282589,39.609144089666664,40.28046744491381,35.05443837665051,31.88328796353354,37.89593771412592,38.561008852358704,34.61274205014294
pig_11,A1,6,A1_p6,2026-07-02 20:00:00,2,5,28.63927048345155,37.17973323732795,38.839814892554124,40.324228900384306,34.97974305929553,30.14863256702501,37.14864182300323,34.7833139603311,33.79654583513127
pig_11,A1,6,A1_p6,2026-07-02 20:30:00,2,5,29.157625389894086,37.19705956127484,35.200316982041016,34.43610846421987,35.2371441783895,32.59791778871383,34.07035577236094,33.18617213491617,30.99697666570688
pig_11,A1,6,A1_p6,2026-07-02 21:00:00,2,5,25.78822933166076,37.21540874543383,36.089322936091634,35.485513361308676,35.16552397936446,34.59065667982035,34.80320382922429,33.14811050069548,32.50891047535855
pig_11,A1,6,A1_p6,2026-07-02 21:30:00,2,5,27.16802991504477,37.23375380974459,35.56519040175017,35.723067659730575,35.166492135875636,35.28269638216841,34.325923250339706,32.78512404418264,32.32397491122353
pig_11,A1,6,A1_p6,2026-07-02 22:00:00,2,5,26.559424941632727,37.25107299546122,33.02553669592925,36.07752358079554,35.99922569390611,38.41676017978892,32.62351486350989,34.82624651632192,30.058986918603857
pig_11,A1,6,A1_p6,2026-07-02 22:30:00,2,5,26.682227963257922,37.2683908778821,33.789786304230965,33.06788000842468,35.77163751597494,33.87001095339666,33.13858210786021,32.03844118989665,28.50046569401139
pig_11,A1,6,A1_p6,2026-07-02 23:00:00,2,5,25.79969817830557,37.286726143470595,34.84607809034649,34.51372257205827,36.64607720576048,39.343979727099466,34.67048445050057,35.2977609614029,31.574757172837735
pig_11,A1,6,A1_p6,2026-07-02 23:30:00,2,5,25.61818171125097,37.30505950810489,37.179844764672104,36.855469780089656,35.072201330384544,33.48122281138781,35.659567812355164,34.044564103580875,31.52433955712482
pig_11,A1,6,A1_p6,2026-07-03 00:00:00,2,5,27.559633067603365,37.32339207745273,37.421769875128966,37.87490452175354,35.26503780715902,34.69102409458016,35.99713621204922,36.45263130842452,30.193918653197738
pig_11,A1,6,A1_p6,2026-07-03 00:30:00,2,5,28.744557093575835,37.34069490833727,36.888098921852105,36.02582008784102,35.69517981463307,36.10153004412623,35.806771944404616,36.51944584942109,30.23218573777929
pig_11,A1,6,A1_p6,2026-07-03 01:00:00,2,5,26.511223121878835,37.358002515061195,38.49137421904774,41.277484590370854,35.831008930098335,38.64967388114614,37.31959168974389,40.28248904274178,30.752893865374606
pig_11,A1,6,A1_p6,2026-07-03 01:30:00,2,5,26.281680319799882,37.37632531973853,39.00755609080107,40.53744786246035,35.93736778736171,36.52422096038112,37.84229578111203,39.9868428575283,31.161823310990123
pig_11,A1,6,A1_p6,2026-07-03 02:00:00,2,5,30.92293566585586,37.39463851251952,36.21381600699298,35.58802229561945,37.34803344381189,38.39833406043968,36.309768028091256,38.109397270529385,31.398105108689556
pig_11,A1,6,A1_p6,2026-07-03 02:30:00,2,5,26.139729247261073,37.4119371061508,34.877467045257205,34.26964295665903,35.45725511621668,35.474283945593015,33.80937500660731,32.528282677591385,30.141795230434937
pig_11,A1,6,A1_p6,2026-07-03 03:00:00,2,5,24.542474117594537,37.42923137994674,33.665858812896985,32.04871958363711,35.07448844573288,33.58368641907849,32.45612518871802,28.960992403170092,29.381745381163647
pig_11,A1,6,A1_p6,2026-07-03 03:30:00,2,5,23.885676371903415,37.44754035304723,32.41225964028585,29.62804803009655,35.490150490676406,35.50804321569458,31.613323090052727,29.33515540280081,27.770024284386942
pig_11,A1,6,A1_p6,2026-07-03 04:00:00,2,5,22.730807341513163,37.465845240390934,31.988820962946086,33.688885614173785,35.743036478798615,36.6916286384284,31.398900534675644,31.597620009065196,25.92721359650314
pig_11,A1,6,A1_p6,2026-07-03 04:30:00,2,5,22.361407342913623,37.484148249283656,30.17286233926294,29.970158860235145,35.2861811737926,35.99802175815484,29.455316146857506,26.3001989114468,25.231738022975875
pig_11,A1,6,A1_p6,2026-07-03 05:00:00,2,5,22.393874311175843,37.5014305873706,30.10217146719778,29.983976819082635,35.3821544727179,32.17415718871025,29.448215245752888,24.563727916514345,24.242383314428587
pig_11,A1,6,A1_p6,2026-07-03 05:30:00,2,5,22.223702129060793,37.51871137287075,31.647757047660967,33.075391761794414,35.50669696273568,33.42084664833445,30.90185942143402,30.288523723956622,24.027732249347963
pig_11,A1,6,A1_p6,2026-07-03 06:00:00,2,5,25.078884191347868,37.5370057838373,30.991039519383627,28.072819325315052,38.81397827576647,40.18421492642595,32.5776406896627,32.77328183544833,28.10737789828867
pig_11,A1,6,A1_p6,2026-07-03 06:30:00,2,5,21.577203275875554,37.555297223237346,29.977460832327942,25.80518623325577,35.47507151682261,35.58739084542131,29.369682639277194,22.071343509389727,23.97296155488461
pig_11,A1,6,A1_p6,2026-07-03 07:00:00,2,5,21.602951386008783,37.57256726727762,29.5594844924841,28.51231920631224,35.367294495101575,36.08293524511509,28.912974211719593,25.80877258598091,23.606148794438766
pig_11,A1,6,A1_p6,2026-07-03 09:00:00,3,5,40.40324729737735,37.647721910237486,44.10304678032626,47.673736021704464,41.559709719828824,39.28645473340487,46.09078921621231,50.02195126931768,40.712427449399485
pig_11,A1,6,A1_p6,2026-07-03 09:30:00,3,5,33.1126833334503,37.66193571075102,42.77928975163088,41.22123554542967,35.751268469812246,35.24401785026351,40.91219662083089,41.95906418554534,35.598044055874354
pig_11,A1,6,A1_p6,2026-07-03 10:00:00,3,5,32.328392072345196,37.679193295448485,38.84518543972135,41.63237367960042,36.51581074929918,39.46371968151847,37.919647906613896,42.78015330280564,36.04273675704549
pig_11,A1,6,A1_p6,2026-07-03 10:30:00,3,5,30.280154720198354,37.6974584046409,40.04430533454866,41.236809315063546,35.52967389760302,34.76090315058204,38.3008302101659,40.38076569800651,34.48613195669669
pig_11,A1,6,A1_p6,2026-07-03 11:00:00,3,5,28.42856072782739,37.715728263744104,35.259808233989816,34.91081992259994,36.13554391277869,37.02732001186705,34.44046222581355,33.4962952848774,34.628577825750895
pig_11,A1,6,A1_p6,2026-07-03 11:30:00,3,5,34.67938896677272,37.7329725561199,37.48779595751695,37.1614521851308,40.507260213700995,42.3730226428176,39.42014390162374,42.14627056894118,37.77386996749847
pig_11,A1,6,A1_p6,2026-07-03 12:00:00,3,5,29.001779781392045,37.750219444940655,39.295092725257355,41.53708413264751,35.529341270387896,36.25354408259933,37.602056049965235,39.03511705031114,33.28782041146523
pig_11,A1,6,A1_p6,2026-07-03 12:30:00,3,5,29.775523979190872,37.76847529430696,35.909765720719236,34.7218497697648,35.68793198665504,35.10471619866175,34.681981194345184,32.840798629980426,33.67061941472806
pig_11,A1,6,A1_p6,2026-07-03 13:00:00,3,5,34.823922155692934,37.78672930197111,39.617519058039676,40.87601522835843,44.71157885956718,40.82982596175334,44.17609224591376,44.777847378408595,40.291892038575114
pig_11,A1,6,A1_p6,2026-07-03 13:30:00,3,5,34.502126581055784,37.804980370727215,36.64271926060472,36.04767974593461,37.00173901471717,39.75942547119041,36.21689365345126,37.08408362718188,35.465210373547336
pig_11,A1,6,A1_p6,2026-07-03 14:00:00,3,5,29.13543080629776,37.82221314650219,36.36504033366629,36.36586498071617,36.60136045727452,36.50479577542132,35.68429939536104,35.58266324440563,34.95854976109348
pig_11,A1,6,A1_p6,2026-07-03 14:30:00,3,5,31.553749481312167,37.837417111550856,43.6224639373227,42.84415351448256,41.353208286596534,42.01926363758249,45.410680592047555,50.54749244712643,39.79390655972725
pig_11,A1,6,A1_p6,2026-07-03 15:30:00,3,5,39.86959860596887,37.875925560460374,44.23845317432666,43.66987839994367,38.72726967603904,36.14173384548258,44.133763954537514,40.95556368508913,40.47979597666962
pig_11,A1,6,A1_p6,2026-07-03 16:00:00,3,5,49.61249829026538,37.89416449208004,50.755098436656766,48.514469398243826,53.789021963605876,48.72073463944902,60.2802080089903,50.97667850307089,50.175751745126334
pig_11,A1,6,A1_p6,2026-07-03 16:30:00,3,5,38.000006131819426,37.91138113441206,46.53357886214137,42.681235614755956,38.22846357221333,44.08442850024137,45.81699927292718,46.02217150495155,39.80266027985161
pig_11,A1,6,A1_p6,2026-07-03 17:00:00,3,5,28.066111792156057,37.92860038572252,44.509879255138856,48.02941561173063,36.00565410380852,34.87696437127195,42.47570395301339,45.29536512663256,34.77302502026583
pig_11,A1,6,A1_p6,2026-07-03 17:30:00,3,5,27.29550088858678,37.94682867745265,38.76904183388809,39.14136416404446,37.07733081597083,40.15784414360648,38.082642082452566,40.64900114424691,35.9882684276448
pig_11,A1,6,A1_p6,2026-07-03 18:00:00,3,5,27.584721166295502,37.96505405091129,41.905381955832155,43.982884802746526,37.95454173807336,38.98405990959049,41.471142859676426,42.2569453895171,36.328705660893284
pig_11,A1,6,A1_p6,2026-07-03 18:30:00,3,5,40.24821625061145,37.982265734969,39.27032932138256,39.78897492648069,47.04286183533557,49.503926391913424,45.35485479245812,49.457428767995154,40.34988151539213
pig_11,A1,6,A1_p6,2026-07-03 19:00:00,3,5,26.428597718507348,37.999469608061375,38.15913046663225,39.76186097912539,36.911478685161896,37.46237730332369,37.39443993726519,38.251449601293494,34.048952451648994
pig_11,A1,6,A1_p6,2026-07-03 19:30:00,3,5,28.126944736108882,38.017687661399215,39.031433198357625,38.01206906749061,36.736759097084104,38.443769820186986,38.04164736895308,39.13208010223407,34.350335539249286
pig_11,A1,6,A1_p6,2026-07-03 20:00:00,3,5,27.36788724735289,38.035901708361045,36.693762347352106,36.57215427731804,37.43902566894299,40.147350947224616,36.429191586235206,38.86500900880826,34.07609377218749
pig_11,A1,6,A1_p6,2026-07-03 20:30:00,3,5,25.8358396334145,38.05411175179379,37.45231594952081,36.81313021633356,36.36184211877647,40.14083215207,36.35504021253816,38.89333160616094,29.829449035120803
pig_11,A1,6,A1_p6,2026-07-03 21:00:00,3,5,28.4259660899181,38.07130726144742,37.00595753357281,39.67635588486708,37.06165456322076,41.27194943817797,36.42783667559308,40.61176383966829,33.969467875422005
pig_11,A1,6,A1_p6,2026-07-03 21:30:00,3,5,27.005946123009196,38.088502649310264,35.90015445998348,35.91233375737727,36.75477876792009,41.303025357600305,35.22111572221139,35.96131212820398,31.65170867343259
pig_11,A1,6,A1_p6,2026-07-03 22:00:00,3,5,26.736551391556908,38.10670540488336,36.224096951240625,35.03279626669196,36.19735518297324,33.97065144466691,35.116502289518,32.812789971951695,31.08568644808286
pig_11,A1,6,A1_p6,2026-07-03 22:30:00,3,5,25.388537188260276,38.124905262562436,35.94346345304341,35.94665652424447,36.18399622189073,35.67726449147405,34.84657458164179,34.382129069041454,31.917249248645945
pig_11,A1,6,A1_p6,2026-07-03 23:00:00,3,5,25.724005651327435,38.14209135823978,37.243354643094115,34.877753675443415,36.10652478535526,32.711754533453046,35.94243324564895,33.78951663646833,32.18372837212374
pig_11,A1,6,A1_p6,2026-07-03 23:30:00,3,5,26.54808847327385,38.1592748730628,34.38410096841166,37.31207517863477,36.24750430948109,34.01751508877314,33.47994310079234,32.511769380428625,31.91485669909114
pig_11,A1,6,A1_p6,2026-07-04 00:00:00,3,5,23.45892645391897,38.177465276529304,32.3984768175678,36.01270334959743,36.01961887142002,32.7541576317157,31.54243445878518,30.362892216621596,27.771527658341277
pig_11,A1,6,A1_p6,2026-07-04 00:30:00,3,5,22.836748355828284,38.195652791396036,32.83793299450893,31.231427905954014,35.81575543452781,31.82539537916,31.78370090176864,26.930858822606556,27.80654390002725
pig_11,A1,6,A1_p6,2026-07-04 01:00:00,3,5,24.442812944511118,38.21384070528134,38.42715446640324,40.244952539392294,36.36177461348458,34.94833312450224,37.13177331426958,36.23786551790059,30.14162249271444
pig_11,A1,6,A1_p6,2026-07-04 01:30:00,3,5,27.306157721571395,38.23101469396005,38.51176487960277,37.445860847504264,37.98326120781578,36.98427444867984,38.31114711009602,39.8932224413832,32.122069095506305
pig_11,A1,6,A1_p6,2026-07-04 02:00:00,3,5,26.84987509956062,38.24818145859393,37.93362391733727,38.01042933381,36.23358736561455,33.519076224322994,36.5838012717638,36.23981136507081,30.78376548943048
pig_11,A1,6,A1_p6,2026-07-04 02:30:00,3,5,24.33990343986997,38.26635666666754,39.33847121601152,38.26070132222927,36.121996853279256,34.52984365640856,37.74923169578577,36.61191885795024,29.580054869501865
pig_11,A1,6,A1_p6,2026-07-04 03:00:00,3,5,25.080504700837185,38.28453337540007,39.135676841826466,39.489699532847574,36.30266254247194,35.75355259606499,37.68200489549586,37.91741422103393,31.174011311522676
pig_11,A1,6,A1_p6,2026-07-04 03:30:00,3,5,25.746526237472683,38.30169528547478,35.26344753075957,35.158065452338114,36.54838643676013,37.25812194112136,34.38828234181289,33.33556941292352,30.219244417529517
pig_11,A1,6,A1_p6,2026-07-04 04:00:00,3,5,24.715327643615282,38.318851897407434,35.978626591066536,34.73232632015235,36.42012036840448,33.46067091036217,34.92791881693604,31.444411759902607,29.093162919398473
pig_11,A1,6,A1_p6,2026-07-04 04:30:00,3,5,23.285465931906263,38.337022492397,37.46958922140382,35.05600190040189,36.430345900705014,33.47653778186497,36.25381552350879,33.1877962450173,29.69765291275646
pig_11,A1,6,A1_p6,2026-07-04 05:00:00,3,5,22.83336908248566,38.35518256073506,35.83426292438895,35.50271817933978,36.508411927671375,34.716319143468,34.838831377725256,33.59956175584861,28.957555832852314
pig_11,A1,6,A1_p6,2026-07-04 05:30:00,3,5,24.184093547986684,38.37334085702573,33.20908330057454,30.36053036510605,38.237572978614416,40.45476663904344,33.675474845444555,29.95635682702283,29.86739542793545
pig_11,A1,6,A1_p6,2026-07-04 06:00:00,3,5,26.739871455854505,38.39049020493791,33.13307170359436,31.39074055516174,40.41180607516376,41.06876138489578,35.09135309351633,34.34604131406664,29.842565709255624
pig_11,A1,6,A1_p6,2026-07-04 06:30:00,3,5,20.241597922588728,38.407639459488614,31.387231529347957,34.586156116321796,36.401669537805546,36.418416507009994,30.77005369369308,29.513242435693968,25.814328441969153
pig_11,A1,6,A1_p6,2026-07-04 07:00:00,3,5,25.768555379328934,38.42578948779244,34.55902933892713,32.90202087168489,39.88488244732403,44.10739345847383,35.980388357153736,36.38878945493671,28.465432395702607
pig_11,A1,6,A1_p6,2026-07-04 10:00:00,4,5,19.785277442150694,38.41673729974826,28.680679143334377,26.466079139522826,36.16710989436825,36.20333460558323,28.190420517471015,25.852330725909184,22.05852591406434
pig_11,A1,6,A1_p6,2026-07-04 10:30:00,4,5,19.82886367462341,38.35330597053018,28.245623088908054,24.142384505528348,35.573931106268745,28.299730010954995,27.43173146522313,24.083213345612933,22.219250321548788
pig_11,A1,6,A1_p6,2026-07-04 11:00:00,4,5,20.614454290190164,38.28984167703706,28.21219783913073,24.102435423249503,36.20100389024481,33.40307412895418,27.869410560906466,22.84989270981623,22.57575577629956
pig_11,A1,6,A1_p6,2026-07-04 11:30:00,4,5,21.678659128278067,38.2225986815994,29.112372777959404,30.48729737735954,39.07468578432037,36.472534149110516,30.6849935240975,30.825826442535238,26.06053196562416
pig_11,A1,6,A1_p6,2026-07-04 12:00:00,4,5,25.12180477038634,38.15532838930074,29.69979923315556,30.303027711798432,41.12054524798151,43.07425689960033,32.65306975727718,32.10286082089276,31.820373592031615
pig_11,A1,6,A1_p6,2026-07-04 12:30:00,4,5,19.526914002789656,38.08800637396146,28.172800702199247,23.975385476176225,36.83151874761876,36.86585992846698,28.384187053600733,24.165948806095187,26.61643074583069
pig_11,A1,6,A1_p6,2026-07-04 13:00:00,4,5,20.49402213197845,38.02438425475202,25.75664714655199,29.162079533599268,36.849523449870645,40.50977350935137,26.279052941889105,35.76128796498648,24.99834425134269
pig_11,A1,6,A1_p6,2026-07-04 13:30:00,4,5,25.013949459347636,37.96074185593982,30.481424291600288,30.351215567413504,41.5379381751313,42.15621841259369,33.749296769344035,32.31732523823061,31.113021364589798
pig_11,A1,6,A1_p6,2026-07-04 15:30:00,4,5,38.4280971508272,37.69829373827508,40.11222934351819,40.86132432879616,46.439941230093865,49.13381343130724,45.85564324720654,45.51937201847856,34.20502406878007
pig_11,A1,6,A1_p6,2026-07-04 16:30:00,4,5,32.82056243991374,37.56306826309649,42.88449315304044,42.57003984813786,59.989281832668766,48.29504240612901,57.713338024755394,50.50375917374936,40.33243083373662
pig_11,A1,6,A1_p6,2026-07-04 17:00:00,4,5,26.86617216008177,37.495388140040404,31.23699440829434,32.29130896165752,43.637571098088465,41.471331407145485,36.13455398974717,33.516598836911875,29.37188878916742
pig_11,A1,6,A1_p6,2026-07-04 17:30:00,4,5,42.578142797039916,37.43144138748262,31.311293826661597,30.417757830806842,42.62347759608887,37.54149846821828,35.541174722082275,30.438138453429247,29.855406932584295
pig_12,B1,7,B1_p7,2026-07-07 10:00:00,2,2,55.85559289035291,40.388219691500154,47.19096168549003,46.843685927690764,39.67871248788898,43.11869234511636,45.849730363794905,44.702583410021404,56.179962211165105
pig_12,B1,7,B1_p7,2026-07-07 10:30:00,2,2,59.69537241968645,40.40484993814345,45.62051529110635,50.525288433214584,39.04801310572667,41.07812339283581,44.01359707865601,49.929058024921304,54.119366901788595
pig_12,B1,7,B1_p7,2026-07-07 11:00:00,2,2,69.59064495506384,40.422857948292375,45.65770445631107,50.54780701472832,40.49889718198753,37.261027639788864,45.06835617898337,45.95123091700161,53.95102979438387
pig_12,B1,7,B1_p7,2026-07-07 11:30:00,2,2,57.51221283641391,40.43809743241398,43.85912496706867,46.73170703992752,39.53004430547263,39.226655816268774,42.79225198200946,44.028661006747114,52.829438826080825
pig_12,B1,7,B1_p7,2026-07-07 12:00:00,2,2,55.05658599577666,40.45333346342002,46.227327191724356,45.9207016715167,41.461057912072256,37.117960342667686,46.234884094383304,39.432922207435325,55.39058416701823
pig_12,B1,7,B1_p7,2026-07-07 12:30:00,2,2,66.48469006561716,40.47272806667152,41.46494014033257,40.81140938944385,46.287580855283764,41.345197887591496,45.48201496955843,42.684844290718075,60.31763787206012
pig_12,B1,7,B1_p7,2026-07-07 13:00:00,2,2,85.78391406175041,40.48795775184428,43.505292272493996,45.41890622269029,43.177116333653075,43.84043583906191,45.04855336161624,47.63676837604444,57.122975574056454
pig_12,B1,7,B1_p7,2026-07-07 13:30:00,2,2,52.98351484148442,40.50596005051945,40.68959647012316,40.42647170919072,42.77063040491504,43.96319224287644,42.27902633491766,46.084567349164445,55.2475335262433
pig_12,B1,7,B1_p7,2026-07-07 14:00:00,2,2,58.396021019885936,40.52118249444409,38.99104806090172,39.86233325415185,39.53108355027273,43.600999841077154,38.47437700996079,41.42387567469821,51.01520867374176
pig_12,B1,7,B1_p7,2026-07-07 14:30:00,2,2,57.3603480891241,40.53779761225026,41.05396028500558,41.11980644836042,39.73465665734411,39.70247027359924,40.41883358924621,41.524546778668295,52.06921966720486
pig_12,B1,7,B1_p7,2026-07-07 15:00:00,2,2,72.15308527917615,40.553021299217434,47.32569855878026,46.15630550091641,53.01035331932497,46.254860251735884,55.36037890935298,48.140731284383634,69.18924297915882
pig_12,B1,7,B1_p7,2026-07-07 16:30:00,2,2,55.89395211495025,40.60421542023039,46.05039250178939,46.66817752991906,39.51952795279448,41.36593846459225,44.608856679220985,47.712645657628855,56.73984170779868
pig_12,B1,7,B1_p7,2026-07-07 17:00:00,2,2,54.98709396703411,40.6208192077951,44.60969432047725,46.95191665145511,38.96875847148853,40.044162992415394,42.94343285616042,45.90562421961167,54.87199295246948
pig_12,B1,7,B1_p7,2026-07-07 17:30:00,2,2,63.38433886971691,40.637413050163964,45.258422311006555,46.97302279658452,42.14756473081706,44.86154290069122,45.76533537993478,47.66602870779555,55.836846051110896
pig_12,B1,7,B1_p7,2026-07-07 18:00:00,2,2,56.66459035400352,40.65400770707776,43.2206368399449,44.06853510382395,39.38284720407934,41.79732961606263,42.00032600576837,41.99612719058668,54.11281700498538
pig_12,B1,7,B1_p7,2026-07-07 18:30:00,2,2,58.50046301410363,40.67060010636105,43.96613260046228,45.67535746341389,39.50281607488191,41.69422087524434,42.729807970175024,42.361039137829515,54.547339487044994
pig_12,B1,7,B1_p7,2026-07-07 19:00:00,2,2,62.07807244249367,40.68719332158858,44.28081850524049,45.98629187676458,42.06102197469991,42.76272991248758,44.81698345445754,47.97487330928304,57.83293892722868
pig_12,B1,7,B1_p7,2026-07-07 19:30:00,2,2,60.76199595118513,40.70377660236236,46.7755106530453,48.04817770034053,41.49524115179085,38.69769792170575,46.59253419259518,43.93077278776158,55.024562829356356
pig_12,B1,7,B1_p7,2026-07-07 20:00:00,2,2,60.00278439369819,40.720365309369825,42.77702549363404,44.56795307058849,42.08783967037022,42.797594070920375,43.49759293318604,47.12938646543909,56.21660687704995
pig_12,B1,7,B1_p7,2026-07-07 20:30:00,2,2,54.613515865884565,40.73695329943544,44.444125205426474,46.23072142481915,38.78839194666835,38.401882037605056,42.60144053493322,45.39535429160269,50.09815928089559
pig_12,B1,7,B1_p7,2026-07-07 21:00:00,2,2,56.64061826576858,40.75352982716055,45.568372774843596,48.98718509532745,39.67623997825301,41.2724198056609,44.20970692822778,45.597137546014146,52.71077909123008
pig_12,B1,7,B1_p7,2026-07-07 21:30:00,2,2,58.36326152041867,40.77010717764131,44.59848491187189,47.15376846843979,43.87002851102805,48.76994554892842,46.33443443285125,53.72844613903887,57.287055577298325
pig_12,B1,7,B1_p7,2026-07-07 22:00:00,2,2,58.72265594325344,40.78669149023206,43.794019615396984,45.60768597134406,40.720335562575485,40.875133070430856,43.37712293421568,44.81855232623228,54.11849067934132
pig_12,B1,7,B1_p7,2026-07-07 22:30:00,2,2,57.036513480452356,40.80325974428166,43.36642026052183,44.230322809681354,41.43489432636324,47.48003351510851,43.500953993698786,50.01318728129547,53.573249208419895
pig_12,B1,7,B1_p7,2026-07-07 23:00:00,2,2,54.35921553353206,40.819833427881534,43.638587549003404,45.77164450740173,39.34036244382328,40.05266520088462,42.23900887304666,42.87888468294457,52.12661075860991
pig_12,B1,7,B1_p7,2026-07-07 23:30:00,2,2,54.77978299525154,40.836403334553644,43.25284465713154,45.043325526569504,40.250583200591244,45.18418874050944,42.53882347483074,43.93536881610594,53.446174358555844
pig_12,B1,7,B1_p7,2026-07-08 00:00:00,2,2,54.91389088004067,40.85296639855797,42.66521530556692,42.901082854886454,39.70932518450851,41.847101799782706,41.6284025660722,41.607586998933044,51.52510829285637
pig_12,B1,7,B1_p7,2026-07-08 00:30:00,2,2,53.84866883174125,40.86953029193532,43.128178186400724,44.17260830815759,38.99126357915887,39.02678020488304,41.51358379704898,42.28026636877884,49.72419514759455
pig_12,B1,7,B1_p7,2026-07-08 01:00:00,2,2,53.08905873776787,40.88609501495426,41.894054298524985,41.22823544887433,40.63194819262024,44.971381512419676,41.58925192006055,42.45114791419752,50.46186854950338
pig_12,B1,7,B1_p7,2026-07-08 01:30:00,2,2,52.92841947563663,40.90265596792884,43.135714233059005,44.20841120337447,40.12599185826091,39.78885297528713,42.30839109654681,42.252827362870725,49.94189742013508
pig_12,B1,7,B1_p7,2026-07-08 02:00:00,2,2,51.43799075385897,40.91921468610018,44.5407380721398,46.248531695219064,40.043449425520876,40.98594919393054,43.47220255678565,44.62306346618723,49.80318212095037
pig_12,B1,7,B1_p7,2026-07-08 02:30:00,2,2,53.402330335577645,40.93577270387985,42.931580247258594,45.34048124783582,40.66160933002389,45.026022932699874,42.49110255275711,44.4982460663643,49.40448206577557
pig_12,B1,7,B1_p7,2026-07-08 03:00:00,2,2,52.60640511379893,40.95232542405953,41.51351112798875,41.54028571445427,40.92591750988845,39.77584471525509,41.425732262724125,42.615927741994334,49.70126404896922
pig_12,B1,7,B1_p7,2026-07-08 03:30:00,2,2,52.49413834658445,40.96888051183911,41.145851153909526,40.88848374173617,39.50838680041771,41.97118563362427,40.08451164880226,41.893788756476596,48.50791729789027
pig_12,B1,7,B1_p7,2026-07-08 04:00:00,2,2,47.85836763248282,40.98542724086681,43.5324516346464,44.42779054215883,40.953486372278945,39.80799558120678,43.19663281288452,44.210350006494664,49.65275319352227
pig_12,B1,7,B1_p7,2026-07-08 04:30:00,2,2,53.55739216087531,41.00197480759124,42.649972236342066,42.91948943112125,40.373883072869894,45.36738833883069,42.000319942957915,43.807621541504844,48.12230957859883
pig_12,B1,7,B1_p7,2026-07-08 05:00:00,2,2,50.9538223828623,41.01852168040038,38.30253311198718,36.94491296800837,40.14688038975582,41.08541814645597,38.01594731124608,37.84668737396736,45.356410510798725
pig_12,B1,7,B1_p7,2026-07-08 05:30:00,2,2,47.49414327240664,41.035064796838505,41.45924596938431,42.17504016355951,39.51605690381755,41.36094931008795,40.32586840096138,43.23640696659098,46.79131505739374
pig_12,B1,7,B1_p7,2026-07-08 06:00:00,2,2,46.9439958183218,41.051604159017565,41.99456998370442,41.39512959608716,40.66300593407519,38.62021102767145,41.60205355565925,41.719127880443736,48.19411451784413
pig_12,B1,7,B1_p7,2026-07-08 06:30:00,2,2,52.14429439779471,41.0681489565814,37.22204873411778,35.93346140640178,45.51986329864516,46.08161290164538,40.863566322369365,34.94903266455147,48.77468933554695
pig_12,B1,7,B1_p7,2026-07-08 07:00:00,2,2,53.45524513473356,41.084679284284725,38.51032902437888,37.00450036456847,40.65535125806527,40.315415298110416,38.52117347449701,38.65043771632953,45.2742570192262
pig_12,B1,7,B1_p7,2026-07-08 07:30:00,2,2,44.21662537274538,41.101215049530296,45.36314596646308,46.086924340504865,39.98532564616836,41.8722616596047,44.04496936368379,45.96646002644823,45.399582862545614
pig_12,B1,7,B1_p7,2026-07-08 08:00:00,2,2,47.89516970191593,41.116368871145994,58.452272413985185,44.42993163710968,46.62174154796292,43.90906836440977,60.240072549696976,38.05801418463997,52.17926057590351
pig_12,B1,7,B1_p7,2026-07-08 09:30:00,3,2,80.14751538846005,41.167331362796446,54.73585515348227,46.58095359287308,49.7729490522593,49.413697798170645,59.19351444765444,51.88644299512825,66.63224935730693
pig_12,B1,7,B1_p7,2026-07-08 10:00:00,3,2,61.02893587015552,41.183852997609975,48.61334659769475,47.71870601706272,40.5585380502703,45.568630803752555,47.25500267932912,49.5666655697143,56.502577223033114
pig_12,B1,7,B1_p7,2026-07-08 10:30:00,3,2,66.31567079759434,41.200375482634655,49.754702329717084,51.70087128499408,45.58112653824427,48.750167004915966,51.82143317875895,60.3505565584432,62.06573624822846
pig_12,B1,7,B1_p7,2026-07-08 11:00:00,3,2,64.2858111774659,41.21689575929729,47.65849872118494,50.34117317260165,41.02672884830329,44.774043281184774,46.73132780818058,53.032494472229686,56.80851435356088
pig_12,B1,7,B1_p7,2026-07-08 11:30:00,3,2,56.32340272612747,41.23341077065852,45.770079888389255,51.73764347565081,40.07104136844573,42.23680408512294,44.3850474754638,47.17549939390331,53.965464615703894
pig_12,B1,7,B1_p7,2026-07-08 12:00:00,3,2,60.44017880675816,41.249923577422436,42.90261825286417,43.17903387150901,40.28402528160155,44.385128977670874,42.011936320999354,44.139425714271255,53.38618405269834
pig_12,B1,7,B1_p7,2026-07-08 12:30:00,3,2,57.31406732347586,41.26643418105967,42.01681572053768,42.7297349724433,39.28668781439496,38.901012696882475,40.5153854857436,40.0139504134861,52.652304284407585
pig_12,B1,7,B1_p7,2026-07-08 13:00:00,3,2,57.04601096984727,41.282944111634556,41.61634084852336,42.05522243759326,39.668306943403365,42.87566080418073,40.42605325398791,42.8763124404265,52.44985671234343
pig_12,B1,7,B1_p7,2026-07-08 13:30:00,3,2,66.20159101492784,41.299456426786435,45.63001988435392,49.93780849772291,48.63757239834527,50.95939094091642,50.32100639008401,56.56104436531355,60.875775657227294
pig_12,B1,7,B1_p7,2026-07-08 14:00:00,3,2,60.41727372843184,41.31595890064437,43.33476640782345,45.76157565955688,41.41889819059292,38.08427124402084,43.15988492359114,42.087780098069736,54.03621029693899
pig_12,B1,7,B1_p7,2026-07-08 14:30:00,3,2,66.93995274126542,41.32834271846764,47.05889560861377,44.28846390578236,42.95852451457976,45.333505343210604,47.514860281701715,45.18600037301367,56.63769858111398
pig_12,B1,7,B1_p7,2026-07-08 15:30:00,3,2,71.2626413487865,41.3668383472692,48.48619710884704,47.978722463195,42.545849902464674,37.65836325628539,48.45030313714635,44.0700724181594,57.369316332151996
pig_12,B1,7,B1_p7,2026-07-08 16:00:00,3,2,69.74608044260063,41.381960588518844,49.84335119911741,49.96617849076992,46.13148795216877,46.26926012640078,52.18400253150392,56.967554935580964,62.78724141677591
pig_12,B1,7,B1_p7,2026-07-08 16:30:00,3,2,59.915358065611045,41.398456672395035,45.34655144601797,47.850755476840945,39.97528329273888,41.45603260852286,43.84822580996267,46.921623859143395,53.061757711726635
pig_12,B1,7,B1_p7,2026-07-08 17:00:00,3,2,63.332468512735176,41.41494445761348,43.983526329371784,44.89338288130235,42.20706084296213,39.37381599062563,44.231625341200804,47.37423973295384,56.36623504428701
pig_12,B1,7,B1_p7,2026-07-08 17:30:00,3,2,58.079324666099936,41.431437688962404,42.81382715048386,47.53265900334671,40.27100108399572,42.439649884091715,41.817898192437895,43.85452586274346,52.41459927198493
pig_12,B1,7,B1_p7,2026-07-08 18:00:00,3,2,58.33139982111714,41.44792720546812,45.32072290063595,47.937719526408685,41.24002313188019,45.02501346658099,44.69668733649791,48.20369099659945,53.406895442982886
pig_12,B1,7,B1_p7,2026-07-08 18:30:00,3,2,56.55906091651349,41.46441148282649,43.222653080479446,43.54318203479675,41.24292557514724,45.04292038883475,42.84887332524995,44.15126142769166,54.13402365923078
pig_12,B1,7,B1_p7,2026-07-08 19:00:00,3,2,57.97983112056466,41.48089815449924,41.41800676692699,41.485789318993,40.27420024512656,42.524912964997135,40.56680438511131,42.65550004278778,51.672712960935755
pig_12,B1,7,B1_p7,2026-07-08 19:30:00,3,2,57.55065125118162,41.497376538408886,43.5697710302935,46.09417511634487,42.34102093841225,39.452185420392325,43.91553984052598,48.142329683300915,54.932114843532325
pig_12,B1,7,B1_p7,2026-07-08 20:00:00,3,2,55.83278509336428,41.51385426720401,44.59014570774906,46.56974465002949,40.742874097442936,40.383407991168575,43.66321723435978,43.425483337430656,51.92443466858111
pig_12,B1,7,B1_p7,2026-07-08 20:30:00,3,2,54.66948496850258,41.530335918384054,43.42838974969916,43.61241151606439,39.53177566278631,41.900763846916234,41.772494505846524,41.209138159692245,50.40637356555381
pig_12,B1,7,B1_p7,2026-07-08 21:00:00,3,2,53.84040718625357,41.54680623744545,42.821206673364685,44.862341953312686,39.779626489993376,43.21771092703247,41.40666932041785,46.337627015500225,50.79740002316484
pig_12,B1,7,B1_p7,2026-07-08 21:30:00,3,2,55.880035589360276,41.56328048096604,42.291699012573176,43.03710739204458,40.77683645600168,40.43148830052659,41.64236653338667,43.49850707171249,51.94455913927767
pig_12,B1,7,B1_p7,2026-07-08 22:00:00,3,2,54.9017211824228,41.579751023218236,43.0500722565188,41.175179292546346,40.2547886211582,42.862948946592304,41.926224412899955,41.292216434151854,50.264719690095035
pig_12,B1,7,B1_p7,2026-07-08 22:30:00,3,2,58.84285329935901,41.59622091573909,42.89132096927247,44.91570004255913,43.554576093442236,46.49703929990534,44.126091909838266,49.11669606831908,54.652484891156874
pig_12,B1,7,B1_p7,2026-07-08 23:00:00,3,2,53.21553849701003,41.61268406117142,42.21083686025295,45.13197223387368,41.517034013957996,41.872998706418215,42.069227091746356,44.912555838912546,51.39160117509605
pig_12,B1,7,B1_p7,2026-07-08 23:30:00,3,2,52.32718415702806,41.629146560142004,43.81942035709524,44.99361681107693,41.67848602540286,42.22663843354238,43.58530944029257,43.27089082435029,52.8801768328086
pig_12,B1,7,B1_p7,2026-07-09 00:00:00,3,2,57.96178453133119,41.64560688933344,41.2569825730202,39.71916151874383,43.48090218599134,45.934511062484134,42.61112426510901,43.08605995097827,52.637089891859645
pig_12,B1,7,B1_p7,2026-07-09 00:30:00,3,2,50.15462203744896,41.66206505017485,41.489968210696404,46.39248454179471,40.95637608190562,43.29999707419082,41.008809932878854,44.44147898553417,50.02617793089536
pig_12,B1,7,B1_p7,2026-07-09 01:00:00,3,2,51.48421350629708,41.67852713906936,42.8156841349693,42.02729875336256,40.63850571020879,43.986507992907676,41.93561150382915,44.54634941791541,50.46901390799284
pig_12,B1,7,B1_p7,2026-07-09 01:30:00,3,2,50.39914211579453,41.69498249023298,41.89428379892915,41.61316082755062,42.28017586224984,48.60794687759248,42.28632875834332,47.515510254029905,51.88847188891556
pig_12,B1,7,B1_p7,2026-07-09 02:00:00,3,2,51.75541197424502,41.71143415358066,41.23808199717739,40.02690182146969,41.21307471609745,44.48733362879722,40.941532472743546,42.47535935772235,49.37937798429017
pig_12,B1,7,B1_p7,2026-07-09 02:30:00,3,2,52.96344733563221,41.727883654278685,40.47439012500938,39.21731127848963,40.562965525659564,42.358353039117205,39.79927696505601,41.43586067360009,50.15901823152957
pig_12,B1,7,B1_p7,2026-07-09 03:00:00,3,2,49.18525676957951,41.744335562576055,39.755268882508815,38.78148490466583,39.668734868181694,37.9798604849493,38.52234522499644,36.70634489983014,48.874612570812424
pig_12,B1,7,B1_p7,2026-07-09 03:30:00,3,2,51.395453026100434,41.760780741635344,37.89997984586873,36.539494503812534,40.329884268957926,41.818860588999115,37.35603530861017,35.604312105898785,47.833766250806555
pig_12,B1,7,B1_p7,2026-07-09 04:00:00,3,2,44.823533744299404,41.77722680738843,38.91435899854305,40.54207021214497,40.228157916446634,42.109005282466796,38.163631714060905,39.14624578593847,47.98325237489427
pig_12,B1,7,B1_p7,2026-07-09 04:30:00,3,2,46.379875425168436,41.79366767067965,40.95502882456745,43.134802440431244,40.305997050689285,42.8161512396999,39.999184557933006,42.87148782061047,49.04506616073354
pig_12,B1,7,B1_p7,2026-07-09 05:00:00,3,2,49.84993977956627,41.81010485626487,39.97761211900741,38.84586249583781,40.65387621361573,42.44181652674304,39.37985542288463,39.645868048813334,47.73153152964484
pig_12,B1,7,B1_p7,2026-07-09 05:30:00,3,2,48.27544766920856,41.82654445393202,39.802044501709624,38.857858928498885,41.474402711081474,45.1729198928924,39.80024226775599,39.681261358367124,47.778364678192716
pig_12,B1,7,B1_p7,2026-07-09 06:00:00,3,2,46.15489220277078,41.84298189806261,38.74152944058514,36.352312394076904,41.09662641438083,44.67180472538971,38.59150431171696,37.80656540393353,45.99673931828714
pig_12,B1,7,B1_p7,2026-07-09 06:30:00,3,2,45.2939840594817,41.859417190066445,38.98435773843684,40.62183061081045,40.6999589264576,42.49187392389397,38.51245568231814,40.053804054430145,46.126093792289225
pig_12,B1,7,B1_p7,2026-07-09 07:00:00,3,2,55.98339797806214,41.875844245964416,38.133091118198365,36.26956937833068,52.61400164014203,52.405282950698776,46.23662393631471,46.48487166263996,54.855005275640565
pig_12,B1,7,B1_p7,2026-07-09 07:30:00,3,2,43.089510397434324,41.89227675988106,43.81451151898296,43.99249784512416,41.813147340315794,41.98311568354458,43.52190353193871,44.7710831692517,47.13402013269774
pig_12,B1,7,B1_p7,2026-07-09 08:00:00,4,2,52.85263650675623,41.89945514935372,38.92927745245841,37.82759976911123,53.76611241778093,52.12369656506485,47.74111575677441,41.846281381841365,48.553439138769804
pig_12,B1,7,B1_p7,2026-07-09 08:30:00,4,2,46.57064169425492,41.843141464181876,43.36730413057273,41.348850185102656,42.78070790097174,47.082829589184925,43.8473163601712,46.54265069640721,41.18790144937648
pig_12,B1,7,B1_p7,2026-07-09 09:30:00,4,2,43.89512768014322,41.69646502693734,36.73161597410265,37.426642593009646,38.67657433597334,33.68566542673729,35.19232898940315,35.753864325740466,36.10418403226725
pig_12,B1,7,B1_p7,2026-07-09 10:00:00,4,2,41.86456025496335,41.64383281655482,36.62690357212438,36.80056329237755,41.42957738340209,45.23782634703292,37.091082289144985,36.866921582153715,38.06157741780712
pig_12,B1,7,B1_p7,2026-07-09 10:30:00,4,2,47.508410343881806,41.5736306908985,36.36106255203761,38.943633812183535,46.49860634477305,46.483566884691946,40.50741750276573,38.73953450805257,44.38707782679169
pig_12,B1,7,B1_p7,2026-07-09 11:00:00,4,2,40.492660753452476,41.50338902801943,33.95897717116037,34.50817834382485,41.593761428741175,38.25704079845424,34.95067243458211,31.30412493784331,38.8589658039587
pig_12,B1,7,B1_p7,2026-07-09 11:30:00,4,2,40.25980682804904,41.43310771633105,34.03231551471365,35.23207463089149,40.967824393147936,43.90654850820545,34.610838612015435,36.02731656511135,38.94839863898479
pig_12,B1,7,B1_p7,2026-07-09 12:00:00,4,2,37.960592988627695,41.362773617568614,34.515206781080494,34.03084531440432,39.893691788974564,42.37471534822315,34.31121843625094,31.988179202660422,36.11596461882455
pig_12,B1,7,B1_p7,2026-07-09 12:30:00,4,2,37.362666885204334,41.292432214086986,33.97802866767152,31.009667752415737,39.86846773882074,41.34986069405508,33.86353916525188,28.994810067383497,36.68484292768849
pig_12,B1,7,B1_p7,2026-07-09 13:00:00,4,2,40.647637267448914,41.22203128445658,33.26797558761084,32.552181940079095,41.203175755752504,40.0378024505207,34.23227580545384,34.15512664734075,38.08208359128183
pig_12,B1,7,B1_p7,2026-07-09 13:30:00,4,2,47.5976617456516,41.15157720560148,34.9569346944926,35.09092249849208,49.60788851134541,44.86785138288932,41.73762814368962,33.56550768702087,45.56987318944854
pig_12,B1,7,B1_p7,2026-07-09 14:00:00,4,2,42.22299414954628,41.081109008120286,34.87447208861398,35.03083260098788,43.04526869883855,45.92123750625397,37.03549683949962,37.05920922680796,40.77066544066493
pig_12,B1,7,B1_p7,2026-07-09 14:30:00,4,2,57.029852382095875,41.02233403701377,41.00870697731973,41.0271711305344,58.498459440994296,56.871043632183735,53.44996762600281,48.73549443082182,53.96024101173406
pig_12,B1,7,B1_p7,2026-07-09 15:00:00,4,2,38.9733419304407,40.940005803409214,33.04644695341207,32.32947227525349,38.81703424614487,35.98534546403183,32.50559146452915,27.427165553447203,35.27486024502256
pig_12,B1,7,B1_p7,2026-07-09 15:30:00,4,2,41.82310859743515,40.86941628585617,31.99830626669447,32.34980505789228,42.2713419604906,45.11766213491159,34.08665038232251,35.35224651454851,40.665673020750056
pig_12,B1,7,B1_p7,2026-07-09 16:30:00,4,2,51.35475696944931,40.728095500911785,37.39674809352506,35.034799788610684,54.742019409918356,47.578846261854274,47.78141596058185,44.59470479043319,51.275337499287374
pig_12,B1,7,B1_p7,2026-07-09 17:00:00,4,2,32.93959210651012,40.65735087433946,30.970565766409855,31.33171296669736,38.96129035917504,40.36639876668053,30.954012932962918,29.793024624624735,36.06560659004963
pig_12,B1,7,B1_p7,2026-07-09 17:30:00,4,2,39.52503963987631,40.58658485449312,31.573515683380883,31.61813781008619,45.888046867110965,43.34330044170034,36.45501729295933,37.52735123599622,42.28212091485319
pig_12,B1,7,B1_p7,2026-07-09 18:00:00,4,2,32.31013167524262,40.5157842400499,30.59990234686265,26.054620361368485,38.85995475581416,39.940619108999954,30.640146984496,26.529379988137084,33.85713675582205
pig_13,B2,1,B2_p1,2026-06-07 08:30:00,2,3,34.14646241751416,29.68486550663448,40.833628503289674,38.704282105510714,40.675231070501184,42.0851781479821,47.16087595485869,50.51733603588929,43.889790701130366
pig_13,B2,1,B2_p1,2026-06-07 09:00:00,2,3,27.0901985684945,29.695923873950854,42.28310213148103,32.95038932742877,41.96846462253139,38.57165346293408,49.33280958541572,44.2372031458537,44.26387749413974
pig_13,B2,1,B2_p1,2026-06-07 09:30:00,2,3,27.809176711465355,29.71040327635305,39.396712220495516,33.14749619209033,33.52552627916947,31.081735924514568,40.93029737367668,35.988308205090235,36.78897096699846
pig_13,B2,1,B2_p1,2026-06-07 10:30:00,2,3,27.171019485236684,29.736707267177906,33.51429448568463,36.86057245759839,29.685720965574983,30.6647722916777,33.048553562424594,38.27093533037718,30.891442797848086
pig_13,B2,1,B2_p1,2026-06-07 11:00:00,2,3,26.868843835785064,29.74985719268514,30.445684591129684,32.07066427062568,27.431980436764796,20.90739333413041,28.76401467336336,24.348895254012575,26.820812254697767
pig_13,B2,1,B2_p1,2026-06-07 11:30:00,2,3,27.065920028037503,29.763776805925175,28.542381264137447,27.153261542740573,27.445396922137547,20.91717566105667,27.078850101289074,25.14160231796799,25.93279457444862
pig_13,B2,1,B2_p1,2026-06-07 12:00:00,2,3,28.8396643723271,29.777694249576705,29.094494959875018,29.38455257975553,27.41573166464594,19.738850689720355,27.539501798577724,23.587289201821136,26.503432847093496
pig_13,B2,1,B2_p1,2026-06-07 12:30:00,2,3,30.69099736926952,29.790838140762776,29.086531078714707,29.397522937984828,30.7987655829617,33.4497161626117,29.86358508966331,30.653132375964276,30.557807664080265
pig_13,B2,1,B2_p1,2026-06-07 13:00:00,2,3,27.795807310164918,29.802433347370467,31.6581753223971,33.66132761076566,33.36293232046687,29.545051863047995,33.90810689114521,38.2327713937673,32.50138211170325
pig_13,B2,1,B2_p1,2026-06-07 13:30:00,2,3,26.024022264621006,29.82098104298443,30.333800014889622,29.39636320582458,33.25492586971439,29.563439375989212,32.64928271975726,32.93556712770117,33.31239255958029
pig_13,B2,1,B2_p1,2026-06-07 14:00:00,2,3,27.347248358505176,29.829479214453468,29.225605031366094,28.958025857106094,31.755141115438995,33.44543465647552,30.625653560849106,30.245075063906363,30.499778365106756
pig_13,B2,1,B2_p1,2026-06-07 16:00:00,2,3,28.753589936214667,29.88587283425894,34.40159212640229,35.21282919896157,31.199638219612343,35.51947532965352,34.795201458121305,36.43400130019404,33.73745854479574
pig_13,B2,1,B2_p1,2026-06-07 16:30:00,2,3,20.70705797021403,29.899771305116932,33.18329933156285,36.2874903584147,27.981511941384607,26.262079653237777,31.482995119474417,34.78930636929037,28.574824202085072
pig_13,B2,1,B2_p1,2026-06-07 17:00:00,2,3,21.23366430835613,29.912898021121368,33.42086931080334,33.40038759416506,31.69223588120306,34.14793986019899,34.25117685408716,34.34131672673432,32.54400415126283
pig_13,B2,1,B2_p1,2026-06-07 17:30:00,2,3,20.108781693999283,29.926019679471345,31.40740102493661,31.5117892785673,34.112576348541815,34.96404886930071,34.132795214877575,36.97377201401103,33.227486809977634
pig_13,B2,1,B2_p1,2026-06-07 18:00:00,2,3,26.2115551440212,29.9399136076043,31.373077662743878,32.15464878833433,29.39328126709198,32.19878544501901,30.83186150252962,33.55843931965587,27.957140737890327
pig_13,B2,1,B2_p1,2026-06-07 18:30:00,2,3,21.211886339013876,29.95380538686228,30.406610146046432,32.44422505193287,29.53092853229621,29.96894331325292,30.062669169947497,31.687031329268837,27.575955859981576
pig_13,B2,1,B2_p1,2026-06-07 19:00:00,2,3,21.686389030810275,29.96769167347442,31.12605409929392,32.88259438930261,26.877520735868153,21.004408956110773,28.857778335402898,26.285195186806,25.73950306120426
pig_13,B2,1,B2_p1,2026-06-07 19:30:00,2,3,28.618958116480528,29.980809304082605,32.33281521182136,34.46076276738578,26.788344852049025,21.01360312698091,29.85779531007002,28.08049216286757,25.444674830793673
pig_13,B2,1,B2_p1,2026-06-07 20:00:00,2,3,29.066884812990267,29.993919378062422,29.746116659197543,32.448030883524424,27.49199449168121,21.022792001396645,28.044748273957385,23.417715362651744,24.857906880914005
pig_13,B2,1,B2_p1,2026-06-07 20:30:00,2,3,23.824460527101994,30.00780448920905,28.719112196800637,29.69980097630652,27.98503015753193,24.394590493093474,27.46760550869883,26.92557271240573,24.59871514514454
pig_13,B2,1,B2_p1,2026-06-07 21:00:00,2,3,19.876646367127265,30.02168244392439,30.409879238680016,32.04275340565452,27.354892969201448,21.042251184159003,28.522059711660567,23.584594232586298,23.917073866452927
pig_13,B2,1,B2_p1,2026-06-07 21:30:00,2,3,27.949034556392498,30.03555993199599,32.69465062252563,34.39390440005334,28.903378904190134,27.98863927361176,31.608931766849544,32.64426795018301,25.817477261876064
pig_13,B2,1,B2_p1,2026-06-07 22:00:00,2,3,29.849245834370002,30.048664648774526,35.43244146404663,32.81371143936464,27.82549503491504,22.319010002967335,33.28200528654789,22.041821735403264,24.395007095515844
pig_13,B2,1,B2_p1,2026-06-07 22:30:00,2,3,35.17032833494993,30.061769549480424,33.473178748355565,33.72367667819488,28.388899783675335,26.169411850979564,31.927941713688554,33.88732688113902,24.060808748693162
pig_13,B2,1,B2_p1,2026-06-07 23:00:00,2,3,22.017942491339358,30.075640868204275,35.36908824013483,34.99816076924759,28.13197756604928,28.916402032932517,33.422171760708096,26.56464982144132,23.43426224396108
pig_13,B2,1,B2_p1,2026-06-07 23:30:00,2,3,18.39151492568619,30.089509219477446,32.80920666868366,34.90451456678229,28.08826337638197,25.93952324075444,31.1157870856717,35.608179590663404,23.149337719987585
pig_13,B2,1,B2_p1,2026-06-08 00:00:00,2,3,21.87401541182006,30.10260871147594,31.854132185500227,33.657600096011194,28.042968535021927,24.235816347598238,30.230676991573773,34.84658316633079,21.988137547553514
pig_13,B2,1,B2_p1,2026-06-08 00:30:00,2,3,22.605250865147433,30.11570317242348,33.5058645711548,33.43149759578645,28.8207917315507,29.402290626902882,32.224335646625704,33.05473220546015,22.680330368917865
pig_13,B2,1,B2_p1,2026-06-08 01:00:00,2,3,21.44382353495334,30.129565373261528,34.05382415395762,37.393156562898746,29.04677417853139,30.944495827171718,32.858070574381046,37.03991414406922,23.372645308209133
pig_13,B2,1,B2_p1,2026-06-08 01:30:00,2,3,24.957137694337483,30.143429622136253,32.612520472570864,32.39076068486443,29.11380190259448,29.897795801995372,31.61935020403712,30.50313743957737,27.185721981674305
pig_13,B2,1,B2_p1,2026-06-08 02:00:00,2,3,23.600627466284916,30.157286738141174,33.8507095570229,35.56548681988867,28.599340080377026,27.028078876849357,32.352781870900095,35.61915017058421,31.379585397313917
pig_13,B2,1,B2_p1,2026-06-08 02:30:00,2,3,24.28197817552949,30.170375368961242,33.225695420882175,34.062021491433995,28.21170716292471,26.019815059644245,31.523462697854484,34.66325564739827,30.421178932451674
pig_13,B2,1,B2_p1,2026-06-08 03:00:00,2,3,24.440021812501367,30.18346189874442,30.311055306641542,32.89081560363634,30.38206982087455,32.09140907057209,30.433814594945083,35.95687714714746,33.778358182174514
pig_13,B2,1,B2_p1,2026-06-08 03:30:00,2,3,23.189757727943594,30.19731622462145,29.811606899363213,31.921202922962365,27.35291448199749,21.165353216723435,27.889196353718532,23.50981051142987,29.90259386795658
pig_13,B2,1,B2_p1,2026-06-08 04:00:00,2,3,27.990628623436617,30.211165929749882,29.48601907998566,29.812301325885016,26.96237656521148,21.175060499940606,27.3227332336331,24.689523822734316,29.634398587099952
pig_13,B2,1,B2_p1,2026-06-08 04:30:00,2,3,26.656923122763057,30.224244066896823,29.552211618966325,29.82520679819656,27.3572931201144,21.18422698977277,27.646841922661075,24.700211691563908,29.585387733221502
pig_13,B2,1,B2_p1,2026-06-08 05:00:00,2,3,24.62134058932437,30.23732302805669,26.013684723860273,27.079268363863175,27.635413580250184,21.19339405715708,24.696281825586063,25.15253157070029,28.894814762020765
pig_13,B2,1,B2_p1,2026-06-08 05:30:00,2,3,25.213425652610194,30.251167457940973,26.034183588458465,27.09166685005963,28.28565765018515,26.089492522646502,25.155972363914373,24.048990675597537,29.35630669136921
pig_13,B2,1,B2_p1,2026-06-08 06:00:00,2,3,23.24381738751406,30.265010609792228,26.13676831104352,28.50318921149211,28.120373209890097,25.49419265491423,25.124611245955293,26.774263910224064,29.12880920438547
pig_13,B2,1,B2_p1,2026-06-08 06:30:00,2,3,24.23010756401365,30.278851651355655,25.45407090048341,27.104210662637115,30.267328723150527,31.01776048079135,25.99593660243817,25.259338605691084,31.456931893707164
pig_13,B2,1,B2_p1,2026-06-08 07:00:00,2,3,22.13553650965671,30.291921705756756,25.939810937297665,26.232365759903963,27.742063902409562,21.231662368489516,24.67303262031856,25.1578665469007,28.173308563223628
pig_13,B2,1,B2_p1,2026-06-08 11:00:00,3,3,26.679355202547068,30.398827396219296,30.496811032875428,31.01686228062789,28.424410220889683,26.216838776670016,29.12070869659907,27.814846515012714,32.68873727462666
pig_13,B2,1,B2_p1,2026-06-08 11:30:00,3,3,25.35809011723332,30.412313535740644,29.362885910783703,29.674953748542833,27.488214802860035,21.316045218510443,27.461017250764783,26.56088747404347,31.876130323850745
pig_13,B2,1,B2_p1,2026-06-08 12:00:00,3,3,26.481273772160883,30.425790192857566,29.8273437706874,29.536915907695217,28.888789509714115,30.422870462556983,28.832997340218107,28.142330933134033,34.10987768249295
pig_13,B2,1,B2_p1,2026-06-08 12:30:00,3,3,25.65939290743917,30.439271100628346,30.319405890153597,30.921423654381563,28.5661173545787,28.121452358602085,29.038134104219857,27.336870227264768,32.446738073438
pig_13,B2,1,B2_p1,2026-06-08 13:00:00,3,3,23.851110519768373,30.452748770716354,29.720915010490508,30.050694655914153,28.517089084902217,26.556588388134536,28.46617207353702,29.120961130105457,32.740960370543
pig_13,B2,1,B2_p1,2026-06-08 13:30:00,3,3,29.31293500006103,30.466226948110325,30.14695941699935,32.395982868227875,34.785290433761304,34.95330776149275,33.16915881627939,32.73878521636649,40.17426591658161
pig_13,B2,1,B2_p1,2026-06-08 14:00:00,3,3,24.643521278967278,30.47970189075494,33.698749137750056,35.37332511933612,29.925949525467463,32.41960168088819,32.9490917212528,33.167225796254854,36.34768586088789
pig_13,B2,1,B2_p1,2026-06-08 15:30:00,3,3,36.20188761312671,30.520107330333214,35.847348991015195,34.782146675915,36.03460590528975,32.50583754630798,39.05248997130236,39.112268978743444,45.94380016169626
pig_13,B2,1,B2_p1,2026-06-08 16:00:00,3,3,27.135722735558375,30.53357683453705,33.915301593811165,37.05670065782614,30.574022226803148,31.278701840500826,33.55788085194268,33.517128038252714,39.61193738719059
pig_13,B2,1,B2_p1,2026-06-08 16:30:00,3,3,30.075466487791005,30.547040618732517,30.894307108265302,32.54825851980083,29.718111382152934,32.377712687188584,30.28168482429591,34.37550061405089,34.797059082732694
pig_13,B2,1,B2_p1,2026-06-08 17:00:00,3,3,26.12564771579445,30.56050117876626,31.315033385092036,32.77767348998622,28.586601218413854,29.382573833941258,29.864468382760474,29.85465506805828,33.12704028101405
pig_13,B2,1,B2_p1,2026-06-08 17:30:00,3,3,32.29812906374885,30.57395727044964,34.60272682953439,38.94335531330261,40.778871217859326,39.62345130791587,41.198376893318056,40.35108671288557,45.09566143588221
pig_13,B2,1,B2_p1,2026-06-08 18:00:00,3,3,28.233127380881022,30.587417618373458,30.78771878193743,33.37611423846117,29.052770286854845,30.176994701625254,29.703974038224104,30.87589708027196,32.93505384824313
pig_13,B2,1,B2_p1,2026-06-08 18:30:00,3,3,28.41902434607752,30.600872254654966,30.22764123120698,32.347796923225935,29.38392840900198,31.14588706908346,29.428888054656195,33.11296572879871,32.32523271351479
pig_13,B2,1,B2_p1,2026-06-08 19:00:00,3,3,25.549360574119444,30.614327410589663,29.708558735542073,29.49771145715173,27.501029799654248,21.45763710648002,27.659523465047815,26.182950340906547,29.27247998660474
pig_13,B2,1,B2_p1,2026-06-08 19:30:00,3,3,26.15881460740973,30.627785577444246,31.379561723611637,32.84983938929318,27.50921462483427,21.46706995981732,29.137987259442525,25.756129271643914,30.84137902722787
pig_13,B2,1,B2_p1,2026-06-08 20:00:00,3,3,27.49596954562623,30.641228075327163,29.78708187127605,29.523630956730802,28.28577515291093,23.334953803322875,28.256070007344487,26.715316068821622,30.108410043563268
pig_13,B2,1,B2_p1,2026-06-08 20:30:00,3,3,26.19480127617644,30.654681058672452,29.093616655784935,28.600957070844714,27.971115213972674,21.485921050950527,27.41633709116406,27.46500481510824,29.417512212684226
pig_13,B2,1,B2_p1,2026-06-08 21:00:00,3,3,27.82683433035384,30.66812709468313,31.347132401696506,33.06056904717832,28.92463812562,26.82754161868658,30.064460070203996,29.542753935254893,29.71633154355893
pig_13,B2,1,B2_p1,2026-06-08 21:30:00,3,3,27.46136998021617,30.678206597889982,29.655801461508013,29.348201149628473,28.01821657304225,21.502410143671522,27.93343455143504,26.50524740161362,27.82328504545613
pig_13,B2,1,B2_p1,2026-06-09 11:00:00,4,3,34.873457826980854,30.664746173975686,24.73246639197928,22.549316333403965,33.94571479532976,35.13693826677954,27.676677915257013,24.279699697224906,27.931195783166984
pig_13,B2,1,B2_p1,2026-06-09 11:30:00,4,3,49.601162840821715,30.62701433125102,30.241372980266462,32.37543138337607,52.62521448320433,40.74022574727943,45.49291634403458,33.43995249231748,41.6855933953522
pig_13,B2,1,B2_p1,2026-06-09 12:00:00,4,3,32.8611668345927,30.589263490716135,24.786796925797578,24.948435977801484,30.872056309309034,35.20605441301496,25.643543310764407,29.06603498797288,24.322809184183765
pig_13,B2,1,B2_p1,2026-06-09 12:30:00,4,3,42.802436147862956,30.551490118225207,28.829769753841656,28.9074460042551,40.964460086672574,39.59433417059806,36.22457658536822,32.881977539013576,34.091765768210884
pig_13,B2,1,B2_p1,2026-06-09 13:00:00,4,3,31.557879835728954,30.513704671220083,26.086965479191658,26.424426597967084,28.509213816615752,26.315912302057818,25.205709931538763,24.523832338962254,19.97874981045737
pig_13,B2,1,B2_p1,2026-06-09 13:30:00,4,3,43.181112539339516,30.47589311859805,28.739293047188873,28.03267672369507,41.12505025341949,37.5169675580232,36.29907433321795,32.619523225659236,33.090696435457744
pig_13,B2,1,B2_p1,2026-06-09 14:00:00,4,3,30.41211251166215,30.438065921855753,25.390179868212122,26.438908162852,28.02820870821474,20.17659371070736,24.299475981695565,21.51309242594614,19.212045546771023
pig_13,B2,1,B2_p1,2026-06-09 14:30:00,4,3,32.65250872989233,30.400251078358387,25.75718010915258,23.101133569588605,29.04073543269906,30.52365083638097,25.34645611038892,25.709589486397228,21.42527265887652
pig_13,B2,1,B2_p1,2026-06-09 16:00:00,4,3,51.67286590519296,30.283495322598355,32.12727631703504,34.58563613699675,57.425100543495255,40.283274840814116,50.68044691378405,38.54704645018681,42.96912003665808
pig_13,B2,1,B2_p1,2026-06-09 16:30:00,4,3,40.90481290015972,30.24876081920015,24.77760144756528,23.20677855269126,37.55322268985099,35.43365368726347,30.45074849455274,31.382724440907534,29.82962039912347
pig_13,B2,1,B2_p1,2026-06-09 17:00:00,4,3,30.005639792665534,30.210849633702267,23.839214672083468,20.920270664172772,27.85911094070041,21.231366327546183,22.939543072322955,16.848709462539386,17.295743747199683
pig_13,B2,1,B2_p1,2026-06-09 17:30:00,4,3,31.048667115575505,30.17291907098477,24.100199348457597,21.055927181752875,27.970300063595413,22.883824876279892,23.269551457152154,19.367718728819714,17.496111409726073
pig_13,B2,1,B2_p1,2026-06-09 18:00:00,4,3,29.35772042986602,30.134972607349575,24.09046908559564,21.029446549460452,27.19572809955228,21.121656463324815,22.747368435273287,19.8492405501967,18.53320581946303
pig_13,B2,1,B2_p1,2026-06-09 18:30:00,4,3,30.485410698248835,30.097024271210657,23.615864126215637,20.80789948315595,27.75895273950856,21.15137294775957,22.7381222652583,16.78522861094659,16.221802594576197
pig_13,B2,1,B2_p1,2026-06-09 19:00:00,4,3,28.610905624020283,30.059045911377723,24.438080863840902,20.40379530980743,27.48790066239409,21.068439305651946,23.30118483551367,20.35673375001921,17.157317924095693
pig_13,B2,1,B2_p1,2026-06-09 19:30:00,4,3,35.632768763504856,30.021062105340917,31.439549536393756,32.241800056658604,37.989830255811185,39.08781437581304,36.78679516263948,33.06639111745689,32.27227003380753
pig_13,B2,1,B2_p1,2026-06-09 20:00:00,4,3,47.3269046286091,29.983055233216874,24.27105576648418,24.454015838983004,46.342347901062574,39.883627753685396,36.2313522253922,30.47224801679862,33.107486447326025
pig_13,B2,1,B2_p1,2026-06-09 20:30:00,4,3,29.28550648425194,29.945028773591446,22.769429432287346,19.704473125740805,27.50356031819173,20.672983542495466,21.899346385382433,17.987317548926992,17.754818374962216
pig_13,B2,1,B2_p1,2026-06-09 21:00:00,4,3,28.4775443408765,29.90699325661213,22.446001925218592,19.851961074684304,27.26269562156501,20.961865326636218,21.46822410243293,18.146882045152164,17.075593959120297
pig_13,B2,1,B2_p1,2026-06-09 21:30:00,4,3,29.342418526973987,29.868927510846532,24.46377746529124,22.915371326901585,27.36183345234952,20.93518497701197,23.346566463234645,21.049001869290535,16.783480283845165
pig_13,B2,1,B2_p1,2026-06-09 22:00:00,4,3,37.11595054125121,29.830870268658636,23.894939315559547,20.817231195546135,40.472922127656005,36.72292023540041,31.928364057825306,27.137081501495402,30.12252115257199
pig_13,B2,1,B2_p1,2026-06-09 22:30:00,4,3,33.34734008935289,29.7895939216628,22.323490914658557,19.774032577907292,26.898149129887564,20.879579921763543,21.175440092858516,18.075646803774838,15.94607242763204
pig_13,B2,1,B2_p1,2026-06-09 23:00:00,4,3,29.257683178059352,29.754671888128165,22.796267293693155,22.203846229949008,27.45125281989401,20.91077697159662,21.996867797927642,16.983483235460202,17.06611603686391
pig_13,B2,1,B2_p1,2026-06-09 23:30:00,4,3,28.184254492022646,29.716555363211363,23.934832313703858,21.8520643680674,26.90214839247842,20.82838706486971,22.648086772827547,20.176228651928938,16.679246683444433
pig_13,B2,1,B2_p1,2026-06-10 00:00:00,4,3,29.5063871768064,29.678415470545218,22.883513715303227,22.562026317283987,26.68285126392422,20.801654745549605,21.586993965469283,18.263548235241046,17.12688382603541
pig_13,B2,1,B2_p1,2026-06-10 00:30:00,4,3,28.571098628833656,29.640248632695396,23.429962863712706,20.525143498699244,26.61737972593314,20.77490354030183,22.047944285883506,17.85237181212488,16.153334939511048
pig_13,B2,1,B2_p1,2026-06-10 01:00:00,4,3,29.752496741390843,29.602093685187818,22.892486288200594,21.651997228256864,28.470874058529017,30.89077095283271,22.875088143249684,20.611941917322767,18.33624301406926
pig_13,B2,1,B2_p1,2026-06-10 01:30:00,4,3,27.78477781821343,29.56389404600423,22.999643719188732,21.74782416392851,26.57881095564903,20.721386473254732,21.684084661041716,17.888626347164454,16.85577641710626
pig_13,B2,1,B2_p1,2026-06-10 02:00:00,4,3,28.700563580087255,29.525706250921935,23.388245392840123,21.85998512035625,26.447645440287715,20.694620579045043,21.95977292885583,18.58108472687818,17.001957687005213
pig_13,B2,1,B2_p1,2026-06-10 02:30:00,4,3,28.24838035372439,29.48747720847532,22.25333487439971,19.264867649533503,27.531518600191077,25.420524302381626,21.725561635180558,19.35695128336224,17.088506954295998
pig_13,B2,1,B2_p1,2026-06-10 03:00:00,4,3,26.71723090188734,29.449242261314033,22.09981641317811,19.548110571807463,26.523349014214492,20.64102683129697,20.914654478793427,17.869129171553308,15.861933759813185
pig_13,B2,1,B2_p1,2026-06-10 03:30:00,4,3,27.635104544373164,29.41099430231261,23.52736970314261,20.524224153305674,26.820867446995017,20.614218768088236,22.407284144783628,19.37237203874839,16.295699750343566
pig_13,B2,1,B2_p1,2026-06-10 04:00:00,4,3,27.358070910447672,29.37272621196295,22.715297540047242,21.48422990925124,26.99769331109445,20.27788619504166,21.832091428644823,17.673157554447407,16.61809850319989
pig_13,B2,1,B2_p1,2026-06-10 04:30:00,4,3,27.57586574708343,29.33444858656746,22.61698381531098,22.300536956563825,26.542222454652062,20.56056773834368,21.45220918190071,18.051877373530523,16.71378575386801
pig_13,B2,1,B2_p1,2026-06-10 05:00:00,4,3,27.031847486832078,29.296136568837074,24.800404420914088,22.26211757939732,26.63146332983412,20.533714776256677,23.470620021837973,22.584615752925448,17.06423010262447
pig_13,B2,1,B2_p1,2026-06-10 05:30:00,4,3,27.168026848609337,29.25782203794978,27.23440385832575,26.142546410512875,27.12401013517934,22.189794570510983,25.98986498946155,25.33813570086365,19.854141170504114
pig_13,B2,1,B2_p1,2026-06-10 06:00:00,4,3,28.72089440284841,29.219480123954423,26.318472416888746,26.603216556215813,27.10221141761449,22.160715194954815,25.185380072411597,23.71687247397863,18.32258550765836
pig_13,B2,1,B2_p1,2026-06-10 06:30:00,4,3,29.798989188784724,29.18113919106326,26.373285817414963,24.34201510252897,28.566724101969278,30.830566217688904,26.26851671026008,24.175407764235352,20.879638443779307
pig_13,B2,1,B2_p1,2026-06-10 07:00:00,4,3,27.32863910466518,29.142770798605046,25.502780627714976,25.86033185562484,27.23210193728776,25.13357879151279,24.596727391936504,25.723530357320733,17.6874308278509
pig_13,B2,1,B2_p1,2026-06-10 07:30:00,4,3,27.377506351096407,29.104382005598055,24.28261826925079,25.280452606880186,26.965467373658626,23.006312428025673,23.353451063553265,21.195460662695655,16.524036136308272
pig_13,B2,1,B2_p1,2026-06-10 08:00:00,4,3,28.581634629623963,29.06596921376672,22.49528656579116,21.259857209626396,28.154281098147536,30.6734775348789,22.613821095651264,20.946602972872327,19.577108028005135
pig_13,B1,3,B1_p3,2026-06-17 09:30:00,2,3,48.18602978229609,32.671109864554744,37.847593334461095,38.48134013596335,32.410224573132794,33.04950838360795,37.07732884534649,40.610651310309535,39.95219402358713
pig_13,B1,3,B1_p3,2026-06-17 10:00:00,2,3,47.59889412957698,32.690046504020515,35.17430230712129,36.252619774294246,31.35210355903589,32.64187521692449,33.9662621635571,33.00132941992726,38.992675764200186
pig_13,B1,3,B1_p3,2026-06-17 10:30:00,2,3,48.25619761487461,32.70898124054772,35.064376631636534,40.650587460070156,31.364868871424193,34.44030170766713,33.86675642010453,33.87483765215637,39.280778287457366
pig_13,B1,3,B1_p3,2026-06-17 11:00:00,2,3,47.33017768368567,32.72790706646096,34.917194919821064,38.243116549917715,35.585158826509534,33.97429488240451,36.6429531580737,39.79004588378935,44.323714270597954
pig_13,B1,3,B1_p3,2026-06-17 11:30:00,2,3,46.961686008689796,32.74683274936642,35.43646985787824,35.188259467100345,32.3796593265969,37.6729846761168,34.87612803639467,38.55241897412495,40.68116179826726
pig_13,B1,3,B1_p3,2026-06-17 12:00:00,2,3,48.720374790737424,32.76575303513637,36.69694444296397,42.087074135523835,32.99130045976283,34.769138131963786,36.40486957977481,43.405172621777325,40.49308761476115
pig_13,B1,3,B1_p3,2026-06-17 12:30:00,2,3,50.76568583290084,32.78467493442913,36.69972501589697,42.11137900583966,37.366116427779964,38.30395718672359,39.420766697775974,44.45897855568292,46.83132405290719
pig_13,B1,3,B1_p3,2026-06-17 13:00:00,2,3,48.046397063426966,32.80358969172448,33.19176319236411,34.95264012609363,31.896707242017253,35.72312327395346,32.520589242190376,36.914862937637245,39.0583759241513
pig_13,B1,3,B1_p3,2026-06-17 13:30:00,2,3,46.58913402527452,32.822499063400194,31.793973713107512,31.399531184212528,30.76871120361018,29.13597261647982,30.49137843086273,31.436134226965876,36.61357842506281
pig_13,B1,3,B1_p3,2026-06-17 14:00:00,2,3,46.605760458678716,32.84140480447976,32.02115394327426,32.407814325113144,35.795781238161375,33.72005278706159,34.15702231862815,31.133915296634697,43.18222673677603
pig_13,B1,3,B1_p3,2026-06-17 14:30:00,2,3,52.82214024363054,32.8571582763917,39.75157563290455,38.16649010915573,36.10359325844268,36.758852897315954,41.210184296169636,46.66076272941998,43.923013539236045
pig_13,B1,3,B1_p3,2026-06-17 16:00:00,2,3,52.36324955874019,32.92014963499382,39.205892637196634,36.32220831788511,31.87141717488093,34.477613034155496,37.7645696796209,35.308651437613335,41.85302950201211
pig_13,B1,3,B1_p3,2026-06-17 16:30:00,2,3,52.63641889857844,32.935891414571316,38.38545860173112,37.609848395068646,34.25752451091803,38.18923752861588,38.67808573656002,40.39736313593794,43.28112786588149
pig_13,B1,3,B1_p3,2026-06-17 17:00:00,2,3,52.48068692941033,32.95477369414603,36.582066587561556,39.99515650092648,31.655107744473128,31.983423001452472,35.2702273330999,36.98147581490289,39.83877447234662
pig_13,B1,3,B1_p3,2026-06-17 17:30:00,2,3,50.559614477507516,32.97366110895857,35.70318460101957,36.81307993324594,32.65451814755255,34.77971255512167,35.17150131228547,37.18115987707035,41.0284890090302
pig_13,B1,3,B1_p3,2026-06-17 18:00:00,2,3,49.52366586238543,32.99253792680839,34.618262389081664,34.740801284305356,31.317709516217157,28.875560993847692,33.275167811461245,32.80548798920623,37.33599317657799
pig_13,B1,3,B1_p3,2026-06-17 18:30:00,2,3,46.316624751716816,33.01140765016338,35.03754165871967,37.28580800274584,30.846586816487957,28.470004479939284,33.3100793346986,40.05223206670352,35.39483305101159
pig_13,B1,3,B1_p3,2026-06-17 19:00:00,2,3,52.94473426634187,33.03028251472847,35.978752300640046,37.82317964740635,34.15476457758848,37.08702553677983,36.420111635141296,39.61506886599225,41.64760074037134
pig_13,B1,3,B1_p3,2026-06-17 19:30:00,2,3,50.15519732556683,33.04915029098607,35.860596496604096,36.89735899715974,30.69859963100562,27.839455120726214,33.91524300277093,36.656278931335095,37.19420748811676
pig_13,B1,3,B1_p3,2026-06-17 20:00:00,2,3,50.48346508700345,33.068010984349854,34.00262078279753,35.18994770117982,32.576791833500565,33.66027781837461,33.55652756816502,34.967604421339345,39.62448209637684
pig_13,B1,3,B1_p3,2026-06-17 20:30:00,2,3,46.65067008923813,33.08686983878164,34.42159344431922,36.126143800646815,31.048134947757283,30.567447912619663,32.86008878185809,34.362574029978944,36.77445563759968
pig_13,B1,3,B1_p3,2026-06-17 21:00:00,2,3,49.96967402641252,33.105730348400215,33.79316873955511,31.81557081541216,31.97836223485386,32.30950547574231,32.93546644211107,33.03106886967352,39.04410375638215
pig_13,B1,3,B1_p3,2026-06-17 21:30:00,2,3,45.52244338843701,33.12458204048541,33.092922314424804,34.62908966620375,31.463498056915558,32.68011537295756,31.948204778466,32.161066624617696,36.53125836867939
pig_13,B1,3,B1_p3,2026-06-17 22:00:00,2,3,45.13643058527258,33.14342841179704,34.662772911643756,34.144169310958844,31.907126852466224,29.700861784466404,33.63495978144644,33.055985056353656,38.21211190143505
pig_13,B1,3,B1_p3,2026-06-17 22:30:00,2,3,49.451547660052746,33.1622747012999,34.8776930243207,35.83045087576906,33.2378228139766,31.19164163436598,34.73443132395363,36.777281203514136,38.86238360423282
pig_13,B1,3,B1_p3,2026-06-17 23:00:00,2,3,42.14495302765014,33.18111916586235,36.71361676718284,38.508464429355094,31.896471658018513,34.62560327697976,35.42296278926256,36.378915709167444,37.056375311291454
pig_13,B1,3,B1_p3,2026-06-17 23:30:00,2,3,43.22160507763729,33.199958319469815,38.076100281258064,42.33431653695176,31.71953103854518,33.33472256245,36.49698000708203,35.34811294374063,36.73589975580401
pig_13,B1,3,B1_p3,2026-06-18 00:00:00,2,3,46.706325171227085,33.21879565422709,37.268462853784435,39.81440044074372,33.308850773703924,31.244803889501288,36.86921919045268,40.19949362786052,39.62467607089554
pig_13,B1,3,B1_p3,2026-06-18 00:30:00,2,3,46.00362008544001,33.237627685428286,37.61051251021841,42.336186097046294,32.237159315967546,33.957176150595785,36.42054420962113,40.458557971545694,37.966944971252765
pig_13,B1,3,B1_p3,2026-06-18 01:00:00,2,3,45.351864635961526,33.25645267420934,39.43560411006136,38.42296997689841,32.12504261227938,32.45660278366447,37.94927239092242,34.283127647502226,37.25642721662378
pig_13,B1,3,B1_p3,2026-06-18 01:30:00,2,3,44.023165778615976,33.275279340318036,38.99730191781144,37.92207000355755,32.98551800715265,33.66067538213168,38.144905513076345,40.74084182075899,36.96057708834333
pig_13,B1,3,B1_p3,2026-06-18 02:00:00,2,3,47.452801182686144,33.29410419903405,38.61584640574873,39.215127784661675,32.172542327501695,32.656819959283446,37.23403313512343,35.044304965255215,37.05126067258994
pig_13,B1,3,B1_p3,2026-06-18 02:30:00,2,3,43.54446737885657,33.312923768262536,40.74788184409636,36.91850592714148,32.126133400409515,34.21395621765983,39.080153491319564,35.98794676082888,35.31339965763206
pig_13,B1,3,B1_p3,2026-06-18 03:00:00,2,3,42.762398459555165,33.33173631042733,37.530062494637235,41.316843535133934,32.379109677195046,32.45841561365255,36.393060396817944,39.672018283115776,38.38596480280485
pig_13,B1,3,B1_p3,2026-06-18 03:30:00,2,3,46.92498199992066,33.35054357239862,36.81591252710462,41.42170738727596,32.901210708260564,32.34518047315171,36.11037064860763,35.243722995173904,39.690820877185246
pig_13,B1,3,B1_p3,2026-06-18 04:00:00,2,3,40.829928299605044,33.36935600595183,35.61278202889807,36.69923560683868,32.76353243109945,35.49316964903942,34.93830893381748,37.50633684427132,39.04864883412806
pig_13,B1,3,B1_p3,2026-06-18 04:30:00,2,3,41.43141617068104,33.38815794124228,34.956733602281744,35.85796894274961,32.22050030694089,33.3899009876478,33.97076438699191,34.02895988332969,36.920295314064596
pig_13,B1,3,B1_p3,2026-06-18 05:00:00,2,3,39.14196857277477,33.406958088463,29.532506582937856,26.67383590167543,32.12272269832412,34.861273716526476,29.086232833405738,27.64435123832963,35.006160681456485
pig_13,B1,3,B1_p3,2026-06-18 05:30:00,2,3,38.967886166978964,33.425758190208455,31.463281087343905,30.609261381252693,32.29881117455517,32.785953954329585,30.907854056908093,30.68603403938007,35.77125955055131
pig_13,B1,3,B1_p3,2026-06-18 06:00:00,2,3,44.13544006409555,33.44454780819438,31.731527427699646,31.203915456995652,35.187128156275485,35.25767812786685,33.131407894546584,30.783158756506744,38.51276319098304
pig_13,B1,3,B1_p3,2026-06-18 06:30:00,2,3,41.08155876007109,33.463335647694564,29.281301418716147,29.694258340286716,35.15084386595041,36.940742419097255,30.924478541932487,31.133158188442586,36.495871648948466
pig_13,B1,3,B1_p3,2026-06-18 07:00:00,2,3,38.27980121741622,33.48212171102399,31.143940344972115,29.917056697437694,33.01669656462422,33.49904276286759,31.088645825916455,32.14964757868144,35.8164901172056
pig_13,B1,3,B1_p3,2026-06-18 07:30:00,2,3,44.62945352621861,33.50090947841872,41.645048807649566,41.05382313619987,40.12565630379912,43.04243381510341,45.296703080604004,49.38008234551714,44.86605403791316
pig_13,B1,3,B1_p3,2026-06-18 08:00:00,2,3,39.915540377784254,33.5181181686498,48.69724013414687,37.19146937026535,38.83750082437358,39.43127192472092,50.64477586087145,43.20915058933798,42.674943971619996
pig_13,B1,3,B1_p3,2026-06-18 10:00:00,3,3,47.321296088981256,33.596327684181134,36.77241774953107,39.24858977498789,32.93867391836298,34.41230113211873,35.9558275585413,37.50630281219111,42.28919343898964
pig_13,B1,3,B1_p3,2026-06-18 10:30:00,3,3,47.22353636765143,33.61352597871056,34.368381887129104,36.23574054937784,33.199393230002386,35.737388468585195,33.996064082011806,37.13658683898937,41.687455592656086
pig_13,B1,3,B1_p3,2026-06-18 11:00:00,3,3,45.27470706381267,33.632287504438075,33.10219799816852,32.404235336454505,31.865767338760413,31.229527123260446,31.94139229732182,30.41815462517113,39.01724679947854
pig_13,B1,3,B1_p3,2026-06-18 11:30:00,3,3,44.86707334204125,33.651042069409016,32.18831750690923,33.30564395226466,31.509094014045665,29.345688292297705,30.874257427317758,31.69413299884796,38.89880687401812
pig_13,B1,3,B1_p3,2026-06-18 12:00:00,3,3,47.65416019733395,33.669789678797684,32.09371365820746,30.077069335621413,33.674948102214906,34.491449138191115,32.276889229643984,30.381041770297607,41.22231538555866
pig_13,B1,3,B1_p3,2026-06-18 12:30:00,3,3,44.08760528131109,33.688537280681416,32.03669246651281,31.4315587462859,33.769941166281185,31.686631617094818,32.2812119632364,30.879851398909942,41.011004448430114
pig_13,B1,3,B1_p3,2026-06-18 13:00:00,3,3,50.85160610807665,33.70728314094874,32.304543696669306,32.90816730815974,36.15440836943242,37.84316568201843,34.1561241333923,34.999472756637616,44.128995166264126
pig_13,B1,3,B1_p3,2026-06-18 13:30:00,3,3,49.5983552238356,33.72602552677237,31.51061305981301,30.13499044570619,34.18107235060401,35.628416978011686,32.07766011974735,32.19906538352213,41.15888194250387
pig_13,B1,3,B1_p3,2026-06-18 14:00:00,3,3,46.86637261046257,33.74475403278849,36.170492905999076,41.93784162950143,34.37792045249084,35.71048267191087,36.33177075039289,38.932941502227344,41.33741623014868
pig_13,B1,3,B1_p3,2026-06-18 19:00:00,3,3,48.60519176491286,33.93661425772413,40.97743953936397,39.42037353048603,34.14473819150396,36.0818044751897,40.318945999729365,33.673593283742406,41.4788846452586
pig_13,B1,3,B1_p3,2026-06-18 19:30:00,3,3,46.84782604283129,33.95064007836881,39.14327668450154,45.159540134678885,33.336428061373574,36.111449911712164,38.12691276604245,44.579602931564764,40.08993237683558
pig_13,B1,3,B1_p3,2026-06-18 20:00:00,3,3,49.73540987841132,33.96934451545131,41.34212278212986,39.25994362987111,33.987699275263694,34.79831415015297,40.51461040707403,33.84582402739581,41.08609103583355
pig_13,B1,3,B1_p3,2026-06-18 20:30:00,3,3,46.49919110568383,33.988031675190925,37.30731810625623,37.85063948428146,32.86153760361357,31.851121935432793,36.150294851740185,38.67734787062503,39.52105241697683
pig_13,B1,3,B1_p3,2026-06-18 21:00:00,3,3,45.62285318995704,34.006715410725405,36.815639148328756,37.96642200407817,31.95390772797385,28.998190887799243,35.07640608248266,36.87668772347912,38.93650462386118
pig_13,B1,3,B1_p3,2026-06-18 21:30:00,3,3,46.30959842107301,34.025409565036824,35.56940011890377,35.05278122192745,32.066459063530374,32.20736694229402,34.03920323048023,34.009012756977384,38.82674759783823
pig_13,B1,3,B1_p3,2026-06-18 22:00:00,3,3,44.05370154236292,34.04409337768651,34.57118726778991,36.87458781845216,33.00676597293936,34.33767338788682,33.794003940937294,36.55360987450739,39.661591688572095
pig_13,B1,3,B1_p3,2026-06-18 22:30:00,3,3,43.035426270137506,34.06277031429714,34.02172683153248,35.60989014295842,31.944521478189493,33.22948875553584,32.56203561873653,31.87223026166678,39.047380102398876
pig_13,B1,3,B1_p3,2026-06-18 23:00:00,3,3,43.746010065019206,34.081445566983554,33.33284165022444,33.63148338026005,32.13871659939595,29.81340844683556,32.07512276736935,30.85768777618005,37.31302723858383
pig_13,B1,3,B1_p3,2026-06-18 23:30:00,3,3,48.26369930060591,34.10011395176543,35.79446353986336,35.90706738592064,35.107368778014774,36.34768114789038,36.29770184435,38.649784768524476,42.01700195843039
pig_13,B1,3,B1_p3,2026-06-19 00:00:00,3,3,43.94304891870686,34.11878757245477,36.49679988474363,36.45966053138008,32.97330788367296,33.465718023884214,35.433919189152306,33.06341239152359,40.05704803224633
pig_13,B1,3,B1_p3,2026-06-19 00:30:00,3,3,45.32642524701687,34.137450874655876,40.1027967924266,38.904641147314074,33.230243671886825,35.88006183313668,38.79582421499119,32.361256595102034,38.79738768911258
pig_13,B1,3,B1_p3,2026-06-19 01:00:00,3,3,44.10059553081879,34.15610732079275,41.20272437205361,38.455475770412434,33.61403705481918,36.74790006110187,40.02495336992445,36.23496995727814,39.767122402149965
pig_13,B1,3,B1_p3,2026-06-19 01:30:00,3,3,45.988104416194744,34.17477246295958,38.656836668642306,43.529867429448785,32.65751072948788,34.02577329651456,37.09716140517596,39.838785964632336,38.592253219171866
pig_13,B1,3,B1_p3,2026-06-19 02:00:00,3,3,43.90361264932633,34.1934238447929,37.402534212717285,39.946141676623434,32.7688337116559,33.57094698393347,36.051989554748516,38.2076293619739,39.124185285245034
pig_13,B1,3,B1_p3,2026-06-19 02:30:00,3,3,42.02735758909474,34.21208047014857,37.5802740521429,40.30924383752472,32.759974392170854,33.37383797154278,36.19257821104778,38.979544164812765,39.17717380577194
pig_13,B1,3,B1_p3,2026-06-19 03:00:00,3,3,45.87176992087979,34.2307250722515,37.27141312866947,39.19781380287683,32.82272885021589,36.04259302637963,35.95153341556881,37.69910211916361,40.24698216838769
pig_13,B1,3,B1_p3,2026-06-19 03:30:00,3,3,43.00467494621154,34.249366289889046,37.394233900459014,40.011495905193556,33.16344825403589,36.14354504232986,36.28513805682743,39.93216075947855,38.711378019603714
pig_13,B1,3,B1_p3,2026-06-19 04:00:00,3,3,42.10362083627526,34.26800757790821,37.77547424393822,38.33902331877176,33.07426942108286,34.269796557328334,36.550519415334506,38.860150549549964,39.489858596335885
pig_13,B1,3,B1_p3,2026-06-19 04:30:00,3,3,43.31150056015929,34.28665238864853,37.17704304981322,38.27895455272365,33.02720816037457,33.50017510286804,35.9769868294274,35.67644317423635,38.51997112445905
pig_13,B1,3,B1_p3,2026-06-19 05:00:00,3,3,40.125175955153715,34.30528174352462,35.14940318999898,36.79413885896977,33.35175050762068,36.69512039134478,34.39402063372838,37.894749815342834,39.2153615615749
pig_13,B1,3,B1_p3,2026-06-19 05:30:00,3,3,40.11222604618073,34.32391980146823,30.25490141050055,29.790701893624195,33.57046762234029,34.406853721087465,30.197736710839237,29.287596493958347,36.80401937975432
pig_13,B1,3,B1_p3,2026-06-19 06:00:00,3,3,39.16067855777018,34.34254413866849,28.232383001218032,28.752006277873775,33.05171508907337,32.00210290107971,28.036332273559808,25.505014029629407,35.08015524720636
pig_13,B1,3,B1_p3,2026-06-19 06:30:00,3,3,36.710700793767856,34.36116855840481,29.04837728923518,26.111032518410447,33.20950454815517,33.7034595823417,28.85766466487273,27.876902022767425,34.8079097545944
pig_13,B1,3,B1_p3,2026-06-19 07:00:00,3,3,41.86183337313857,34.37978444176797,29.755160888419653,32.378429124917204,35.55959304492972,38.60227180837106,31.097797174036877,32.327657006593846,36.94785808501491
pig_13,B1,3,B1_p3,2026-06-19 07:30:00,3,3,43.33290834107416,34.39840558423496,28.53056982179304,29.55969957221435,38.51217195065387,34.101332100858535,32.04315947451327,29.734193761127436,40.243771248232626
pig_13,B1,3,B1_p3,2026-06-19 08:00:00,3,3,42.33393508783259,34.41391776413349,35.71707827485932,37.761296783043775,36.27261810914278,37.113297115460476,36.85351002937078,39.01077788087604,37.21978039306066
pig_13,B1,3,B1_p3,2026-06-19 09:30:00,4,3,40.24647954753942,34.39371740905766,27.524216086657187,24.00137711472901,37.643664992610184,38.477874081393175,30.553788119820066,27.49812450225805,37.757012990901835
pig_13,B1,3,B1_p3,2026-06-19 10:30:00,4,3,35.55670867681126,34.29798595223436,18.3609571355262,24.35289702160653,34.35863054811065,32.25986444653263,20.21906393352998,27.376596621247,33.44885456697819
pig_13,B1,3,B1_p3,2026-06-19 11:00:00,4,3,32.89470058174766,34.25127087164932,17.02873367470371,24.319727506975894,31.95559149411391,27.844280546494897,17.404384440768258,24.320584207675033,27.355279486253913
pig_13,B1,3,B1_p3,2026-06-19 12:30:00,4,3,32.5337577308495,34.11094594629274,20.37448261415821,24.220091380775003,33.05087557039868,36.34555419761122,21.20705066183025,27.414821566169508,30.620340635019325
pig_13,B1,3,B1_p3,2026-06-19 13:30:00,4,3,57.02931584985893,34.01729336703795,20.167067819271338,24.153594426068214,45.09837617672783,44.08597014226464,29.40591182447654,32.14045890208648,39.781419737504024
pig_13,B1,3,B1_p3,2026-06-19 14:00:00,4,3,33.08510188531802,33.97044569210448,21.38023530663192,24.1203307643201,31.797118928910436,29.837504157410038,21.31257017714026,23.826470937131,28.477543734833546
pig_13,B1,3,B1_p3,2026-06-19 16:00:00,4,3,31.983222919975354,33.782812956121276,27.73944759708744,28.283392350800202,33.34673150020319,33.582685590364065,28.126681162379626,26.359332760724143,31.396296673623972
pig_13,B1,3,B1_p3,2026-06-19 16:30:00,4,3,37.92625607048238,33.73584834477162,31.019469116181092,31.150552938641297,40.49784992400191,43.34428653382152,36.00367292248036,34.13758422355356,37.73538991801357
pig_13,B1,3,B1_p3,2026-06-19 17:00:00,4,3,30.417242018297962,33.68885322650292,29.410292049924376,31.59438989973622,33.54017232393779,34.477317050481155,29.79509180924449,30.406780486338743,33.315189279682286
pig_13,B1,3,B1_p3,2026-06-19 17:30:00,4,3,40.91316304457844,33.64185366023923,31.162938924315718,33.0531720857045,43.95033562323993,39.39728784581415,38.57180186792347,34.13123078700801,39.91392183859171
pig_13,B1,3,B1_p3,2026-06-19 18:00:00,4,3,27.84012279514586,33.5948147741065,27.344181144364754,22.80384168355483,31.569732097985835,30.907301135249092,26.656541109925055,23.54633991608316,28.641005876272914
pig_13,B1,3,B1_p3,2026-06-19 18:30:00,4,3,29.481344779877315,33.54775392336267,26.97828537206805,24.669335633865487,32.55266910489285,34.274016190749315,27.039028493253053,26.235510799291667,30.121885159645693
pig_13,B1,3,B1_p3,2026-06-19 19:00:00,4,3,28.041573571737388,33.5006928553189,25.91336205009204,24.503567773349783,30.99153546617731,24.667611600184046,25.04340578963615,20.613698455228533,27.106669502926493
pig_13,B1,3,B1_p3,2026-06-19 19:30:00,4,3,26.712857746316914,33.45358793123046,25.512544679505385,24.81337861090181,30.535549049842277,23.447679908517607,24.40023322573179,20.66354729678811,26.223462800196234
pig_13,B1,3,B1_p3,2026-06-19 20:00:00,4,3,27.33934316656114,33.40648270693221,25.9345519755082,24.43465920581954,30.84761135399434,25.44084488981254,25.017076926467098,19.401896079639556,27.403000633245156
pig_13,B1,3,B1_p3,2026-06-19 20:30:00,4,3,32.410527471084166,33.359324770571774,26.46372267427568,24.752198290783817,33.923758847189276,34.06749359696333,27.639744370460498,28.796045410918246,30.530095453805217
pig_13,B1,3,B1_p3,2026-06-19 21:00:00,4,3,28.0313413609257,33.31217517796703,25.15245512748954,21.763633470046607,32.27395440203331,35.4944559519818,25.364602824250987,23.76617790705149,29.242465371625833
pig_13,B1,3,B1_p3,2026-06-19 21:30:00,4,3,27.302686234836003,33.264990219860415,25.094157668894432,21.73280641873442,31.2179438261508,30.732005197649382,24.610159592176203,22.602416366395985,28.30864028359658
pig_13,B1,3,B1_p3,2026-06-19 22:00:00,4,3,26.21187435947933,33.217778569164544,24.580515014335504,21.525159131544406,30.708969708606446,24.459292931757133,23.830449947536533,20.87122826882296,26.519567259666836
pig_13,B1,3,B1_p3,2026-06-19 22:30:00,4,3,27.918021852406497,33.17056203753107,25.496696358631453,24.752887936774258,32.379618817670476,33.470049610997265,25.8244218017716,24.665686556667993,29.182299608611224
pig_13,B1,3,B1_p3,2026-06-19 23:00:00,4,3,26.754342935578087,33.12330121068377,25.945713227036954,22.67359540455695,30.77838460634818,27.901917277329616,25.142604153416016,21.733702481582593,27.169348278220546
pig_13,B1,3,B1_p3,2026-06-19 23:30:00,4,3,26.168619257355957,33.07602665227474,26.12530599840322,22.904335311677297,30.885885750842164,28.514136132971935,25.40334127365692,21.349742365867137,26.580858632202105
pig_13,B1,3,B1_p3,2026-06-20 00:00:00,4,3,26.86998944518733,33.02873394082752,26.3688000050942,23.048834457396637,30.63192959457606,25.04973952334505,25.47082855569456,21.200839979387865,27.379867359715565
pig_13,B1,3,B1_p3,2026-06-20 00:30:00,4,3,26.004455155591614,32.9814098813212,27.888509008349708,25.062554681469216,30.463398944311415,25.11712892371953,26.728167158406755,23.819124881354533,28.16187130456776
pig_13,B1,3,B1_p3,2026-06-20 01:00:00,4,3,25.98472994050052,32.93406756093397,26.9484656379124,25.26693960437673,30.520306844822137,26.03358654675489,25.961925242924828,22.25982535021808,28.04152616432991
pig_13,B1,3,B1_p3,2026-06-20 01:30:00,4,3,27.155528361447686,32.88670254499037,27.988878858071654,26.040646809799348,31.05430178394469,28.628576302002337,27.28027582044046,24.130811160438782,28.419780689629334
pig_13,B1,3,B1_p3,2026-06-20 02:00:00,4,3,26.616976922615095,32.839314778985425,27.947779041282672,26.00312379952029,30.978174387641218,28.144506888592844,27.218591409564972,23.841264094775887,28.480514579803405
pig_13,B1,3,B1_p3,2026-06-20 02:30:00,4,3,27.47773602610816,32.79190859910318,26.763508139564642,22.2588365860528,31.39543766006386,31.988462242716018,26.48510858115864,24.32283061940112,28.318258617836683
pig_13,B1,3,B1_p3,2026-06-20 03:00:00,4,3,26.021975690676705,32.74447077758992,26.543402798397523,26.706211251854114,30.32329337540242,24.3213526913485,25.576289661932258,22.95305419705081,27.989466013616614
pig_13,B1,3,B1_p3,2026-06-20 03:30:00,4,3,26.157660532909482,32.69701882717172,27.542807362465986,29.268840725410925,30.604956929358792,28.719006045228372,26.683915679402396,24.026527528694935,27.336975316585992
pig_13,B1,3,B1_p3,2026-06-20 04:00:00,4,3,25.260395703710135,32.649535115959715,26.306961073759002,24.008830573434523,30.23444122830183,24.250838077593475,25.360179556848713,21.227498028406092,27.390631549210816
pig_13,B1,3,B1_p3,2026-06-20 04:30:00,4,3,25.878689083109577,32.6020283743265,27.881132721585544,28.23288469901103,30.828044780336256,28.7374183055012,27.19275140411103,25.02866982167451,28.59645938822552
pig_13,B1,3,B1_p3,2026-06-20 05:00:00,4,3,27.283371571547228,32.55450294788562,26.38815227389865,26.55127452908346,30.506421247480276,28.762932432424616,25.675007884226606,24.42240999096529,27.509913870434893
pig_13,B1,3,B1_p3,2026-06-20 05:30:00,4,3,26.719087225126557,32.506954383149875,26.802275930744734,26.489325384126953,30.88147376990738,30.10949797397048,26.328668152678915,23.201008711947594,28.466970352005546
pig_13,B1,3,B1_p3,2026-06-20 06:00:00,4,3,26.177542777502616,32.45938702955163,26.702669983220165,27.175403659124115,30.68174190706644,28.22706863837011,26.129799534204523,23.048526131624488,28.20764210910766
pig_13,B1,3,B1_p3,2026-06-20 06:30:00,4,3,27.31291845279182,32.411783204779184,23.859718835321935,19.984568054635464,31.3188244279862,31.79138751864991,24.078737082209237,20.629878143663404,29.03859280003101
pig_13,B1,3,B1_p3,2026-06-20 07:00:00,4,3,26.55066477256753,32.364178113942685,25.174499813879557,23.807772201349074,30.574428094467528,29.94769079237622,24.75656126723871,19.73130193793529,28.023292891781118
pig_13,B1,3,B1_p3,2026-06-20 07:30:00,4,3,32.410176299294534,32.31653643351281,24.374014431486096,21.11315908381647,33.07590839795833,31.408233794217743,25.80410572437434,23.954802495138832,30.273103339468236
pig_13,A1,5,A1_p5,2026-06-27 09:30:00,2,3,36.41880949100454,35.518455689302506,37.44070442209199,38.34522652322029,34.59327441700371,36.521249083878445,36.58205720569249,38.691120273527545,35.82386721910312
pig_13,A1,5,A1_p5,2026-06-27 10:00:00,2,3,34.779757248718724,35.53622582731743,35.11677431025526,37.787119654298316,33.949278781488275,35.68047337503747,34.06750116943202,39.157101782005476,33.14148829076669
pig_13,A1,5,A1_p5,2026-06-27 10:30:00,2,3,38.640360929972886,35.553994073763434,35.95562461142542,37.88323081662682,36.16518946069024,36.30875246380617,36.33238086500573,41.427830765752155,34.89370841180903
pig_13,A1,5,A1_p5,2026-06-27 11:00:00,2,3,34.96935432391133,35.57175722121214,36.32433573815996,38.346734774854646,35.6469314361627,33.45794320632738,36.29054070539373,38.161051247233786,34.04741039393981
pig_13,A1,5,A1_p5,2026-06-27 11:30:00,2,3,33.360841517153865,35.58853497226495,32.63117502349392,31.86165991955282,34.3916996931993,34.907332909639834,32.14081024369791,31.200298783385946,32.18791169716387
pig_13,A1,5,A1_p5,2026-06-27 12:00:00,2,3,34.403295990887905,35.6053068788294,31.466004820302697,28.429110797809432,34.602239390006126,38.0857103071611,31.244287855542026,31.715308066897503,32.64953248233833
pig_13,A1,5,A1_p5,2026-06-27 12:30:00,2,3,36.386696337528335,35.623064699677215,31.628406239085606,31.159616954822194,35.41272111182555,36.03565291545493,31.9382243807195,30.68716234212401,33.54844764377222
pig_13,A1,5,A1_p5,2026-06-27 13:00:00,2,3,40.258131585577864,35.64081850120789,34.031049055735295,35.274997092812576,39.535711545013584,40.83872836740568,36.90708029680008,33.848451162402874,36.47757667838183
pig_13,A1,5,A1_p5,2026-06-27 13:30:00,2,3,28.757088968294475,35.65856614856698,30.834642031898333,33.582768929024,36.86322160954957,40.03811207994229,32.21716749757168,33.53010830391732,34.112235044659506
pig_13,A1,5,A1_p5,2026-06-27 14:00:00,2,3,38.03386288985389,35.675327739694026,31.135917121620974,33.45736368141051,38.922690071957526,39.7337850046494,33.89816499234341,31.89264206148383,35.78437716427076
pig_13,A1,5,A1_p5,2026-06-27 14:30:00,2,3,35.59620494627832,35.6891317657794,39.871162003395796,39.85006177049688,42.89382921640089,45.85389220363256,44.37526410400005,50.982702479883145,40.792134577218434
pig_13,A1,5,A1_p5,2026-06-27 15:30:00,2,3,39.08826166651038,35.72953785278757,37.67045519993778,38.57310786594106,35.14873053585275,38.54305914676034,37.04774998127871,40.07472266507247,37.56570535546263
pig_13,A1,5,A1_p5,2026-06-27 16:00:00,2,3,37.089578924792576,35.74432007347974,35.39237115964124,37.8808698310051,35.55618615011329,37.02629790565949,35.30242019641257,39.50084507912287,36.43573865855311
pig_13,A1,5,A1_p5,2026-06-27 16:30:00,2,3,34.981992787614125,35.76106905478713,34.69912676285261,34.45673270001363,35.59139708238064,36.59803162715232,34.70284953619056,37.198895421552244,35.31451677103725
pig_13,A1,5,A1_p5,2026-06-27 17:00:00,2,3,33.60353031400513,35.77879892902622,33.19431039893619,32.26757913477857,34.0879277120996,35.35058692065084,32.31992078968619,31.900096858551805,31.896041491629337
pig_13,A1,5,A1_p5,2026-06-27 17:30:00,2,3,35.28039350815594,35.79652694266312,32.068148160510916,29.7762364987282,35.86757771062025,33.66935622503326,32.54215207874564,29.349342478849263,34.39894346750427
pig_13,A1,5,A1_p5,2026-06-27 18:00:00,2,3,34.00852778535055,35.81425203021901,32.534579060673195,30.876188834560523,34.10525304008608,34.99571892019637,31.726880687116896,26.688814313826217,32.019908137316904
pig_13,A1,5,A1_p5,2026-06-27 18:30:00,2,3,34.79770121715933,35.83098917250653,33.61497235711901,34.01495198908103,33.71763277713403,32.17715226393091,32.406523128738186,32.51402206271904,32.042371580854336
pig_13,A1,5,A1_p5,2026-06-27 19:00:00,2,3,34.05539208054642,35.8477237091507,33.55067686096706,31.834467332049307,34.30787528117481,34.99852501450152,32.7479341219254,32.46956034702254,31.009011032745754
pig_13,A1,5,A1_p5,2026-06-27 19:30:00,2,3,32.85473718100013,35.86543929044369,32.385916587363894,32.758406645531245,33.60704292900721,31.688249352836763,31.22118867820204,28.70998548610727,30.491163468945302
pig_13,A1,5,A1_p5,2026-06-27 20:00:00,2,3,33.43897945858705,35.8831551554208,32.6477715597527,30.89443294007766,34.94133669562915,37.71487890152883,32.36538624119992,29.82724697094034,31.771015589282072
pig_13,A1,5,A1_p5,2026-06-27 20:30:00,2,3,27.566110323521713,35.899877981748666,33.555037447843645,31.88078278294705,33.83954476159065,31.129924861859003,32.397924459472506,30.669740031265583,30.299859103408682
pig_13,A1,5,A1_p5,2026-06-27 21:00:00,2,3,29.19730210812868,35.91660434340271,35.92275564694094,37.54792470417023,35.09291856940514,35.400403542692025,35.352631685119384,38.59714695234079,29.884042062877782
pig_13,A1,5,A1_p5,2026-06-27 21:30:00,2,3,29.198998965002026,35.93430966240834,34.0791888744229,33.52687460873847,33.721629794841824,33.198067518437085,32.76094856398699,32.58704679241825,29.823183927171485
pig_13,A1,5,A1_p5,2026-06-27 22:00:00,2,3,27.803491649524297,35.9520110080064,33.32209401119164,35.32290517270884,33.22786948602677,27.37940248171425,31.738570394285034,31.92173654832464,28.730880794787076
pig_13,A1,5,A1_p5,2026-06-27 22:30:00,2,3,28.282129487942022,35.969709448933955,39.60645778345882,40.609405793163916,33.101535945013104,24.632786371752097,37.209214607231296,32.723987640867605,28.87123813324925
pig_13,A1,5,A1_p5,2026-06-27 23:00:00,2,3,28.847852836752725,35.98642431672822,36.30821636739931,36.277488684923625,33.40332029481294,30.593219478039195,34.48581698600613,33.042709021310046,28.000315796400002
pig_13,A1,5,A1_p5,2026-06-27 23:30:00,2,3,29.159253619961305,36.00313499878682,35.57130738616914,38.28360323743787,33.76973243942013,35.12238607040355,34.076542876602964,34.39155316627277,28.264541033781946
pig_13,A1,5,A1_p5,2026-06-28 00:00:00,2,3,27.811492156270837,36.0208261266283,38.1927699152479,41.1380249372978,33.92842698969268,34.17270450428217,36.49875702925243,41.894621110880124,28.37387287107444
pig_13,A1,5,A1_p5,2026-06-28 00:30:00,2,3,28.614588938878093,36.0385122283969,36.65467807144477,35.52536361350648,34.05831948205019,33.30405577661183,35.215531017194046,34.1695523489518,29.671378303337484
pig_13,A1,5,A1_p5,2026-06-28 01:00:00,2,3,28.237073868949473,36.05521512443548,39.77195347899453,44.78093640145848,34.43189107406563,36.201569337443104,38.226172651693496,41.39243137478572,28.945893577187483
pig_13,A1,5,A1_p5,2026-06-28 01:30:00,2,3,28.982440820543374,36.07191650643683,39.75008276457355,40.72479643536391,34.33752363190989,35.512725618547236,38.131914520688966,40.67466481994539,29.45533345757891
pig_13,A1,5,A1_p5,2026-06-28 02:00:00,2,3,30.183897867964845,36.0895953217453,36.13057238707405,36.96495471090379,34.048185791855104,30.930117481908358,34.714653969685656,34.079700392787885,28.153622456747584
pig_13,A1,5,A1_p5,2026-06-28 02:30:00,2,3,28.511356024012716,36.10727231528719,34.7327954565951,33.266161105837625,34.70833254811083,37.679141573057194,33.92232840959391,35.03304503522758,28.10635839961283
pig_13,A1,5,A1_p5,2026-06-28 03:00:00,2,3,28.495295292828906,36.12494536030016,32.36522222454985,30.04942122667016,37.041847373881396,35.10960192203727,33.427544334874185,31.163385483737937,28.70206411547231
pig_13,A1,5,A1_p5,2026-06-28 03:30:00,2,3,28.83013458413744,36.14163479558634,33.748921396662496,32.29339366990119,33.86617684190858,31.932276812425833,32.44854592143932,30.780008640903283,27.504036827434945
pig_13,A1,5,A1_p5,2026-06-28 04:00:00,2,3,28.914637227450193,36.15832192831873,32.33450996258655,29.978130110053883,34.998334196304974,36.28836852452073,31.96835909642582,31.74406301779104,28.527914532074725
pig_13,A1,5,A1_p5,2026-06-28 04:30:00,2,3,26.161333182730786,36.175987718776845,31.86756115734587,31.398164081230348,33.96715901986512,32.86210654616766,30.83156173124035,27.69906596512684,27.39303727722622
pig_13,A1,5,A1_p5,2026-06-28 05:00:00,2,3,27.83721190120083,36.19365063412911,30.733457832918106,28.802912313647084,34.430498852155026,34.02994460675695,30.136814909058693,27.2386697991982,27.656433017092883
pig_13,A1,5,A1_p5,2026-06-28 05:30:00,2,3,26.59792653014,36.21032711284342,30.63449632307064,27.516207056190627,34.401366719894654,33.539739158280426,30.01936350270953,26.363954639362603,28.178544474552847
pig_13,A1,5,A1_p5,2026-06-28 06:00:00,2,3,28.629138692610503,36.22700395593034,32.03463355649584,28.925505763529728,35.375506628251614,36.55408727445947,31.923746361236702,30.069320528322358,28.089951844035056
pig_13,A1,5,A1_p5,2026-06-28 06:30:00,2,3,29.5169586320901,36.24465751576335,29.684819050564307,27.806816474695452,38.009018553185214,40.0110906890555,31.65209974622677,33.77170196412909,29.59769817032619
pig_13,A1,5,A1_p5,2026-06-28 07:00:00,2,3,28.48109320972094,36.26231033581351,29.466700900206696,31.56627241995595,34.91790863026116,35.43051482875251,29.3117284443054,27.672474983018645,26.996289466611543
pig_13,A1,5,A1_p5,2026-06-28 07:30:00,2,3,29.237669236913142,36.279958166250836,33.48688961989088,32.815667989573484,40.94268227223459,37.9545194518902,37.02857951996861,33.80557424283793,31.969603170386087
pig_13,A1,5,A1_p5,2026-06-28 08:00:00,2,3,29.911954166387453,36.296625797750835,48.192063895876274,40.49565582215681,37.33920211458845,38.378642314263,47.55720510256793,34.14767692098098,29.52224240825769
pig_13,A1,5,A1_p5,2026-06-28 09:30:00,3,3,36.881498692875596,36.35052530083502,37.35245410166563,38.68309723412739,35.08919281311809,36.15843346082317,36.36630146926998,38.013426905173255,36.34361979306203
pig_13,A1,5,A1_p5,2026-06-28 10:00:00,3,3,38.03990352150216,36.36619943647939,37.366236075471534,39.38364471637611,35.58955527630141,36.99180922274124,36.715369401162405,39.637991930408496,35.2570752040005
pig_13,A1,5,A1_p5,2026-06-28 10:30:00,3,3,35.32213818610751,36.38285255877448,34.69047176566049,32.50063601457658,34.99783490076001,37.96671873807885,33.92585753147851,33.319554291129265,34.07359996748612
pig_13,A1,5,A1_p5,2026-06-28 11:00:00,3,3,37.46988917579021,36.39949995579444,34.656383007250184,31.873067425683153,34.53343243011621,31.53218690372962,33.56499564079967,31.0812613949536,32.565896694358976
pig_13,A1,5,A1_p5,2026-06-28 11:30:00,3,3,34.94759108480194,36.41712877828543,36.76410232882959,36.71167675799162,35.88753659726678,37.06938021173254,36.3584483996361,38.30538051875283,33.67306565343641
pig_13,A1,5,A1_p5,2026-06-28 12:00:00,3,3,33.27538658051116,36.434750511554135,34.14120698569733,32.355774785648634,34.93983630082635,38.36327982927087,33.36912852281911,33.29636827125073,31.96272303370104
pig_13,A1,5,A1_p5,2026-06-28 12:30:00,3,3,32.387310530344664,36.45139411480406,34.52506920969509,35.11305067391186,36.52887749574075,34.28530860874385,34.79815814796078,33.474698999606474,33.72531646064193
pig_13,A1,5,A1_p5,2026-06-28 13:00:00,3,3,33.90427698374976,36.4680333286364,31.516107793812488,34.34511448017826,34.30446307796349,35.98841451308073,30.58472911808647,32.930390987092295,31.93273738700211
pig_13,A1,5,A1_p5,2026-06-28 13:30:00,3,3,36.41388986554419,36.48564580074732,33.301522173186726,32.73102547207476,39.31105827866316,41.57176463687729,35.61762311037844,36.448885926277704,35.60013400509352
pig_13,A1,5,A1_p5,2026-06-28 14:00:00,3,3,32.57555390763254,36.50326074237279,33.42513643305238,32.88876875997615,36.62528431770184,36.62005413841856,33.860275461360786,35.04188581658686,33.83863669967897
pig_13,A1,5,A1_p5,2026-06-28 14:30:00,3,3,45.37442431884507,36.51793698925694,48.21029958819213,40.74256973340468,50.34375436490677,51.77264095894854,56.4357772372734,59.58330286112364,49.348868590422555
pig_13,A1,5,A1_p5,2026-06-28 15:30:00,3,3,42.03060852319514,36.55673364594256,39.33054818972359,40.54069990061073,35.91064337728256,38.883409942905665,38.567795256661874,41.21774190862908,38.18710854356641
pig_13,A1,5,A1_p5,2026-06-28 16:00:00,3,3,35.42208710981323,36.57060989045865,35.84802703185625,35.502217762652435,38.011673112110756,40.7401866703562,36.926595239799795,39.06518074651039,38.61657688824522
pig_13,A1,5,A1_p5,2026-06-28 16:30:00,3,3,36.14406636926424,36.58658757868282,35.13370793669067,33.37765862034651,35.47499232792873,36.90209284520238,34.53082006295364,37.01900052265712,34.77736832148015
pig_13,A1,5,A1_p5,2026-06-28 17:00:00,3,3,31.04060805331234,36.6059425056727,34.060196014407026,32.70826343853768,34.74306729185545,32.038066544160735,33.06248312636391,31.120285113108878,33.08468288697525
pig_13,A1,5,A1_p5,2026-06-28 17:30:00,3,3,32.02887618207939,36.62255986613217,33.716467554629986,33.81604571492312,33.83402431087034,27.890061734299337,32.119900556889824,31.055192078228444,31.217583871959032
pig_13,A1,5,A1_p5,2026-06-28 18:00:00,3,3,34.61082717867576,36.64015071756974,33.96518588464861,35.9990034777819,34.05235550070428,30.8643890247501,32.481053603433644,33.29774607999525,30.13924188159836
pig_13,A1,5,A1_p5,2026-06-28 18:30:00,3,3,35.266481035451584,36.65773875434857,35.02470440949447,36.28147956099562,35.45347502238248,34.167761588594004,34.37828421943931,35.15457507796668,31.287914121305143
pig_13,A1,5,A1_p5,2026-06-28 19:00:00,3,3,32.12080992345625,36.67532186082455,33.62587728772111,33.043792673518595,34.55660198898163,34.71568936269573,32.508697590067385,30.57892182541403,29.89629700141155
pig_13,A1,5,A1_p5,2026-06-28 19:30:00,3,3,32.37767568336437,36.691929665824134,34.67006223062069,34.7174547461436,34.6637911502893,33.952308640098934,33.49839980425521,32.41990756893194,29.852971950408836
pig_13,A1,5,A1_p5,2026-06-28 20:00:00,3,3,33.990170503068725,36.708528613713895,34.13805593511648,32.799926518826496,34.58472613157854,34.82512301893315,32.96277897479746,32.30643435182577,29.97675002195885
pig_13,A1,5,A1_p5,2026-06-28 20:30:00,3,3,30.694820805209645,36.7261067850952,34.825031177198454,34.265624931126126,34.65508670175443,34.194618317738644,33.609958828321545,32.70114149647314,29.17196337983882
pig_13,A1,5,A1_p5,2026-06-28 21:00:00,3,3,30.36474149667508,36.743681094160685,36.08822672837904,37.96789914378412,35.49764940582199,35.85995998327468,35.30152695839583,38.163086933376064,30.84060541133998
pig_13,A1,5,A1_p5,2026-06-28 21:30:00,3,3,30.70294463660244,36.760277273960604,34.81129301421248,35.41059292937738,34.82983997622685,34.1340468154073,33.698866744533674,32.88940085360888,28.906597141882216
pig_13,A1,5,A1_p5,2026-06-28 22:00:00,3,3,30.199104123958925,36.7768683116452,34.12723198004635,33.16770109945219,34.30428359120398,29.89744359350356,32.71985953766452,31.532279579378454,28.373419285899708
pig_13,A1,5,A1_p5,2026-06-28 22:30:00,3,3,30.898098641993293,36.794432418270596,35.39499877165186,33.89925181653282,35.38171116123574,38.39621603322643,34.577848503945575,35.69976144138593,29.58406240359859
pig_13,A1,5,A1_p5,2026-06-28 23:00:00,3,3,30.78503712191833,36.81199901872859,33.57156253196335,30.1178120979991,34.66650118231609,33.745231912482936,32.45763635850959,27.384658110778147,29.035906978375145
pig_13,A1,5,A1_p5,2026-06-28 23:30:00,3,3,30.27643113216735,36.82956071044997,34.80101454818544,34.84767955598544,35.316409033735994,38.77898774347459,33.986129247820394,34.57889924296298,29.03870598741695
pig_13,A1,5,A1_p5,2026-06-29 00:00:00,3,3,29.806499343024548,36.846139358640535,32.81764344712855,31.847922706451165,35.21175508639081,36.685493254643646,32.146862844377154,31.63599873660504,28.14956893429966
pig_13,A1,5,A1_p5,2026-06-29 00:30:00,3,3,29.218728357344283,36.862722127909834,33.454465822928874,31.780096047152234,35.338961744725474,38.81390442932221,32.78947826541831,29.98054627524367,28.246016374445446
pig_13,A1,5,A1_p5,2026-06-29 01:00:00,3,3,29.87837864523273,36.880273649565794,33.8673028082256,33.01812613748417,34.74934454383853,34.90969018589967,32.73752619046748,30.749805253504448,28.0460704257724
pig_13,A1,5,A1_p5,2026-06-29 01:30:00,3,3,29.92267242061717,36.897822387375186,36.112212900610324,35.819870909673725,34.59938570772441,35.9951866161166,34.61280654838434,35.18166442460502,27.738755235566032
pig_13,A1,5,A1_p5,2026-06-29 02:00:00,3,3,30.089060556890132,36.91439278994393,39.24404022252139,41.51281001775662,34.73579111465661,33.150076650520994,37.472462686891845,42.81123137821643,27.513416466850863
pig_13,A1,5,A1_p5,2026-06-29 02:30:00,3,3,29.465467778088687,36.930964411212756,35.57932645415936,36.03555709446063,35.018074677676005,33.098900036054765,34.41095747019872,32.47728257967452,27.860630235417183
pig_13,A1,5,A1_p5,2026-06-29 03:00:00,3,3,29.981715925613393,36.94850511886533,34.10103215108006,33.42037692368815,35.03086396643366,35.379154111508484,33.099843697419615,32.119563472594066,27.479601726465873
pig_13,A1,5,A1_p5,2026-06-29 03:30:00,3,3,31.26115345559704,36.96604621972579,33.33037073553604,33.65616803032145,36.48531220925551,35.851692604658304,33.41235535754431,33.054071495038045,27.15324261607514
pig_13,A1,5,A1_p5,2026-06-29 04:00:00,3,3,28.095880875255165,36.983579266510205,32.15874185958198,31.750639368708903,34.82154299045697,33.860257265011526,31.213940684366776,32.922902046926254,25.658931736869306
pig_13,A1,5,A1_p5,2026-06-29 04:30:00,3,3,28.15829504660451,37.0001425304119,31.613244367100698,32.04158790103726,34.98761173869104,32.614184646772856,30.835850362684223,28.4051145565481,25.767944762767534
pig_13,A1,5,A1_p5,2026-06-29 05:00:00,3,3,27.209791590893296,37.016695669450975,32.45772598168094,32.84739261156642,34.75806713522945,33.62580191404627,31.41585126085259,32.404897023703576,26.343095520245992
pig_13,A1,5,A1_p5,2026-06-29 05:30:00,3,3,29.18742727075502,37.03422494042826,31.209883834996056,32.82930772051303,35.479602660156075,35.81636181826293,30.798897941740684,32.536939112074535,26.235055178057017
pig_13,A1,5,A1_p5,2026-06-29 06:00:00,3,3,28.52688938859737,37.0517493354558,30.317885261550607,28.42601543108386,38.53666648736391,42.96158371461142,32.111815295604295,37.00179109013689,29.818971127180077
pig_13,A1,5,A1_p5,2026-06-29 06:30:00,3,3,28.5676623024981,37.069272023258996,31.069033002564943,34.37432193228983,35.12574657450148,34.42096633888265,30.40923941938098,28.952943809770524,24.167876429806086
pig_13,A1,5,A1_p5,2026-06-29 07:00:00,3,3,26.24915871057855,37.08582014425312,37.336941169233256,40.46698499379361,37.074285783312895,37.9908425759815,37.30034960781431,41.32390842125487,27.286969607168466
pig_13,A1,5,A1_p5,2026-06-29 07:30:00,3,3,30.839446824768935,37.10236184853428,31.225582527138428,33.21229758655788,47.32656033946296,51.85873778126822,38.96339976318995,38.69436277273708,34.15076989117601
pig_13,A1,5,A1_p5,2026-06-29 08:00:00,3,3,44.16287555414371,37.11403757920558,28.448435944162124,27.69562999987331,56.09233630643253,49.36930035086725,42.55587212475801,36.1147451025131,38.91324137815451
pig_13,A1,5,A1_p5,2026-06-29 09:30:00,4,3,21.19940012925714,37.107208307433496,28.053670405327573,24.417341335464528,34.966234572985876,35.12449929154462,27.605332364573957,22.963375445951442,22.803056365106983
pig_13,A1,5,A1_p5,2026-06-29 10:00:00,4,3,22.443660588544457,37.06924058553137,28.697694052303454,27.113727256836754,35.62619581417683,35.9766148902508,28.654122234495517,25.687090606400915,24.62003439761144
pig_13,A1,5,A1_p5,2026-06-29 10:30:00,4,3,21.555600336372944,37.016635564479444,28.339096895013952,27.45618183171713,35.5481130673281,37.04046632931328,28.312782886805,26.447533311791982,23.992836283890455
pig_13,A1,5,A1_p5,2026-06-29 11:00:00,4,3,21.951928165180686,36.964021461754925,28.4595820773007,28.100665476580573,39.26025202692469,41.44483232682995,31.01615654375957,32.950468170366754,28.200283166187738
pig_13,A1,5,A1_p5,2026-06-29 11:30:00,4,3,24.174015544028624,36.91429765497998,28.99441509100106,25.521094317316226,39.74905783420529,42.060170792345595,31.856664905128888,33.2161758868215,27.373107367346616
pig_13,A1,5,A1_p5,2026-06-29 12:00:00,4,3,19.068141375393967,36.864553098436275,26.42757988026476,25.902481998874656,36.243156830853565,39.210820757986596,27.18739849466833,29.240629528577426,23.71267144419111
pig_13,A1,5,A1_p5,2026-06-29 12:30:00,4,3,22.547235059791777,36.81185397708911,29.648263611769067,27.069591101097217,41.94280309739491,43.00910963803932,34.01170688773672,32.883113404764735,29.724653241542665
pig_13,A1,5,A1_p5,2026-06-29 13:00:00,4,3,20.831788449592732,36.75913604759475,29.14659915585288,27.215408844368675,37.72056258784784,37.0899421884414,30.67876790413297,30.630322344912038,26.676909172881132
pig_13,A1,5,A1_p5,2026-06-29 13:30:00,4,3,29.081706989816617,36.70638654973014,32.1708123668898,32.57203455212645,47.30417483367204,51.3052749243112,40.01405267155215,37.38111765696932,34.49072606295198
pig_13,A1,5,A1_p5,2026-06-29 14:00:00,4,3,25.702541049969575,36.65654617805303,32.28859099464991,31.815254375274904,43.53727655720271,41.69010645142838,37.54308677886576,35.011106205301246,31.93201893420276
pig_13,A1,5,A1_p5,2026-06-29 14:30:00,4,3,29.43521656303137,36.60416822816166,30.890342292146553,32.4480802433083,41.794511296809915,41.99524803683465,35.12963021419347,36.75829645673468,29.997908726098615
pig_13,A1,5,A1_p5,2026-06-29 15:00:00,4,3,28.151479120042765,36.553875626716106,31.121437525036853,28.94442102921164,43.67630318875993,43.402091336475706,36.664329596156506,32.46519320129279,31.556392519274965
pig_13,A1,5,A1_p5,2026-06-29 15:30:00,4,3,26.19934856867741,36.50102748377307,31.84188514910632,34.23172900275731,41.42231046637578,44.30182633026394,35.77497724021728,37.17219544809335,29.64685361125583
pig_13,A1,5,A1_p5,2026-06-29 16:00:00,4,3,27.32794516914889,36.451098111595215,29.706699300930666,24.742659726441346,43.367418860087255,41.456446910257675,35.25661842107909,30.840576665578304,30.655220681679406
pig_13,A1,5,A1_p5,2026-06-29 16:30:00,4,3,25.256214150328283,36.401145931854,30.164543189312642,31.280721287938963,38.182097342643615,40.183840899352475,32.10645707397755,35.1645781469731,26.907425313410087
pig_13,A1,5,A1_p5,2026-06-29 17:00:00,4,3,20.856684984592594,36.348223908241295,31.350768950264353,31.666273360086652,34.96469469500321,33.87109577805796,30.963829681284395,29.96438052539517,22.692877147486847
pig_13,A1,5,A1_p5,2026-06-29 17:30:00,4,3,26.1417559557187,36.29528256628996,28.145681929023397,26.54762753883649,40.72337158370896,36.95894133969329,32.135596001162426,31.56846457284712,26.79128807610011
pig_13,A1,5,A1_p5,2026-06-29 18:00:00,4,3,20.584532647890985,36.24230908962145,26.98951541145215,23.485058425095666,34.49512860923457,35.680476756832086,26.836118114736905,21.44325773480371,20.923092003546248
pig_13,A1,5,A1_p5,2026-06-29 18:30:00,4,3,20.792160780706773,36.19225788975274,26.550286804165648,22.315546055547813,34.34842257062202,31.676003601754985,26.374421589358647,20.474280577109443,20.85372853653671
pig_13,A1,5,A1_p5,2026-06-29 19:00:00,4,3,20.24010065133657,36.14218360687005,27.017690219796563,23.990817664662664,33.383201628750896,27.524229209880357,26.150202420766885,21.209186907624307,19.580784602413626
pig_13,A1,5,A1_p5,2026-06-29 19:30:00,4,3,18.766169162971703,36.08914494959128,26.873056033769,23.3858078842887,33.471824674418976,27.37082451380379,26.11393873425447,22.21016916900571,19.283743340192693
pig_13,A1,5,A1_p5,2026-06-29 20:00:00,4,3,19.576425334922096,36.03607070607109,26.76924410485327,23.35141571278392,33.52258047754615,27.404367939365862,26.087687711656493,22.56358748326042,19.44427705062279
pig_13,A1,5,A1_p5,2026-06-29 20:30:00,4,3,23.023922623286033,35.98592451648269,26.716346656646635,23.318920923631076,36.28771313515985,41.41722526318591,27.98133677085996,28.36933343295737,22.91788471390601
pig_13,A1,5,A1_p5,2026-06-29 21:00:00,4,3,25.83620969136526,35.935760622972055,28.044680713515667,26.435103643968407,39.6490444547052,40.18427272972316,31.5109811627523,28.42425753353617,24.981005890602425
pig_13,A1,5,A1_p5,2026-06-29 21:30:00,4,3,20.15869222373602,35.88260769880626,26.498318501312,23.251971505661437,32.95234602123424,24.77207699574621,25.542029487595308,21.69419846209506,19.76198830113472
pig_13,A1,5,A1_p5,2026-06-29 22:00:00,4,3,19.32638554555051,35.82944773454811,26.585933970250466,23.217523787018806,32.754989617746816,25.1129243148941,25.513917628207828,21.73431277016494,18.521288522968298
pig_13,A1,5,A1_p5,2026-06-29 22:30:00,4,3,20.35740667396731,35.7762454432479,27.889477188559063,26.317760912502784,32.79531120704499,25.075634733299104,26.727500315667868,21.647618065564185,19.03574966882799
pig_13,A1,5,A1_p5,2026-06-29 23:00:00,4,3,20.104178059498775,35.72597923979511,28.644959086093778,26.27109328178461,33.48885594938737,31.713342448939205,27.905363843961,25.746974980611668,18.91368393389007
pig_13,A1,5,A1_p5,2026-06-29 23:30:00,4,3,20.372693622627242,35.67568624293489,30.127135300341337,31.625019389328124,33.688715643124326,31.056446122408154,29.38583327316418,26.269636694722458,19.306173559139072
pig_13,A1,5,A1_p5,2026-06-30 00:00:00,4,3,20.321349145429004,35.62240434246553,27.08715426961073,23.44030838465612,33.50313968759552,35.15390703623535,26.594759912849952,22.540496881589814,19.069315953125667
pig_13,A1,5,A1_p5,2026-06-30 00:30:00,4,3,20.463751804387414,35.56910549582248,28.41858835157482,24.821612170773655,32.54451622275484,24.930449971847423,27.142529157967314,23.428583803315412,18.619189227729898
pig_13,A1,5,A1_p5,2026-06-30 01:00:00,4,3,19.32738545711318,35.518741411255334,33.40518380492631,32.525887179687594,32.64302441071334,24.520876643558104,31.658030131628706,31.712662667357137,19.116384024052827
pig_13,A1,5,A1_p5,2026-06-30 01:30:00,4,3,19.85893395971955,35.46836395567646,29.23740879527051,28.90252413654492,32.668472574771876,23.511046035396404,28.011892495343368,23.835270602612745,18.93647091256755
pig_13,A1,5,A1_p5,2026-06-30 02:00:00,4,3,18.667145895870746,35.41497833728057,31.21952565153282,30.737662490691235,32.14201473968323,24.822421969406278,29.43500366928982,28.859795399161353,18.697874995686334
pig_13,A1,5,A1_p5,2026-06-30 02:30:00,4,3,19.947952112061593,35.36157231448858,30.128098646526098,28.000320616548024,32.17679874972774,24.784989592042518,28.522836183887534,28.048386349086833,19.100527367351955
pig_13,A1,5,A1_p5,2026-06-30 03:00:00,4,3,18.6907943792062,35.30813617335551,30.217043767510415,30.57633488547995,32.13550651179014,24.747536104679362,28.603950760381995,29.32390313488314,18.483657264720748
pig_13,A1,5,A1_p5,2026-06-30 03:30:00,4,3,18.4253059850035,35.257655840005484,33.6417771710538,31.49550292495885,32.2248177486088,24.712154348303933,31.72928852203973,30.681141558233595,19.266235745021685
pig_13,A1,5,A1_p5,2026-06-30 04:00:00,4,3,19.983495124570105,35.20714334889325,29.804117082969093,26.75388828237124,32.66647251803885,26.701894533131767,28.663452066192825,25.585684729153776,19.303488440563235
pig_13,A1,5,A1_p5,2026-06-30 04:30:00,4,3,19.30835470665661,35.15363556062574,31.96418918301041,30.26633616034217,32.47883976389841,26.771396362098685,30.478542727618034,26.083972365096784,19.205999991671767
pig_13,A1,5,A1_p5,2026-06-30 05:00:00,4,3,19.467585360665716,35.10008771011102,28.967024088806294,28.602422527976987,34.21507582272705,34.22068449693215,29.054129156985006,27.534406929233075,20.285473159617425
pig_13,A1,5,A1_p5,2026-06-30 05:30:00,4,3,21.09474991851456,35.04652552201586,27.489931115967785,23.990082841300914,33.222842059524254,32.54272904337556,27.090347740095254,21.412872283607538,20.35475900662192
pig_13,A1,5,A1_p5,2026-06-30 06:00:00,4,3,20.82976625851247,34.99591694860732,26.18428451316624,23.229937395429673,32.4315629198293,27.66342878780376,25.415691529396,21.610498079965552,19.114146968615625
pig_13,A1,5,A1_p5,2026-06-30 06:30:00,4,3,20.002456588648453,34.94527508599288,25.825961474755452,22.64457888282291,33.63544267879884,31.315552888903945,25.95969629359486,22.20979117089444,20.823602218282126
pig_13,A1,5,A1_p5,2026-06-30 07:00:00,4,3,19.063727883657574,34.89163706904167,25.00200310651386,24.51623375655288,33.63016290170358,36.69427849920336,25.256954149554964,25.4830356034268,19.504912844529027
pig_13,A1,5,A1_p5,2026-06-30 07:30:00,4,3,19.792573251648584,34.83796508631792,25.276659427445423,22.022396869428654,34.994489946207764,34.94943031356081,26.474472397382755,27.274485106750273,22.402505523812305
pig_14,B1,1,B1_p1,2026-06-07 10:00:00,2,1,31.298318167337555,31.39796444579241,38.1124855906441,35.42167279330842,32.782028104639714,37.85759563698518,38.44205223363159,40.098119916433355,46.19301158273205
pig_14,B1,1,B1_p1,2026-06-07 10:30:00,2,1,26.727921315783377,31.41608615977536,37.1420024037714,40.45971393782707,32.50866588292033,36.964207463511414,37.35952788982621,45.17329731021179,45.23098470484441
pig_14,B1,1,B1_p1,2026-06-07 11:00:00,2,1,28.85272231387423,31.43420439005027,35.0611379915142,42.52204850863143,30.88992468531665,33.363205273685686,34.303514819019505,38.17231624285151,44.27898639620082
pig_14,B1,1,B1_p1,2026-06-07 11:30:00,2,1,28.412637795600503,31.45231746298773,36.135637688485374,38.07992804277536,32.023434473328464,35.49934218300771,36.07997275296734,38.601254888677055,45.421271546517566
pig_14,B1,1,B1_p1,2026-06-07 12:00:00,2,1,29.158693920426362,31.47043376616117,35.37003639656658,37.28547934153857,31.780211691231127,35.259523377339185,35.20363172941171,38.462919120647804,44.932339012188464
pig_14,B1,1,B1_p1,2026-06-07 12:30:00,2,1,27.11998823371978,31.488538212057488,34.23848913062284,37.94575533008464,30.430800983470743,32.45220244551889,33.19687800113042,35.27124994090036,43.35440319598189
pig_14,B1,1,B1_p1,2026-06-07 13:00:00,2,1,28.108277059352382,31.50664589292404,35.326510056732886,36.100089074951775,30.899214983635936,33.14410082960006,34.50381786142273,35.42734088789554,44.38826924674993
pig_14,B1,1,B1_p1,2026-06-07 13:30:00,2,1,34.905397618905646,31.524745078400976,37.70808876071271,39.663648074531594,37.47923518693753,36.785542350376424,41.400959217999144,43.01511151809642,49.02682632933927
pig_14,B1,1,B1_p1,2026-06-07 14:00:00,2,1,27.03203248269721,31.542840800800846,38.6796211847042,41.48026104175412,31.335961425883035,33.8771770957252,37.814653830157965,38.22612438297649,45.07536074772469
pig_14,B1,1,B1_p1,2026-06-07 16:00:00,2,1,25.55822595169168,31.615185777574524,38.54002612978683,37.590802936797495,30.27704156894358,33.75650173915283,36.87699090408237,32.932926643646034,45.99402482801931
pig_14,B1,1,B1_p1,2026-06-07 16:30:00,2,1,27.439550324929932,31.633264234772028,35.33576091210536,35.974682703127286,31.566422016951407,30.768025488872958,34.91634444918037,36.577405929617285,45.89914324821818
pig_14,B1,1,B1_p1,2026-06-07 17:00:00,2,1,28.615436469497865,31.651342595576306,36.85460178609299,42.88510513185082,33.68270827412552,34.4471534563657,37.80440450895375,41.961306014973516,47.01381290652589
pig_14,B1,1,B1_p1,2026-06-07 17:30:00,2,1,25.61084965703361,31.669409149410924,36.88903040862239,42.90958390579945,30.328173864186432,33.81439769328626,35.39462710922865,37.46383358467072,44.30324197642844
pig_14,B1,1,B1_p1,2026-06-07 18:00:00,2,1,24.8397101941433,31.687477286852786,38.79840896642088,41.67046455688723,30.669418058697495,33.45911736621464,37.34854432682056,38.65369569127881,43.899133575131664
pig_14,B1,1,B1_p1,2026-06-07 18:30:00,2,1,30.132785438577898,31.705538645810194,37.52452697187024,40.83248999669073,35.36780420737464,32.6533467505234,39.59379087790857,40.3060363062635,47.33432481342216
pig_14,B1,1,B1_p1,2026-06-07 19:00:00,2,1,25.858891989092662,31.723604936718125,38.29082713583657,35.789044727171756,30.454890596254014,31.75258432183269,36.71391061633278,34.31844480205071,45.023239101700874
pig_14,B1,1,B1_p1,2026-06-07 19:30:00,2,1,28.542305194957667,31.74165943942856,37.02438430426086,39.11885336258006,32.946093529539134,35.660684908755904,37.3673287604927,44.248688265351205,46.76603733486935
pig_14,B1,1,B1_p1,2026-06-07 20:00:00,2,1,26.04148145962138,31.759717205872757,38.41503023536111,35.8297848517116,31.39077368462398,32.25014518721724,37.48093502290411,35.21807469352734,45.1251092717071
pig_14,B1,1,B1_p1,2026-06-07 20:30:00,2,1,25.851075613584207,31.777769879339008,37.74771159515279,41.04548957718629,30.62343634759355,32.26216721883516,36.31348421088673,39.63770652092771,44.28417073018868
pig_14,B1,1,B1_p1,2026-06-07 21:00:00,2,1,24.818307352065876,31.795819134930145,38.53616103730721,35.87051331105124,30.95865970863391,31.45329666594549,37.25444570356259,38.3090624755509,44.26494621171115
pig_14,B1,1,B1_p1,2026-06-07 21:30:00,2,1,25.519160926481717,31.81386497587925,38.30822616047131,38.965431890934724,31.266019022324944,33.76616422572933,37.260691068324014,40.392116995781606,44.0404593580607
pig_14,B1,1,B1_p1,2026-06-07 22:00:00,2,1,25.253198075128502,31.831904064848118,38.208212713074715,38.98752605940888,31.19044991094607,32.032938707401236,37.104712379577734,39.84284638358978,44.56856364200655
pig_14,B1,1,B1_p1,2026-06-07 22:30:00,2,1,26.56058039372079,31.849939746886015,39.09313208936808,41.88411003334326,34.14349875202885,36.675123081361015,40.028414784369836,48.31287446451217,45.07236052454563
pig_14,B1,1,B1_p1,2026-06-07 23:00:00,2,1,24.937895081198853,31.867968685902632,35.566843385635394,36.24159850719261,31.225268688254264,32.069231094856015,34.73073165607727,35.83897950167521,42.15215426551199
pig_14,B1,1,B1_p1,2026-06-07 23:30:00,2,1,24.343188292626326,31.886002572360383,36.80098567249874,36.7139467583216,31.521871919686376,32.378380630179365,36.04476498871274,36.64132078892739,42.31954757606091
pig_14,B1,1,B1_p1,2026-06-08 00:00:00,2,1,25.000554870737417,31.904031390604434,36.84324806160707,36.734705367734165,30.564104653579623,34.06491104306105,35.377890260338816,38.537037972436934,41.701746419729
pig_14,B1,1,B1_p1,2026-06-08 00:30:00,2,1,24.318995654442368,31.92205013865125,37.01235834360965,39.35684552453263,32.44051904725261,34.69360433174356,36.877781620236,39.59229079160591,42.33946528745811
pig_14,B1,1,B1_p1,2026-06-08 01:00:00,2,1,24.07116589643475,31.94007550741445,35.76373456056895,36.59670962110581,31.563338755361226,32.43328855001029,35.10773962275898,37.50841028748577,40.90015287776366
pig_14,B1,1,B1_p1,2026-06-08 01:30:00,2,1,23.552262963646992,31.958095817863743,35.398753125380445,39.383792075989,30.7892039004767,32.44524191553881,34.20742764513196,38.97083580025469,40.30965822988918
pig_14,B1,1,B1_p1,2026-06-08 02:00:00,2,1,22.314392539441812,31.976106070820222,35.69606449532975,36.36457690366426,30.819634847761343,32.46352670376472,34.48574733169141,38.25514269200846,39.72881834035866
pig_14,B1,1,B1_p1,2026-06-08 02:30:00,2,1,23.035300989391487,31.994116277951036,34.371971143814775,36.58361257341152,30.962163891196454,34.15668553029339,33.386320075458215,34.539382680360916,38.85393155931456
pig_14,B1,1,B1_p1,2026-06-08 03:00:00,2,1,23.275508493146404,32.012124773408004,35.978072898206605,37.92726296010172,31.95491990502764,33.63619913940355,35.53923715516729,35.924139032027554,38.22697156312222
pig_14,B1,1,B1_p1,2026-06-08 07:00:00,2,1,19.62837646897816,32.160540941073506,30.759006200854667,31.050961259294546,30.56685702832459,29.492067439431736,29.74523949160563,28.801786224539605,35.29431245955167
pig_14,B1,1,B1_p1,2026-06-08 07:30:00,2,1,22.350763899203617,32.17403137082269,31.415912046986882,30.214743747244817,33.98606071143547,36.7791611314436,32.80421988166786,35.6464226397182,38.53359590343101
pig_14,B1,1,B1_p1,2026-06-08 10:30:00,3,1,27.055339433858364,32.281823876465545,36.89627128618328,43.49017306797967,31.78352974509704,33.40898941434701,36.07299930962328,41.762400600252256,45.817532791982785
pig_14,B1,1,B1_p1,2026-06-08 11:00:00,3,1,26.976396003530834,32.299773746170374,36.28902544361543,43.08929376878089,31.623265996311098,31.14499443865956,35.399331770576744,37.38140964286448,45.35059406243229
pig_14,B1,1,B1_p1,2026-06-08 11:30:00,3,1,27.206996870176674,32.3177252770257,35.42713501054625,36.912564540628125,32.75973874102583,37.74316516666476,35.43568124556724,40.61566007018263,46.71695187616474
pig_14,B1,1,B1_p1,2026-06-08 12:00:00,3,1,25.495843803294477,32.33567016152273,34.964968523832304,38.024151567373416,31.21461274023304,31.621505512063727,33.889588418948094,35.91271176782555,42.484422979752864
pig_14,B1,1,B1_p1,2026-06-08 12:30:00,3,1,27.019655510825196,32.35361504960369,35.38200975694947,38.28024244583496,32.332448916654194,32.82233830331611,35.063221700916735,37.25064180647364,46.37169259320416
pig_14,B1,1,B1_p1,2026-06-08 13:00:00,3,1,28.267935898083202,32.37155495964585,35.3611954485818,37.56608395768755,33.56241827716458,36.368351302656016,35.92408877318495,43.559381312524096,47.09060167541952
pig_14,B1,1,B1_p1,2026-06-08 13:30:00,3,1,26.474024444166766,32.38948823498998,35.67202858471864,38.38068530052685,31.264850027337907,31.67413496116104,34.528597360213695,39.0557159800836,44.46608111233062
pig_14,B1,1,B1_p1,2026-06-08 14:00:00,3,1,34.694946947864324,32.40294515198574,38.75705876903743,40.76857750603267,38.59616923836744,37.81029499845065,42.60571758054033,44.213404287998344,50.22042984639755
pig_14,B1,1,B1_p1,2026-06-08 15:00:00,3,1,29.00705817572393,32.44626812448839,40.95282793476575,40.053520945053606,32.05180960600383,32.94729770467346,39.81475055508352,30.634234392527432,47.502613012974905
pig_14,B1,1,B1_p1,2026-06-08 15:30:00,3,1,28.796005258608346,32.46120155090549,40.17960601756928,39.79410325589002,31.53448474418242,34.364795719737636,38.73502355118885,40.02123406879774,47.53839408769413
pig_14,B1,1,B1_p1,2026-06-08 16:00:00,3,1,32.84995745737049,32.47912660418603,41.60783352286926,33.99050367214336,36.19587393787622,33.45006041399599,43.38490656067426,35.79733356151015,52.55782444590574
pig_14,B1,1,B1_p1,2026-06-08 16:30:00,3,1,29.08355352220289,32.49704172525858,37.19933047666031,43.780115220168625,30.98771341776154,30.70511059092278,35.63502682631065,41.07886153443562,46.25359461203909
pig_14,B1,1,B1_p1,2026-06-08 17:00:00,3,1,32.12563458463855,32.51495355482517,38.69307472455311,36.71935315384437,34.32695153443282,37.16888015030681,39.38631743563404,44.41320112308157,49.018736902936716
pig_14,B1,1,B1_p1,2026-06-08 17:30:00,3,1,26.242868440123942,32.532863754106884,36.95425845467464,41.16935065081177,31.218675879824417,31.57622382904852,35.55942980535603,40.216633601656014,44.08348840758297
pig_14,B1,1,B1_p1,2026-06-08 18:00:00,3,1,28.90515967228496,32.55077232520786,38.353554653038145,39.051148270923136,31.147447300558518,33.955912823765374,36.75574823727695,38.71909910186626,46.196643764919855
pig_14,B1,1,B1_p1,2026-06-08 18:30:00,3,1,29.15265374347426,32.56867595504566,38.46094687117258,41.944095320254135,32.780099381328185,35.02054043793166,38.02363581774885,38.81231933207676,46.326352433485326
pig_14,B1,1,B1_p1,2026-06-08 19:00:00,3,1,29.68594680307651,32.58657961940328,38.62135988955126,42.09018188510433,31.80888206429139,32.18135766478033,37.453409555111115,35.12244280337213,46.612312299473224
pig_14,B1,1,B1_p1,2026-06-08 19:30:00,3,1,29.7587147209386,32.604480005493855,35.360448862952374,35.499820615633745,33.06724936257717,38.07805974807856,35.41944366991291,41.124522745987235,46.167349782474574
pig_14,B1,1,B1_p1,2026-06-08 20:30:00,3,1,38.178632757717494,32.644726512376316,38.292298076857655,42.52909217535958,42.18440801539643,36.62504303477905,44.63538788522092,48.6081871194293,52.53293822323272
pig_14,B1,1,B1_p1,2026-06-08 21:00:00,3,1,26.7045283227363,32.65815158767227,35.424881603454594,35.55825833766366,31.28386025751976,34.87010826451491,34.152328558722374,35.9197424945485,43.126270820166994
pig_14,B1,1,B1_p1,2026-06-08 21:30:00,3,1,27.893605015042063,32.67156157683448,36.047898095821466,39.58928318254695,32.327440459157174,35.00816589418109,35.46034837096074,39.040198107961416,45.72795949588978
pig_14,B1,1,B1_p1,2026-06-09 10:00:00,4,1,42.941958666666665,32.65913123214955,28.40275528922542,30.076821685545116,31.822931148507035,35.293464323582846,28.223655203228336,29.75401923612967,31.457727622621285
pig_14,B1,1,B1_p1,2026-06-09 10:30:00,4,1,40.930728,32.62444054502532,28.85702785696938,31.0655452088413,34.33126777767492,36.846325650746586,30.47068899940082,31.23271008006435,33.87549709558826
pig_14,B1,1,B1_p1,2026-06-09 11:00:00,4,1,42.4134855,32.59166582441458,26.81778068851262,30.045911725736573,31.656562782002663,34.50291069680751,26.719112529245272,27.094458425173947,30.684991528280467
pig_14,B1,1,B1_p1,2026-06-09 11:30:00,4,1,42.203071333333334,32.55888011384921,27.178186979398568,27.258325557990066,31.77963979886721,32.15400260923954,27.153000959882313,24.48039290378859,29.955435338345396
pig_14,B1,1,B1_p1,2026-06-09 12:00:00,4,1,37.56973333333333,32.52415383289832,30.054782882957664,26.8372140364353,42.119231232303314,36.489769131564515,37.251346565333044,33.89597805814522,38.01009101085521
pig_14,B1,1,B1_p1,2026-06-09 12:30:00,4,1,38.280496,32.489415188374075,34.26883765966593,35.13943843233612,40.99506341202788,47.11651531126756,40.25064695161028,37.27078144502741,38.52222261163598
pig_14,B1,1,B1_p1,2026-06-09 13:00:00,4,1,37.7289165,32.45660216066658,35.32232525833424,37.0389491696815,34.925118268219215,34.33524361352683,36.82296062518319,42.06060523772715,34.505702453631656
pig_14,B1,1,B1_p1,2026-06-09 13:30:00,4,1,31.360722666666668,32.423768125682656,37.29752184183571,39.256082117147194,48.37109319419316,43.52368499713785,48.358811946447034,46.53791204329448,44.08277778320814
pig_14,B1,1,B1_p1,2026-06-09 14:00:00,4,1,34.99746866666667,32.388995736201515,38.25275177548846,41.71269124853916,43.18468029976537,40.118758148673194,45.483824332317134,49.45110884514767,40.46027078356888
pig_14,B1,1,B1_p1,2026-06-09 14:30:00,4,1,35.62647533333333,32.35420880319629,36.01163891509921,41.02490468261017,33.2596097776331,31.31523965028679,36.30087398896706,41.226509415998734,36.15281499030807
pig_14,B1,1,B1_p1,2026-06-09 15:00:00,4,1,39.606852,32.317964654322594,32.81286698477628,31.879874508625125,35.55931676045945,35.42065634256647,35.11078658378325,36.1441788376837,34.62358178876199
pig_14,B1,1,B1_p1,2026-06-09 15:30:00,4,1,43.58909657142857,32.28459390420432,31.287395758894515,32.780611990138894,32.616367556185274,36.171709673643036,31.627602640415837,36.47819158761562,32.90239623900414
pig_14,B1,1,B1_p1,2026-06-09 16:00:00,4,1,49.318348,32.25364098343804,30.74314389578464,28.98498742507701,32.59655773356856,36.13702997264288,31.142855891197,30.16042939985629,32.4631469766446
pig_14,B1,1,B1_p1,2026-06-09 16:30:00,4,1,36.449728,32.21880751970822,28.134093445180223,27.981586454209243,31.74798419105347,35.80026260528531,28.202411875292654,29.70286707523176,27.54892922918915
pig_14,B1,1,B1_p1,2026-06-09 17:00:00,4,1,33.886709333333336,32.183959398983106,34.52882254721646,35.60849538852387,39.681914025007444,37.00710759130123,39.72416194422864,45.80409589160037,38.092012851954856
pig_14,B1,1,B1_p1,2026-06-09 17:30:00,4,1,29.66281133333333,32.149102895683384,29.389789012955355,28.645172104341814,29.87355707845782,24.01743111243057,28.018247422223133,25.16636719304693,26.197890071503835
pig_14,B1,1,B1_p1,2026-06-09 18:00:00,4,1,36.2330025,32.11616627614819,28.333462169542138,27.258655861191258,29.697096574916824,22.076977926486908,26.96052338959114,24.920869053635435,25.853066969858293
pig_14,B1,1,B1_p1,2026-06-09 18:30:00,4,1,32.01101933333333,32.0832183934151,35.6274045897968,40.10845287766383,45.335924828895905,40.108399810833845,44.87037756076008,46.85993734711405,39.52054970581303
pig_14,B1,1,B1_p1,2026-06-09 19:00:00,4,1,30.89152933333333,32.04832752078775,34.07492823901825,34.8881093637896,43.97195336722416,40.06478146020809,42.507399141538365,38.72735823919119,39.72925535400823
pig_14,B1,1,B1_p1,2026-06-09 19:30:00,4,1,37.169764666666666,32.01341557070485,28.922722051838413,27.361358530129653,36.54740307007056,36.60247335338983,32.51611037599633,31.794176409174995,34.04358495522572
pig_14,B1,1,B1_p1,2026-06-09 20:00:00,4,1,33.0588015,31.980435080798657,27.762826970926824,25.49029508431858,32.89202250589436,37.35042720344839,28.84565666293198,27.938393364939948,31.542661665404154
pig_14,B1,1,B1_p1,2026-06-09 20:30:00,4,1,30.254217333333337,31.947440093423822,28.360630275210976,30.611506910602664,30.052371525331758,26.22004844710582,27.3475636491557,27.871358829447306,26.87151168511342
pig_14,B1,1,B1_p1,2026-06-09 21:00:00,4,1,24.871449333333334,31.912493510466824,27.863864752483018,27.71555699528279,30.17277961632127,28.067298023529254,27.00958824599644,26.322467136330552,25.51246700149317
pig_14,B1,1,B1_p1,2026-06-09 21:30:00,4,1,28.34713733333333,31.87753627220381,29.036104109048726,28.43217583670636,36.157177250276945,33.21705587479887,32.42030785913986,29.112040238233234,34.942320719064575
pig_14,B1,1,B1_p1,2026-06-09 22:00:00,4,1,32.76816666666667,31.842559931589427,26.22307770798203,29.355318932771905,29.985322616412304,31.866303992513117,25.441092813453473,25.239307230213505,27.032571511133646
pig_14,B1,1,B1_p1,2026-06-09 22:30:00,4,1,28.2493845,31.809522626333738,27.571951759206563,25.35406776636968,31.33531301178689,35.34548144511296,27.653134647976707,26.46249597552692,27.373774834821305
pig_14,B1,1,B1_p1,2026-06-09 23:00:00,4,1,27.369950666666668,31.77647282563681,26.210589996482057,29.294393929356634,33.16818793184353,38.313976088466326,27.77624967333805,36.116061824958145,30.818061787236154
pig_14,B1,1,B1_p1,2026-06-09 23:30:00,4,1,32.493405333333335,31.74146152566003,26.601324198100443,26.731852372700914,30.473213008841178,31.770457222696542,26.197874985162372,25.2360353051491,27.052619481987847
pig_14,B1,1,B1_p1,2026-06-10 00:00:00,4,1,27.854390666666667,31.706441567317114,26.43981333508212,26.37175006253681,29.45253423288176,24.688898217761075,25.335187304962083,24.159790983978688,25.14778141706209
pig_14,B1,1,B1_p1,2026-06-10 00:30:00,4,1,27.29817375,31.673353062748017,24.74265800740845,25.365449416316157,31.117116104527852,33.61702961608482,25.034296683979946,23.21899536903578,25.65814831787678
pig_14,B1,1,B1_p1,2026-06-10 01:00:00,4,1,27.143262,31.640253559613896,25.07082957384248,22.38919008293833,30.857369415299367,33.24878672462135,25.162120717401322,23.720346675546338,25.283191181900595
pig_14,B1,1,B1_p1,2026-06-10 01:30:00,4,1,29.229236,31.605196273927415,26.327671878407553,26.28753955387369,29.645577623570254,25.678890336754662,25.437272801154773,23.61171648292,25.07825888943922
pig_14,B1,1,B1_p1,2026-06-10 02:00:00,4,1,26.605168,31.57012390875216,28.029108161289436,30.249968804238502,30.022347377859752,29.257214432902153,27.262974925706068,27.113329895956063,25.574217809706482
pig_14,B1,1,B1_p1,2026-06-10 02:30:00,4,1,27.017856666666667,31.53503643772132,27.97238738521238,30.216348571794363,29.538262298646718,27.181809418589527,26.88324068184877,26.82848221285913,24.387781859952028
pig_14,B1,1,B1_p1,2026-06-10 03:00:00,4,1,25.495357500000004,31.50189042830617,27.6417604286451,30.53836063845374,30.121067926987607,31.190243604519765,27.028518359320824,28.67402124221644,24.701127860198206
pig_14,B1,1,B1_p1,2026-06-10 03:30:00,4,1,26.65403333333333,31.4687306746819,27.09636884380616,25.592980517675326,29.529695347103043,28.20503250871547,26.13017564611533,23.811604741991395,23.948618287148626
pig_14,B1,1,B1_p1,2026-06-10 04:00:00,4,1,30.10496,31.43360764735247,25.142320492874056,20.86250548961801,30.554670200800206,32.59893353895464,25.136175607085853,22.67295369721653,24.91158206730301
pig_14,B1,1,B1_p1,2026-06-10 04:30:00,4,1,28.152691333333333,31.39847364970865,26.724982056888095,29.55687285045551,28.76404403451167,23.35827821534283,25.28533230117749,24.79064130981815,23.001892432020767
pig_14,B1,1,B1_p1,2026-06-10 05:00:00,4,1,27.5079375,31.365280150829623,27.899577783686055,27.443408631403095,28.876931242107382,21.541460962024967,26.444699358587417,24.757307338117187,23.559489466870676
pig_14,B1,1,B1_p1,2026-06-10 05:30:00,4,1,27.50320466666667,31.332067525792255,30.392946930332947,31.813451067695578,29.37830405805257,25.45697609485629,29.072060878854636,28.92380105919942,24.476776720580972
pig_14,B1,1,B1_p1,2026-06-10 06:00:00,4,1,26.423441333333333,31.296897705629775,26.594292454078133,29.461254595335895,35.709818232356525,35.783244114769076,30.261520237268325,33.38856597585334,31.591700937401043
pig_14,B1,1,B1_p1,2026-06-10 06:30:00,4,1,24.610029333333337,31.261710467576766,31.695559673207697,32.75381404044819,32.04731255977039,28.92423513135391,32.22104908614175,34.89586147527091,29.247181087284147
pig_14,B1,1,B1_p1,2026-06-10 07:00:00,4,1,23.891790666666665,31.2265100226682,26.974333409474845,24.928701379793246,33.49095932795963,33.920434423597314,29.04042128085831,29.24750114083067,31.8821681559155
pig_14,B1,1,B1_p1,2026-06-10 07:30:00,4,1,31.333197000000002,31.193251153102654,30.235971893496803,31.672501930639097,29.429868698992532,28.89536006282281,29.054786625274524,29.84664492237855,25.21330392705631
pig_14,B1,1,B1_p1,2026-06-10 08:00:00,4,1,33.66753733333333,31.159984172014425,28.716860167059423,26.68296757567287,36.96591982583293,34.60552078838941,33.166552569934815,26.317279023931434,32.87075761549704
pig_14,A1,3,A1_p3,2026-06-17 09:30:00,2,1,35.55506909600872,34.502875467266875,39.58013232267881,45.00105931010356,33.559572166945756,36.486512666998976,38.38819212176056,44.909138879290374,34.88367891990323
pig_14,A1,3,A1_p3,2026-06-17 10:00:00,2,1,35.420360537972755,34.51737754672561,40.63663283710675,41.41048375238536,35.468017618115695,33.40894399705908,40.7119458676822,44.06227042202516,36.91272252564458
pig_14,A1,3,A1_p3,2026-06-17 10:30:00,2,1,39.40926853842289,34.529588292610136,40.28560003002055,42.5547348482671,38.94360441968039,36.631310879453,42.90562095321039,43.60203980667688,39.36984254812395
pig_14,A1,3,A1_p3,2026-06-17 11:00:00,2,1,33.31910851889865,34.543328432744396,36.844316645991555,37.20018975409234,32.72808132960969,30.148951421755868,35.29907600132084,34.746319456654504,33.164330124971265
pig_14,A1,3,A1_p3,2026-06-17 11:30:00,2,1,32.375529296237474,34.557061788698284,36.95765379157801,38.32676188242709,34.07874851745975,38.48669856813874,36.37069095957014,39.524172905455494,33.64298527638714
pig_14,A1,3,A1_p3,2026-06-17 12:00:00,2,1,34.59989933408356,34.57003145203311,37.49760433161724,37.63991681564018,33.90041029419557,36.36669584006593,36.71928317145826,37.9498752572694,33.79011354192859
pig_14,A1,3,A1_p3,2026-06-17 12:30:00,2,1,31.919654289453057,34.582999907074495,36.52872036009728,36.41595116940588,34.23100953971235,37.05630644614618,36.07882557096987,39.136544213641386,34.03121135568466
pig_14,A1,3,A1_p3,2026-06-17 13:00:00,2,1,36.53996241372385,34.596729664638275,38.36576866226417,43.25068901941022,33.228580606326005,34.628333637599596,36.99722822951341,41.69395712164224,33.259229730176386
pig_14,A1,3,A1_p3,2026-06-17 13:30:00,2,1,34.445005629020606,34.61045595285657,38.40528511600429,43.267848774938415,33.73060265208257,37.4021857382604,37.38780283613374,40.462862242122604,33.44927889013601
pig_14,A1,3,A1_p3,2026-06-17 14:00:00,2,1,38.95734832329386,34.62341956484903,38.503394668336384,40.94323517346233,37.205489402298056,37.610396807635496,39.98463738421592,47.50678344833864,36.404511882623595
pig_14,A1,3,A1_p3,2026-06-17 14:30:00,2,1,28.168114348311207,34.633331823593345,41.48605501120959,43.57479439352089,36.64522563992871,38.53096069212506,42.25647177615413,49.23346211575621,37.487359566101304
pig_14,A1,3,A1_p3,2026-06-17 15:30:00,2,1,53.200846516279476,34.66458737114301,47.68758334002235,42.895800613229426,41.81150190115976,42.641988477146015,51.558689281248704,50.735844897865135,46.1613674120996
pig_14,A1,3,A1_p3,2026-06-17 16:00:00,2,1,39.72230218780113,34.677544233410885,44.870013161855184,43.32657458283185,37.300095622890076,37.669190834547834,45.748033967649455,47.7225078379515,40.37137954086321
pig_14,A1,3,A1_p3,2026-06-17 16:30:00,2,1,35.25838799143431,34.690499482152546,40.69958458086881,45.19429652830422,33.58956206007495,36.63003789031616,39.30010635669563,42.5020828349426,37.59069091851667
pig_14,A1,3,A1_p3,2026-06-17 17:00:00,2,1,40.525418781379585,34.7034514664888,41.788660452559306,42.50458017355234,35.84911419746098,40.261736335263954,41.908423450920544,46.13638551541477,36.89107558160287
pig_14,A1,3,A1_p3,2026-06-17 17:30:00,2,1,38.45905294654366,34.7171661508815,38.36769154716035,40.5442725565567,37.567197902421256,38.89197785781981,40.06599440870539,45.105969913815926,35.895052449301886
pig_14,A1,3,A1_p3,2026-06-17 18:00:00,2,1,31.23693054805571,34.73087820383607,39.300703429172366,38.36339907790542,33.40347237943082,36.95367791477794,37.88142843099356,40.5761093485778,32.91962219569088
pig_14,A1,3,A1_p3,2026-06-17 18:30:00,2,1,32.1444174829858,34.74382485846542,40.07543112698617,40.004479493452045,33.13564484293596,32.88966554676824,38.37647485491747,41.01985670300453,33.198451090666104
pig_14,A1,3,A1_p3,2026-06-17 19:00:00,2,1,32.410987513700356,34.75677134984109,37.70528309303249,37.84323957597397,35.28818345595144,37.76670860705296,37.79469794053921,43.665720007531306,33.511440316666175
pig_14,A1,3,A1_p3,2026-06-17 19:30:00,2,1,34.344131114221675,34.77047901932083,39.26819556164586,38.868838190186885,33.73305355830741,33.041802256834345,38.06616103494447,39.50659387080202,32.26825237454871
pig_14,A1,3,A1_p3,2026-06-17 20:00:00,2,1,31.81291737411035,34.78418406239653,39.41594821883204,46.94374610042513,34.70211210631988,33.832760789353856,38.892385027861096,43.12516141231485,33.075202759329244
pig_14,A1,3,A1_p3,2026-06-17 20:30:00,2,1,33.643158916788266,34.797887305769734,40.10713515098709,42.842075472045735,34.84277988924369,35.93064813899988,39.60763762574416,40.29870870748414,33.50432682727066
pig_14,A1,3,A1_p3,2026-06-17 21:00:00,2,1,33.49619470011764,34.81082822522289,41.104029665754794,44.83168733267268,33.86491716660849,34.36880114267885,39.788357724961344,38.45835247774199,32.10856127312337
pig_14,A1,3,A1_p3,2026-06-17 21:30:00,2,1,30.212504408738354,34.82376547880635,41.31697277703256,44.97982421126579,34.05187984697484,35.18527015863489,40.10729521493825,38.86102552333063,33.081097775322064
pig_14,A1,3,A1_p3,2026-06-17 22:00:00,2,1,32.461170454740234,34.8374643546577,41.04868741622751,41.794491765198075,34.33309542008466,38.71001034523412,40.06101175225946,41.85104494578576,33.41868839784642
pig_14,A1,3,A1_p3,2026-06-17 22:30:00,2,1,34.32700590813974,34.85115978562907,41.51539969694892,39.35764637743625,36.90884474476263,38.77330297341625,42.3378670267258,47.33911240910108,34.46510645198655
pig_14,A1,3,A1_p3,2026-06-17 23:00:00,2,1,32.71203080568421,34.8640930788081,42.0846315121084,39.33199234635359,33.57702973155387,34.70960239585849,40.42896072366548,41.141016430492364,30.61548072523248
pig_14,A1,3,A1_p3,2026-06-17 23:30:00,2,1,30.182408314808818,34.877024772926475,41.069061845224056,41.841952382846074,33.67936592434998,34.94364754163957,39.58120166029331,43.25896674170166,30.285782558637493
pig_14,A1,3,A1_p3,2026-06-18 00:00:00,2,1,29.751571615565734,34.89071584959098,42.414494721050026,41.48544414868194,33.46005815047687,33.6087172867562,40.6244413647852,36.43174635211483,30.757560299469915
pig_14,A1,3,A1_p3,2026-06-18 00:30:00,2,1,30.723131916349768,34.904404311348486,40.72666997253794,43.016663214140706,33.546446191792384,37.138309810613805,39.15976768530929,41.963828638084244,30.811075890110544
pig_14,A1,3,A1_p3,2026-06-18 01:00:00,2,1,30.9035598039658,34.91809345667582,40.04988260432972,45.5426156040345,33.67050923102766,36.379209825844015,38.6321061518177,46.166723677123585,30.0708488324481
pig_14,A1,3,A1_p3,2026-06-18 01:30:00,2,1,30.212908931097548,34.93101755560698,39.52615951807916,38.584471110064186,33.79825947978686,37.29209994533519,38.24531900540114,40.78513763499267,29.19736744367378
pig_14,A1,3,A1_p3,2026-06-18 02:00:00,2,1,31.087797029888453,34.943942738947335,37.79507167404598,41.09127067508349,33.52577410617464,33.91640421618786,36.48228386010917,39.60022369778892,30.127470693972988
pig_14,A1,3,A1_p3,2026-06-18 02:30:00,2,1,30.615634094525397,34.95762260099446,37.85996196486416,41.983186286192975,34.4459497429143,38.84352542863425,37.198561509331924,41.158372204679495,30.426859696778642
pig_14,A1,3,A1_p3,2026-06-18 03:00:00,2,1,31.199778792288658,34.971303150323884,39.09285346446694,40.388921627077394,33.408589853898114,33.765968621206,37.54807896192213,40.24433406622675,29.356159600281345
pig_14,A1,3,A1_p3,2026-06-18 03:30:00,2,1,32.82964011977162,34.98422131056054,39.09595067254398,40.40384101853162,34.24656715387701,34.72574800830091,38.149699624185004,39.87185403974736,28.54994710733911
pig_14,A1,3,A1_p3,2026-06-18 04:00:00,2,1,32.049682652397635,34.99714014592177,36.271088160261115,37.26901433525215,33.86549504948259,37.36269194119498,35.32385224097409,37.49184087225351,29.13904095164417
pig_14,A1,3,A1_p3,2026-06-18 04:30:00,2,1,27.75054052402708,35.010816368972634,38.46997063038921,42.1811468496319,33.925191453658556,36.12645575416417,37.33709681654117,40.78147449642824,27.942846900468894
pig_14,A1,3,A1_p3,2026-06-18 05:00:00,2,1,29.145381191908967,35.02448751783953,35.996082003606006,38.07085632731747,33.88516368294829,36.85255254242731,35.07358202836726,37.33115476984199,29.078056742141214
pig_14,A1,3,A1_p3,2026-06-18 05:30:00,2,1,30.170930124119444,35.03815853478588,37.67531659807557,41.998101890993105,34.363193477965496,36.859152297809935,36.9222260493892,38.80242643776325,29.296959913608397
pig_14,A1,3,A1_p3,2026-06-18 06:00:00,2,1,29.82822848680523,35.051069195847276,37.10380007609902,36.67050994155582,34.097316186879,34.60599153907772,36.20736286651428,36.50122255858606,28.561584355551823
pig_14,A1,3,A1_p3,2026-06-18 06:30:00,2,1,29.96034574833206,35.06397827193837,34.718787346293624,34.31709800666486,34.11369898213353,34.618736696022566,34.065148457947615,35.59513065633904,28.725517740554572
pig_14,A1,3,A1_p3,2026-06-18 07:00:00,2,1,29.812532875892334,35.07764497896444,34.21245489533797,32.798937052720845,34.89691313758462,36.0833313412654,34.168257918165374,37.55605845898968,29.724392319492875
pig_14,A1,3,A1_p3,2026-06-18 07:30:00,2,1,28.497393159151308,35.09130826553714,43.29746554581274,43.01834429366953,35.944944932336725,32.46748933945633,43.0934080643016,40.34797063280244,30.895090356162513
pig_14,A1,3,A1_p3,2026-06-18 08:00:00,2,1,29.585430098644885,35.10193548477785,49.83014575008906,36.583583347099655,39.210204537390624,36.1512757693022,51.3296784224364,35.20467338818801,33.01768432614019
pig_14,A1,3,A1_p3,2026-06-18 09:00:00,3,1,38.99008890582014,35.132545777085525,44.764384035103106,36.7673965128687,35.974366605958146,34.3973096320731,44.40890944331005,32.67138501530872,36.29651145230175
pig_14,A1,3,A1_p3,2026-06-18 09:30:00,3,1,35.76364633531673,35.144433643483815,43.37354353478,43.08347055747104,34.37459911199578,35.17954655538253,41.991406231500626,40.34991915787087,36.13712599234676
pig_14,A1,3,A1_p3,2026-06-18 10:00:00,3,1,31.620839140653867,35.15808744918624,42.463790451362314,39.66366264964947,35.265568692709344,36.232901122240044,41.809568262895404,37.40725143836218,37.48191590046113
pig_14,A1,3,A1_p3,2026-06-18 10:30:00,3,1,34.740702378592815,35.17098578114231,42.747795395768875,41.81868817388482,36.54724727517453,39.51341750941015,42.9853062403465,45.696252429889434,37.44467073157697
pig_14,A1,3,A1_p3,2026-06-18 11:00:00,3,1,33.21602506637522,35.18387863126247,42.842209804815695,41.83401791420551,33.69332711376305,36.70268415351527,40.995296312788454,36.39974475697466,34.84426350248435
pig_14,A1,3,A1_p3,2026-06-18 11:30:00,3,1,33.969566881312915,35.197529800082386,42.056467681489636,36.835512746083204,33.99708713445468,34.88429500334662,40.49976489736023,41.72586483279714,35.53296662163782
pig_14,A1,3,A1_p3,2026-06-18 12:00:00,3,1,38.24799557210331,35.21117838233414,42.64275949820078,39.72355728598818,34.16950894529449,38.582663593923236,41.14366493146148,44.88300362698114,35.742769107986035
pig_14,A1,3,A1_p3,2026-06-18 12:30:00,3,1,35.2947259460257,35.22482602316899,39.598201847377034,41.73360090156665,33.79098775702764,33.93055116413548,38.121529519787046,42.470691300072644,34.7575047269695
pig_14,A1,3,A1_p3,2026-06-18 13:00:00,3,1,30.65790256166691,35.2377143571119,38.70506279403964,42.4545142929021,34.06471349724476,36.316117068796856,37.508086889770084,42.34577229931081,33.36453921796324
pig_14,A1,3,A1_p3,2026-06-18 13:30:00,3,1,33.57334922654511,35.250600914515026,41.28368233016437,43.44332062251404,36.272989215476144,41.169702663798915,41.41959317855689,48.480475446631345,36.44849266939777
pig_14,A1,3,A1_p3,2026-06-18 14:00:00,3,1,35.40994963463922,35.2634843613984,40.99209256750064,47.77927601609255,37.22323495556349,40.31081335241609,41.83738658229126,47.101313352182316,37.34059672620329
pig_14,A1,3,A1_p3,2026-06-18 15:30:00,3,1,55.92444105841706,35.303643766298514,46.04097033593979,44.49128332427384,40.492904837219086,39.89581018617329,48.723303175567395,46.130292963564344,42.591888760146965
pig_14,A1,3,A1_p3,2026-06-18 16:00:00,3,1,35.040856609649005,35.3172794847367,47.56666062666476,38.78498582799792,42.58825756932106,43.444885372729885,51.60513780980739,58.78029878166435,44.82377505850422
pig_14,A1,3,A1_p3,2026-06-18 16:30:00,3,1,36.81725182844995,35.330913448520135,41.86434855682444,45.634877627034676,35.68273393062621,39.584810871604404,41.46447088708349,45.00613723041027,36.727064265258356
pig_14,A1,3,A1_p3,2026-06-18 17:00:00,3,1,30.992826300520363,35.344544016942294,39.983891654501704,39.510567615047556,34.92228507429382,35.89032826500119,39.21319215204596,39.51753517615875,37.64023657628188
pig_14,A1,3,A1_p3,2026-06-18 17:30:00,3,1,36.693299638725044,35.35666053521535,39.651033062711285,40.51140826135236,33.81877899822045,35.006878639409095,38.106925108062,40.830919069579686,34.15597811924525
pig_14,A1,3,A1_p3,2026-06-18 19:00:00,3,1,37.18900341397912,35.400568986016495,40.80906557638498,43.58407839319635,37.04064757580417,37.804870039505204,41.45491753219866,44.24903828362706,35.03676589466847
pig_14,A1,3,A1_p3,2026-06-18 19:30:00,3,1,33.659447534789685,35.41041040152264,40.83767638476817,40.77199452084162,34.246019531460604,37.258618251197866,39.45054363448642,43.153821759336985,33.030058780149105
pig_14,A1,3,A1_p3,2026-06-18 20:00:00,3,1,30.760186319833537,35.42327362229976,41.01628310103579,43.636326225793695,34.29968714052143,37.40378127594961,39.64209420598789,43.24305114907748,33.11170880581718
pig_14,A1,3,A1_p3,2026-06-18 20:30:00,3,1,30.62007245967532,35.43689233698853,40.75977520456093,42.90412977803877,34.08742794633684,37.70487743028329,39.24906479627083,43.80078772811625,31.534207149596853
pig_14,A1,3,A1_p3,2026-06-18 21:00:00,3,1,31.043443770227945,35.45051258769744,41.82946367299327,45.65551516993395,34.29493850768291,37.30081352735488,40.35335326279428,43.68026396193127,32.23200614636241
pig_14,A1,3,A1_p3,2026-06-18 21:30:00,3,1,32.5733051983146,35.46412781433382,39.96912488410878,39.712476421452806,34.20991488110337,34.680868142201504,38.60935504606482,43.01048236916878,32.32586492441071
pig_14,A1,3,A1_p3,2026-06-18 22:00:00,3,1,36.038448736708986,35.47698751089035,38.98315371727643,42.74279137648499,34.7859874529317,37.32078797557732,38.131371494167354,40.54759465658271,32.000623958083615
pig_14,A1,3,A1_p3,2026-06-18 22:30:00,3,1,27.69805027807203,35.48984462909604,38.209759763124964,38.98638553581025,35.19361209091296,39.11848020744738,37.722669144363536,41.65671476760248,32.418226628358646
pig_14,A1,3,A1_p3,2026-06-18 23:00:00,3,1,32.51001898571898,35.50345564510524,39.00342357433148,42.77468027174489,35.47667313987124,36.017812239337275,38.63331417478598,41.11707806744406,31.44633952070115
pig_14,A1,3,A1_p3,2026-06-18 23:30:00,3,1,31.138422234296513,35.517065741563805,38.80265867400605,41.21634179271105,35.81807995694099,39.79337619285448,38.691433519417764,43.90598672231495,32.2726165058966
pig_14,A1,3,A1_p3,2026-06-19 00:00:00,3,1,28.302165875584567,35.529917203545374,37.694844362868,39.61949834629309,34.76746704642434,35.26741214599135,36.925713416963234,38.36406743870854,30.988433205871388
pig_14,A1,3,A1_p3,2026-06-19 00:30:00,3,1,32.41560559468084,35.54276814045632,36.86418826487675,37.82710619526809,34.00563814765064,37.07706608110206,35.61852777355147,37.97990310264849,30.58313444216914
pig_14,A1,3,A1_p3,2026-06-19 01:00:00,3,1,28.735590681073155,35.55637321847609,37.55032929653486,37.440914737426255,34.60164804920285,35.10487922304675,36.65907751013638,37.02743231517482,30.1032068447531
pig_14,A1,3,A1_p3,2026-06-19 01:30:00,3,1,28.42138082538525,35.56997492310282,38.3596481203975,41.4950151339431,34.22469607877964,35.80354855389175,37.10580801663505,40.90575209431548,29.90870128423101
pig_14,A1,3,A1_p3,2026-06-19 02:00:00,3,1,30.309003953548874,35.58357735144427,39.69848525228058,40.46714544410719,34.934020457746804,37.29600473427249,38.81571910371766,41.40481513839556,30.848602338728895
pig_14,A1,3,A1_p3,2026-06-19 02:30:00,3,1,26.965666493616745,35.596421519793914,37.988133150691525,39.51280312516186,34.279247794428414,35.83016881468085,36.79452538190141,37.88508892893788,29.68658545168183
pig_14,A1,3,A1_p3,2026-06-19 03:00:00,3,1,28.564810311474126,35.60926455292524,39.953019671282554,40.800840134583446,34.748036538671776,37.38989889995791,38.89402169251422,40.659175764061644,30.327039644896196
pig_14,A1,3,A1_p3,2026-06-19 03:30:00,3,1,30.198215886821526,35.62286115916076,38.58409337634709,42.78212031643392,34.38415661139355,34.83609570709566,37.39024746652456,39.5635389266342,30.072058212929463
pig_14,A1,3,A1_p3,2026-06-19 04:00:00,3,1,30.250461612411492,35.63645521708635,37.10512724450894,38.82239693300933,34.079696865864676,35.28390532473348,35.830495844913045,38.50323173088255,29.31824409171309
pig_14,A1,3,A1_p3,2026-06-19 04:30:00,3,1,28.462220487455525,35.650046728113765,37.06882312728414,37.29568523290031,33.99646491302064,33.68425460424237,35.72906824173559,35.78297583056914,28.36162608370283
pig_14,A1,3,A1_p3,2026-06-19 05:00:00,3,1,28.916347329783054,35.66288352463195,37.56970702498782,38.56013046604422,34.741892255346315,37.768070533178324,36.71161769290701,38.58946525508148,29.228031434026732
pig_14,A1,3,A1_p3,2026-06-19 05:30:00,3,1,29.50159373805817,35.6757195995096,36.77284009523378,33.370848169946164,34.29632048006181,37.958989799244264,35.66389015748466,36.52992236644416,28.761965396342745
pig_14,A1,3,A1_p3,2026-06-19 06:00:00,3,1,27.72954396198441,35.68930694200645,35.48626464365739,35.3964516836836,34.44402052155061,34.90107397035764,34.60472639034561,35.637830981077386,28.66669167608769
pig_14,A1,3,A1_p3,2026-06-19 06:30:00,3,1,29.265575679369867,35.702894196757924,35.84593763804028,37.05919798592786,35.11761430222786,38.77327850266817,35.407721983107216,37.23377648485242,29.672419542959812
pig_14,A1,3,A1_p3,2026-06-19 07:00:00,3,1,29.636648471962307,35.71572394218088,34.222369734775285,33.83457696874522,34.27627999149641,34.66549093061146,33.329510221333706,34.198798504092956,28.622828547294276
pig_14,A1,3,A1_p3,2026-06-19 07:30:00,3,1,29.749282280356063,35.728551129103565,37.19221579592639,38.922726329703245,35.812146882589424,36.82080437887046,37.106093269358766,39.22800926008329,29.49698111743112
pig_14,A1,3,A1_p3,2026-06-19 08:00:00,3,1,35.58981984573919,35.73986831535701,37.76055896691131,37.63413535176846,46.844963649354554,45.675799116348855,45.60081101521823,39.387037227091525,37.408509581345676
pig_14,A1,3,A1_p3,2026-06-19 09:30:00,4,1,28.14835669053721,35.72345164416689,34.24927718447468,33.84189765271233,36.81129106731038,40.013846973538286,35.18485094951029,34.43476748067719,28.59830611261983
pig_14,A1,3,A1_p3,2026-06-19 10:00:00,4,1,33.47251090929272,35.6924196708515,33.17191042514969,32.819519122603104,37.45856418895456,40.311327841477535,34.7035860938948,34.18115670536586,29.206694848976078
pig_14,A1,3,A1_p3,2026-06-19 10:30:00,4,1,23.291581998188043,35.66434315531654,32.29014975318051,30.385507393572343,34.89829543488277,35.69997551040986,32.07345804110068,30.450636904643527,26.668965741479283
pig_14,A1,3,A1_p3,2026-06-19 11:00:00,4,1,25.282919562033836,35.63330018211178,31.36116124233107,31.697317051082273,34.517544375692836,36.21478854216317,30.98117574434925,31.80134257588918,25.871789802004947
pig_14,A1,3,A1_p3,2026-06-19 11:30:00,4,1,23.802015347195496,35.60224258002026,31.12538311588866,30.92005277064296,35.13173406210112,39.650731503310716,31.233224271014958,32.86451214381712,25.523800076850073
pig_14,A1,3,A1_p3,2026-06-19 12:00:00,4,1,23.893319068042924,35.57290270339357,31.35754664546571,30.19256733315622,34.17913306769279,35.60539840648724,30.770523011217005,31.539748260563915,24.383839204801582
pig_14,A1,3,A1_p3,2026-06-19 12:30:00,4,1,25.7568950997331,35.54355709767263,31.392626744601635,30.167660195719357,35.67009100858443,36.630154917100704,31.900209278018924,32.43238924229431,26.967390655516674
pig_14,A1,3,A1_p3,2026-06-19 13:00:00,4,1,28.76214729444946,35.512478979795546,30.778384513641612,28.305542625783524,35.37370427297559,36.741934749352616,31.152256069853088,29.03127585831666,25.51649683696533
pig_14,A1,3,A1_p3,2026-06-19 13:30:00,4,1,25.226084209689546,35.481384302821084,31.57888169765957,31.044840777690766,36.08021744429193,38.56196900881824,32.40362780354299,34.77508125687977,26.302354380925042
pig_14,A1,3,A1_p3,2026-06-19 14:00:00,4,1,24.846825003033707,35.45028615936586,29.990845225374535,29.299806755404703,34.71550758912658,34.18286994698368,30.005750982826605,26.654381639155496,25.32281872257586
pig_14,A1,3,A1_p3,2026-06-19 14:30:00,4,1,24.383661794129907,35.42090674009819,34.956888981712865,35.268674090150576,41.88067396235726,39.337597791174616,39.68179586294231,37.07642828431754,29.631326327303256
pig_14,A1,3,A1_p3,2026-06-19 15:00:00,4,1,30.44851464847639,35.39022127607266,33.80773086281692,32.70996780472284,38.590082768855495,40.59360310351757,36.283765445771365,32.72670995263828,28.759430880689244
pig_14,A1,3,A1_p3,2026-06-19 15:30:00,4,1,31.404958657243142,35.3569365634448,33.110308704349826,33.00858464712951,37.97434546690259,38.407194632028926,35.23105842041162,35.42925369860403,28.193967836439214
pig_14,A1,3,A1_p3,2026-06-19 16:00:00,4,1,27.956609249395207,35.329260676719095,32.55680603240502,30.253209112860958,36.04537244581749,39.87513846352973,33.35325392645731,31.620498916223756,26.78895860532481
pig_14,A1,3,A1_p3,2026-06-19 16:30:00,4,1,27.305072474524515,35.29984421205236,31.166537829193455,29.96080843075653,35.17430625269139,35.14373799439472,31.489794282779716,31.671134650580967,26.256703153868123
pig_14,A1,3,A1_p3,2026-06-19 17:00:00,4,1,27.030880490706046,35.27042051208532,31.40445243423962,30.860255609385234,37.13843112881733,39.83471833742243,33.144724433639794,33.557100692995526,27.090446091212492
pig_14,A1,3,A1_p3,2026-06-19 17:30:00,4,1,24.030946856562274,35.239258575857946,29.845963011485786,33.172385915664464,34.216191526585675,37.27460553943222,29.645451175503247,33.469001889726556,23.614265679213307
pig_14,A1,3,A1_p3,2026-06-19 18:00:00,4,1,21.708406578754474,35.2080912064417,28.853524145713656,27.59669162634104,33.83033563763092,35.24025365570481,28.49245704868903,25.49812578765096,22.0032929521158
pig_14,A1,3,A1_p3,2026-06-19 18:30:00,4,1,26.492860261369444,35.17690900337912,30.16814670308454,30.537742419547676,34.406134609431746,35.21205436150994,30.111822889104474,29.670948886818053,22.92479601630276
pig_14,A1,3,A1_p3,2026-06-19 19:00:00,4,1,24.39324070808373,35.147451987100595,29.743037042070753,29.049513071274287,35.22561447255637,36.221940524719045,30.34119191988652,29.809338647596938,23.938746053084863
pig_14,A1,3,A1_p3,2026-06-19 19:30:00,4,1,20.76302378113683,35.11799143696601,29.390707695268265,29.400816004244227,32.92800669477286,28.53299954668747,28.378536597010665,26.498261123766873,20.684589294984665
pig_14,A1,3,A1_p3,2026-06-19 20:00:00,4,1,21.138935559653586,35.086784453220936,28.21912809443937,26.39205900270605,33.5227267296809,33.87746970062521,27.77454770839526,22.17388869770884,21.37532009125267
pig_14,A1,3,A1_p3,2026-06-19 20:30:00,4,1,20.345892536882296,35.0555663344542,29.11600237796543,24.834935440169097,32.53083270298655,25.80327611471946,27.882664774605153,23.196181446440633,21.313715999820513
pig_14,A1,3,A1_p3,2026-06-19 21:00:00,4,1,20.134217111873042,35.02607770133895,28.80010716372864,32.290170265702386,32.59260016198957,29.60162966718623,27.66155993289523,26.910998345035104,21.00396513863753
pig_14,A1,3,A1_p3,2026-06-19 21:30:00,4,1,23.44307751989523,34.99658079035568,28.087702504329236,26.653807551314102,33.58143430087663,33.96749442778919,27.75509994522294,24.948548012951175,20.524468986800663
pig_14,A1,3,A1_p3,2026-06-19 22:00:00,4,1,20.570640506866226,34.965337738924255,26.796292413816687,28.28954073915871,32.88143849060208,31.304393354820874,26.10562794672147,28.722522219010358,20.1043825000787
pig_14,A1,3,A1_p3,2026-06-19 22:30:00,4,1,19.942834857567178,34.9340834966569,27.207831238807273,27.422625421511263,32.91790791686544,30.03244407985541,26.521844988334077,25.094345647361763,20.130171565648844
pig_14,A1,3,A1_p3,2026-06-19 23:00:00,4,1,20.540152488543036,34.90282369682835,26.299342875829037,22.79620917653905,33.678011339192594,34.131960970740934,26.274394342137185,24.053625221754686,20.281903799070403
pig_14,A1,3,A1_p3,2026-06-19 23:30:00,4,1,21.467313632994294,34.87329255668266,26.371306315934923,23.360501450914924,32.91222989895657,32.304306468589274,25.802966973964075,19.350746383044132,19.807843264298683
pig_14,A1,3,A1_p3,2026-06-20 00:00:00,4,1,20.52786681969652,34.8437464843627,27.112437570518484,27.351712496313738,32.615670819291765,27.289718753520567,26.273491882168514,24.030124855748866,19.89521176320772
pig_14,A1,3,A1_p3,2026-06-20 00:30:00,4,1,19.873324531760495,34.81245967664684,25.964928982377874,21.591824083006443,33.09575897439305,32.26200824045717,25.608191008731815,18.41766710860136,19.499711808108977
pig_14,A1,3,A1_p3,2026-06-20 01:00:00,4,1,20.005266994031345,34.7811653785216,26.086722770593354,22.716750033167834,32.72717272845085,33.336451669308225,25.47036496901451,26.96720308073104,19.074999372099185
pig_14,A1,3,A1_p3,2026-06-20 01:30:00,4,1,18.498174209693886,34.751596056069374,25.60002789677752,23.28481133500265,31.783893700451877,27.60607601756734,24.367732648521155,23.3444151918824,18.419916000754945
pig_14,A1,3,A1_p3,2026-06-20 02:00:00,4,1,19.622792665241377,34.72201551530495,25.976935545170267,21.53572766123194,32.688756234326505,33.279758728318235,25.380667732447797,25.581893942815103,18.959634117320622
pig_14,A1,3,A1_p3,2026-06-20 02:30:00,4,1,20.309255685927944,34.69069405254896,26.546919137645055,28.067333711945658,32.22772229330162,27.01265018177638,25.579183667060278,26.03852934418026,19.520530934407518
pig_14,A1,3,A1_p3,2026-06-20 03:00:00,4,1,19.76619025086319,34.65935749842788,26.518162721355687,28.04198012517203,32.19174291225253,26.988249304322245,25.546806196744278,26.015008402719957,19.37064180102781
pig_14,A1,3,A1_p3,2026-06-20 03:30:00,4,1,19.55189573538841,34.62802282484873,25.658611793765466,22.28290049730407,32.56010211967127,31.00239602153292,25.059719831953952,25.838285122433927,19.117870519905974
pig_14,A1,3,A1_p3,2026-06-20 04:00:00,4,1,18.793465911997266,34.59840641072587,25.723160886173403,21.459061258859926,32.79402448678081,30.660255119794222,25.305697972193723,18.110699233930255,19.15841457036975
pig_14,A1,3,A1_p3,2026-06-20 04:30:00,4,1,21.977133901045235,34.56878579382352,24.540372958372792,24.969943913234985,33.25445215258483,34.66642095424782,24.59337427044305,28.210816850250318,20.235550343446
pig_14,A1,3,A1_p3,2026-06-20 05:00:00,4,1,20.666071866928455,34.53741242412846,25.18020741249451,23.092868330488294,32.92866292907598,32.63297247093455,24.952723480227004,19.10052647836561,18.468632443883862
pig_14,A1,3,A1_p3,2026-06-20 05:30:00,4,1,18.667341050170755,34.50603522223681,25.95740450588007,22.537053265710824,32.144201668179235,25.004877572332,25.103485554853584,20.617605066845886,18.393932414680428
pig_14,A1,3,A1_p3,2026-06-20 06:00:00,4,1,23.18336432386695,34.474644725345335,26.389242820260485,27.892533849029114,35.31953951046895,31.89693446684499,27.8113414420936,30.014131817907845,21.731369306397006
pig_14,A1,3,A1_p3,2026-06-20 06:30:00,4,1,24.17317951433261,34.44499246765176,25.837041411699957,22.497184187657993,35.787319438099004,38.697788482589594,27.671761195617847,36.17815097562216,22.978949886739315
pig_14,A1,3,A1_p3,2026-06-20 07:00:00,4,1,22.898349911690993,34.41532744217402,26.509069510418087,24.974657539094963,34.878435655043475,39.52493652509166,27.636712680612582,27.840381306872533,22.07856011634967
pig_14,A1,3,A1_p3,2026-06-20 07:30:00,4,1,23.71408834698417,34.38390937428506,30.062629428380202,29.861947317625805,34.37763686524549,34.128421474575674,30.491098271869298,30.63437359604964,22.41190136039443
pig_14,A1,3,A1_p3,2026-06-20 08:00:00,4,1,26.781213676097828,34.352483627078264,29.148895085203026,32.337622586068875,44.16333954223427,42.628589050856675,36.77571467995284,36.839416314102245,31.2094559845737
pig_14,B2,5,B2_p5,2026-06-27 09:30:00,2,1,49.74978262793066,37.897561220627125,41.95394286412212,46.703335511809385,38.28273478492828,42.460487063246596,41.82643263905809,47.68142325543649,45.74156069583772
pig_14,B2,5,B2_p5,2026-06-27 10:00:00,2,1,43.051848034759246,37.91627505228331,40.0720191537173,39.92589493507925,36.90400841227721,37.43481507856874,39.122881750157376,39.484969389747675,43.31067687540971
pig_14,B2,5,B2_p5,2026-06-27 10:30:00,2,1,45.120200946816766,37.934982340997216,41.477750894929855,44.88402050174077,37.81005923531867,37.76722277314788,41.03227550845753,44.13070849359717,45.01273720625901
pig_14,B2,5,B2_p5,2026-06-27 11:00:00,2,1,42.89537192228153,37.95369348330747,42.212149673982886,44.88138426298558,36.24418072649649,36.645566729599025,40.54733881075745,43.51765901114482,44.78361257850472
pig_14,B2,5,B2_p5,2026-06-27 11:30:00,2,1,42.555865860513535,37.97239462420058,39.04819472769337,41.27516724993659,36.45829934612891,38.007082253482686,37.843829084683136,40.79803135943373,40.61848517533143
pig_14,B2,5,B2_p5,2026-06-27 12:00:00,2,1,40.04107057123679,37.99109615849969,38.012272730258076,37.69823262861759,36.862559976163865,37.747703224371435,37.1928217233395,37.807203768090986,40.34883567505476
pig_14,B2,5,B2_p5,2026-06-27 12:30:00,2,1,48.03714140339866,38.009796355820974,38.52631445438343,39.8239822112449,38.56571193053128,41.30144565888389,38.877172322195236,44.139610622231814,43.29848439404708
pig_14,B2,5,B2_p5,2026-06-27 13:00:00,2,1,48.13312829153176,38.02849348691464,37.66139545344651,37.218467565634924,39.471002839278796,42.72373113886428,38.74290070770815,40.193301053696494,43.048354164725424
pig_14,B2,5,B2_p5,2026-06-27 13:30:00,2,1,51.22333861187721,38.04718236240224,37.590928853716264,37.88366245489203,36.929773449531055,41.69021615367774,36.82737727609411,39.88744266615835,40.08652366031792
pig_14,B2,5,B2_p5,2026-06-27 14:00:00,2,1,50.3968051967982,38.065876830117176,38.667059241436505,37.54987015380015,40.907552283120026,41.349836336349966,40.66486799759795,44.96227277188264,45.412213672594376
pig_14,B2,5,B2_p5,2026-06-27 14:30:00,2,1,56.79202178610698,38.08456131774153,45.7307480803777,46.64574333384879,44.19534989209241,45.47075360235919,49.390232419654396,49.64351438409631,50.00890904069334
pig_14,B2,5,B2_p5,2026-06-27 15:30:00,2,1,50.181344955217384,38.12659586923896,42.635929824051004,44.03302004076686,36.43360804330567,37.749411124359035,40.95794786980136,43.88636346304646,44.48404616727052
pig_14,B2,5,B2_p5,2026-06-27 16:00:00,2,1,44.54022170768506,38.140608564686964,41.66473801781751,44.26087363811955,37.24968130851115,37.66632092438829,40.666360881558404,40.76686526719968,45.320742323905684
pig_14,B2,5,B2_p5,2026-06-27 16:30:00,2,1,47.97573111109334,38.15927738714968,40.81342259196586,42.32192965262691,39.12986817542265,35.30606275473027,41.250404267657906,45.15730228105525,47.52795031078816
pig_14,B2,5,B2_p5,2026-06-27 17:00:00,2,1,49.64142904376983,38.177946622937576,40.73199751016796,41.11436052145519,38.521912874777584,42.77463130799673,40.725183655732806,46.072702759285065,44.85447489409217
pig_14,B2,5,B2_p5,2026-06-27 17:30:00,2,1,46.182248157080544,38.196623186322284,41.048427342318725,45.78396067471405,37.04272456773239,35.59769801001175,39.92696630903538,39.24081694475578,44.62342206005588
pig_14,B2,5,B2_p5,2026-06-27 18:00:00,2,1,46.82899333202732,38.21527942529264,41.42005620879782,45.89554654226793,35.8917209785382,34.27301433922071,39.416113400045184,42.986912274204315,43.25214285443542
pig_14,B2,5,B2_p5,2026-06-27 18:30:00,2,1,41.170111014688,38.23394126787909,39.83084523267027,41.65210134321344,38.088097706477726,39.557615115358004,39.56520281312089,42.95189930945929,42.56109994251827
pig_14,B2,5,B2_p5,2026-06-27 19:00:00,2,1,37.96729750577649,38.25260180222773,40.755522370159525,41.194757720038034,36.33718255299983,33.539346664966615,39.11749870243966,39.200331282163646,40.718314944681936
pig_14,B2,5,B2_p5,2026-06-27 19:30:00,2,1,39.037649437201374,38.27125239373349,42.06176692744139,46.109330908663125,36.69295003638362,38.075340885888856,40.5388735014876,45.265376012035304,41.11580543087363
pig_14,B2,5,B2_p5,2026-06-27 20:00:00,2,1,41.56586566680805,38.289906863951856,41.348513716973436,45.02585580638403,39.023038123017905,43.21673617591048,41.57298925796491,48.2359657790333,45.255623484823
pig_14,B2,5,B2_p5,2026-06-27 20:30:00,2,1,36.114531444128836,38.30856003192169,38.43490525823698,39.7638494782786,36.3484055830083,33.17596027803961,37.00262615941094,35.89591211610039,38.68722211676936
pig_14,B2,5,B2_p5,2026-06-27 21:00:00,2,1,35.59149768081173,38.32720844644984,37.946522791618634,37.51081974720783,36.416269879712175,33.58941354358449,36.60069448361373,35.20384443773093,38.236668328740684
pig_14,B2,5,B2_p5,2026-06-27 21:30:00,2,1,39.10500054236246,38.3458503847051,39.508455935967724,35.86847204486537,37.312639598818464,37.858935673467634,38.64366691934609,38.530336511544185,38.040250636493184
pig_14,B2,5,B2_p5,2026-06-27 22:00:00,2,1,36.534854114449104,38.364492754198324,40.59495256774924,40.137021358317185,36.641367253541944,37.04220723312531,39.12349716915003,38.863333054058856,37.972145528137666
pig_14,B2,5,B2_p5,2026-06-27 22:30:00,2,1,38.67277272357744,38.38313037899953,42.25991830150192,45.48299242141232,36.734534564317265,40.04004009585987,40.67747068761101,45.28355811224833,41.25049525944759
pig_14,B2,5,B2_p5,2026-06-27 23:00:00,2,1,37.223778040324376,38.40176326238935,41.10522626131227,45.17394854613738,36.792616663119986,39.609394459182155,39.6689216968239,42.212813987936165,38.959329660898945
pig_14,B2,5,B2_p5,2026-06-27 23:30:00,2,1,36.897025583204915,38.42039140764341,38.25658414623203,37.85080836427772,37.38864117965943,37.93253017624026,37.525765435052335,39.106770754699184,36.81030774084317
pig_14,B2,5,B2_p5,2026-06-28 00:00:00,2,1,36.019049556963196,38.43902344168049,36.93331463103438,36.53618969137619,37.764488185519824,40.797884167563986,36.59566920448215,36.81616058106862,37.40283809097683
pig_14,B2,5,B2_p5,2026-06-28 00:30:00,2,1,32.849424283904845,38.457649016882655,38.16119351712382,37.63848186828469,36.27469505536703,31.947635731207654,36.609921028397906,35.81901113885966,35.643126686885765
pig_14,B2,5,B2_p5,2026-06-28 01:00:00,2,1,35.119164866774085,38.476269861521985,39.31344526312666,39.44655926842891,38.8882685958838,43.10887313265759,39.52794175664562,43.56358361681498,37.93104213051013
pig_14,B2,5,B2_p5,2026-06-28 01:30:00,2,1,33.885069269513885,38.49489459833122,38.933369028236676,38.6395442289736,38.15844126401394,44.645904132941794,38.64575956448137,41.51654738523027,38.61124463243375
pig_14,B2,5,B2_p5,2026-06-28 02:00:00,2,1,32.544902489157,38.513507713844604,39.257166014379834,39.936335488559926,36.06988348771269,30.16388591261408,37.41288209266381,31.908988915270683,34.2222920739035
pig_14,B2,5,B2_p5,2026-06-28 02:30:00,2,1,35.847696703140286,38.532123001360624,39.66856204720856,41.94398896073926,36.77968121140628,36.18836637983165,38.28550046013903,38.31020077697036,35.04020750083334
pig_14,B2,5,B2_p5,2026-06-28 03:00:00,2,1,33.33420303287286,38.55073529160988,39.39802858507034,39.52290255773381,36.94279868997837,39.76305125427417,38.14859687765045,42.182659992747205,35.84548940182154
pig_14,B2,5,B2_p5,2026-06-28 03:30:00,2,1,32.61462628941462,38.56933769586432,39.60771242619122,40.40174945707079,36.67841354730679,35.743647594303056,38.13418310853959,35.59356733679602,33.88057116614057
pig_14,B2,5,B2_p5,2026-06-28 04:00:00,2,1,33.04651941312718,38.58794916744236,35.388485235433066,34.32568607739084,36.598518810246105,33.52186892729412,34.26826440129517,30.875633532759558,33.0979332553848
pig_14,B2,5,B2_p5,2026-06-28 04:30:00,2,1,33.29318723735022,38.6065473139289,34.40863686410876,34.20015174996488,37.189410853246486,39.195037597451226,33.80294195428247,34.59379053347625,33.424816669355835
pig_14,B2,5,B2_p5,2026-06-28 05:00:00,2,1,29.620680710334664,38.625142474431925,33.45566920999271,30.786519222130885,36.248922009783314,34.61923553280185,32.252723974375634,29.969509521315125,32.92197303502991
pig_14,B2,5,B2_p5,2026-06-28 05:30:00,2,1,29.458362640740752,38.6437363730256,36.43748573699361,35.545460760122815,36.52445043378697,35.338213652706415,35.12369410172475,33.58099014247551,33.436578968594425
pig_14,B2,5,B2_p5,2026-06-28 06:00:00,2,1,30.99532714696083,38.662335896884045,37.51335899254319,39.256341133754454,37.475547951651144,36.031723299345124,36.768974460565424,36.84143793685537,33.68183512940857
pig_14,B2,5,B2_p5,2026-06-28 06:30:00,2,1,30.030550882877378,38.68092555411887,34.82716557456446,33.40699589224347,37.16551382711494,38.71626042354676,34.11581054137375,33.661443978812095,32.680401155697744
pig_14,B2,5,B2_p5,2026-06-28 07:00:00,2,1,30.256731756840658,38.69951051297971,33.938634885563545,37.51583135198378,37.78169237482519,38.218272792538386,33.75097701761503,35.15464425967626,32.1491280276474
pig_14,B2,5,B2_p5,2026-06-28 07:30:00,2,1,28.48341522537315,38.718094217827115,35.60638054361061,32.6708370914077,38.53061858432977,39.82815332676965,35.78241119535499,33.313662174334056,33.861646620165224
pig_14,B2,5,B2_p5,2026-06-28 08:00:00,2,1,36.445591275869944,38.7366715093128,41.48988753694613,45.56791816182464,40.47258224129261,41.36755069533029,42.471215814395244,49.66178927628703,35.40975171863555
pig_14,B2,5,B2_p5,2026-06-28 10:30:00,3,1,42.56507607409671,38.82954097770087,45.96776124393835,50.00725145407944,38.069966140127455,40.84757945056414,44.70236643670991,42.40339546096635,47.47168908155432
pig_14,B2,5,B2_p5,2026-06-28 11:00:00,3,1,39.64203092280331,38.848098765947256,43.61868615611367,51.82504228169667,37.36352979226859,41.334403379403625,42.0654703312902,47.84917131623402,45.42444190089256
pig_14,B2,5,B2_p5,2026-06-28 11:30:00,3,1,37.0826133047816,38.866657036398756,38.996459981730645,40.34314781947994,36.4694667025121,34.83570203543975,37.24731631891505,35.151470257738644,39.29142549665863
pig_14,B2,5,B2_p5,2026-06-28 12:00:00,3,1,36.3359762305876,38.885217507872866,38.06002552263185,36.693681247840836,36.53071536615646,32.55175990507023,36.43749305528927,35.9587308748104,38.84465738630395
pig_14,B2,5,B2_p5,2026-06-28 12:30:00,3,1,40.891336529138165,38.903764719752196,39.20937880000955,39.77676063957835,37.13290791591007,36.53740260258817,37.89623274464267,36.9742146293708,40.88245024431326
pig_14,B2,5,B2_p5,2026-06-28 13:00:00,3,1,40.279654740345634,38.922314137347584,40.095573077148146,36.40769268514571,39.69450674085615,43.93051639969578,40.537258653989966,44.23206911863797,44.64883943014045
pig_14,B2,5,B2_p5,2026-06-28 13:30:00,3,1,49.0338002608881,38.94086060867877,41.99859962138368,45.42740341479389,43.338582751293444,37.98126289627565,44.87719884894145,48.79963453007544,50.646667060424406
pig_14,B2,5,B2_p5,2026-06-28 14:00:00,3,1,43.51099644870531,38.95940585310013,40.931703427379425,41.146202461626885,40.089246488231545,45.50127127818542,41.55234411745852,45.461236161348474,46.36509205512946
pig_14,B2,5,B2_p5,2026-06-28 14:30:00,3,1,46.0106430005582,38.97795158887338,44.279834856445056,49.32541348777265,44.348792910957656,44.56536139514603,47.6383308514892,59.33118418401117,53.64590636616926
pig_14,B2,5,B2_p5,2026-06-28 15:30:00,3,1,71.48339501931915,39.01811048738938,49.17308774710204,48.166177375066255,52.55207177171953,48.329937451940395,57.95732530704798,53.26705549188862,63.55800155626622
pig_14,B2,5,B2_p5,2026-06-28 16:00:00,3,1,48.05395270482553,39.03355914866553,43.73776823500329,44.72437234252512,39.422552256135795,43.73326092451279,43.54810905335197,48.8420471049897,49.56392924976315
pig_14,B2,5,B2_p5,2026-06-28 16:30:00,3,1,42.365321666211265,39.052089705428074,42.94235070208648,46.275691497119546,38.979307643563104,37.98392990785902,42.49981755013549,45.34921943293566,46.78001067370059
pig_14,B2,5,B2_p5,2026-06-28 17:00:00,3,1,46.580710115539866,39.07061733168377,40.80626135716387,44.1809144665889,38.19485123992199,38.42549730677455,39.99807877772024,42.54602183103775,43.50793174318734
pig_14,B2,5,B2_p5,2026-06-28 17:30:00,3,1,47.98540945345824,39.08914202974835,39.78132702084764,40.53323581063566,37.59955872711674,41.59087357522634,38.633153841952904,42.23928023670127,42.986207353816454
pig_14,B2,5,B2_p5,2026-06-28 18:00:00,3,1,42.26636522143731,39.1076603722472,42.07967364133467,46.875965339370495,37.347551148685405,37.75976054715166,40.507126235060646,40.939794030468626,40.648429765025355
pig_14,B2,5,B2_p5,2026-06-28 18:30:00,3,1,50.051305953894996,39.12617922140486,42.550655809244546,44.650162583614716,44.06797445393026,41.03568724453536,45.78654480498051,49.47075958591498,50.64761915122085
pig_14,B2,5,B2_p5,2026-06-28 19:00:00,3,1,46.50708661625618,39.14469686360112,42.95553762903543,47.16165968215428,38.77079080295923,43.619310806349425,42.30287723602077,46.81550329537619,42.807371135268816
pig_14,B2,5,B2_p5,2026-06-28 19:30:00,3,1,40.75311297243298,39.16320987226325,41.834411025263904,43.47201587585572,37.2090265279848,34.3220731541561,40.1514504494443,41.04644122100012,41.036898574187866
pig_14,B2,5,B2_p5,2026-06-28 20:00:00,3,1,35.843147136644774,39.18171996426359,38.68933260494191,39.01332401936496,36.90961190354794,39.21093662108783,37.09312456260931,38.672209183372814,39.06849199826714
pig_14,B2,5,B2_p5,2026-06-28 20:30:00,3,1,34.88164573623271,39.20023056888362,40.833823379912964,42.70477806336409,37.003576618658,36.26489390116978,39.07922933775424,40.5872936555904,39.1790414011016
pig_14,B2,5,B2_p5,2026-06-28 21:00:00,3,1,40.774037106901126,39.2187296942369,40.90188998642109,43.84584313592141,41.252525352989885,44.2939729166576,42.20618229320641,45.08569183775788,43.48075360304169
pig_14,B2,5,B2_p5,2026-06-28 22:30:00,3,1,34.77763387960752,39.27576689134142,40.66112876443002,41.60439703902365,37.94136759771241,38.92623847475289,39.5558863408239,41.251733491958646,37.78150469053265
pig_14,B2,5,B2_p5,2026-06-28 23:00:00,3,1,36.15958512038795,39.29272110686984,41.95726153195197,43.61577616683501,37.259159924185724,34.820241117061244,40.21747992771078,39.49193705795021,39.23489107579692
pig_14,B2,5,B2_p5,2026-06-28 23:30:00,3,1,36.56722942744466,39.31120913419979,42.72122568679891,47.372587240805586,37.585720928090026,38.92230506211694,41.12986225035178,43.31957924338364,40.67832873690902
pig_14,B2,5,B2_p5,2026-06-29 00:00:00,3,1,35.0308552065534,39.32969768690369,42.7891776436344,44.882414563085256,37.2146783879556,33.030258782381594,40.910744452589725,41.71149556070009,39.622684300732814
pig_14,B2,5,B2_p5,2026-06-29 00:30:00,3,1,34.54178113336653,39.348179920273395,41.262613080015754,37.97338758551189,37.73418773177232,38.699748514196685,39.90186348384831,40.63031381149618,36.33478241763988
pig_14,B2,5,B2_p5,2026-06-29 01:00:00,3,1,40.189520773326905,39.36666268248176,39.95566480776259,38.833023043517535,38.654306622767834,41.26114761529889,39.38072867847024,40.345205188596175,40.50167152912195
pig_14,B2,5,B2_p5,2026-06-29 01:30:00,3,1,34.60750587847406,39.38514084176558,37.17769797623733,36.22742285603889,37.26273390973593,33.07682160540095,35.86176546549379,33.757988382286214,36.8669814318767
pig_14,B2,5,B2_p5,2026-06-29 02:00:00,3,1,36.89719262959016,39.40361782226736,37.85199271807329,37.45303408826435,39.46831710045602,40.60822109496727,38.05433020263379,37.778431035837365,36.38394911443528
pig_14,B2,5,B2_p5,2026-06-29 02:30:00,3,1,30.88448719372588,39.42208507408178,37.45453095689361,36.06384846893421,38.175470624262786,41.62616542093329,36.748842893148115,37.21300205751104,36.85884167016677
pig_14,B2,5,B2_p5,2026-06-29 03:00:00,3,1,33.598464088337224,39.44055799271505,39.541089025013534,40.938850482889514,37.530639846722075,33.28917716981864,38.147779674094174,36.74363973447868,34.008443609609266
pig_14,B2,5,B2_p5,2026-06-29 03:30:00,3,1,34.722458730766185,39.45902118876846,39.064116758607526,38.61852431233485,37.63705899404819,37.35322794736071,37.784153323664654,35.823267324444004,34.427885383577795
pig_14,B2,5,B2_p5,2026-06-29 04:00:00,3,1,30.728818555203183,39.477484924521555,37.27439626986576,36.312363218387574,37.542438811613515,36.58526159246999,36.09372131106684,34.39356299472716,33.980022997515505
pig_14,B2,5,B2_p5,2026-06-29 04:30:00,3,1,30.238897224177023,39.495947491414164,37.40294125513318,36.239294237425796,37.35301592791151,36.804200955954954,36.060676958555604,35.55697093533527,33.63429635368528
pig_14,B2,5,B2_p5,2026-06-29 05:00:00,3,1,31.085013398121525,39.51440718195014,36.586899810023276,36.33387296478014,37.35064605025423,36.13440868855774,35.313170701400715,32.430287169767645,33.63235707903199
pig_14,B2,5,B2_p5,2026-06-29 05:30:00,3,1,34.70147511733141,39.53286058102209,33.954905069673586,31.366873426299282,37.978972679088365,39.56897368965974,33.388456246964296,33.60576933810026,33.401638476381855
pig_14,B2,5,B2_p5,2026-06-29 06:00:00,3,1,32.66842929632578,39.551312817683296,33.6868834978894,37.13063963158484,37.11037829514971,35.44935050979487,32.50670758317682,30.87472679134296,32.84146207298306
pig_14,B2,5,B2_p5,2026-06-29 06:30:00,3,1,33.47748390540309,39.56976047708479,35.21864518069527,34.6220120144745,37.94309798880649,38.917677573218256,34.476555329499924,36.06539249106625,32.97309315866527
pig_14,B2,5,B2_p5,2026-06-29 07:00:00,3,1,35.17681321806361,39.58820868588181,33.864644537186514,34.32993175153035,41.63236830658351,44.71126568918712,35.918629833867556,35.88773583509445,34.79366883024423
pig_14,B2,5,B2_p5,2026-06-29 07:30:00,3,1,30.9580684656124,39.60665744470883,34.98604868565057,33.61622417241047,40.21022252105178,43.036594957503794,35.88617929732234,38.20912216072245,34.60881064568048
pig_14,B2,5,B2_p5,2026-06-29 08:00:00,3,1,37.37104554946757,39.623559546836695,40.118182943889636,39.84295207530645,50.7444069048807,49.16955801480461,48.12276199407535,47.931647733097826,45.06180561790971
pig_14,B2,5,B2_p5,2026-06-29 10:00:00,4,1,35.33274724692446,39.59546340662899,34.92874392990906,33.6067232117699,41.623061861627704,44.71945923361854,36.86483442093121,36.61889321749689,35.01713632625806
pig_14,B2,5,B2_p5,2026-06-29 10:30:00,4,1,28.627557182860635,39.549815410033226,31.80254868700849,29.749122871016176,38.50563284554597,39.04761277906608,31.822622657286455,28.474791547210838,29.607214071944476
pig_14,B2,5,B2_p5,2026-06-29 11:00:00,4,1,30.22608495343207,39.50414984452024,31.780437905914148,29.714773519310334,41.219282822617906,47.631499595418276,33.796553317865325,37.55956690367097,33.26295503914851
pig_14,B2,5,B2_p5,2026-06-29 11:30:00,4,1,31.445928813355202,39.458458213966615,32.343620647740764,30.92820048087328,43.36284297420393,43.06428292388735,35.88426389829705,35.73557789727616,34.571304302744146
pig_14,B2,5,B2_p5,2026-06-29 12:00:00,4,1,29.657027473575766,39.41276163841293,32.73495224209942,27.921768014534585,42.033832741419,42.894150357063346,35.30237852959517,33.68114025291018,33.38480068991343
pig_14,B2,5,B2_p5,2026-06-29 12:30:00,4,1,28.17509376459512,39.367030457658046,30.598460746831105,28.52458807524488,41.091696774925076,47.466170078252205,32.726180002840486,38.84424102580438,31.926219160804564
pig_14,B2,5,B2_p5,2026-06-29 13:00:00,4,1,27.75779329817273,39.321290034070984,32.82796253094243,32.91982160814381,41.923429675510235,42.79459892785769,35.363192017475235,33.840867525267434,33.13898098457956
pig_14,B2,5,B2_p5,2026-06-29 13:30:00,4,1,30.695584911444577,39.27553610546439,33.4101256187736,36.971925443052776,43.38204083656907,43.04619062313518,36.97195367649025,39.41624981897102,36.10381318124232
pig_14,B2,5,B2_p5,2026-06-29 14:00:00,4,1,62.21355661704493,39.22976016364108,46.06542412665685,46.23703314672461,52.35897196584638,48.59209816365079,54.88913672951861,59.81131371464451,50.769663545321286
pig_14,B2,5,B2_p5,2026-06-29 14:30:00,4,1,33.51685364819747,39.184733178200176,44.91069995932284,51.1074650423173,51.9764559017239,48.53632530938323,53.60118671279421,55.275675024043295,48.64101615923227
pig_14,B2,5,B2_p5,2026-06-29 15:00:00,4,1,26.67064573875971,39.13816329529804,35.49671602012934,34.03859705539592,39.791179364398126,42.53623892389544,36.3345445572239,36.15441855123252,32.873734092328846
pig_14,B2,5,B2_p5,2026-06-29 15:30:00,4,1,28.806183285682593,39.092321084374106,33.273408828619125,36.79945645162748,43.62103730763798,40.26095029991077,37.13635924840891,41.398530824482414,34.27202846894872
pig_14,B2,5,B2_p5,2026-06-29 16:00:00,4,1,27.336454522108333,39.046482177046514,34.71595777043006,34.16416371384274,41.939387538709944,42.415038926770706,37.24504832860033,38.83824528309338,33.46893273922022
pig_14,B2,5,B2_p5,2026-06-29 16:30:00,4,1,33.693700414812255,39.00060408693042,30.647251098688947,29.676361897858584,43.727087959178206,40.41482482054019,34.907394735588994,32.732511284587346,33.00805828775527
pig_14,B2,5,B2_p5,2026-06-29 17:00:00,4,1,51.62797339079003,38.95550771422791,32.50288199559924,32.401141919937366,41.85803136146535,42.316216058060114,35.25158255404665,36.170321762852666,32.69423610040879
pig_14,B2,5,B2_p5,2026-06-29 17:30:00,4,1,25.030925993259103,38.908832140437724,32.11827763886638,30.907189896240215,39.21424325009872,43.59351658876351,33.019912053713426,35.720917740404886,29.13253872116201
pig_14,B2,5,B2_p5,2026-06-29 18:00:00,4,1,29.560204838472124,38.8629169801811,30.026466128642802,28.159317209725167,39.12062362701819,41.78863020157752,31.09855914031486,31.70450051969622,29.068456088130873
pig_14,B2,5,B2_p5,2026-06-29 18:30:00,4,1,23.140916959272452,38.81698373041522,29.5346279092522,27.144846020214775,36.12858065987127,32.805442475821934,28.517717384373242,27.33793906595151,24.61683877850992
pig_14,B2,5,B2_p5,2026-06-29 19:00:00,4,1,23.101899672266633,38.77101958747515,28.89426307893146,24.047052182673987,36.27209207327327,30.10046637466589,28.07413960607569,24.217953308275554,23.673855448029407
pig_14,B2,5,B2_p5,2026-06-29 19:30:00,4,1,22.285078584823,38.725045788766984,27.820957936197193,27.972119910434845,35.79422641655885,26.619988629082986,26.790985088051194,23.316769536672446,23.221665801985537
pig_14,B2,5,B2_p5,2026-06-29 20:00:00,4,1,21.979173690417035,38.67904527098835,28.370104211820745,25.916342670992066,35.77396936721398,27.040350353292325,27.299139388755837,22.53846799291745,23.462020756177182
pig_14,B2,5,B2_p5,2026-06-29 20:30:00,4,1,22.754366492347344,38.63303929317724,29.323514621853896,27.016213062544047,36.82288883739681,36.5027608971085,28.94539063524555,21.670833546226557,24.90312939077254
pig_14,B2,5,B2_p5,2026-06-29 21:00:00,4,1,25.490325135682127,38.58701504610483,31.152149463542678,29.024910481405406,36.314495349773075,36.984216835405554,30.251310758225834,28.317083904224233,25.076084352236816
pig_14,B2,5,B2_p5,2026-06-29 21:30:00,4,1,22.20345045304606,38.54097675788193,31.02126180225556,28.990280770016994,35.832923956229315,28.792568716202137,29.81349567012591,27.755011824254538,24.980863571108994
pig_14,B2,5,B2_p5,2026-06-29 22:00:00,4,1,24.169568776509607,38.49489880028861,29.161060191804168,25.786499448405053,36.032031455847424,30.149311359975787,28.312650062675964,25.652120197104253,24.944170969018387
pig_14,B2,5,B2_p5,2026-06-29 22:30:00,4,1,23.168636975379457,38.448815253961264,31.468881876041067,30.136825417209614,35.93575917218875,29.06097746777939,30.34825128304008,26.190348657477266,24.813319556785608
pig_14,B2,5,B2_p5,2026-06-29 23:00:00,4,1,32.25652504209589,38.402704749727334,32.93232830152954,33.338116937689435,42.291522367446845,42.08956294477539,36.29691485227885,37.45185148975317,34.05876783415625
pig_14,B2,5,B2_p5,2026-06-29 23:30:00,4,1,36.039706659966114,38.35659286804646,29.85111677969087,30.109233544555607,41.733243926394145,43.99611675616735,33.14890333884159,33.15654236868755,31.570765219453143
pig_14,B2,5,B2_p5,2026-06-30 00:00:00,4,1,24.072739858394357,38.3104539545913,29.65352346737396,27.759013197749915,35.44483081397668,26.78266978587581,28.44559297310503,25.644324685681173,23.76527118461751
pig_14,B2,5,B2_p5,2026-06-30 00:30:00,4,1,22.6595339812787,38.26429651133675,28.585650489853222,23.73276598685773,35.451562393518884,26.838445378660612,27.518404726097017,21.49577022741638,22.409169999464638
pig_14,B2,5,B2_p5,2026-06-30 01:00:00,4,1,22.995504174902965,38.218116224596905,27.91970952470264,25.60750373689732,36.10927028515259,35.96378278640489,27.42434927204784,21.718407853527037,23.323751763256354
pig_14,B2,5,B2_p5,2026-06-30 01:30:00,4,1,22.42830798803159,38.17193872064423,28.458681930539974,23.675482669681898,36.967956288728644,40.30612365219435,28.56002375500303,26.229970963022836,24.230105679422152
pig_14,B2,5,B2_p5,2026-06-30 02:00:00,4,1,22.041021843762685,38.125729748891374,29.72220824335551,29.928010160211272,36.26242099678057,35.332539520535605,29.214799406416418,22.986595085936766,23.18900043089738
pig_14,B2,5,B2_p5,2026-06-30 02:30:00,4,1,26.890187084408616,38.079493537723884,30.589243602638682,29.001790160189135,35.80614361951962,34.09249049324192,29.693353379478502,27.578054900043014,22.32224671998097
pig_14,B2,5,B2_p5,2026-06-30 03:00:00,4,1,25.687078287332128,38.03324288893518,31.19668500209816,29.811092836627225,38.09563046396845,39.195952593969196,31.926922233910442,33.88526392190788,27.12924385424746
pig_14,B2,5,B2_p5,2026-06-30 03:30:00,4,1,23.453738028272472,37.98697776977846,33.252786415337546,32.991162132521,35.584685863703996,32.74309805113155,31.98734204588064,31.32926978811352,25.288286514095144
pig_14,B2,5,B2_p5,2026-06-30 04:00:00,4,1,21.760194002077206,37.94068528694318,33.02104308537956,34.94077101718631,35.528626622969114,29.715249801314606,31.767108263451608,29.464183546636875,24.90384429247499
pig_14,B2,5,B2_p5,2026-06-30 04:30:00,4,1,21.947288915266213,37.89438254598112,30.800075857635253,31.384344559730906,35.49005807361626,29.6789853663481,29.769653569042674,24.800485967570395,23.11506491837365
pig_14,B2,5,B2_p5,2026-06-30 05:00:00,4,1,23.96317079941463,37.848052357766434,29.765822540649854,28.799361578980573,35.36853012123702,28.60689957553544,28.779933487233645,26.18372733137009,22.76909572627588
pig_14,B2,5,B2_p5,2026-06-30 05:30:00,4,1,22.964040003620703,37.801707549471004,31.503129228511586,31.441471642764174,36.78480642470058,37.3217023512273,31.397796383585252,28.65591496092059,25.47394951791685
pig_14,B2,5,B2_p5,2026-06-30 06:00:00,4,1,23.10873523454429,37.755343793881565,31.648039208586475,31.796591211236773,36.44840397650452,36.921480393770366,31.313482775132453,29.12182880037699,24.492012307851425
pig_14,B2,5,B2_p5,2026-06-30 06:30:00,4,1,22.502447770376666,37.708965347781636,27.83667608043167,24.26546635223826,38.925355979186065,43.74862891588919,29.70688031628191,37.65751669551727,26.141528702019627
pig_14,B2,5,B2_p5,2026-06-30 07:00:00,4,1,28.697900148272687,37.66255928549792,32.57596716547088,30.066718725383602,37.40519128123552,40.44978696911372,32.899270770855615,30.61481038622439,27.1452641444581
pig_14,B2,5,B2_p5,2026-06-30 07:30:00,4,1,28.821232972958747,37.61614275379239,30.106825855865285,24.965857991974588,41.09953952334649,47.2551359738834,33.38210211806779,29.755235251389685,30.887017820371753
pig_15,A1,1,A1_p1,2026-06-07 08:30:00,2,5,34.14646241751416,30.88624570990951,43.822594292343986,37.712358645851616,34.31572904200682,31.496864404334048,44.77652780947679,30.40692639756678,35.20977220370854
pig_15,A1,1,A1_p1,2026-06-07 09:00:00,2,5,26.63411312177922,30.904941997320858,42.89844188818748,37.735186965707165,29.304141609620643,28.861824129990524,40.49903406351883,34.58931298244333,33.21151132796275
pig_15,A1,1,A1_p1,2026-06-07 09:30:00,2,5,28.311881811976725,30.928969375446915,42.38985852031771,43.424302547174875,30.048048453635474,30.491812972571864,40.54268657960762,36.00030170043824,34.01449674040867
pig_15,A1,1,A1_p1,2026-06-07 10:00:00,2,5,26.10916612558755,30.952993426283108,38.361259151268555,37.812954060567264,28.942890275239904,23.537949893625914,36.17759054657782,33.628687943863724,30.177821251941143
pig_15,A1,1,A1_p1,2026-06-07 10:30:00,2,5,27.171019485236684,30.975672843768656,38.20766197311152,34.84413899250177,28.839472899984674,24.693462300944468,35.95647533283204,32.877549003236894,30.650114745722618
pig_15,A1,1,A1_p1,2026-06-07 11:00:00,2,5,26.868843835785064,30.998351064999078,40.825451750602014,39.686019583654584,28.791087630059344,23.981877173063758,38.244213395247826,34.197561034896594,31.55941282983636
pig_15,A1,1,A1_p1,2026-06-07 11:30:00,2,5,27.065920028037503,31.022354296977163,39.34188877043995,41.47112984239942,30.02747376387996,33.74804368671653,37.75686516967417,39.12022992012264,33.30055018541637
pig_15,A1,1,A1_p1,2026-06-07 12:00:00,2,5,28.8396643723271,31.046351339798118,39.60329462016421,41.50320943471967,32.80365344293744,36.25466856976882,39.883135751409405,39.00926579319109,33.21972937122688
pig_15,A1,1,A1_p1,2026-06-07 12:30:00,2,5,30.69099736926952,31.06901234698813,38.97715650267492,38.40896221024556,28.91979503909504,21.51351490512611,36.6437519981656,35.6246209013845,31.546238032193166
pig_15,A1,1,A1_p1,2026-06-07 13:00:00,2,5,27.388221020438714,31.091666401679802,37.33998604362564,34.674625369209316,30.133560516434557,32.56420055721825,36.004684399096526,35.678059506489106,31.333267777841744
pig_15,A1,1,A1_p1,2026-06-07 13:30:00,2,5,25.858907701931436,31.115645608351805,35.77994570486306,34.46969073971495,29.328709029872655,28.691800169917947,34.04694646602959,34.050049282514244,29.550047200449335
pig_15,A1,1,A1_p1,2026-06-07 14:00:00,2,5,27.347248358505176,31.13561972618109,37.485562691263986,34.723643811679516,30.690873406073205,31.834857692227587,36.49189684675872,34.23731499970313,31.77988198313976
pig_15,A1,1,A1_p1,2026-06-07 15:30:00,2,5,30.206624149957943,31.216826553543974,46.033357393944485,38.11600055991537,29.986717660622,32.388102273832395,43.582658533406416,34.67298511229373,36.85114570438732
pig_15,A1,1,A1_p1,2026-06-07 16:00:00,2,5,28.753589936214667,31.232794392550016,42.589759791614036,43.85087316140813,31.284873938468095,32.07110218018683,41.39476845675501,36.6244932174932,36.88710015601539
pig_15,A1,1,A1_p1,2026-06-07 16:30:00,2,5,20.70705797021403,31.25673744585281,39.485001732326786,41.78445661015023,29.85763031784475,32.28296932689418,37.63218849615537,35.61953964271481,33.2627970455746
pig_15,A1,1,A1_p1,2026-06-07 17:00:00,2,5,21.23366430835613,31.279348781450743,39.13836172442343,38.66898992121641,29.455297714170598,29.477170883718536,37.03365234353466,39.12910695121755,30.171504237480583
pig_15,A1,1,A1_p1,2026-06-07 17:30:00,2,5,20.108781693999283,31.30194926567996,42.005091421518785,43.94796666934086,29.70018146835713,29.60256444759294,39.74485655003843,38.26560749120624,34.53812144613494
pig_15,A1,1,A1_p1,2026-06-07 18:00:00,2,5,26.2115551440212,31.325877564167698,42.94271222139841,43.981562023274485,34.03172299090761,36.32610441461643,43.54254483910479,38.1306594100748,37.280565912461526
pig_15,A1,1,A1_p1,2026-06-07 18:30:00,2,5,21.211886339013876,31.349799771654943,42.61376217376802,44.015148825437606,29.743918320478567,29.647817146552732,40.289924739664954,38.324103167125756,33.547452617790164
pig_15,A1,1,A1_p1,2026-06-07 19:00:00,2,5,21.686389030810275,31.37371013577878,44.832886157765586,38.30755669705335,29.942964093112995,28.550518014529324,42.391459040365575,33.04104302683101,34.080833676961035
pig_15,A1,1,A1_p1,2026-06-07 19:30:00,2,5,28.618958116480528,31.396294788466058,44.749832284305484,38.3351327427157,31.7809451354522,33.54041002536138,43.56692743315728,33.35355306578316,35.67016684057066
pig_15,A1,1,A1_p1,2026-06-07 20:00:00,2,5,29.066884812990267,31.418864311570406,44.11859439008114,38.36269031503352,32.69131436299037,36.006451184281566,43.61641129789013,32.86685064947709,35.66398035496319
pig_15,A1,1,A1_p1,2026-06-07 20:30:00,2,5,23.824460527101994,31.442765785748865,41.177990652589415,39.83490663549445,30.658049047091318,31.59838297573885,39.583917680534654,38.30997201929244,32.38278888631877
pig_15,A1,1,A1_p1,2026-06-07 21:00:00,2,5,19.876646367127265,31.466652573514757,42.536805076275115,44.17921027086922,30.093964404102387,31.524890553182043,40.394161563217764,35.40770147994633,32.83817577166569
pig_15,A1,1,A1_p1,2026-06-07 21:30:00,2,5,27.949034556392498,31.490536195028813,45.309949587548815,38.45020227097642,30.374216032699056,30.78012495541801,43.04547584644765,36.304144585140946,33.932661599462406
pig_15,A1,1,A1_p1,2026-06-07 22:00:00,2,5,29.849245834370002,31.51308768531652,45.56300643574031,38.47773782507763,30.5113496633472,34.309557845006594,43.35226398721465,36.64744645315441,33.625926507252316
pig_15,A1,1,A1_p1,2026-06-07 22:30:00,2,5,35.17032833494993,31.535637391326322,43.822268517550185,38.50527120056092,31.787404875620762,36.67053296893884,42.6637025297021,34.75884645760108,33.83055413842494
pig_15,A1,1,A1_p1,2026-06-07 23:00:00,2,5,22.017942491339358,31.559503593628705,45.305560642984496,38.53441202878573,30.760463737802866,31.411313392190895,43.26699014158099,35.06688210781139,33.8948594284094
pig_15,A1,1,A1_p1,2026-06-07 23:30:00,2,5,18.39151492568619,31.58336234451047,45.639523575508214,38.56354375876503,30.410033369571863,29.90713297797545,43.3102313938949,35.73283035421572,34.36024293492994
pig_15,A1,1,A1_p1,2026-06-08 00:00:00,2,5,20.227557988268394,31.601920967538554,45.49059963382334,38.58620398928257,30.851409491866534,27.955951732514706,43.46990930651256,34.9841192156473,33.3465705854303
pig_15,A1,1,A1_p1,2026-06-08 10:30:00,3,5,32.55308402033758,32.09410688314318,43.74894811650299,45.060156720946,33.611652451127334,35.70460929487388,43.52836747963177,35.37991170404478,38.104922288578756
pig_15,A1,1,A1_p1,2026-06-08 11:00:00,3,5,27.34815632137741,32.11651938968315,42.08734295204029,40.68848650473784,29.91884270469062,25.13128694546549,39.49711474018456,37.53517326480208,32.622309778587855
pig_15,A1,1,A1_p1,2026-06-08 11:30:00,3,5,27.689206036764084,32.13891811287674,42.46402549672847,41.146244551867596,30.357329004185058,30.454831270094306,40.12123165885046,40.003848041230924,34.331816775919776
pig_15,A1,1,A1_p1,2026-06-08 12:00:00,3,5,28.618890674217617,32.16263697074761,40.592683027608636,39.76095197989281,30.7656231096051,32.205139663207646,38.71944043098437,37.93711823270477,33.23090631991128
pig_15,A1,1,A1_p1,2026-06-08 12:30:00,3,5,33.00559381817327,32.18634714382348,41.978279227249445,40.77695143449943,36.2702769698043,37.61665611064822,43.72254420278301,40.72751535565111,35.31868396519016
pig_15,A1,1,A1_p1,2026-06-08 13:00:00,3,5,32.37797359187705,32.210052923724,41.92901884146949,40.806984337313814,30.95527862899153,33.17304658117335,40.01380505504769,39.060713872297896,33.4935676579574
pig_15,A1,1,A1_p1,2026-06-08 13:30:00,3,5,31.99192900498027,32.232437982596785,38.91446135072324,35.82324824028076,30.780829315968305,33.29070439695727,37.19315039751108,31.61140104255401,31.696435077224884
pig_15,A1,1,A1_p1,2026-06-08 14:00:00,3,5,35.65502097041086,32.25086591942968,43.24097062343226,41.28956710582833,37.0205904916409,37.87269428926083,45.32649029240617,42.82635991669338,36.290018733952536
pig_15,A1,1,A1_p1,2026-06-08 15:00:00,3,5,36.29035344439089,32.304817972563434,43.548200370448946,45.355995291768004,35.37443558404042,35.87519357231355,44.43839523433013,39.40089509762378,37.94566802862688
pig_15,A1,1,A1_p1,2026-06-08 15:30:00,3,5,33.73156081707985,32.32454902406911,42.59458794248024,41.383900805307164,31.12435549127972,30.60898252601501,40.65714763977462,39.55526227876175,34.17330127549175
pig_15,A1,1,A1_p1,2026-06-08 16:00:00,3,5,35.501192118736476,32.346904604955256,41.95670530986624,40.98036202240373,33.82334086644522,35.81823883048395,41.92950824241419,36.951076430558516,35.839628996489026
pig_15,A1,1,A1_p1,2026-06-08 16:30:00,3,5,35.18053115629364,32.37057111688922,44.00039896714148,45.44831276921029,33.95810146379661,35.35563739163058,43.830604622505305,35.68468043354629,36.69540999534347
pig_15,A1,1,A1_p1,2026-06-08 17:00:00,3,5,31.707466313578436,32.394231862604265,44.74948297702853,39.55362207286491,34.93149012401874,36.570448328425634,45.15348278155906,34.11332642162739,40.30802126504961
pig_15,A1,1,A1_p1,2026-06-08 17:30:00,3,5,28.25895774293922,32.41788542472126,45.22846694643224,39.58250326568409,31.47095366742476,31.219006125911577,43.18968164495687,36.32457443118081,37.58714627272221
pig_15,A1,1,A1_p1,2026-06-08 18:00:00,3,5,20.45446501461227,32.440222209861076,43.785508325598556,45.54610297027507,31.381562053414054,31.399298674101097,41.82876766581365,38.90750111713119,36.39286140754096
pig_15,A1,1,A1_p1,2026-06-08 18:30:00,3,5,21.51482861508373,32.462545682972234,43.922656134235964,45.577445147847016,31.299674425273825,31.730206380245367,41.88188473159266,38.84439557826801,33.31022064479366
pig_15,A1,1,A1_p1,2026-06-08 19:00:00,3,5,20.86497722078746,32.48619118979016,40.450451340461115,40.30805607876646,30.549823170352244,26.308480641204163,38.257180842054595,37.5800524333273,30.977314563355726
pig_15,A1,1,A1_p1,2026-06-08 19:30:00,3,5,25.19277463504207,32.50982526888879,39.17280322821054,36.13153747427855,30.43954243266475,30.09039717773984,37.02856226882729,33.34669282640261,28.102686613204153
pig_15,A1,1,A1_p1,2026-06-08 20:00:00,3,5,25.917211139318013,32.536071939274265,39.284617102229234,36.1607081187457,30.06271002777526,24.00150759249593,36.85421072270205,31.15821066072506,29.58378036516172
pig_15,A1,1,A1_p1,2026-06-08 20:30:00,3,5,31.110128615409696,32.55557016467135,40.96385097667154,40.246714321740505,32.79607509329263,37.82153211145439,40.217849407661774,40.41317303433149,32.317148965155695
pig_15,A1,1,A1_p1,2026-06-08 21:00:00,3,5,32.771230421805214,32.57805956203363,41.34870361896845,43.5508190376823,33.434613141879574,36.182489929172796,40.98662273702901,37.57648487110175,35.8794127805232
pig_15,A1,1,A1_p1,2026-06-08 21:30:00,3,5,29.58009445761789,32.59642685169052,39.70674750365373,39.02405231874663,31.031813786658148,30.633032739456635,37.86139389896111,34.016939568189,31.53817769633804
pig_15,A1,1,A1_p1,2026-06-09 10:30:00,4,5,25.287064,32.50000780768001,32.59408940219957,32.98024708251904,30.881544425804886,28.379557632585474,31.472101352803193,29.914536418452407,25.044378716415316
pig_15,A1,1,A1_p1,2026-06-09 11:00:00,4,5,27.134265749999997,32.465034994116415,33.171433150134206,33.4870080476106,31.937990478978193,33.75866466590524,32.732830377593054,34.8936620365996,25.128521643366224
pig_15,A1,1,A1_p1,2026-06-09 11:30:00,4,5,27.053951333333337,32.41096138240679,33.78236454528464,35.662225267976496,34.083095827692134,34.67207717753833,34.78240534409315,39.28170749888788,27.424445035016774
pig_15,A1,1,A1_p1,2026-06-09 12:00:00,4,5,23.957173333333337,32.3536741728726,31.10967215855215,31.107892656714572,31.634074720692837,33.99366168172976,30.750162136742208,31.85259479275353,25.494897390716062
pig_15,A1,1,A1_p1,2026-06-09 12:30:00,4,5,24.432864,32.296353131372406,29.929202629209687,28.31207094443641,30.88424130038808,32.35612670762423,29.215692833288706,27.767226498483456,25.08060046414682
pig_15,A1,1,A1_p1,2026-06-09 13:00:00,4,5,24.078411000000003,32.24219709768194,29.233615546176743,28.60818725250834,32.91188349867071,30.912722499251842,30.019695369321298,28.603023452527616,25.21565756750841
pig_15,A1,1,A1_p1,2026-06-09 13:30:00,4,5,19.82866,32.18799430528233,27.953223279249606,25.49878145258306,30.426380209510953,29.520582436173356,27.202021420772866,24.584481072041953,23.395271582128544
pig_15,A1,1,A1_p1,2026-06-09 14:00:00,4,5,22.327078666666665,32.130578425699625,27.57504027604458,26.272200377339395,31.05958444149722,32.846767307960455,27.333017058808444,27.72342419058218,24.864374840932427
pig_15,A1,1,A1_p1,2026-06-09 14:30:00,4,5,22.908094666666667,32.07312486480596,28.584001973875118,29.167593796649697,31.91684369407323,32.277575058116504,28.854765839045044,29.119534897428633,23.475972363826834
pig_15,A1,1,A1_p1,2026-06-09 15:00:00,4,5,25.37241375,32.013249993094504,26.78199198342207,26.014795305015014,32.83533548271981,35.55518993602476,27.913635245139055,28.92081195249243,23.619069510246312
pig_15,A1,1,A1_p1,2026-06-09 15:30:00,4,5,28.014555428571427,31.9581087200068,28.09710316940165,29.113668955860717,34.28296501697106,35.88801975249745,30.11256874326835,30.470283105423697,25.31637462792392
pig_15,A1,1,A1_p1,2026-06-09 16:00:00,4,5,31.866097999999997,31.90695125766056,29.731514137983588,29.227030515235747,36.68485166625624,37.46882994405794,33.24941461014501,33.73450839109916,28.083714675335543
pig_15,A1,1,A1_p1,2026-06-09 16:30:00,4,5,23.25939133333334,31.84936709199888,27.380450991462826,26.042262390868054,32.238453699852926,34.02442353504496,28.132032796590263,26.364112281274856,21.457779047627522
pig_15,A1,1,A1_p1,2026-06-09 17:00:00,4,5,21.521731333333335,31.791744729785208,28.886243647753872,27.904212535219617,33.865870921974974,34.85192009572275,30.625922809266356,31.60828148187307,23.377593917720432
pig_15,A1,1,A1_p1,2026-06-09 17:30:00,4,5,18.876423333333335,31.734094479753452,27.761019791183017,26.43052636890401,31.150734775062794,34.46096886408604,27.79085138274634,28.901732241625957,21.656944278624277
pig_15,A1,1,A1_p1,2026-06-09 18:00:00,4,5,23.14666425,31.679606646497547,29.8089216711166,29.8854857010329,35.412271512202565,33.795105380586236,32.57577842437592,32.216404236367936,23.683136820546377
pig_15,A1,1,A1_p1,2026-06-09 18:30:00,4,5,20.388521333333333,31.62508755623076,29.973255121555038,29.320599037288552,32.57441437620952,34.580389374783564,30.80439959618075,30.991224913210928,21.650070748750373
pig_15,A1,1,A1_p1,2026-06-09 19:00:00,4,5,19.576962,31.567339572085253,29.908085851496434,29.26705909102496,30.193819797558874,31.609055583332534,29.144371039446558,28.768944911484958,20.57367507106745
pig_15,A1,1,A1_p1,2026-06-09 19:30:00,4,5,23.654742,31.50954242625435,30.469391569813947,30.239499164154527,30.353167417599884,31.27397510684429,29.78774999696475,29.08023783318674,21.54928113126406
pig_15,A1,1,A1_p1,2026-06-09 20:00:00,4,5,20.90147175,31.454929669393273,30.917001682831653,30.42915386956588,29.904952053219343,34.18131354933222,29.910551044580025,31.413870901426684,21.898851035723567
pig_15,A1,1,A1_p1,2026-06-09 20:30:00,4,5,19.029158666666664,31.400280059185654,29.715333945055114,29.069594819551874,29.557614619914826,30.155359467300222,28.632127049042936,29.34123223742553,21.394818632363943
pig_15,A1,1,A1_p1,2026-06-09 21:00:00,4,5,15.590451999999999,31.342383956956176,29.044682607772906,27.475789435034606,29.12942789841199,23.417127392065396,27.773512079074827,24.404800980829954,21.198827561726752
pig_15,A1,1,A1_p1,2026-06-09 21:30:00,4,5,17.841659999999997,31.28445567378524,29.897361158650977,30.01515056588216,29.354378381556714,28.500635730839353,28.721828779283168,27.854410944216973,21.414101102537593
pig_15,A1,1,A1_p1,2026-06-09 22:00:00,4,5,20.835221333333333,31.226481137788358,28.235973514690905,30.133241928248196,32.66276492778347,34.73937794056758,29.546703465647248,31.927116120577676,20.497491104929434
pig_15,A1,1,A1_p1,2026-06-09 22:30:00,4,5,17.74488225,31.171707161744692,28.483052337752255,28.41118148093198,29.99329510677714,32.83990145931854,27.964922782781787,28.37278670285116,20.129841106231023
pig_15,A1,1,A1_p1,2026-06-09 23:00:00,4,5,17.191698,31.116899336406618,27.983631505353472,26.643795353998485,29.275623490185062,25.232347922726774,27.05833542245742,22.993777958065394,19.11803589800242
pig_15,A1,1,A1_p1,2026-06-09 23:30:00,4,5,20.58431266666667,31.05882429664384,28.398455051224666,28.308295374956888,30.06014087655967,29.976988220704662,28.000723509805695,27.66674175962289,20.523856092997846
pig_15,A1,1,A1_p1,2026-06-10 00:00:00,4,5,17.514749333333334,31.000720038269385,27.59269038454044,29.105690727041342,29.343576517197704,26.587109100222303,26.823658985291814,27.899117726517485,19.981173668186237
pig_15,A1,1,A1_p1,2026-06-10 00:30:00,4,5,17.09345775,30.945806697237103,27.643140027733388,26.005081808057525,29.822037099406344,30.806616940979453,27.229087883316126,26.505903490663865,20.15438059761995
pig_15,A1,1,A1_p1,2026-06-10 01:00:00,4,5,17.039564000000002,30.89086173187128,27.728598081171725,25.9589092091895,29.03041536642712,28.19120786928739,26.793275250905694,25.021794293093322,20.59542098508368
pig_15,A1,1,A1_p1,2026-06-10 01:30:00,4,5,18.447524666666666,30.832652222000892,28.429698239051152,26.792546462351943,29.109179620161825,27.295932530532333,27.50618135986739,24.78517784375928,19.78610129245067
pig_15,A1,1,A1_p1,2026-06-10 02:00:00,4,5,16.635157999999997,30.774402548378106,30.710724368185424,30.504507912378642,28.443045011311025,22.7019431785747,29.116115170329827,26.655178620443472,20.97053707348224
pig_15,A1,1,A1_p1,2026-06-10 02:30:00,4,5,16.875729333333336,30.71611258864647,34.74897529911244,37.580459513400214,28.90983965252386,29.49831704694425,33.071122656596856,36.067152946788696,22.377513013771036
pig_15,A1,1,A1_p1,2026-06-10 03:00:00,4,5,15.8767935,30.661033915626845,36.75920227921274,33.59757582310651,28.05473373323141,23.467648008277898,34.307956926063106,27.383694279497576,24.790184637053535
pig_15,A1,1,A1_p1,2026-06-10 03:30:00,4,5,16.714888,30.605918726698143,35.793908564965335,35.28776470372863,28.184533622289425,19.990077102267694,33.56832641974647,29.271175486110067,25.12841464169097
pig_15,A1,1,A1_p1,2026-06-10 04:00:00,4,5,18.96274,30.547525383774808,34.85177320598001,33.42588101626967,28.208464193788533,22.60042958837161,32.77851501834847,27.84066168940825,23.178703309491024
pig_15,A1,1,A1_p1,2026-06-10 04:30:00,4,5,17.695329333333333,30.489098329669762,34.99341419701639,33.77560612383338,28.196151538863596,22.49147734900929,32.9301523822293,29.1790500303018,23.951755677546394
pig_15,A1,1,A1_p1,2026-06-10 05:00:00,4,5,17.326941,30.43388401009301,32.012515314221645,34.66159893281622,28.905955446784596,27.130628450545682,30.79183722789792,29.567872410126242,23.75501525532799
pig_15,A1,1,A1_p1,2026-06-10 05:30:00,4,5,17.296902666666668,30.378623944800214,31.53413734766074,29.57079390962315,27.944133185886226,19.841620842690716,29.736556337030265,24.113116191489357,23.13033259456609
pig_15,A1,1,A1_p1,2026-06-10 06:00:00,4,5,16.54455,30.32009219617064,30.45618676113389,31.72631889900494,28.008479786539453,22.432164313920378,28.85349174770835,25.36302964324044,23.349572755782148
pig_15,A1,1,A1_p1,2026-06-10 06:30:00,4,5,15.422127333333336,30.261515701275762,31.88001672925683,31.040639655066173,28.645798867016808,25.95314620094946,30.594712365697667,26.664681766283202,24.397745923115004
pig_15,A1,1,A1_p1,2026-06-10 07:00:00,4,5,14.933421333333332,30.20290138690234,31.87472486256494,31.944469576705067,28.330666339042843,25.16567221630184,30.407428457990072,28.43362695118309,25.19712532557611
pig_15,A1,1,A1_p1,2026-06-10 07:30:00,4,5,19.8636345,30.147505495228486,28.81968571884589,28.924329899186553,30.907411155161277,33.48301981871306,29.48559501290854,29.94338427838366,24.29130356866394
pig_15,A1,1,A1_p1,2026-06-10 08:00:00,4,5,21.2321,30.09208183977798,30.163361338888567,30.53674018098974,33.52819109014435,31.373122079788892,32.51604838719905,33.69977417756604,25.75642674898434
pig_15,B2,3,B2_p3,2026-06-17 09:30:00,2,5,51.77718106787295,33.21632784677904,46.67965379819494,40.55740799387655,41.611045069787956,41.42117465271281,50.98731156284238,42.001979558009744,47.03418650238833
pig_15,B2,3,B2_p3,2026-06-17 10:00:00,2,5,30.347029510937922,33.23073404618269,44.99240342532424,46.65598234358531,31.408228212270345,30.476910568605994,42.46582029609765,40.10356967340279,32.927789251155716
pig_15,B2,3,B2_p3,2026-06-17 10:30:00,2,5,32.014393330314476,33.24801521776926,42.753052846619006,40.74843672687409,32.013152781326454,31.48343743535608,40.874701022254364,40.716728304853525,33.47956974072822
pig_15,B2,3,B2_p3,2026-06-17 11:00:00,2,5,31.265320164854245,33.26529659550374,35.57120580724741,37.83865991222449,32.15371113689346,34.006778285349476,34.557715842773135,36.16449307564173,33.3465007678281
pig_15,B2,3,B2_p3,2026-06-17 11:30:00,2,5,32.02030223616185,33.28257178205983,33.863987289509204,32.78541974979633,33.615114530460765,36.82244606099665,34.0294166024217,38.4290216348838,35.11359351355099
pig_15,B2,3,B2_p3,2026-06-17 12:00:00,2,5,30.677985312748646,33.299842380973004,33.00799435605923,33.09284931675066,31.827027851137416,33.67743591392177,32.02788241061627,34.8827729792759,32.29222524709001
pig_15,B2,3,B2_p3,2026-06-17 12:30:00,2,5,28.87870828583094,33.31711798972155,31.541228852962703,30.889332904382584,32.125497810724525,32.56549994978885,30.91510863101641,30.03873682271064,31.524137564086892
pig_15,B2,3,B2_p3,2026-06-17 13:00:00,2,5,28.2322332224485,33.33438901433202,33.04801985181488,33.12718120694616,34.673621575245804,38.26318291833848,33.99903062196968,35.255428535512685,35.98672899994165
pig_15,B2,3,B2_p3,2026-06-17 13:30:00,2,5,45.7261449678827,33.351647465915576,32.426066500945794,34.75771990483477,40.16716599036169,43.81523653098317,37.2082464581897,37.84238755869596,42.949456477473596
pig_15,B2,3,B2_p3,2026-06-17 14:00:00,2,5,27.431759755258188,33.36891253020626,29.98323448714997,28.57207805406494,33.08962223298944,34.608689153143914,30.158287642714427,29.791814572405208,33.701702658500075
pig_15,B2,3,B2_p3,2026-06-17 14:30:00,2,5,29.980274626123364,33.38473361379468,38.124644766297024,37.834753814691496,38.42802642704299,42.23369669223037,41.07543071683927,45.240583085857615,40.38858421915951
pig_15,B2,3,B2_p3,2026-06-17 15:30:00,2,5,58.40888601194092,33.42067868903406,46.29577360841643,40.806922043757694,48.09215489249759,42.969149464135356,54.97895516705391,42.212356275433095,56.70064635291751
pig_15,B2,3,B2_p3,2026-06-17 16:00:00,2,5,46.819835211449735,33.437927070842264,38.67762122852817,38.89580627078817,38.11871721439117,33.53624229736996,41.32522641355436,41.690428802442376,49.09595069197631
pig_15,B2,3,B2_p3,2026-06-17 16:30:00,2,5,29.915904219290915,33.45517887463308,37.31212630874106,36.684927140322124,32.69918962673252,35.15100096790813,36.374822978705176,36.868870381889074,33.32733823351615
pig_15,B2,3,B2_p3,2026-06-17 17:00:00,2,5,28.149168117954268,33.472424520457494,37.68877738215471,35.11512985017965,31.671801833200114,29.81650291046666,35.99492110677264,35.544014400662306,33.72381249782703
pig_15,B2,3,B2_p3,2026-06-17 17:30:00,2,5,32.58265740570784,33.48966241624567,38.81728923715417,38.99393314894656,31.839840806311543,36.392408558612445,37.10659472791656,38.60355479766595,34.00754690895222
pig_15,B2,3,B2_p3,2026-06-17 18:00:00,2,5,32.86667033765242,33.50690054693389,37.87467033179374,40.994924595015775,31.667697918370585,30.730191213377246,36.13790260924497,39.30594347878887,33.4896075933227
pig_15,B2,3,B2_p3,2026-06-17 18:30:00,2,5,35.10700577807964,33.524138913415456,35.25454198158421,38.18113577614547,32.43256124804533,32.448435270409774,34.317164476883065,36.13898434957246,34.29486787478129
pig_15,B2,3,B2_p3,2026-06-17 19:00:00,2,5,34.835417085652864,33.54136634850643,36.36609273809502,37.56053427642363,31.902434733076504,30.67513819506151,34.934121150457756,34.31670592459616,33.07669611563574
pig_15,B2,3,B2_p3,2026-06-17 19:30:00,2,5,30.8011711751017,33.5585988104964,36.28927818188046,34.09145640532668,31.639026294539878,32.22229754575716,34.67471423243431,34.70362596954909,32.41828720151127
pig_15,B2,3,B2_p3,2026-06-17 20:00:00,2,5,32.99910737466067,33.57582194377305,36.42877296993309,35.60401525159751,31.558521122451474,30.6415205899712,34.73382451550543,35.55945860230702,31.518620552370756
pig_15,B2,3,B2_p3,2026-06-17 20:30:00,2,5,32.35317220850319,33.59304213261321,34.22614138615931,36.35914237845692,31.95279268803229,30.72239810100402,33.03077360478902,32.964028231136105,32.24055740181087
pig_15,B2,3,B2_p3,2026-06-17 21:00:00,2,5,31.64992319881062,33.61026256822928,34.06090484017825,35.292196392796185,32.775275705176306,33.27342005788147,33.438479734120634,36.05406274152882,32.82225835994692
pig_15,B2,3,B2_p3,2026-06-17 21:30:00,2,5,27.879860845570363,33.62747846927032,37.427186268373866,39.26518647175687,31.736612691697175,28.621593458987803,35.7164904115912,39.466086418306,31.703260686296396
pig_15,B2,3,B2_p3,2026-06-17 22:00:00,2,5,28.40684851168701,33.64469940188805,37.90181948205781,35.295859358663904,32.294913578221994,30.57675178409647,36.51324450962352,34.68668117171008,32.196182041923905
pig_15,B2,3,B2_p3,2026-06-17 22:30:00,2,5,30.11875166367706,33.661909429183225,38.604021350724295,37.29042367743119,32.02274663001209,30.785380443984796,36.94242751857127,34.42765735915154,31.949389485396374
pig_15,B2,3,B2_p3,2026-06-17 23:00:00,2,5,28.018752410169093,33.67911971056104,39.4737821139742,42.648250174416525,32.12527445331725,32.98315426651203,37.77840473450067,37.365866512371795,33.10329926017607
pig_15,B2,3,B2_p3,2026-06-17 23:30:00,2,5,33.61485951229548,33.69632068895008,39.19887761080409,38.89958853970309,32.328675814123876,34.861387599548024,37.66306510441642,35.87195092270493,32.86073599069249
pig_15,B2,3,B2_p3,2026-06-18 00:00:00,2,5,31.032746595671185,33.713525111849506,35.48442134416301,34.581525751363046,32.9396768091305,35.67788229369632,34.76091755696592,35.12859095407883,32.29023164012956
pig_15,B2,3,B2_p3,2026-06-18 00:30:00,2,5,30.927532085320266,33.73072342380746,35.95058613992912,36.56085973635853,32.17329770019464,33.03369160980838,34.640154217469416,34.68522558866558,30.38462227671984
pig_15,B2,3,B2_p3,2026-06-18 01:00:00,2,5,30.2992610278892,33.747926774178524,34.718663805342274,35.72243361050172,31.70029851593432,30.373499367368304,33.20685975845486,33.81360590950599,29.45982240060509
pig_15,B2,3,B2_p3,2026-06-18 01:30:00,2,5,27.110318236074917,33.76511765040688,35.50298665955438,38.45559001045099,31.26194088647567,25.881501106194413,33.59511174144759,30.836460289038808,29.884637675201283
pig_15,B2,3,B2_p3,2026-06-18 02:00:00,2,5,26.688452463638278,33.782304018021854,34.584589623862264,34.84574363537091,32.219875340357795,33.08420631181819,33.42434537077138,33.011322689235676,31.12045746790253
pig_15,B2,3,B2_p3,2026-06-18 02:30:00,2,5,29.49538296855264,33.79949542851203,35.116775010618234,34.29016554024388,32.804866561366374,33.84836136644705,34.29076647154355,35.079437799217665,30.325102735130194
pig_15,B2,3,B2_p3,2026-06-18 03:00:00,2,5,24.871979111705585,33.81668392481161,34.8063125638225,35.795213570147034,32.26064088672044,33.11787577168116,33.630152308350986,33.67991453028102,29.589394832883666
pig_15,B2,3,B2_p3,2026-06-18 03:30:00,2,5,25.924644271235692,33.83386473690328,32.83372233079873,32.26115471144467,31.620150567547515,25.728684845347335,31.421413111524885,28.204541039901848,28.267812672321035
pig_15,B2,3,B2_p3,2026-06-18 04:00:00,2,5,26.47687895759404,33.85103946023331,32.38123768134369,31.769611254038615,31.986480530961465,31.463571775700288,31.25967577065853,30.54543607781347,28.268564008406443
pig_15,B2,3,B2_p3,2026-06-18 04:30:00,2,5,25.213243551406826,33.868217640617274,31.637023204161128,31.349447606653126,31.683623861434448,27.671841335684725,30.37812852038688,27.62170763803763,27.3777334996771
pig_15,B2,3,B2_p3,2026-06-18 05:00:00,2,5,24.063212893225046,33.885394507218834,31.335050966952572,29.70507813579347,32.26362892874622,31.8443614710244,30.497373800943954,28.768661348210614,27.62535436287181
pig_15,B2,3,B2_p3,2026-06-18 05:30:00,2,5,27.896076723992905,33.90256370267194,32.93287313626121,32.32666032188596,33.480401498989444,37.520693537509544,32.74795815478606,34.619934975987206,29.837669732796122
pig_15,B2,3,B2_p3,2026-06-18 06:00:00,2,5,38.46664203628595,33.91973476875079,29.911966610059544,30.130293410145477,41.54136210114663,42.063781126659606,35.58191755306211,35.97259877871244,38.19014388566228
pig_15,B2,3,B2_p3,2026-06-18 06:30:00,2,5,28.177742978355056,33.93689658096786,28.282896163947594,29.2267093916439,32.32670937522673,31.40358406314502,27.78951944305542,27.419325320081914,26.265585729287288
pig_15,B2,3,B2_p3,2026-06-18 07:00:00,2,5,23.54727374079394,33.95405550077571,26.189190316562392,23.393644759939004,33.2035232998071,35.67516533821742,26.515104478186885,25.089859007474715,27.13728515792187
pig_15,B2,3,B2_p3,2026-06-18 07:30:00,2,5,24.336196890033726,33.971219474018554,35.62962373300272,38.69032241420797,31.508275688393564,25.066322574547335,33.75799826716289,30.549931915360144,28.791186950916376
pig_15,B2,3,B2_p3,2026-06-18 08:00:00,2,5,26.449520142353222,33.985518988689094,47.35437085673129,41.4965966697478,34.89641460764422,37.74567040140783,46.53130695094196,36.132674500207116,29.658278545775886
pig_15,B2,3,B2_p3,2026-06-18 09:00:00,3,5,57.52827419763918,34.02697013354592,49.027504570316246,41.547208856667645,46.79418340432781,44.46635965872136,56.172229511561795,44.768430073541666,56.05399391868585
pig_15,B2,3,B2_p3,2026-06-18 09:30:00,3,5,38.70713275090824,34.03982426255028,41.88455558269435,38.290963811081184,34.95746145989559,37.805984000529406,41.664777870115714,39.784922857961504,37.943021454237346
pig_15,B2,3,B2_p3,2026-06-18 10:00:00,3,5,30.52762677296964,34.056973812730085,39.47638849923034,39.65448631888289,32.923442868715476,34.81610194559358,38.11040916911629,41.40167929618486,34.541164756751904
pig_15,B2,3,B2_p3,2026-06-18 10:30:00,3,5,32.00472028335251,34.07411254940948,36.32047786305304,36.933060518962115,32.9236339638276,34.45599720170965,35.28672337043166,36.23383547325534,32.90296710145553
pig_15,B2,3,B2_p3,2026-06-18 11:00:00,3,5,33.486549306941164,34.09125158669626,35.97137690410172,34.968977308966366,37.21372944410758,37.85906643504051,37.912590376539,43.127330426348294,46.139336783199354
pig_15,B2,3,B2_p3,2026-06-18 11:30:00,3,5,31.46229484105909,34.108389338853094,34.53254420763755,35.81525055762687,34.421205660785844,39.662201852683395,34.70146509817087,41.49388839815279,37.58967453259895
pig_15,B2,3,B2_p3,2026-06-18 12:00:00,3,5,28.20732399493896,34.12552263492035,35.42716404569266,33.218054864138644,32.184046289650354,32.76664649964296,33.952419850395586,33.39068842592727,32.889344714018605
pig_15,B2,3,B2_p3,2026-06-18 12:30:00,3,5,27.964772711913092,34.142653064113475,33.29038072719527,35.51393205289051,31.716072992930187,26.414466705960663,31.715819891825653,31.26763480446812,31.381242502207925
pig_15,B2,3,B2_p3,2026-06-18 13:00:00,3,5,33.352840671289016,34.15978380033551,34.222021803683695,33.99620250096958,35.839192872609104,37.30984309977233,35.36893554780666,38.1431621077914,37.98562884446295
pig_15,B2,3,B2_p3,2026-06-18 13:30:00,3,5,34.22775573459884,34.17690691694962,30.99266562097737,30.32483641947394,34.731023646328524,38.43722409570155,31.7183920933561,33.1264205981728,35.13793058458651
pig_15,B2,3,B2_p3,2026-06-18 14:00:00,3,5,31.942780042977766,34.19402717439935,36.355266679915076,37.06303643823038,37.08485945512745,39.65206717510405,38.10688815343977,44.2677406980333,39.38001264167346
pig_15,B2,3,B2_p3,2026-06-18 19:00:00,3,5,29.733368085791383,34.36936174509816,37.91538787551584,39.81724025340326,32.00973018368004,27.398873394636727,35.91016834367644,39.30141991231207,33.32092652163813
pig_15,B2,3,B2_p3,2026-06-18 19:30:00,3,5,30.016760767792213,34.382184133768234,38.64712939918141,35.92800827185524,32.242112476355615,28.647935670384506,36.71482496839294,32.66092171624958,34.13106535730741
pig_15,B2,3,B2_p3,2026-06-18 20:00:00,3,5,33.392299230307316,34.399268680561605,42.154995326989436,38.72724357693371,32.16975823300628,28.105733673168295,39.78295165645268,33.87436241641483,33.54325860754042
pig_15,B2,3,B2_p3,2026-06-18 20:30:00,3,5,32.049923121908016,34.41635514485944,41.40395261394364,38.38244646665788,32.598463908781575,30.161026942228972,39.39791095481204,36.7867856628128,33.59730979169289
pig_15,B2,3,B2_p3,2026-06-18 21:00:00,3,5,32.831875440958136,34.43343245585875,40.58870350174473,42.13308664439536,32.73551355148352,37.41798070204247,38.75527615707511,41.162627774350156,33.32589326809034
pig_15,B2,3,B2_p3,2026-06-18 21:30:00,3,5,33.897945446616404,34.45051326927101,40.74457732126995,43.74740879442424,32.80968893648636,32.36777242036232,38.935329547989134,38.124134156199965,34.016498379648986
pig_15,B2,3,B2_p3,2026-06-18 22:00:00,3,5,30.434443640012248,34.46759442225621,44.22255256116214,42.24314086851826,32.746831341037975,30.09768761138117,41.983330456076224,42.60843399977606,33.65637077639394
pig_15,B2,3,B2_p3,2026-06-18 22:30:00,3,5,29.24297116978802,34.48466801179154,43.65912061840959,46.09960066210695,32.35013061781632,28.733327323615157,41.19856911927893,37.79837156978698,34.056471713615004
pig_15,B2,3,B2_p3,2026-06-18 23:00:00,3,5,30.325605607720547,34.50173562304878,42.60183152420522,42.176085825060575,32.51246965753793,31.785469417693,40.35750247252108,39.39539248268858,32.87692749615705
pig_15,B2,3,B2_p3,2026-06-18 23:30:00,3,5,32.04309488188471,34.51880990180341,42.92642424778175,42.8300786991446,33.34933714112827,34.905678487098214,41.211920399369795,44.01564343350354,33.85471702370921
pig_15,B2,3,B2_p3,2026-06-19 00:00:00,3,5,30.998249106172125,34.53587188597762,39.857048703415295,39.105740026520536,32.57985883168613,29.629871535695777,37.93671707519117,39.38562333744756,31.112909665327855
pig_15,B2,3,B2_p3,2026-06-19 00:30:00,3,5,27.598541948034992,34.55293264058192,39.590527376119724,41.53167196884441,32.68269069533571,29.823852808600165,37.759847729970126,38.33526498705979,32.464408486701686
pig_15,B2,3,B2_p3,2026-06-19 01:00:00,3,5,28.78249622542454,34.569996905515445,37.763349060115715,35.85027113781672,33.05736206753286,34.63397850547044,36.37818779192299,35.607055694865835,31.530792496131816
pig_15,B2,3,B2_p3,2026-06-19 01:30:00,3,5,25.27826064752817,34.58704888800897,35.9591219579593,35.089151979407156,32.139288160605304,25.84134413765112,34.12895642053139,30.14852830377225,29.925701922179975
pig_15,B2,3,B2_p3,2026-06-19 02:00:00,3,5,25.96640433382308,34.60410596334406,37.10588919195585,37.721908041912585,32.15473414117288,25.85408814929383,35.15218897266479,33.86868517952522,29.70707359991067
pig_15,B2,3,B2_p3,2026-06-19 02:30:00,3,5,27.074580078059544,34.62115234315787,34.903797157566075,33.96913604033412,32.64719136514335,33.24254026450275,33.51716766554922,34.54406191980367,30.113313913250348
pig_15,B2,3,B2_p3,2026-06-19 03:00:00,3,5,25.631490613994544,34.63820539623865,32.691315811719335,32.019153651088345,32.25006142651023,27.6131925669036,31.26178328608055,30.78013467116299,28.39061440361148
pig_15,B2,3,B2_p3,2026-06-19 03:30:00,3,5,23.368123531263514,34.65524933862529,32.25203717095224,32.35639004725476,33.2989972905322,35.69134777005139,31.58080791280179,31.655226216091446,28.754856531686432
pig_15,B2,3,B2_p3,2026-06-19 04:00:00,3,5,25.644176674930975,34.67229206521996,32.14967889881105,32.77065698403065,32.96392345990101,37.6775436795363,31.249505205790932,32.54556963843149,27.40735271815972
pig_15,B2,3,B2_p3,2026-06-19 04:30:00,3,5,25.67059084092594,34.689328844607864,31.320089436275723,33.91916775284637,32.23823882467462,25.917761514728127,30.001458191729057,28.326913256022884,26.779762256249764
pig_15,B2,3,B2_p3,2026-06-19 05:00:00,3,5,22.847745442962154,34.70637229969843,30.685427197759115,30.593197153394627,32.50765557308976,32.65292498689854,29.610788130199943,31.161785910391387,27.43480758917765
pig_15,B2,3,B2_p3,2026-06-19 05:30:00,3,5,23.35927941904063,34.72340034835948,29.607380150725596,31.22290862425071,32.584163155271284,31.63356891946694,28.69227465176342,27.781940298160162,27.422250105545015
pig_15,B2,3,B2_p3,2026-06-19 06:00:00,3,5,25.38134150860273,34.740433498350484,33.2018694343792,33.33090890409092,37.11187471318851,38.08444055732896,34.99765062092397,35.10064067397709,33.08058300827655
pig_15,B2,3,B2_p3,2026-06-19 06:30:00,3,5,31.94533288281697,34.75745913519232,30.680222957269063,30.874428973993258,36.97877350578794,38.1031050295004,32.6479942693631,34.17692506366633,30.954622433256322
pig_15,B2,3,B2_p3,2026-06-19 07:00:00,3,5,23.25262451122842,34.77448987430352,28.784781384331538,26.00681516775802,32.97875972938619,32.475557179472816,28.200328272416552,26.551807235590793,26.783490678424116
pig_15,B2,3,B2_p3,2026-06-19 07:30:00,3,5,24.83738950932907,34.79151310532167,33.53534423155583,33.452620489590174,35.07419014428958,40.45655753001756,33.86565970860658,38.16950437247563,29.7105674867713
pig_15,B2,3,B2_p3,2026-06-19 08:00:00,3,5,37.91569931447545,34.808533560345225,39.6168966477688,41.13135696770385,44.63829046502146,38.18448559423214,45.84829307123408,45.42142599775493,39.286384168527775
pig_15,B2,3,B2_p3,2026-06-19 08:30:00,3,5,33.17250966753779,34.826969256611335,31.228043760256746,29.266588313748592,39.47013426244419,34.39506445379525,34.80765369629461,30.575304736478074,32.54503580081339
pig_15,B2,3,B2_p3,2026-06-19 09:00:00,4,5,26.30684122182188,34.84057649530702,29.756140920900066,31.328272156980233,36.707373241164454,39.05794048129112,31.58953010496626,33.19059787024814,28.331253865425456
pig_15,B2,3,B2_p3,2026-06-19 09:30:00,4,5,29.919002321889977,34.8227398768511,34.92719430064443,35.3373012100461,48.81158342642671,44.77178720520975,44.525414609251726,43.221560202245264,43.504161269294926
pig_15,B2,3,B2_p3,2026-06-19 10:00:00,4,5,35.04375507883324,34.76322454812256,31.403421079791208,33.54616393990481,35.54410583250666,33.17155133868418,32.30394777690196,31.421780584401972,28.647029612350693
pig_15,B2,3,B2_p3,2026-06-19 10:30:00,4,5,24.34197748205103,34.71218639083854,28.257480827510904,28.85858196953717,33.35622159850773,35.74998708647031,28.025513761035327,27.03040905318928,24.12770416686508
pig_15,B2,3,B2_p3,2026-06-19 11:00:00,4,5,23.779614531076515,34.6611279363003,27.136805345073256,26.30294429285155,34.132387306184995,36.58523671017398,27.589009836012917,27.21670828059373,26.18842914358541
pig_15,B2,3,B2_p3,2026-06-19 11:30:00,4,5,22.702928270425915,34.61002547221149,25.336087629600883,21.78608914022411,32.808569285552394,32.81748997604252,25.10361665478488,19.573301787966262,23.906649904150218
pig_15,B2,3,B2_p3,2026-06-19 12:00:00,4,5,22.84517454219827,34.55892151387433,25.864195832693284,21.550839622052205,34.111005709936904,38.24709878818781,26.49876027350185,24.075039360937687,25.982046135556203
pig_15,B2,3,B2_p3,2026-06-19 12:30:00,4,5,27.83080806917096,34.50779235313049,26.3772528233577,27.524275261078103,37.35543233224837,38.851812058135046,29.21453522761705,32.01550370356196,26.4824180373631
pig_15,B2,3,B2_p3,2026-06-19 13:00:00,4,5,31.070727274970885,34.45661897343146,27.473644401695516,23.676006723961315,38.839970809480064,40.26995610491127,31.241510639381907,28.187223390851983,27.53201020001485
pig_15,B2,3,B2_p3,2026-06-19 13:30:00,4,5,33.90263028602118,34.40544395232147,32.987252987248795,33.41587925063614,42.41369754071363,44.84210017331172,38.64215881354141,39.82802726668793,33.74263989178508
pig_15,B2,3,B2_p3,2026-06-19 14:00:00,4,5,36.8444214714547,34.35421034293757,30.06082010106245,28.61275474336272,41.90179284767736,42.6025732363877,35.71085964154013,36.70757769361368,30.83117506560612
pig_15,B1,5,B1_p5,2026-06-27 10:30:00,2,5,59.18703962459325,37.0832983058022,43.98297605723197,45.42740436861202,36.49769380623487,38.560951264589285,42.83297327960337,43.36998070713954,49.73386564124179
pig_15,B1,5,B1_p5,2026-06-27 11:00:00,2,5,55.86357353896443,37.09434710552167,42.426414101432925,44.586382056485064,35.06090519499338,34.02034688023025,40.45171307056578,41.744764979700456,48.5275246275002
pig_15,B1,5,B1_p5,2026-06-27 11:30:00,2,5,56.2953956674545,37.105392762594285,40.04029471376668,40.631275726889754,36.85420580730507,37.76928928557609,39.549684955643926,41.90296007817254,49.21541274099614
pig_15,B1,5,B1_p5,2026-06-27 12:00:00,2,5,52.91995986955318,37.116441414872476,39.113198327473405,38.07205477116469,36.24488104579322,33.50495318861219,38.29809513220269,37.14230799871915,48.485508671514964
pig_15,B1,5,B1_p5,2026-06-27 12:30:00,2,5,58.69691999180476,37.127489993637084,38.44058224256687,38.232841410455926,37.696110791372696,40.13635750563718,38.688891127134575,41.77597832426105,54.46856704811559
pig_15,B1,5,B1_p5,2026-06-27 13:00:00,2,5,57.22260886300931,37.13853134106505,38.28595105962911,41.0349872031242,38.298569002722694,39.891549214595685,38.95848382047528,42.07336289331513,54.19686127234081
pig_15,B1,5,B1_p5,2026-06-27 13:30:00,2,5,56.791288842847194,37.14957568431393,37.41610543135905,36.38663144973813,36.233305714597094,36.77726212959362,36.75779593246767,37.36271937673717,50.66907322635779
pig_15,B1,5,B1_p5,2026-06-27 14:00:00,2,5,58.35285838712798,37.16061586606594,36.24787339768895,38.6531059678592,37.26391791214701,38.10465093006633,36.41775095036663,39.86607991404881,50.225018098250835
pig_15,B1,5,B1_p5,2026-06-27 14:30:00,2,5,64.9362685140566,37.17073776431744,42.630852500205805,41.17747873305123,43.919751579641506,40.16422648434633,46.6753225300091,49.307239439679805,56.10113320434895
pig_15,B1,5,B1_p5,2026-06-27 16:00:00,2,5,56.92811223240477,37.204775886070735,46.78128687486657,45.99427928668208,37.73641180507064,37.72361600128497,46.10867333459649,42.764682827983364,52.05755569579549
pig_15,B1,5,B1_p5,2026-06-27 16:30:00,2,5,52.47135634633551,37.21581162801891,46.41759471211557,46.176451199069746,35.5770416982067,35.980791061965085,44.29464543851965,43.94000991326758,47.50847145844435
pig_15,B1,5,B1_p5,2026-06-27 17:00:00,2,5,52.41605105000981,37.22684730102288,44.788057422109766,41.51681570113558,35.452580799785785,34.976260352030025,42.74982043182102,36.98796161635939,47.402759067125444
pig_15,B1,5,B1_p5,2026-06-27 17:30:00,2,5,52.67844470209246,37.237880861978304,42.59494168791889,44.75890567268927,36.33148108519735,36.96202904263541,41.39174591313194,41.881068729683264,48.51132089128847
pig_15,B1,5,B1_p5,2026-06-27 18:00:00,2,5,48.78134721964119,37.24891639800339,41.949629771220366,39.076958267392875,34.77270789265788,29.052361674373206,39.73919376129075,35.753130287560246,45.69699750445545
pig_15,B1,5,B1_p5,2026-06-27 18:30:00,2,5,45.38670521698082,37.25994880138627,43.475556769356146,41.201041589121786,38.086815679189705,35.72357225359169,43.369974925004655,40.28950272389826,47.79394179721865
pig_15,B1,5,B1_p5,2026-06-27 19:00:00,2,5,45.54088145588531,37.27097909463715,44.394476613680524,43.630089976256066,35.69247398705792,35.563910647953584,42.53815197382265,36.62479001967252,47.78311680551164
pig_15,B1,5,B1_p5,2026-06-27 19:30:00,2,5,45.401612107684095,37.282011363662825,49.84064577990939,47.730752838881685,35.43045121110848,32.55528418377029,47.20773599474019,45.86149025647727,47.40545519643669
pig_15,B1,5,B1_p5,2026-06-27 20:00:00,2,5,58.30002483648431,37.29303948109629,39.950561094342056,40.89676702146994,45.233641819562685,46.66630312699986,45.11730483523296,44.83269195685511,53.52753254740598
pig_15,B1,5,B1_p5,2026-06-27 20:30:00,2,5,41.98008877980314,37.304069574773024,40.05713435695767,40.66513620029126,34.53959584174887,28.594164189248936,37.859745378195214,36.49906533759474,46.05796295367044
pig_15,B1,5,B1_p5,2026-06-27 21:00:00,2,5,40.498070540859906,37.31509449756839,39.40240619448606,39.466767965754784,35.2689132179039,34.22280098540623,37.77059169628518,35.34227745646088,45.75313488301907
pig_15,B1,5,B1_p5,2026-06-27 21:30:00,2,5,43.27333213706932,37.326121397275315,39.609561555066534,40.468022031884274,35.02107609741427,34.004689110837134,37.77866753298382,39.02008800745433,45.400459749755875
pig_15,B1,5,B1_p5,2026-06-27 22:00:00,2,5,43.33186857502975,37.33714414894004,39.44007529926708,39.490089050321984,35.22319772953267,32.03320849392051,37.76001730539636,35.907951931086025,46.389433063803104
pig_15,B1,5,B1_p5,2026-06-27 22:30:00,2,5,43.01258507899934,37.34816989864545,37.32664143237172,37.02062265530921,35.072918522035465,33.61375714661169,35.766006165144276,33.973153002696606,45.291376826298766
pig_15,B1,5,B1_p5,2026-06-27 23:00:00,2,5,41.51259768052847,37.359193542904634,37.026196669535885,37.12696740021455,36.107571723543145,38.528264112632606,36.202490886430745,38.20428849956592,45.08492625545497
pig_15,B1,5,B1_p5,2026-06-27 23:30:00,2,5,39.93205371926537,37.37021406208941,39.58790739017637,41.003139864239856,35.03699612545687,31.137623028077883,37.74478542580057,35.365801926617706,47.211771015186116
pig_15,B1,5,B1_p5,2026-06-28 00:00:00,2,5,41.42964612982827,37.38123349805937,39.667032556641104,40.52777315590316,35.40452479334351,32.75931997805184,38.0614314703891,36.92617958319925,44.95387135037008
pig_15,B1,5,B1_p5,2026-06-28 00:30:00,2,5,37.2906481352857,37.3922508310844,42.698823188912364,42.376453295607604,35.12750623245124,33.65343046291661,40.5679932449529,36.91576293698484,41.856013918030506
pig_15,B1,5,B1_p5,2026-06-28 01:00:00,2,5,41.561633737666725,37.403272182969125,43.90409862761034,47.36418656752619,34.9681372281044,28.443011452094595,41.526797547924005,38.941446055041965,43.78331746337384
pig_15,B1,5,B1_p5,2026-06-28 01:30:00,2,5,43.146562982958386,37.41429245243278,44.32961041478874,47.51100031158849,34.93863177411123,29.1813470358325,41.87955155866176,40.0539805523384,43.88551055614367
pig_15,B1,5,B1_p5,2026-06-28 02:00:00,2,5,40.852004479345425,37.4253065401978,44.55900436095039,43.810748507348585,34.98646934451669,28.459767298265728,42.11057507461129,35.63678079147036,43.15151822383008
pig_15,B1,5,B1_p5,2026-06-28 02:30:00,2,5,42.30356874350795,37.4363205674662,43.73474399904347,43.163026189628184,35.64191834225241,35.18140312757964,41.8195245148503,39.49050278246968,44.659314509606205
pig_15,B1,5,B1_p5,2026-06-28 03:00:00,2,5,45.492212924694364,37.44733657399115,39.320386260274795,42.64932339886034,36.54902234342407,33.12697145369988,38.50031097356435,40.37237191864137,44.46038682841252
pig_15,B1,5,B1_p5,2026-06-28 03:30:00,2,5,39.17249322236122,37.45834640210798,41.195311210936936,42.37061162015687,35.86088869396555,35.74269624315677,39.69296954338898,39.86739280930943,43.863867097701416
pig_15,B1,5,B1_p5,2026-06-28 04:00:00,2,5,42.661917415147,37.46936024946361,42.120151135604644,39.15398392802195,37.95868674195727,40.02821717092138,41.95227921264568,42.504593704809274,45.28045246514449
pig_15,B1,5,B1_p5,2026-06-28 04:30:00,2,5,41.002857699115395,37.48036893992979,37.04972276798239,36.16057578923993,35.478272434682566,32.14424235605999,35.721065909138005,34.451253528599025,42.41484065461926
pig_15,B1,5,B1_p5,2026-06-28 05:00:00,2,5,36.302089533946294,37.491378591406104,37.28803471408825,36.93861309343465,35.141054081350056,33.639448516896756,35.69553201175157,33.23333349302153,39.99509370471814
pig_15,B1,5,B1_p5,2026-06-28 05:30:00,2,5,37.40835306550782,37.502391242346356,36.08516447333652,36.10959910919951,35.279252144940486,30.410272358144937,34.711580762504106,31.48621884261614,40.129606422931566
pig_15,B1,5,B1_p5,2026-06-28 06:00:00,2,5,36.806424037837346,37.51339568129042,34.0052465123543,33.285270382673495,35.60721903187979,35.10501417583757,33.07599357693907,32.620817474142044,40.403681260921296
pig_15,B1,5,B1_p5,2026-06-28 06:30:00,2,5,34.429804063472375,37.52440108242661,32.83229115683807,31.253126599190487,35.294838642317174,30.38860338173665,31.809197719287255,29.27320313460738,35.80785484774009
pig_15,B1,5,B1_p5,2026-06-28 07:00:00,2,5,36.808063328614715,37.53540744568312,33.858707408891945,36.70205865108477,40.23249704550888,42.15116281225384,36.10990270332358,37.39913542416705,43.98967857046976
pig_15,B1,5,B1_p5,2026-06-28 07:30:00,2,5,43.76355289753562,37.546412733260226,37.445579879723056,37.21712688012958,42.727809205710344,37.65680785629978,41.01583202518603,39.773351971629324,45.58534960782204
pig_15,B1,5,B1_p5,2026-06-28 08:00:00,2,5,39.10537287727935,37.5574149081544,52.35117048845983,45.857910803738235,44.18523157516165,40.419554473479714,55.300887887792214,40.873176329317786,46.22136472089802
pig_15,B1,5,B1_p5,2026-06-28 10:30:00,3,5,59.498081299048536,37.61241375270622,44.97578911975494,41.21471984356487,35.6014700328101,32.257487785168465,42.79640791027015,39.64680925125137,48.65980084287675
pig_15,B1,5,B1_p5,2026-06-28 11:00:00,3,5,52.24163296466266,37.62341458051301,40.502883719215276,40.730989680747044,34.878909817056666,27.614962446325833,38.305513705902406,35.609858400072945,44.466657974918874
pig_15,B1,5,B1_p5,2026-06-28 11:30:00,3,5,51.283293995533654,37.63440924588922,39.88145999849265,40.802259798436154,36.971986491301585,39.8288824203205,39.182897830458316,41.58391120442055,48.131176583174984
pig_15,B1,5,B1_p5,2026-06-28 12:00:00,3,5,53.28925367631754,37.64540385866481,37.51775739075059,37.19171239951666,37.90248575451245,43.73466180095493,37.70819122648552,42.132244943145075,50.50376440569012
pig_15,B1,5,B1_p5,2026-06-28 12:30:00,3,5,49.67407453198415,37.65639332970811,37.69529376392285,37.47606778121188,36.18772994016351,38.78221786730823,36.68218983599851,37.997790299208276,46.36050521932548
pig_15,B1,5,B1_p5,2026-06-28 13:00:00,3,5,52.068776102460944,37.66738274958835,38.35764344159188,40.76897016380984,35.938949835901255,36.8890014561705,37.095503981902965,37.08597784977027,46.381195191182684
pig_15,B1,5,B1_p5,2026-06-28 13:30:00,3,5,50.694285966761925,37.67837415387466,36.942085785700115,35.68504203504628,37.38339050783589,39.379310317724396,36.81924118545473,36.87601653927839,51.71592852690425
pig_15,B1,5,B1_p5,2026-06-28 14:00:00,3,5,54.133363727872705,37.689364489473434,36.871393451642774,34.42288580617807,37.18023954741661,38.739222021612164,36.610297998641556,36.786541594562294,51.29689529424719
pig_15,B1,5,B1_p5,2026-06-28 14:30:00,3,5,58.05686655734095,37.69943965337726,41.628096126496736,43.6751679367828,40.983731866664804,44.946892032860305,43.45846525230666,52.317963795575196,54.691351684951684
pig_15,B1,5,B1_p5,2026-06-28 16:00:00,3,5,57.309697205771734,37.73423101961524,45.179996595104186,41.34820408525098,39.28553877406166,43.24394840343829,45.438750889722854,41.30876515836877,56.62320896738093
pig_15,B1,5,B1_p5,2026-06-28 16:30:00,3,5,52.650616477637044,37.744300155315486,43.83605281768714,43.5726428209801,36.9191885371953,40.0912127616719,42.609078011386,43.90870753217704,52.31173580851383
pig_15,B1,5,B1_p5,2026-06-28 17:00:00,3,5,53.573682917836365,37.755285106661006,42.605760174362466,44.55433995411631,36.13683513218158,36.007697803136644,40.968325663272935,40.00302914954232,49.31082984743975
pig_15,B1,5,B1_p5,2026-06-28 17:30:00,3,5,58.12572175577376,37.766266958981575,43.693001366218276,43.93063601386743,37.8635415244452,38.72568809382437,43.11753663625502,44.62479816738288,51.57358941258831
pig_15,B1,5,B1_p5,2026-06-28 18:00:00,3,5,51.85198447304337,37.777251814091755,42.222147934285005,43.985204348016055,35.63270509447464,32.41079657460872,40.267267915131164,42.07750973760104,48.622631581907875
pig_15,B1,5,B1_p5,2026-06-28 18:30:00,3,5,52.03590332904789,37.7882295044652,40.857966124455416,38.38824696050827,35.79038006441515,33.11599393329544,39.15288636613665,35.35284299067037,48.579620991424996
pig_15,B1,5,B1_p5,2026-06-28 19:00:00,3,5,51.67551366714967,37.79921223144024,39.2657065162345,38.347946567673304,38.05387332478479,43.91334914325954,39.28171858485653,44.293119211647635,49.39534569054852
pig_15,B1,5,B1_p5,2026-06-28 19:30:00,3,5,51.86142120976508,37.81018779589032,39.29112115941385,38.35908146531362,35.93929495451181,40.63941426097762,37.845433748983005,39.77552990882825,48.08484907728067
pig_15,B1,5,B1_p5,2026-06-28 20:00:00,3,5,47.69008918544088,37.82116534761773,39.804611563383155,38.794922781762196,35.304436078217044,28.732692772528576,37.86081336847762,32.170906257785035,46.897826090415386
pig_15,B1,5,B1_p5,2026-06-28 20:30:00,3,5,44.7243040478776,37.83214183737374,39.65592524995398,40.92514050389741,35.650408612314585,34.853678102336744,37.95955312681683,38.34459345334369,48.256834897707634
pig_15,B1,5,B1_p5,2026-06-28 21:00:00,3,5,45.71978644586422,37.84312133044871,39.578101198474336,40.61724501690779,36.39810492594504,39.09272993062159,38.397435382637994,40.72231273099235,41.47492871799105
pig_15,B1,5,B1_p5,2026-06-29 07:30:00,3,5,36.51806903821227,38.07335493951773,35.46273172069822,35.54775528501442,40.403461339912226,42.38956778827189,37.34629848760721,39.9376996818171,39.113320836584485
pig_15,B1,5,B1_p5,2026-06-29 08:00:00,3,5,57.01445077353304,38.08156716388843,31.912526155425425,30.946066859079806,55.06707210420414,48.961679280036336,44.249148162650776,44.46800940313888,49.631875677081084
pig_15,B1,5,B1_p5,2026-06-29 09:30:00,4,5,40.693456195549935,38.07673514824671,31.56870192923468,31.30549908580758,38.37430823793277,44.27670683413476,32.47840054965409,33.49603970219701,38.44503224001548
pig_15,B1,5,B1_p5,2026-06-29 10:00:00,4,5,45.87591721733702,38.04669278317583,33.30534567954942,31.688130174846926,42.93192639419314,44.46572803608284,37.17504848922998,36.47801546140195,46.44450052445598
pig_15,B1,5,B1_p5,2026-06-29 10:30:00,4,5,38.870946689006175,38.00663264836592,30.661584873077622,30.39890080876082,38.06674193150481,39.02675450267481,31.498867562039795,30.08015111559353,39.08912205002278
pig_15,B1,5,B1_p5,2026-06-29 11:00:00,4,5,34.673315327753315,37.96655472217072,29.969485006214853,26.958125055605873,37.07064215239551,33.58628649040489,30.22069538479067,26.133185820674875,34.73300313356589
pig_15,B1,5,B1_p5,2026-06-29 11:30:00,4,5,42.63663203584886,37.92646268876956,28.544005674028526,23.946511539486554,39.30522788057658,43.53423663118576,30.507926311383137,32.9063526938552,38.07456319133845
pig_15,B1,5,B1_p5,2026-06-29 14:30:00,4,5,52.395711877879734,37.68227153641394,34.84739544321594,33.033548424082795,45.331871783848726,49.504530235876516,40.409454565564936,40.96703988670637,47.22488391984283
pig_15,B1,5,B1_p5,2026-06-29 15:00:00,4,5,43.155585932042925,37.64542135467907,29.00629221934454,25.595746694391217,41.67934145833806,38.38966843004572,32.713598043978465,31.483318178418628,41.97159655299602
pig_15,B1,5,B1_p5,2026-06-29 16:00:00,4,5,40.18856272244405,37.56835064024207,30.72545156416813,33.83037485671687,41.81584181010411,39.167660690548146,34.384809110973336,36.35844050199034,40.87322302704503
pig_15,B1,5,B1_p5,2026-06-29 16:30:00,4,5,41.17098743391513,37.52276077108706,28.48719886908416,28.353235866163473,39.64419024714034,43.81755655243867,30.923694233134412,33.57886648336569,37.091291510196115
pig_15,B1,5,B1_p5,2026-06-29 17:00:00,4,5,38.37185719196734,37.484512077912264,28.926778633102074,25.82605661141978,37.67589346535957,40.229275906082535,29.98565789407616,26.26340110623898,38.10762326828618
pig_15,B1,5,B1_p5,2026-06-29 17:30:00,4,5,35.664920865942236,37.44424133834962,29.268231451075554,31.885020071742595,35.20270185927444,33.60613824996815,28.61446459780568,26.09459924561014,29.631205967499916
pig_15,B1,5,B1_p5,2026-06-29 18:00:00,4,5,32.82153331929264,37.40397480717819,28.833659689400555,25.431583180006754,34.409905888066596,24.43018773602538,27.70567919571472,25.379823634581356,30.12124226668839
pig_15,B1,5,B1_p5,2026-06-29 18:30:00,4,5,32.46612239371142,37.363693821428384,31.680416227969058,33.89095711381406,34.813712091985785,29.237218995482714,30.544626903744238,27.682444107250145,30.029834792833086
pig_15,B1,5,B1_p5,2026-06-29 19:00:00,4,5,33.656925332665224,37.32336849295672,30.391380845496094,31.02943378171959,34.41583864599349,24.171970869228378,29.145300396640213,24.891848249994226,30.768288050093474
pig_15,B1,5,B1_p5,2026-06-29 19:30:00,4,5,35.00059669914452,37.28305850926377,33.60646887734373,36.45531228291481,34.858070369890136,28.351595950232255,32.33907602758607,30.90067241692688,33.56614471439733
pig_15,B1,5,B1_p5,2026-06-29 20:00:00,4,5,32.31515725557469,37.24271905092412,34.887621953238096,34.472988274884855,34.60446893400381,27.825499733527188,33.33051862884826,29.93593898330665,35.33715458934838
pig_15,B1,5,B1_p5,2026-06-29 20:30:00,4,5,34.07731789358351,37.20236502275556,36.59512352254244,35.98915977519082,34.22024088475925,24.29850748256956,34.612381234607355,31.633216595940382,36.63755278365406
pig_15,B1,5,B1_p5,2026-06-29 21:00:00,4,5,35.77249251779204,37.16198892207601,38.71642181223362,40.88984602180006,33.98595783633231,28.443413803678737,36.366213408744116,30.753913944042566,38.480313397794994
pig_15,B1,5,B1_p5,2026-06-29 21:30:00,4,5,34.80565332228808,37.121628109530015,34.311621653454814,32.542069512767235,35.79933743341621,36.28418216455352,33.707806678175466,31.62389535951664,34.767785364368
pig_15,B1,5,B1_p5,2026-06-29 22:00:00,4,5,34.85998971128435,37.081233959740125,36.954375060789474,36.63434171214012,34.75679891213233,33.271442864936766,35.37136818463975,32.79308814632934,37.49579042391167
pig_15,B1,5,B1_p5,2026-06-29 22:30:00,4,5,34.73517302563554,37.040817652459054,36.49591121452109,35.83288062150512,34.21395034402138,27.404458486668638,34.61306622070997,33.48454569279082,36.725905974117
pig_15,B1,5,B1_p5,2026-06-29 23:00:00,4,5,33.28325476852813,37.00040535802604,38.140079165531816,40.88236948395884,33.98765880577333,25.014324008157395,35.94698585755701,30.53156145577692,38.36834896153304
pig_15,B1,5,B1_p5,2026-06-29 23:30:00,4,5,34.13114318808574,36.95995213054218,36.21262635623655,33.75669048351302,34.16873608078676,27.264956056624747,34.376208159616326,32.13008540215533,36.421017110309904
pig_15,B1,5,B1_p5,2026-06-30 00:00:00,4,5,35.688625372618596,36.9195103631057,32.03033472149631,29.247007973116094,34.810920157326684,35.449377814653154,31.111698562474217,27.532298367404586,30.765109471607413
pig_15,B1,5,B1_p5,2026-06-30 00:30:00,4,5,30.972891245234507,36.8790313373718,33.445563102015804,32.7224050828257,34.19968654444767,27.068597488912694,31.977094356071188,28.85778757130764,33.0806890124818
pig_15,B1,5,B1_p5,2026-06-30 01:00:00,4,5,34.153678219567844,36.838559990514796,32.64763154599187,35.67800629265855,34.214289220832484,28.50015534931464,31.29908233132479,32.80252749233176,30.68960178490491
pig_15,B1,5,B1_p5,2026-06-30 01:30:00,4,5,31.32295213190787,36.79805881563556,31.82816102553237,29.11418597123563,33.80314432765586,24.877526534607878,30.309418427983367,26.308596716372605,29.972744744734744
pig_15,B1,5,B1_p5,2026-06-30 02:00:00,4,5,31.075653315459846,36.75754652814213,30.254632913719483,33.19797887739458,34.45648123434545,32.98101164848362,29.378659898895727,27.54645174163537,29.553682770266356
pig_15,B1,5,B1_p5,2026-06-30 02:30:00,4,5,32.87024715515413,36.71702685806312,29.754990048003194,27.525812722362637,33.81339613576945,23.98151169428722,28.514844537406347,23.14852956566189,27.991200329093534
pig_15,B1,5,B1_p5,2026-06-30 03:00:00,4,5,30.160349588764987,36.6764772587602,30.026359530612297,33.027241093694016,34.17842454198679,28.69946967026665,29.031020030546635,24.879899003387862,28.069230058471028
pig_15,B1,5,B1_p5,2026-06-30 03:30:00,4,5,31.19250826108602,36.635927733927986,31.204704659941882,32.942632706624565,34.04741288640628,27.372142082430457,30.015129844757986,28.498701120199343,30.1273023434986
pig_15,B1,5,B1_p5,2026-06-30 04:00:00,4,5,30.996931786520406,36.59536700053427,31.366975785381793,29.922922705658547,33.511662938105715,28.009727064832703,29.81525301963257,27.206206629919762,29.965855464309634
pig_15,B1,5,B1_p5,2026-06-30 04:30:00,4,5,29.282524643098846,36.55476496508251,31.824977838444802,35.9963709483252,33.65346537933266,23.875531286366552,30.344522295326158,28.558267818192547,29.825765330872002
pig_15,B1,5,B1_p5,2026-06-30 05:00:00,4,5,30.628426237990787,36.514170452452746,31.083439502202943,34.443721683357396,33.41292849782651,27.947580040857332,29.541596984701265,29.395451504267328,29.860464923477593
pig_15,B1,5,B1_p5,2026-06-30 05:30:00,4,5,31.33186721082729,36.47353832139953,31.834488874331292,33.40013290287252,33.450531168579296,25.790409354008148,30.26059380893969,29.398634489937773,30.224519690449085
pig_15,B1,5,B1_p5,2026-06-30 06:00:00,4,5,29.71009833945845,36.4329174370078,29.99695076564381,32.90478657463265,33.90876310574967,25.227712537642958,28.960473151342807,25.530389806860647,29.298889516830748
pig_15,B1,5,B1_p5,2026-06-30 06:30:00,4,5,29.837176499385905,36.39226262855862,30.093324210596617,27.216699688147116,33.44696364330932,24.603185829240026,28.7526942593068,24.58483522360695,29.616206815361522
pig_15,B1,5,B1_p5,2026-06-30 07:00:00,4,5,34.574408914578065,36.35160020707458,28.76613881674525,25.811427755951925,36.11038688349132,37.00200973478697,29.422483899183725,25.848050991167874,30.92229913717458
pig_15,B1,5,B1_p5,2026-06-30 07:30:00,4,5,34.44672223096106,36.31093391988598,29.020379307701628,27.512761982338027,37.076729289535265,34.81368904710301,30.336522729780267,26.26722563182735,33.023250879651634
pig_16,A1,2,A1_p2,2026-06-12 09:00:00,2,4,32.49903806176964,31.21260845158868,36.15470258863814,36.6471193827915,29.07060648410915,23.589430396839198,33.96742424809007,32.17220973491027,29.04844391249057
pig_16,A1,2,A1_p2,2026-06-12 09:30:00,2,4,34.604544534322514,31.226969584950645,36.80116402743928,37.78513697292104,29.927181530713682,32.553488103388176,35.171140609238904,36.426450747769664,29.83165822164884
pig_16,A1,2,A1_p2,2026-06-12 10:00:00,2,4,35.961004633431784,31.248507806778655,36.987678386816626,34.171112510090985,31.820423478155377,34.19620778706095,36.741830550782595,33.001037970359555,32.28631861592467
pig_16,A1,2,A1_p2,2026-06-12 10:30:00,2,4,33.661458129304904,31.270039784569242,33.26059307878034,35.85107820640445,31.161552739922044,31.7038287900156,32.94522185538094,36.350778703458715,30.28062061001129
pig_16,A1,2,A1_p2,2026-06-12 11:00:00,2,4,32.172292837210684,31.290375235807225,32.92967948636516,33.79889859862661,31.871148405661785,34.242024608504835,33.1724715625241,37.146431543072936,31.050998410238318
pig_16,A1,2,A1_p2,2026-06-12 11:30:00,2,4,31.1104033028518,31.31070660673827,32.502454102519266,32.85421345887484,30.853896060616115,31.307185828938685,32.01978977539013,32.94998790832662,29.40578849105539
pig_16,A1,2,A1_p2,2026-06-12 12:00:00,2,4,31.894554751607217,31.332223027974944,32.96098644995333,33.844101293493445,31.4762797427974,34.03423105681312,32.877528687898256,36.380311276902844,30.51065090684741
pig_16,A1,2,A1_p2,2026-06-12 12:30:00,2,4,30.034765502682223,31.35373970737171,34.012875746746765,36.4316138141336,30.898551206018105,31.350214090652727,33.358915319752334,35.339475138750785,30.259933773810076
pig_16,A1,2,A1_p2,2026-06-12 13:00:00,2,4,29.227122157871438,31.375250170640157,31.25545801567673,31.609594312351145,29.53960462696015,27.20082049783961,29.89301006212903,28.43998602486917,27.998025317096403
pig_16,A1,2,A1_p2,2026-06-12 13:30:00,2,4,32.00466311416171,31.395560124158095,33.549196815700576,34.50014002916935,29.97509262019158,30.898279143107946,32.23081250557715,32.33129579307574,29.47036076129494
pig_16,A1,2,A1_p2,2026-06-12 14:30:00,2,4,33.896159198811276,31.439748211859595,38.674091188659375,36.3552396780109,34.95896883402141,37.56554250537254,40.462617403486085,44.20871876746202,35.112786524095476
pig_16,A1,2,A1_p2,2026-06-12 15:00:00,2,4,36.357175718816976,31.458852715852448,37.52414500901913,37.00929803395097,30.241291415437612,31.74559260824152,35.89804700878299,33.19962558252805,31.61291532022397
pig_16,A1,2,A1_p2,2026-06-12 15:30:00,2,4,36.07965030733368,31.47914871305632,37.61908418857201,37.033174957124196,30.92811137658544,33.11770067476812,36.48403010733946,35.31286095408115,31.380330037662844
pig_16,A1,2,A1_p2,2026-06-12 16:00:00,2,4,39.291192606178015,31.49943291127032,37.90470398237494,36.5929689974373,31.838149967417404,35.537449297986974,37.40567335067173,34.28384752947697,33.35954309075254
pig_16,A1,2,A1_p2,2026-06-12 16:30:00,2,4,36.67682855548121,31.520911467816454,36.94351333747727,35.93583019764107,31.453258679370137,31.478061598558472,36.25527702728748,35.75451236864525,31.295283081192515
pig_16,A1,2,A1_p2,2026-06-12 17:00:00,2,4,34.06303217530891,31.542385146926563,36.78735054283888,37.39934866214551,32.568520765692945,33.80051379165786,36.94021832279371,41.41166494602403,33.159306443449225
pig_16,A1,2,A1_p2,2026-06-12 17:30:00,2,4,37.94517810099052,31.563850076070196,37.638975936736905,37.13282061222727,31.4646125450302,32.00171492136256,36.850341058500796,36.13257361535196,31.09126186534235
pig_16,A1,2,A1_p2,2026-06-12 18:00:00,2,4,40.333982033024284,31.5841204835317,38.13275705389544,35.98706437657097,35.65044642946399,32.15503722791614,40.412166348922405,42.68597236741105,33.22994926717922
pig_16,A1,2,A1_p2,2026-06-12 18:30:00,2,4,30.690596719792126,31.60438655546453,36.57353843826943,37.32530841228994,31.098436020343712,33.55999053685638,35.60993678515397,37.05663424835221,30.879532060693325
pig_16,A1,2,A1_p2,2026-06-12 19:00:00,2,4,29.680271686451277,31.625840028847712,35.940723393795196,38.30283516399939,30.18324066143048,32.25728644866105,34.35165725824814,34.179471435004515,29.427600748315136
pig_16,A1,2,A1_p2,2026-06-12 19:30:00,2,4,32.10172199676938,31.647284777667547,35.82748640913013,34.69315145134822,30.911307636274387,31.24619680394598,34.78414258601449,34.831585102610404,27.33671374064499
pig_16,A1,2,A1_p2,2026-06-12 20:00:00,2,4,24.21696449043928,31.667541237299126,37.02446541474145,35.92445510453817,30.121821069846746,30.95891037367622,35.23556331783048,35.42654282080737,26.385762670127214
pig_16,A1,2,A1_p2,2026-06-12 20:30:00,2,4,24.42813352447486,31.68778821476758,36.91315038468724,37.5717509711466,30.819351177713976,34.503728074004144,35.647602753592224,35.830250001854424,27.648393613919414
pig_16,A1,2,A1_p2,2026-06-12 21:00:00,2,4,37.18778794486688,31.70922414911295,34.69845556641992,37.518425910217225,30.570429710099823,32.37088254376154,33.49305883756896,37.07317485359519,30.267708781480508
pig_16,A1,2,A1_p2,2026-06-12 21:30:00,2,4,21.933442612357737,31.730648802109503,34.69069802999182,37.86988243744325,32.30841942596199,34.723829578185885,34.77596611738723,37.94882415486462,29.4113348716684
pig_16,A1,2,A1_p2,2026-06-12 22:00:00,2,4,31.320359076092842,31.75207508483087,35.169476045019174,36.29260860074082,34.58025826737114,35.50970208913404,36.888536552121586,39.827478181659956,30.59376577349753
pig_16,A1,2,A1_p2,2026-06-12 22:30:00,2,4,33.72463817645699,31.77230489222802,35.308342920188295,32.57304099103969,30.665868507202134,33.11852769261316,34.062926237965726,33.88696066368597,25.73266035501976
pig_16,A1,2,A1_p2,2026-06-12 23:00:00,2,4,20.44852671209724,31.79253266378216,35.35007487846045,32.59377854955883,30.480268093608508,33.76322977672034,33.94778168746959,36.05307261497221,27.572875700089647
pig_16,A1,2,A1_p2,2026-06-12 23:30:00,2,4,19.078924666441793,31.813943752412708,34.623684945991904,37.847120265524964,30.217611497135135,30.013298622761184,33.09628707106444,36.625807304381325,26.361321502373237
pig_16,A1,2,A1_p2,2026-06-13 00:00:00,2,4,23.74886102207702,31.835348749828263,33.22602186205195,32.836504714579576,30.619020596687818,32.78414241193611,32.150416749429226,33.51975682235956,26.900460090135926
pig_16,A1,2,A1_p2,2026-06-13 00:30:00,2,4,21.301781434778665,31.85674895098932,33.61338310389653,35.002287943091346,30.13683051505103,27.157288383034036,32.11711700987637,32.133025975589845,27.8383144461921
pig_16,A1,2,A1_p2,2026-06-13 01:00:00,2,4,27.242598624838337,31.87695932459003,33.05176604613018,33.88413913690684,32.37279941054406,31.916990279301764,33.28547600870844,36.86492921267011,29.7729791992955
pig_16,A1,2,A1_p2,2026-06-13 01:30:00,2,4,31.674794926697572,31.89715963112442,30.046430414554173,28.34606498190648,32.55059492836574,36.09626462802233,30.75401426946364,31.01575344471199,27.8510606647057
pig_16,A1,2,A1_p2,2026-06-13 02:00:00,2,4,24.232858553695472,31.918547294184357,28.682977193471743,27.1183024598431,31.511951746800264,31.10925078718499,28.758462898926965,27.358016984088756,27.2873772636298
pig_16,A1,2,A1_p2,2026-06-13 02:30:00,2,4,17.590728623151787,31.939932756421165,29.164395797101463,26.97246740852512,31.165110506101918,31.50620625109851,28.90966872454615,27.61101350653105,25.93006734841017
pig_16,A1,2,A1_p2,2026-06-13 03:00:00,2,4,18.349395268252003,31.960119944956006,28.792574670661978,26.696165010092905,31.608309042533826,34.64055593086437,28.90114551483218,28.169766819075523,26.731194702282938
pig_16,A1,2,A1_p2,2026-06-13 03:30:00,2,4,17.319473115919738,31.9803057799284,28.491257236119786,28.384923238654366,31.11469377656676,34.82224025468311,28.25233134972951,29.341886194000683,25.14102531687636
pig_16,A1,2,A1_p2,2026-06-13 04:00:00,2,4,18.117226259700743,32.0016723262563,28.17418743187764,28.07489246916502,32.2133372818778,34.76141189164204,28.782888193943585,30.13412778893027,26.373294624473225
pig_16,A1,2,A1_p2,2026-06-13 04:30:00,2,4,17.554325300056732,32.02303926429395,27.647283784147128,25.526316431632193,30.95077565070106,32.89194872698975,27.357637083441503,28.105496926582536,24.057633393319122
pig_16,A1,2,A1_p2,2026-06-13 05:00:00,2,4,16.321089739924368,32.044398878734654,27.11361709132619,30.092773117788262,30.960250850528396,31.81470887108761,26.880309652776518,29.692583635585073,24.49028239416415
pig_16,A1,2,A1_p2,2026-06-13 05:30:00,2,4,16.94668612221266,32.06456652668324,27.727578550519304,28.206605155449367,31.311469933109773,31.658190052151582,27.672714158351454,27.96683532678609,24.075842453874962
pig_16,A1,2,A1_p2,2026-06-13 06:00:00,2,4,23.18690860733262,32.08473187571769,28.276079562030333,30.705921505526764,31.1093887248716,33.99294239583756,27.992441427606614,29.17347516478658,23.91686193861054
pig_16,A1,2,A1_p2,2026-06-13 06:30:00,2,4,27.112024371706084,32.10607779734452,28.13053247580067,28.16648681911371,30.746518796983665,31.204025610967307,27.578395582324116,27.504162470804722,24.660155200122823
pig_16,A1,2,A1_p2,2026-06-13 07:00:00,2,4,26.804782331172383,32.12741898936358,28.513594146993018,28.236627232906315,33.28550375223385,37.6847361578932,29.80688635253817,31.224270595580112,25.805378280440134
pig_16,A1,2,A1_p2,2026-06-13 09:00:00,3,4,36.68200057652931,32.21629175530374,38.06176642255204,38.982232759479686,32.456612731212594,34.33562642043386,37.55476166040786,36.267916909165486,31.91386719250924
pig_16,A1,2,A1_p2,2026-06-13 09:30:00,3,4,34.92094036845491,32.2316819445253,38.38566546713907,35.11149636153198,30.947090850270357,32.42714816950369,36.69887561244637,36.02593233129179,29.76971841524844
pig_16,A1,2,A1_p2,2026-06-13 10:00:00,3,4,30.804368530339204,32.25181287778221,38.56323132166565,37.9421641885746,30.76444293922508,34.11014351828698,36.705871029976784,30.960745743039162,30.664366853889582
pig_16,A1,2,A1_p2,2026-06-13 10:30:00,3,4,31.554638117581092,32.27193801951442,38.591512016090654,37.96584011137669,30.707736157886384,31.982989495815442,36.675577474195094,33.29480808543087,29.53134315042127
pig_16,A1,2,A1_p2,2026-06-13 11:00:00,3,4,34.726716681990005,32.29324260416201,39.16745254355003,36.933251364012264,30.749197735680497,30.81653786052008,37.201428151787276,33.73980710827376,29.70375332805991
pig_16,A1,2,A1_p2,2026-06-13 11:30:00,3,4,33.57426582288863,32.314541222200624,39.23731529438524,36.957610243774454,30.745378753136826,32.02521124844701,37.24674607236744,33.7821433144925,30.461064260564562
pig_16,A1,2,A1_p2,2026-06-13 12:00:00,3,4,36.886882163505135,32.33465349902372,37.32719483496932,38.87404124428906,31.154463310907094,33.510364117641195,35.8552382143793,38.08880801341132,30.16462903341101
pig_16,A1,2,A1_p2,2026-06-13 12:30:00,3,4,33.85447425884997,32.354761606740055,35.02934692358578,37.034997028991626,30.90404579046425,33.589395870065076,33.627034781418246,35.88984064136409,29.84619454289415
pig_16,A1,2,A1_p2,2026-06-13 13:00:00,3,4,34.80353771517396,32.37604415957834,34.67024428216433,37.466324582092966,31.460300212349,31.83204813059733,33.713821606895486,35.18311070330998,29.97800535719685
pig_16,A1,2,A1_p2,2026-06-13 13:30:00,3,4,34.607108085796774,32.39732717606404,34.157974704038864,35.59624292321003,33.674476707775696,35.72914776414966,34.908706435196066,37.512840371539255,31.244955268864224
pig_16,A1,2,A1_p2,2026-06-13 14:00:00,3,4,34.66317875686863,32.41860425180753,33.82880994063271,33.47818692079264,34.22504333404784,33.32848068395354,35.01764975946632,35.67140773727448,31.43893389623412
pig_16,A1,2,A1_p2,2026-06-13 14:30:00,3,4,57.16210301002933,32.43278125902304,40.10770425061922,35.170931329343546,45.604007998419505,42.795462791986864,49.0823715743489,46.48458610423784,36.717148294122914
pig_16,A1,2,A1_p2,2026-06-13 15:00:00,3,4,29.500000755667088,32.464685422494526,40.154641128021254,35.20552901412469,31.82662481465225,33.99047359925832,38.772102226019946,35.32032901932793,31.627012824866434
pig_16,A1,2,A1_p2,2026-06-13 15:30:00,3,4,37.67759030298955,32.48004523543261,38.98621887061104,38.89757783989063,31.952160771888888,34.48983288521748,37.8254703648719,36.64652316144726,32.12324246145495
pig_16,A1,2,A1_p2,2026-06-13 16:00:00,3,4,35.06504776701515,32.50130040094589,36.823680498963455,35.62936109992827,30.907567316526567,31.774012342823383,35.12039943534994,37.304089544919776,31.600347434662826
pig_16,A1,2,A1_p2,2026-06-13 16:30:00,3,4,36.52384113064619,32.52137473651555,39.24976731141686,37.054975359146255,31.883120221896036,34.04982722017024,37.98012846250862,37.93221690040912,29.33982701110812
pig_16,A1,2,A1_p2,2026-06-13 17:00:00,3,4,34.36401205838374,32.54144366292233,36.8241086444074,38.084057393491584,31.436020559958187,32.30819090408395,35.491675163441954,37.909314928988934,28.910119800757837
pig_16,A1,2,A1_p2,2026-06-13 17:30:00,3,4,34.737238114934826,32.562693133925386,38.847742325357814,38.30789462879107,31.762102342991668,31.651500514942697,37.508490553805885,33.45002017008091,29.875577636746538
pig_16,A1,2,A1_p2,2026-06-13 18:00:00,3,4,35.04237922852296,32.58393030934129,37.55780276522537,39.173732008126144,32.01797049452043,34.27998833858868,36.54864581556514,40.07458481728765,30.082349039271058
pig_16,A1,2,A1_p2,2026-06-13 18:30:00,3,4,38.80697844101946,32.605167986960765,37.64817044286182,39.19926481167814,32.13288492892265,32.60150165157453,36.701133487400696,40.190656620485356,31.177909588313852
pig_16,A1,2,A1_p2,2026-06-13 19:00:00,3,4,38.34881210534318,32.62522115204521,39.6667832045963,37.31292977868003,31.549254795155157,32.27904789956138,38.03209132318315,36.99475934911264,28.156812138945188
pig_16,A1,2,A1_p2,2026-06-13 19:30:00,3,4,39.416048262104894,32.645267333326856,38.28561299367924,37.2176669080407,31.680317487791235,34.71718521108226,36.89890419693526,37.943614745000914,31.56163440542293
pig_16,A1,2,A1_p2,2026-06-13 20:00:00,3,4,32.06738960896684,32.666486595352026,37.897436550342306,38.35413614767245,31.764784131083097,35.56939862700338,36.60628660243641,36.48303281524001,29.14928970261586
pig_16,A1,2,A1_p2,2026-06-13 20:30:00,3,4,30.212449477294584,32.68770765238515,36.40142075160928,43.81200458567105,31.831708654355232,33.47247929533939,35.32291618519679,39.928455664967316,28.057641513603095
pig_16,A1,2,A1_p2,2026-06-13 21:00:00,3,4,37.89138030791945,32.70892156328492,37.982286135154595,38.4770908509286,36.80087927973418,32.98051157194784,40.43084283841868,41.41900685263576,31.89465507463552
pig_16,A1,2,A1_p2,2026-06-13 21:30:00,3,4,33.53746901492359,32.72895031862034,34.933347388361916,35.96538378467322,32.33386434465382,36.020306109528086,34.377918264945784,37.233932806330486,29.34691392592987
pig_16,A1,2,A1_p2,2026-06-13 22:00:00,3,4,30.339417858013704,32.74897722377979,33.10033920144633,33.72400579691051,34.040455439361445,36.116962365268634,34.02749747997843,38.68387827155143,29.901408265287877
pig_16,A1,2,A1_p2,2026-06-13 22:30:00,3,4,27.654801833167916,32.770179179167194,32.68681162135397,32.149717935416064,31.84882742048989,32.21956072638166,32.005700701886134,32.21794719656317,27.217492860475872
pig_16,A1,2,A1_p2,2026-06-13 23:00:00,3,4,27.18026277286258,32.79137273400477,32.0452898045971,32.874142783351324,32.04976423733535,32.375784940681285,31.5768781062067,33.66572997969608,27.29604535095173
pig_16,A1,2,A1_p2,2026-06-13 23:30:00,3,4,27.294749942712023,32.811388523490805,30.631434891346064,29.521496521883662,33.28219661628508,36.61840302558289,31.240773558173135,33.60565619302181,28.705364089953232
pig_16,A1,2,A1_p2,2026-06-14 00:00:00,3,4,25.961432851459346,32.83139864896407,30.315583864599997,29.958488616352426,31.411222050727453,32.25431851962763,29.546378327655752,29.49355815384923,26.401506484227916
pig_16,A1,2,A1_p2,2026-06-14 00:30:00,3,4,26.101963020463963,32.852581579453926,29.697648720835975,31.10539993790356,31.82795283277801,35.070426638591364,29.300197791387095,30.96839343605572,26.08846463699376
pig_16,A1,2,A1_p2,2026-06-14 01:00:00,3,4,24.822581804388342,32.87375868280796,31.455886240042368,31.00181035690417,31.37615401743578,33.53012123972761,30.499539428992897,31.336812244441052,25.81356462065647
pig_16,A1,2,A1_p2,2026-06-14 01:30:00,3,4,26.239268283491953,32.89493251475584,30.619843650668216,33.32793195003414,31.370699616419373,32.53961103425878,29.744306626264134,29.792074005579764,25.34629036091699
pig_16,A1,2,A1_p2,2026-06-14 02:00:00,3,4,23.58631960489229,32.914925852033754,33.042927444209084,34.02368423288371,30.924086454377907,28.743554376269216,31.534969567106288,29.983330826693013,24.670222214011375
pig_16,A1,2,A1_p2,2026-06-14 02:30:00,3,4,25.15698720838259,32.93491641647712,31.27092526749403,30.95980202189374,31.818927844817402,32.69884329704733,30.6296831042323,30.640300344437975,26.158700324382018
pig_16,A1,2,A1_p2,2026-06-14 03:00:00,3,4,25.497054250429372,32.95607586561546,29.949788352229817,29.889223976710426,31.863520243910443,32.60639204528714,29.48392439510757,28.89129340840715,24.45736694754526
pig_16,A1,2,A1_p2,2026-06-14 03:30:00,3,4,23.816143419906776,32.977228239348115,30.535710824437892,29.405371939590825,31.890135246548397,32.62731997959059,30.007546454154195,29.596725046945323,23.39826680266235
pig_16,A1,2,A1_p2,2026-06-14 04:00:00,3,4,23.21061415247193,32.99720589343198,31.840457375931237,30.525211677763384,32.167864588565465,33.507029643182754,31.354535367728346,31.121478348217394,24.245404827109883
pig_16,A1,2,A1_p2,2026-06-14 04:30:00,3,4,24.01936957503937,33.01717887988936,29.815434042212345,31.261243546308002,34.3505711805372,36.412746537513826,31.191741638662315,31.866956889478537,26.71390031466337
pig_16,A1,2,A1_p2,2026-06-14 05:00:00,3,4,25.556332197234823,33.038323295297275,29.877401655186645,31.281263449344415,32.29048157895765,32.619605726356895,29.688214466814564,29.953369833113776,26.439418279577268
pig_16,A1,2,A1_p2,2026-06-14 05:30:00,3,4,23.7494214532409,33.05946192798951,28.81601776717895,29.041535022724005,32.53004167805354,35.105102499294006,28.917888495873278,29.014940585622256,25.834239274615832
pig_16,A1,2,A1_p2,2026-06-14 06:00:00,3,4,24.958720231467947,33.08058969309914,27.134926229455182,26.807877454802703,31.874572874101244,34.28342307349948,26.929544487523863,26.119325968729214,23.6164788770447
pig_16,A1,2,A1_p2,2026-06-14 06:30:00,3,4,26.252725797571806,33.10055034399913,28.888393820672725,31.957798313588654,31.231466069003048,29.58935003403788,27.981986320215906,26.816872894602653,22.971343152782676
pig_16,A1,2,A1_p2,2026-06-14 07:00:00,3,4,27.88888982925623,33.120503803134454,32.654981453686126,31.814058307541572,33.762006634240414,36.24479085745135,33.1907664522905,34.45723538465702,25.729522269196636
pig_16,A1,2,A1_p2,2026-06-14 15:00:00,4,4,40.60855904546047,32.69916241511084,34.39538419086135,35.320627074603436,41.052354420204324,40.28046788728427,40.45993969801072,36.73972244846338,30.974034002130356
pig_16,A1,2,A1_p2,2026-06-14 15:30:00,4,4,23.183651749121385,32.66644538439573,29.97209229037712,27.57522507789002,32.53255887871109,33.11960582014796,30.188451850502833,28.787803961646745,23.52816597324925
pig_16,A1,2,A1_p2,2026-06-14 16:00:00,4,4,21.385677648213,32.623646713083616,29.35682286926392,28.332982718215625,30.356556191427504,26.08014816971602,28.040817342066795,24.68723502531124,22.193746928985142
pig_16,A1,2,A1_p2,2026-06-14 16:30:00,4,4,28.544090416237612,32.578315324331655,31.85007633946619,32.15789803290085,39.98912018614168,42.95618264683491,37.492975613460274,40.58032200481543,30.28722490750285
pig_16,A1,2,A1_p2,2026-06-14 17:00:00,4,4,34.31073766064286,32.53296016817349,29.777856117883438,27.91026460873983,40.00367270527752,42.89637954306757,35.70396642529085,39.22861246062149,28.49922985654287
pig_16,A1,2,A1_p2,2026-06-14 17:30:00,4,4,34.408276224545844,32.487586658541346,32.53255357052753,34.783756449212504,45.15953364540627,45.59662937054856,42.0298264452763,43.421438256235774,30.895301312871283
pig_16,A1,2,A1_p2,2026-06-14 18:00:00,4,4,7.830140721066641,32.444711912817816,27.67306889525478,27.59274853301462,30.349892430323173,30.304993834956854,26.663160561752413,25.64907896861093,20.065929371290203
pig_16,A1,2,A1_p2,2026-06-14 18:30:00,4,4,17.546938401708417,32.40181827285205,33.66144388008475,33.99911306258599,40.16291673944661,42.010625688137765,39.333322795570645,42.3344490319141,29.092382756003477
pig_16,A1,2,A1_p2,2026-06-14 19:00:00,4,4,29.704386202281047,32.356380837172246,25.644190518712332,25.282929995884245,30.99807900471405,31.64157554586712,25.41472801707205,23.453671272762428,20.87018472170694
pig_16,A1,2,A1_p2,2026-06-14 19:30:00,4,4,26.677363932420462,32.310922122552256,32.37010722607616,34.68989746311287,42.19736924280225,37.17844901694717,39.77689158219887,36.92367497883411,29.809327372512364
pig_16,A1,2,A1_p2,2026-06-14 20:00:00,4,4,24.79051845537934,32.267981636346626,28.29911546785135,28.308524173411588,41.11642659236742,38.93027082201821,35.401067833425074,33.32492642815072,29.6874342139039
pig_16,A1,2,A1_p2,2026-06-14 20:30:00,4,4,9.499108743341878,32.22499742752619,26.176726798911194,27.49358059991092,29.75180314838485,24.264124216738647,25.033164982146182,23.324013960392836,18.566076667582106
pig_16,A1,2,A1_p2,2026-06-14 21:00:00,4,4,11.587483979218828,32.17948244328643,26.07605567802517,26.446007165766105,29.676792207455748,24.04211338567789,24.91685954508383,25.744488510295447,18.350776681090803
pig_16,A1,2,A1_p2,2026-06-14 21:30:00,4,4,21.309245317356876,32.133937760027166,27.801357372655602,28.267629744272362,37.97352617904345,36.207391718520185,32.689759754205504,28.606380845284463,27.812007421481564
pig_16,A1,2,A1_p2,2026-06-14 22:00:00,4,4,21.711815190605694,32.088382527606285,25.78526093740301,24.890656058103062,30.036197658241086,29.62623871770913,24.98737100178107,23.33543220479133,18.364240340701205
pig_16,A1,2,A1_p2,2026-06-14 22:30:00,4,4,11.752746244648488,32.04532575310426,26.501812933446157,25.59534079455636,30.991064503438366,31.705305540178884,26.362952547701518,26.71774925992588,20.36148619231776
pig_16,A1,2,A1_p2,2026-06-14 23:00:00,4,4,12.746727596664407,32.002248312421365,25.618996731175937,22.983557942260425,29.71299920969369,27.624844445555652,24.652755251025344,22.035186873762868,18.425161051941163
pig_16,A1,2,A1_p2,2026-06-14 23:30:00,4,4,15.158532827712913,31.956630619585514,25.165091928810057,24.898554567153028,29.822106513743982,27.061379395529052,24.362877065254843,22.830670670098044,17.94709933150356
pig_16,A1,2,A1_p2,2026-06-15 00:00:00,4,4,21.708574203933637,31.91097746174467,26.723996983144083,27.08555091642956,33.858938636685586,36.67774496349554,28.794556062695413,27.855715539903763,25.16942088395184
pig_16,A1,2,A1_p2,2026-06-15 00:30:00,4,4,16.000633413559875,31.86784613141149,24.76822696208582,23.706621784753835,29.29338179053284,22.837919927858906,23.672324811655685,23.519392875915983,18.040794663556607
pig_16,A1,2,A1_p2,2026-06-15 01:00:00,4,4,15.342354618156122,31.824700149975246,25.089941635059752,24.86748039222764,32.64063017176278,30.994838131582824,26.493565879653055,26.237459063385906,21.32321575979628
pig_16,A1,2,A1_p2,2026-06-15 01:30:00,4,4,16.736984068346292,31.778989440192987,24.628906180588757,22.039212116639213,29.759459047690726,29.08180503973574,23.955075918011723,21.424074825295534,17.424104834399685
pig_16,A1,2,A1_p2,2026-06-15 02:00:00,4,4,14.045257362664108,31.733262312834036,25.79626654608255,27.074044212359595,30.545194793068532,30.588207884085456,25.603325782903454,25.000171250872935,19.31857204829046
pig_16,A1,2,A1_p2,2026-06-15 02:30:00,4,4,13.336983174942544,31.68750218634662,24.140265768557796,22.015657977225587,29.935427633076433,28.245588975374325,23.713688837325805,17.937347196012126,18.053163686446833
pig_16,A1,2,A1_p2,2026-06-15 03:00:00,4,4,13.341566423402888,31.644273398881133,25.56745512786371,26.00615726300677,28.95111274794351,22.4919283320052,24.26229903175028,25.901706124888534,18.07146502312979
pig_16,A1,2,A1_p2,2026-06-15 03:30:00,4,4,12.446822039848072,31.601027676343346,24.560969252755655,23.508134438812434,29.09918159080084,22.520705242092,23.512520550759668,22.675716657023692,17.80876311738719
pig_16,A1,2,A1_p2,2026-06-15 04:00:00,4,4,13.840951251060432,31.5552065092864,23.958434140409473,21.923742358225542,29.631165477346222,27.937635607319645,23.408725018425507,17.699638288747323,18.16081729862773
pig_16,A1,2,A1_p2,2026-06-15 04:30:00,4,4,14.953409376410825,31.509368675214976,25.035055991450243,23.298921610494745,29.97436913845747,31.22724785693984,24.645123836189708,21.66631440364858,18.226546005009507
pig_16,A1,2,A1_p2,2026-06-15 05:00:00,4,4,16.876447671570283,31.466053669380727,24.89956262561816,24.587237867336718,29.7202362717472,28.048194313193605,24.36237726132793,20.01823070619906,17.795655568041006
pig_16,A1,2,A1_p2,2026-06-15 05:30:00,4,4,12.193373952418408,31.42272016106177,25.175769315715435,24.374308030830942,29.479549919263093,27.429824182243188,24.453024627098188,20.88633567299431,18.105699036904134
pig_16,B2,4,B2_p4,2026-06-22 09:30:00,2,4,32.088862806318474,33.65319067880711,38.816466167917255,40.45924050150626,32.69357218323249,33.08773549220131,37.48984169782946,36.799819313851444,35.420897461859006
pig_16,B2,4,B2_p4,2026-06-22 10:00:00,2,4,32.1363705940941,33.66797626216713,37.99297362684006,38.63230280210891,31.813086716194682,29.597958580585296,36.09354639046314,37.25939358262537,35.87492550731724
pig_16,B2,4,B2_p4,2026-06-22 10:30:00,2,4,37.77628557656129,33.68275147206849,38.21666392122738,36.92451994944,33.23113181406392,33.51785340601005,37.34497302343712,35.80540438162776,37.038988928597874
pig_16,B2,4,B2_p4,2026-06-22 11:00:00,2,4,35.72136197982704,33.69752862594903,35.584691083410654,37.02482641121488,32.16676591396329,32.36741492366014,34.21492540743601,34.06330017763504,38.456534146061195
pig_16,B2,4,B2_p4,2026-06-22 11:30:00,2,4,29.539988781444002,33.712302252274284,36.51777494614536,37.924678023383706,31.63228371385909,29.428468280872035,34.62816765263685,39.20123897853333,38.02212347516088
pig_16,B2,4,B2_p4,2026-06-22 12:00:00,2,4,30.879172482372176,33.727073720849454,32.96917764938871,33.812205611448675,33.647687164884196,33.68122477067337,32.998748002300175,33.01233300536249,36.17725479691321
pig_16,B2,4,B2_p4,2026-06-22 12:30:00,2,4,29.850146117850834,33.741841665820225,32.89774758902174,31.82378585035623,31.915346168908414,29.23898058578055,31.62731318138027,30.420347006867644,34.47997476370609
pig_16,B2,4,B2_p4,2026-06-22 13:00:00,2,4,34.372584043045116,33.75661155827653,33.50862873125772,35.24279978503505,33.96692808230625,36.6676924405809,33.69549679266708,35.70787464501314,36.763547844894916
pig_16,B2,4,B2_p4,2026-06-22 13:30:00,2,4,29.1815241937165,33.77137519581244,30.46678599311412,28.20909954023667,31.9516964670799,28.789471791214872,29.49072970657219,25.923370813822384,30.64081462370342
pig_16,B2,4,B2_p4,2026-06-22 14:00:00,2,4,36.373031729531625,33.786136682283576,31.64075878948103,30.25270019189051,33.58835629696337,35.69232834074816,31.74466513776205,31.931617745141434,34.727461479606774
pig_16,B2,4,B2_p4,2026-06-22 14:30:00,2,4,36.53423159352491,33.80089875252075,33.30568589852113,32.46761492976554,37.99040392167634,34.081555709285595,36.50557096698974,33.214534679048626,39.32191562372705
pig_16,B2,4,B2_p4,2026-06-22 15:30:00,2,4,62.66666482715514,33.83410384891001,41.54390908462125,39.123944200476785,43.372051420146754,44.7711333677274,47.78991778008072,47.109409318086485,53.2812795582732
pig_16,B2,4,B2_p4,2026-06-22 16:00:00,2,4,42.04782589492418,33.845169345029916,36.1995106871704,42.15828849926707,32.943095576393475,36.85282518883115,35.246268676416946,39.1791269429191,34.81044360228366
pig_16,B2,4,B2_p4,2026-06-22 16:30:00,2,4,39.12698143104604,33.859920098437954,34.807240220981726,37.83443836843469,34.74968973202778,32.976987611939165,35.36309809058539,36.6635137544078,37.79064035677356
pig_16,B2,4,B2_p4,2026-06-22 17:00:00,2,4,41.8486320792568,33.87467144142726,35.297308003756726,34.981844794669314,36.499390069504464,35.572354477933445,37.09830559597754,38.17343812668953,41.530024531035416
pig_16,B2,4,B2_p4,2026-06-22 17:30:00,2,4,35.01713363288874,33.88941927803883,35.697064729801475,36.28592711479503,32.07152082809429,29.50715139660571,34.121327351005036,34.46977607829386,34.74904076619366
pig_16,B2,4,B2_p4,2026-06-22 18:00:00,2,4,32.66449256550936,33.904163610419324,35.494769019495365,35.85731485864198,32.32872646127989,33.53794070956173,34.126366965470076,34.65384072049802,35.67220311731381
pig_16,B2,4,B2_p4,2026-06-22 18:30:00,2,4,32.92172317339013,33.918908535849226,35.554099547372196,36.78461031289163,32.42906050872974,32.94083616487948,34.2446381995846,33.98792446000307,37.03366836787463
pig_16,B2,4,B2_p4,2026-06-22 19:00:00,2,4,43.34145921993128,33.93364859529869,35.50479775138991,35.88849841469634,33.581265859745706,38.035837244795836,35.05583866090595,38.75711664762363,35.96299138409626
pig_16,B2,4,B2_p4,2026-06-22 19:30:00,2,4,43.01805874428952,33.94838788545066,36.08423143364171,38.105173893163496,32.24221370309888,32.02693483388356,34.553690536948366,36.51324589905886,35.12191160315865
pig_16,B2,4,B2_p4,2026-06-22 20:00:00,2,4,36.40969111730312,33.96312640725667,37.716817328072416,34.81907631189978,33.705823570479616,36.74121734978409,37.08256873452407,36.57892472927617,38.14884953837438
pig_16,B2,4,B2_p4,2026-06-22 20:30:00,2,4,48.10918326796407,33.97786279741146,34.469874782691114,35.052628589369974,35.46950255654286,37.88691331376488,35.53059667672036,40.231959604327486,38.75433569975284
pig_16,B2,4,B2_p4,2026-06-22 21:00:00,2,4,34.26858973977939,33.992592965280195,33.481492078859205,32.65174772249709,32.37513487198823,32.43818036274863,32.32866451583853,31.684902336534456,37.23876773345058
pig_16,B2,4,B2_p4,2026-06-22 21:30:00,2,4,30.270347281322664,34.00732646120497,33.58766973230637,33.756507059391495,33.83586631455963,35.925997501833976,33.50843021143248,35.38357287832591,33.17860333059368
pig_16,B2,4,B2_p4,2026-06-22 22:00:00,2,4,30.871781089805186,34.022057829700245,36.36277061884704,37.38636146523064,32.01984494618175,29.495474393341336,34.586148121355095,37.04243607699173,32.10570484747813
pig_16,B2,4,B2_p4,2026-06-22 22:30:00,2,4,31.457609164267197,34.03678298189732,33.919876348498846,34.29100631561148,31.95190981138787,30.824908701107034,32.37019599232588,30.078697269255198,32.947711547156466
pig_16,B2,4,B2_p4,2026-06-22 23:00:00,2,4,32.01713859767777,34.051508737455194,34.04646136378014,33.40678716460901,32.19460802092401,29.93512699930731,32.65458449455963,31.254435309664203,32.71694138066012
pig_16,B2,4,B2_p4,2026-06-22 23:30:00,2,4,30.204595623198745,34.0662296444253,34.38619621710915,34.17171410576962,32.28801781129616,30.251102843608237,33.01511728611698,31.836196318314535,32.6348715482833
pig_16,B2,4,B2_p4,2026-06-23 00:00:00,2,4,35.491249339558784,34.08095115702872,34.78560144764635,32.44679757924753,34.025611491331794,34.034621142023994,34.661261123292576,33.96269049969747,35.368707118893965
pig_16,B2,4,B2_p4,2026-06-23 00:30:00,2,4,34.05537489759355,34.09566918756681,35.0623193850058,38.09785997005483,33.40745556159531,35.69811098696256,34.43259172743792,37.58720731441581,33.16088382071823
pig_16,B2,4,B2_p4,2026-06-23 01:00:00,2,4,32.93838922188545,34.110381013179065,34.44564481681604,34.21600218713876,32.1999109852295,29.192447578430404,32.97358845294241,30.97731155019303,30.997960239160953
pig_16,B2,4,B2_p4,2026-06-23 01:30:00,2,4,32.718603919142744,34.12509889776709,34.78825853186751,32.48882847212721,33.119880071853174,32.48179708512515,33.95649166347037,32.05504627409157,30.888943935668394
pig_16,B2,4,B2_p4,2026-06-23 02:00:00,2,4,28.064863263315075,34.13980921837692,32.68790560729549,32.1957674880214,32.66530680572979,33.53973105143949,31.752883781128745,32.09995635108779,29.523064255144874
pig_16,B2,4,B2_p4,2026-06-23 02:30:00,2,4,27.898420875603918,34.154520150271715,32.89514189774471,31.580561389820723,32.63457855855727,33.374530185298596,31.90341160842663,31.212211307360533,28.59287122366833
pig_16,B2,4,B2_p4,2026-06-23 03:00:00,2,4,30.62270897920633,34.16922897038687,31.31109049776176,29.31403158858811,34.79409657916543,37.392443217449944,32.11568707216968,32.43710026153706,29.516272637480057
pig_16,B2,4,B2_p4,2026-06-23 03:30:00,2,4,27.193445028433878,34.18393295721987,30.914475326583265,32.365946752562046,32.23645208603394,28.694492267934542,29.838451344111363,27.410070046131274,29.60284404254778
pig_16,B2,4,B2_p4,2026-06-23 04:00:00,2,4,26.843257345054184,34.19863619739519,31.350025500886012,28.868616692238046,32.703636308331866,33.21249770906011,30.56383567388996,30.04181114212895,29.901831845169596
pig_16,B2,4,B2_p4,2026-06-23 04:30:00,2,4,25.99472467763143,34.21333869183793,29.750666248581503,29.916290879693456,32.40597166091685,30.04765174377346,28.91999157818467,27.725962230683336,27.53354200923266
pig_16,B2,4,B2_p4,2026-06-23 05:00:00,2,4,24.574269433260845,34.22803363685368,30.059713171297865,30.028067095643763,32.475183578464986,30.869109275119683,29.235314929921316,27.60665321179885,28.391874067809553
pig_16,B2,4,B2_p4,2026-06-23 05:30:00,2,4,26.877105484402676,34.24273600430482,28.756671188757547,29.064711999948408,32.209610410335586,33.10831312041189,27.87701692435286,24.935390769716527,24.79883724765463
pig_16,B2,4,B2_p4,2026-06-23 06:00:00,2,4,27.738521694127748,34.257428104661656,28.39185120205982,25.882665269567283,34.27798728081552,36.026041949608796,29.09685054287121,26.763779701344426,27.80181422181441
pig_16,B2,4,B2_p4,2026-06-23 06:30:00,2,4,24.230812802111195,34.27211810496818,28.102473147829365,27.773469300221475,32.10338788297174,31.3633339066124,27.201494999509276,25.423605271281758,24.42054039962033
pig_16,B2,4,B2_p4,2026-06-23 07:00:00,2,4,24.758198918375676,34.286810087161335,26.630118806271085,25.5060990187483,34.10518473118136,36.221249410547415,27.394073142779327,25.02885864798711,25.71867832603087
pig_16,B2,4,B2_p4,2026-06-23 07:30:00,2,4,28.32570335695913,34.30149997113729,31.847644438708137,31.517496997385138,37.54834444137862,38.637022401518095,34.57090457755012,34.02445792719611,30.513087203429215
pig_16,B2,4,B2_p4,2026-06-23 08:00:00,2,4,28.300150477685847,34.31619047790817,41.125260253449014,41.09651574089527,38.58349961821921,34.60112602526767,43.524767087801735,45.58706608008137,30.25427474029443
pig_16,B2,4,B2_p4,2026-06-23 09:30:00,3,4,41.82420155848706,34.36267824691502,37.8197015670635,39.94624935425303,34.619207889880116,36.62321200879374,37.6056480380869,39.56362528820454,37.979571768553
pig_16,B2,4,B2_p4,2026-06-23 10:00:00,3,4,44.8015319514767,34.37491253417111,40.12086827212651,40.75783530978437,40.06409964765572,44.109573610948765,43.711610619396865,49.121926893809984,44.475220254521176
pig_16,B2,4,B2_p4,2026-06-23 10:30:00,3,4,37.06478985613416,34.38959121978512,39.74160839629657,40.614681642321514,34.43197321056254,33.23695493874884,39.14418424385523,37.30383434114146,38.68116433331479
pig_16,B2,4,B2_p4,2026-06-23 11:00:00,3,4,32.5500941792564,34.40426102425643,38.06354956459074,39.32405602516268,33.05839124314845,33.55946116532213,36.62409444851121,38.05817749370097,36.437841129583006
pig_16,B2,4,B2_p4,2026-06-23 11:30:00,3,4,34.86453042029049,34.418934177592334,36.9122679297548,37.358966307605975,32.90607758911975,33.42644326292303,35.48466578480328,36.91144129195572,38.33705179147717
pig_16,B2,4,B2_p4,2026-06-23 12:00:00,3,4,36.11882058492842,34.433598455067504,37.752127638036356,42.521167927066,33.850827757384906,36.564267313778046,36.92497359819095,39.945471797095486,36.43802917340873
pig_16,B2,4,B2_p4,2026-06-23 12:30:00,3,4,34.980553973442134,34.44826744122708,37.137964763456104,38.896300298005144,33.57095125149858,34.98051083589583,36.16386232099627,37.45364729839076,37.51627678134896
pig_16,B2,4,B2_p4,2026-06-23 13:00:00,3,4,32.61146354168437,34.462931629884935,37.61456652488152,40.14840113621969,33.191256921137466,34.30698700812715,36.290431438105905,40.174420853751144,34.47245846378786
pig_16,B2,4,B2_p4,2026-06-23 13:30:00,3,4,33.67246136446632,34.47759509656909,35.223791011811116,37.17238380852205,34.57232066201122,34.3523402442692,35.20709874055884,37.4767353362769,37.81329112401795
pig_16,B2,4,B2_p4,2026-06-23 14:00:00,3,4,35.63884405142302,34.49226191449528,36.065217087319674,36.47929233313141,36.6263870990072,39.64461405892584,37.48065173437959,40.39683135520387,40.28749749875831
pig_16,B2,4,B2_p4,2026-06-23 15:00:00,3,4,47.6977694890177,34.52401841635712,42.830590016182896,37.4387219904823,43.9164063862722,41.65210585403375,48.897286703656334,41.67785153188941,54.79492113373905
pig_16,B2,4,B2_p4,2026-06-23 15:30:00,3,4,45.41094357268329,34.53623226344091,40.07485227139071,40.54942824638274,37.72928021938638,38.90142357475325,41.81814146720008,46.491650277611456,45.01246558508683
pig_16,B2,4,B2_p4,2026-06-23 16:00:00,3,4,34.574639633686104,34.55088535166947,39.533047638876894,41.138605134066054,34.36789647100269,36.50022362817192,38.810101965089274,42.813841761092476,39.54615401115386
pig_16,B2,4,B2_p4,2026-06-23 16:30:00,3,4,31.49424938335636,34.56553772520414,34.808123160268764,34.72322682890294,32.98758539627377,35.25567860448493,33.5963139755491,35.04434218522532,38.15867880309252
pig_16,B2,4,B2_p4,2026-06-23 17:00:00,3,4,33.26188936153413,34.580188028644876,34.93448516868028,34.6872639377038,33.4557688755878,35.008488822204484,34.0496424241229,35.42774036344083,35.07523296991627
pig_16,B2,4,B2_p4,2026-06-23 17:30:00,3,4,35.76930033073574,34.59483083906605,36.78094314401128,38.83077009062187,33.42633194963381,35.5335229984309,35.6476894684733,37.56071794876468,38.71899434492708
pig_16,B2,4,B2_p4,2026-06-23 18:00:00,3,4,38.84963885156779,34.60947565156135,34.19666337579786,34.35421512733562,34.13994668386334,34.440040692930616,33.89310052707097,34.693124931745444,35.57168752717186
pig_16,B2,4,B2_p4,2026-06-24 06:00:00,3,4,37.803767029336484,34.959113785159424,29.86943095527323,31.401811233994792,47.34214241231466,42.53835804031537,39.753698317495164,36.47975895908139,36.70962319546338
pig_16,B2,4,B2_p4,2026-06-24 08:00:00,3,4,42.62745271370591,35.01869445002626,30.42366866891237,30.62049742733874,46.05231935208463,40.294137731885655,39.23787841986644,35.27356657416528,33.846125622715746
pig_16,B2,4,B2_p4,2026-06-24 14:30:00,4,4,28.812186764191374,35.020623013316445,38.06593714414012,40.60726432132163,37.16229852828806,40.25190017714102,39.31393690712929,44.59180096738323,28.07940691757988
pig_16,B2,4,B2_p4,2026-06-24 15:00:00,4,4,42.19974931714361,34.982832032575914,31.761775242696814,31.727372707386937,43.33674262787491,45.35704291826404,38.404965848504375,43.115446288673155,34.958486261754146
pig_16,B2,4,B2_p4,2026-06-24 15:30:00,4,4,23.760818722277328,34.926135032519284,31.152687602685518,30.99956794481771,33.82875221655619,37.2839636198801,30.77339437445459,32.01089608863777,24.238200315133227
pig_16,B1,6,B1_p6,2026-07-02 08:30:00,2,4,69.26489061178017,38.41773862609594,50.555522307463264,40.51464572202839,43.46750142818837,39.11218032424166,52.91531656075396,38.17773153280655,52.49836907301976
pig_16,B1,6,B1_p6,2026-07-02 09:00:00,2,4,54.30542987291542,38.43538592920439,44.28355713574098,46.20859097491708,38.65206833460262,41.74995193620232,43.758509042263256,42.29995874804179,52.13312541329595
pig_16,B1,6,B1_p6,2026-07-02 09:30:00,2,4,51.46725470820296,38.45656108881052,42.95631090569831,47.087205553430515,36.64544753456567,37.66555881488986,41.069166180324615,45.21547390106291,51.809994828967234
pig_16,B1,6,B1_p6,2026-07-02 10:00:00,2,4,62.171163664918936,38.477726482776866,42.50770839016655,44.029457040490925,43.73362714331148,44.04966625842576,45.97527099728019,48.23361602259094,58.98857861375294
pig_16,B1,6,B1_p6,2026-07-02 10:30:00,2,4,52.755071154892335,38.49889387539549,41.45225854945141,42.52459422305109,38.08184665811868,43.152968282699945,40.792309096173085,45.33086062857518,53.36159575689656
pig_16,B1,6,B1_p6,2026-07-02 11:00:00,2,4,50.385010849044406,38.52006130776619,38.2418144409258,40.21596794551586,36.569914575093264,36.293014012347264,36.812131865135754,36.050795710873835,49.526329922287616
pig_16,B1,6,B1_p6,2026-07-02 14:00:00,2,4,67.76765548344372,38.64871192065528,41.84175530036045,44.23939043512056,46.543160867040655,47.342165209755116,47.38633149658499,51.75378173565406,56.123495972377825
pig_16,B1,6,B1_p6,2026-07-02 14:30:00,2,4,70.08826932387436,38.66455294137873,42.19551273363669,45.04317850594474,50.01024528090514,51.16304732267324,50.2884130509407,48.21227424489906,60.86075980118991
pig_16,B1,6,B1_p6,2026-07-02 15:30:00,2,4,78.96532878739947,38.713853324962614,51.21552559902821,52.28308834219868,47.56926368757311,51.04620474797334,56.38635451987359,60.80323764390037,64.87157422121592
pig_16,B1,6,B1_p6,2026-07-02 16:00:00,2,4,55.703254277748236,38.73145651082173,44.14346482635885,46.01253429955976,36.590791897139766,34.52442526358646,41.90194423878033,42.592720826326634,52.75301791925102
pig_16,B1,6,B1_p6,2026-07-02 16:30:00,2,4,51.84984541245082,38.75257759644941,42.47592953500276,47.854564539210344,37.44752344373896,39.80408557792179,41.05955006185803,46.04224614157425,50.80917164245661
pig_16,B1,6,B1_p6,2026-07-02 17:00:00,2,4,50.20103556408799,38.77368898078033,40.17090823412775,42.017197114661315,37.1324883738108,37.68430362702291,38.77592615784074,39.481607643742045,48.430338642157295
pig_16,B1,6,B1_p6,2026-07-02 17:30:00,2,4,50.41158315386315,38.794804352602355,40.50438651077928,40.01482082184796,36.75420049755509,34.45011756563096,38.773173436818084,37.867088652799666,48.44467348499582
pig_16,B1,6,B1_p6,2026-07-02 18:00:00,2,4,54.84390093108926,38.815913939969576,39.22520118768006,38.93610557304086,38.24535714347205,41.217750017665665,38.74922911040797,40.397121376386025,49.742756025569875
pig_16,B1,6,B1_p6,2026-07-02 18:30:00,2,4,51.249134394239334,38.8370177474156,38.24782284885685,37.305083112605786,37.28217549183302,39.072541455473136,37.15113130709707,38.67717698481704,50.5840074060919
pig_16,B1,6,B1_p6,2026-07-02 19:00:00,2,4,53.12420380421338,38.858113825940755,39.327971664175365,40.01502846847643,37.211274423805506,37.766356472194985,38.03778567710206,38.699839705589255,50.5344986775726
pig_16,B1,6,B1_p6,2026-07-02 19:30:00,2,4,52.77381221632717,38.879209993812296,40.25248735576895,40.02007902689505,38.03441171873921,39.11943386048648,39.45753369823933,39.705771147023675,50.80823131061608
pig_16,B1,6,B1_p6,2026-07-02 20:00:00,2,4,52.20034213188363,38.9003042995433,39.155870698824074,39.07776874888508,38.26665186356893,41.30736225119932,38.65065594547329,40.508241256442666,50.85753702280029
pig_16,B1,6,B1_p6,2026-07-02 20:30:00,2,4,52.21343738853888,38.92139284058972,40.38327438610838,41.37213581081461,38.2587381290747,40.94732833118489,39.71449157993982,41.57132273845824,51.83293395593081
pig_16,B1,6,B1_p6,2026-07-02 21:00:00,2,4,50.01942186634969,38.942477573565064,38.71147856082819,40.0112340410538,39.44061176090579,44.35188443671286,39.112181362312164,42.944289315384864,49.11268277479195
pig_16,B1,6,B1_p6,2026-07-02 21:30:00,2,4,52.4792274727949,38.96356240542855,39.39178327504527,40.12361654686504,37.393283782874214,36.83806796560819,38.16390442855652,38.2909411328619,50.031800416031516
pig_16,B1,6,B1_p6,2026-07-02 22:00:00,2,4,50.004549527538906,38.984633677629915,40.12524431148049,44.315652102373384,37.41343259732788,36.85798978254573,38.8129221453451,40.02330512700729,47.15031848443124
pig_16,B1,6,B1_p6,2026-07-02 22:30:00,2,4,50.495581280467476,39.00571090945263,39.526816600605336,40.47028468083658,37.34477550555452,37.909806668854934,38.22003525439055,38.8912373765173,45.0501560420966
pig_16,B1,6,B1_p6,2026-07-02 23:00:00,2,4,52.02836713532854,39.0267784933869,39.45122983122199,40.1887147544273,37.05110312031069,36.77043521298076,37.919791400034256,36.65389368020545,48.34896254870793
pig_16,B1,6,B1_p6,2026-07-02 23:30:00,2,4,46.55522224242828,39.04785008850084,39.9666171059632,41.44458561612419,36.58318709240191,35.73373425331026,38.010378155250464,38.90042716250615,46.859712326416684
pig_16,B1,6,B1_p6,2026-07-03 00:00:00,2,4,54.51450667290919,39.06890619393633,40.13901651873983,40.59958251453332,37.087524207778934,36.81012728964004,38.5273923350013,39.51030908621544,45.16733314826096
pig_16,B1,6,B1_p6,2026-07-03 00:30:00,2,4,46.99650231607153,39.0899682656148,39.672893378150576,40.32643687316441,36.543889981515534,36.51199771726472,37.69508496814005,36.05264464703412,44.49443525485625
pig_16,B1,6,B1_p6,2026-07-03 01:00:00,2,4,49.374241581143025,39.11102655515295,40.475185885769974,38.67489093399795,37.1493443537743,36.89737206357905,38.843764707887885,38.52646103888343,46.65052831248656
pig_16,B1,6,B1_p6,2026-07-03 01:30:00,2,4,51.089413034448796,39.1320713211638,40.72059192195442,41.385729069312106,39.88646243478115,42.82343497203155,41.099548605157295,44.378145072064825,44.23675985939131
pig_16,B1,6,B1_p6,2026-07-03 02:00:00,2,4,48.34888353340659,39.15311426391523,39.16817231520071,38.411800344326934,36.791430986654724,36.015070811796114,37.39540064885073,34.96768485550574,44.61423836956191
pig_16,B1,6,B1_p6,2026-07-03 02:30:00,2,4,49.10766428212008,39.17416123051207,38.00727582384167,34.399700096863064,37.63799642227164,38.21223602426877,36.99250606223153,34.938098338034614,45.49683728720199
pig_16,B1,6,B1_p6,2026-07-03 03:00:00,2,4,45.58379287133887,39.19519858477883,36.451081443356586,39.539987079303735,38.50428179202528,41.235386205994125,36.255580340595245,37.167795703984964,44.07537210887854
pig_16,B1,6,B1_p6,2026-07-03 03:30:00,2,4,43.658821646519336,39.216238018587575,37.160189690003946,37.88329829065274,38.00827417174669,41.86368718531842,36.49606815184103,39.09871640951374,43.47059941817085
pig_16,B1,6,B1_p6,2026-07-03 04:00:00,2,4,45.285875673604416,39.23726590167941,36.0536605433162,35.6554363797067,37.99695412823665,41.88613463985264,35.497842048535645,37.746488998312714,42.88940012607216
pig_16,B1,6,B1_p6,2026-07-03 04:30:00,2,4,43.8299009905062,39.258301710238776,35.118628311276964,31.134134765713053,37.595154607294525,38.15530067988226,34.35812949866554,33.23444016465591,42.187044070547955
pig_16,B1,6,B1_p6,2026-07-03 05:00:00,2,4,42.17000938587053,39.27932208315174,34.79489375942338,34.778096948841934,38.06758242006062,41.93102999224551,34.41343148332071,36.11277090162034,40.13606761975441
pig_16,B1,6,B1_p6,2026-07-03 07:30:00,2,4,37.82409220276787,39.38439208891772,33.81883622937626,32.37934638058242,36.72537325521666,33.17866952322595,32.47917653275173,29.24002551291555,35.419533845832675
pig_16,B1,6,B1_p6,2026-07-03 09:30:00,3,4,62.129012237288904,39.470126607251885,47.667764763463566,44.972409091055724,41.304787508285536,44.42910308576205,48.079808324048464,47.2752281888487,55.229153936196866
pig_16,B1,6,B1_p6,2026-07-03 10:00:00,3,4,59.36702497558143,39.489359026682884,45.66020171727287,46.637592604047306,42.98874135361159,44.162637275894895,47.558881032176856,50.95584578301101,55.40862278552983
pig_16,B1,6,B1_p6,2026-07-03 10:30:00,3,4,54.30334104079831,39.51034222175784,45.34781835340068,48.239948243753986,37.78283719619228,38.37103745746043,43.366101972121854,44.23829340745331,53.451312745046366
pig_16,B1,6,B1_p6,2026-07-03 11:00:00,3,4,51.31917933896882,39.53132558764273,43.65375666368925,45.81267543929219,37.28863487315459,33.33949225831531,41.48733597835822,43.346097462258044,52.47253297010863
pig_16,B1,6,B1_p6,2026-07-03 11:30:00,3,4,51.97526964419666,39.55230329947362,40.32125831927617,37.655802886427146,38.421249888202844,38.88772872001251,39.38269166601922,37.18984930495683,48.716485482788954
pig_16,B1,6,B1_p6,2026-07-03 12:00:00,3,4,54.71778551341226,39.573275361561016,41.4559440093023,41.853012831472775,37.77622398161053,38.011233338030245,39.887019581573114,39.58729507240625,51.64660060121406
pig_16,B1,6,B1_p6,2026-07-03 12:30:00,3,4,52.800201445894956,39.594243719551535,40.21888501846304,42.10421869860925,38.713989921153285,38.88803982296189,39.485356485745505,41.37520991878557,51.8673057655436
pig_16,B1,6,B1_p6,2026-07-03 13:00:00,3,4,62.70542640758444,39.61520255371164,40.69235476341113,41.16728215849032,43.14872549635844,44.303373468496424,43.215471738334436,44.352257457995954,55.603724410578835
pig_16,B1,6,B1_p6,2026-07-03 13:30:00,3,4,61.08822317385305,39.63616739565336,41.7945936240434,43.549847044267935,44.560614990118445,39.96527598535488,45.23363113914516,43.329523121087206,54.91947421603902
pig_16,B1,6,B1_p6,2026-07-03 14:00:00,3,4,63.87288155795913,39.65712272097049,43.83192903125598,45.379021600302075,46.76559205607513,44.684252129652215,48.671687171455375,51.8989315198674,61.35208689748882
pig_16,B1,6,B1_p6,2026-07-03 14:30:00,3,4,70.66553018297517,39.678074355917715,44.033045956706104,43.51815569857434,50.37959729611149,47.870306788328165,51.546016094612455,44.32535734271937,64.311433848842
pig_16,B1,6,B1_p6,2026-07-03 15:00:00,3,4,77.44474758201338,39.70077300433757,52.47948998405697,53.61592411936334,50.237500092394946,47.89769196972059,58.87855002519564,68.23705259985498,57.33467118414726
pig_16,B1,6,B1_p6,2026-07-03 15:30:00,3,4,82.61684528295349,39.71997626414973,55.00761230149132,42.15620043306633,53.18242817469887,52.729654434458126,63.3056833028546,56.92985380827426,66.28390332061885
pig_16,B1,6,B1_p6,2026-07-03 16:00:00,3,4,75.25144151903683,39.74057403854484,47.76957021908828,46.16672299559144,42.34951827807764,41.68145324268184,48.78206695751054,44.40027848323269,56.8659638838863
pig_16,B1,6,B1_p6,2026-07-03 16:30:00,3,4,50.74313728063288,39.76185762715591,42.924998630722925,44.89599244174039,37.379588129575296,37.03235885498033,40.766687519615914,44.31864002566222,50.60933475643958
pig_16,B1,6,B1_p6,2026-07-03 17:00:00,3,4,63.092330439021836,39.78279473302122,42.114958936812044,42.87087156150494,44.371847003147636,47.53416778198253,45.28206165887035,47.95533148202034,59.3198993092425
pig_16,B1,6,B1_p6,2026-07-03 17:30:00,3,4,49.83981181543612,39.80372622863426,42.571748926438374,49.580398212397355,37.15420539126396,32.74429453263086,40.25948064750689,44.572058412397595,50.25019697130064
pig_16,B1,6,B1_p6,2026-07-03 18:00:00,3,4,51.57701780753886,39.824650180639814,41.66997760199882,42.11886885254484,37.35354584698538,38.966018375234185,39.59997796826491,42.891935676380555,51.90522583772774
pig_16,B1,6,B1_p6,2026-07-03 18:30:00,3,4,64.70712997341496,39.845224862366265,41.35626318076227,41.80945321314866,41.622191940846534,44.42929766739028,42.511147940976244,44.95252671321201,53.805533749748044
pig_16,B1,6,B1_p6,2026-07-03 19:00:00,3,4,57.8058656043513,39.86649484394988,41.57156097246077,41.169507357435194,39.940254217504055,38.53028912806322,41.42641750417866,44.07445767162212,53.64591023892633
pig_16,B1,6,B1_p6,2026-07-03 19:30:00,3,4,54.5196744552197,39.88741362237607,40.76154984028481,43.00503686951706,38.277696339394325,37.71152233730807,39.45167264862886,40.06554683721964,50.51844971426641
pig_16,B1,6,B1_p6,2026-07-03 20:00:00,3,4,61.838815666586164,39.907975574384054,41.79470082621379,42.20699445604121,39.29198493083239,42.37738581861043,41.11096447473281,42.42019192271761,52.17746579939948
pig_16,B1,6,B1_p6,2026-07-03 20:30:00,3,4,50.81003100223947,39.92924021357707,40.94427979063446,41.087789487822086,38.16120018515875,39.017372427452024,39.49911284251437,40.57570476903245,50.703063188488684
pig_16,B1,6,B1_p6,2026-07-03 21:00:00,3,4,50.8316080447283,39.95014416161076,40.23140930382511,40.13239801443855,38.41882295501334,41.14078428554015,39.05002095455637,41.683805646614545,46.747984992929915
pig_16,B1,6,B1_p6,2026-07-03 21:30:00,3,4,47.952693211109306,39.97104446427694,41.009789715566356,41.13080669133674,39.15294692740782,44.230702330093166,40.27418768134018,42.87161773289371,50.05228677181557
pig_16,B1,6,B1_p6,2026-07-03 22:00:00,3,4,50.2816506101922,39.99194499452507,39.69016313285706,41.75265364010193,38.819429543976696,38.06612388855664,38.84638492711006,39.70000519850814,48.96446736259918
pig_16,B1,6,B1_p6,2026-07-03 22:30:00,3,4,48.77334128560502,40.01284188440589,40.02012827492155,39.25525012679357,37.85903151143355,34.11020652959026,38.404151976348786,36.726090108788725,49.19895343621371
pig_16,B1,6,B1_p6,2026-07-03 23:00:00,3,4,55.44234218059589,40.03372740023502,41.298604642257374,40.69395590610662,42.87284684187655,44.133581514065455,43.278926001364916,44.87606176155841,54.30972027277001
pig_16,B1,6,B1_p6,2026-07-03 23:30:00,3,4,46.220694212906224,40.05462088797945,39.155026740911865,40.15572440000222,37.77270229163641,33.6224334047094,37.54960017990582,37.44614077528901,46.560410809968445
pig_16,B1,6,B1_p6,2026-07-04 00:00:00,3,4,47.08405047242801,40.075495275173864,40.313189237031146,40.258320983845536,37.922244585129604,34.16361738466146,38.67054494223797,37.28873912330811,46.77580916589163
pig_16,B1,6,B1_p6,2026-07-04 00:30:00,3,4,51.55646286105586,40.096377637902734,40.61304244681572,41.6019034095596,39.73306451269501,44.974878936823735,40.2798564486016,44.51086361554135,48.441460077149515
pig_16,B1,6,B1_p6,2026-07-04 01:00:00,3,4,46.51694253513578,40.11726217466235,38.01818370427256,38.75369709982677,37.715080895830624,37.36336624566525,36.46358991789629,36.00810468660133,43.695571058828094
pig_16,B1,6,B1_p6,2026-07-04 01:30:00,3,4,47.133673759357066,40.13812956023349,41.10692892115585,42.60178584121503,39.60578812500474,39.12042509670662,40.5938355104003,40.93917343857429,47.467020464151766
pig_16,B1,6,B1_p6,2026-07-04 02:00:00,3,4,53.17527530493952,40.159001058986874,40.09064929437783,39.398641965170796,41.38543805862456,43.03399577522916,41.01837718835504,43.660358093142094,46.329928783474756
pig_16,B1,6,B1_p6,2026-07-04 02:30:00,3,4,45.9334326912064,40.17986894257699,39.95444829901422,41.282584986108304,38.05837393525907,35.28771979757221,38.3900629834589,37.97198199446519,46.22325106216187
pig_16,B1,6,B1_p6,2026-07-04 03:00:00,3,4,45.61982032367875,40.20072741953939,40.091794571073734,39.43957829069103,38.241058271006885,39.840788055734315,38.63506595812203,38.56906752302214,47.53473407278591
pig_16,B1,6,B1_p6,2026-07-04 03:30:00,3,4,48.997686600376554,40.22158808318629,40.21528714995883,39.46004398447093,38.82544245001378,40.497863529190354,39.169073031325375,40.04365818679171,43.8020434218668
pig_16,B1,6,B1_p6,2026-07-04 04:00:00,3,4,48.007599481729955,40.24243934845028,39.999217484928884,41.34687260490993,37.97222402684115,35.973650339040596,38.32540116177094,37.478360913038486,46.20879990822249
pig_16,B1,6,B1_p6,2026-07-04 04:30:00,3,4,43.16119111994852,40.263290874096505,38.18821980404502,38.89476235899411,38.20473382984445,36.3121042521759,36.88848379414223,35.55855696050031,44.736574482535936
pig_16,B1,6,B1_p6,2026-07-04 05:00:00,3,4,45.893779287767295,40.28413880083911,37.75494340317687,36.07112541722891,39.0028537197436,43.54352061118679,37.091464231807436,39.13224056566548,43.962675477482314
pig_16,B1,6,B1_p6,2026-07-04 05:30:00,3,4,42.35308654401049,40.304983131781746,36.64134425405675,36.554250970767455,38.00580387484711,33.83259112640743,35.3479269901637,32.0123325807207,40.428894585959114
pig_16,B1,6,B1_p6,2026-07-04 06:00:00,3,4,39.90682181480671,40.32582387002326,40.0392333009117,42.10123206128977,39.028114948974036,40.82528854471411,39.099787879098564,41.72234932079769,44.10222266027034
pig_16,B1,6,B1_p6,2026-07-04 06:30:00,3,4,50.85610267246237,40.3466668062561,36.1232056005519,33.75311639428736,46.00839162511241,41.87463031339808,40.865401428237725,37.089854321965674,47.411446220075575
pig_16,B1,6,B1_p6,2026-07-04 07:00:00,3,4,42.577273886649444,40.367496509641796,35.76581408950596,35.74157171608988,37.24954976444994,33.30877735047019,33.96869212151924,31.370139498592067,40.03529553198223
pig_16,B1,6,B1_p6,2026-07-04 07:30:00,3,4,39.679176661923776,40.388324559457395,36.1556186928044,33.787966336149466,37.71611850876213,33.225210812121965,34.64937451282585,31.475656122554547,40.57955297794553
pig_16,B1,6,B1_p6,2026-07-04 10:00:00,4,4,33.53593787288672,40.367800438550766,32.711579244633356,33.175398067561375,37.9404032364315,37.13240232976242,31.791397697596715,26.843357262502195,37.52678321717422
pig_16,B1,6,B1_p6,2026-07-04 10:30:00,4,4,37.518590466000205,40.30579824095165,33.15985339672682,39.57071207311414,41.338876864361055,39.25478280565996,34.7746559052771,41.264985822921886,41.54858139496225
pig_16,B1,6,B1_p6,2026-07-04 11:00:00,4,4,32.05844884298822,40.24376423447096,32.341595432880446,31.216708825439504,37.39871630212112,30.75485765341221,31.13713665826989,29.079113301812754,37.56881693467554
pig_16,B1,6,B1_p6,2026-07-04 11:30:00,4,4,35.39834454384439,40.181698337346596,31.385143798024274,30.84184179144869,40.315186389159805,40.667128817710406,32.519405540130094,33.958043160521356,41.335738105081056
pig_16,B1,6,B1_p6,2026-07-04 12:00:00,4,4,32.22761924602678,40.11959471668415,30.389034560441388,23.83629166901965,37.648527437269315,35.02158386355034,29.67997341647919,21.565042711784905,37.265181739073256
pig_16,B1,6,B1_p6,2026-07-04 12:30:00,4,4,51.90138453489578,40.057470542220415,35.79429266288025,31.767922500575374,51.096167147944946,48.32803595304815,44.57329217658378,42.29969273940199,49.05515618043091
pig_16,B1,6,B1_p6,2026-07-04 13:00:00,4,4,40.47222742679854,39.99533150560274,32.18970039819895,30.616633074909387,43.14764457621035,44.21285673001836,35.471249994166996,32.39812824721977,43.2212103107117
pig_16,B1,6,B1_p6,2026-07-04 13:30:00,4,4,43.1885834459573,39.93315451167969,36.434559965680734,33.72254152192416,49.7514414049518,49.19166208374644,44.20849943253864,47.416567246601765,48.86812470234317
pig_16,B1,6,B1_p6,2026-07-04 14:00:00,4,4,38.296795751445906,39.87092794251187,30.77282334285436,27.651094439802314,42.94544933335346,41.86912291053696,34.147986473597946,33.53421096536564,42.34120619341073
pig_16,B1,6,B1_p6,2026-07-04 14:30:00,4,4,43.48216575972127,39.808651687070856,34.8139413452695,38.43431147004932,46.35235293249439,45.89802385308893,40.308193328840936,39.5639096405131,46.34622603188578
pig_16,B1,6,B1_p6,2026-07-04 15:00:00,4,4,35.94706672404092,39.75674921837133,34.963769314983146,34.87837910000593,42.03290541005822,40.738682627922024,37.23411798801959,36.989459533388136,41.50578165022568
pig_16,B1,6,B1_p6,2026-07-04 15:30:00,4,4,37.67000855343118,39.68405356146004,31.38424029396599,31.008695107045227,39.326247101808136,44.51238764675721,32.09168644227597,31.5376911848421,37.32366544085977
pig_16,B1,6,B1_p6,2026-07-04 16:00:00,4,4,33.42494139577174,39.621708476516915,30.9894800734208,30.412016288615924,37.19356885955938,35.8828138082288,30.183485366532402,25.46212385782445,34.33734929908784
pig_16,B1,6,B1_p6,2026-07-04 16:30:00,4,4,41.82982889960137,39.559319118673976,38.44090091197734,37.51280746749198,46.0310073730388,45.6105518668084,43.42543768126966,38.994699383828596,46.434747335795734
pig_16,B1,6,B1_p6,2026-07-04 17:00:00,4,4,53.85598596346918,39.49691428773751,31.042646855302618,29.851996616122513,48.67271329541816,51.209782982112515,38.917401469486286,41.97206144961564,45.03209459501325
pig_16,B1,6,B1_p6,2026-07-04 19:00:00,4,4,34.82714282676993,39.24693049802254,29.223332087886394,22.85108083005227,37.479783781511465,40.74456493316856,29.07658437545107,26.537580577888775,33.1589374128511
pig_16,B1,6,B1_p6,2026-07-04 19:30:00,4,4,30.765069822693746,39.18434296913624,29.427462482675324,23.28062968898371,35.79975417534162,27.851214110344714,28.036455521522065,22.34125414707613,31.922464968741103
pig_16,B1,6,B1_p6,2026-07-04 20:00:00,4,4,32.764412872208396,39.12169890269951,29.47547646541362,23.24341091223723,36.20266469185014,31.723847298061102,28.42057454304742,21.49422452714439,32.249125163745525
pig_16,B1,6,B1_p6,2026-07-04 20:30:00,4,4,30.741685436344707,39.05907360291903,29.36927463581503,23.206203285341473,35.66753567851778,27.762175895700395,27.965170205470994,22.269830855642958,31.798670530763534
pig_16,B1,6,B1_p6,2026-07-04 21:00:00,4,4,32.49963718001569,38.9963857879442,28.545595419559746,24.485446941288174,35.830654466794265,27.946549397422935,27.40028637309568,21.56394223384101,31.77538110956128
pig_16,B1,6,B1_p6,2026-07-04 21:30:00,4,4,29.72850336362513,38.93367598123393,28.250864767426442,26.114582925460503,36.002136169979686,28.538431284629784,27.308450823811427,20.533479684526935,31.658765144312824
pig_16,B1,6,B1_p6,2026-07-04 22:00:00,4,4,30.889103133377326,38.87092086450977,27.544260065185874,27.232900875209467,35.67137451545965,27.664829058546438,26.476564548565264,21.843589609339297,31.864083066291627
pig_16,B1,6,B1_p6,2026-07-04 22:30:00,4,4,30.47647586670538,38.80814358756723,27.843080323937585,26.030382653546265,35.73957907552212,27.656909505593525,26.831095757090477,20.689024938441676,31.28472647348442
pig_16,B1,6,B1_p6,2026-07-04 23:00:00,4,4,36.565499551939375,38.74531498830159,28.77890156315422,22.5590208800692,40.60612904375315,43.613227057379,31.346000453753533,35.76701906772216,37.67915270049922
pig_16,B1,6,B1_p6,2026-07-04 23:30:00,4,4,34.52602870152913,38.68245823123531,26.995300917586576,27.100864275702754,36.843747003839745,37.886809542027606,26.990462811439556,29.461935259279315,33.786887596947636
pig_16,B1,6,B1_p6,2026-07-05 00:00:00,4,4,29.23604282026266,38.619573233761265,27.59308663654609,27.05680715370357,36.011703447373584,32.53436169734717,26.933793373881684,29.721632220178257,30.834503876549665
pig_16,B1,6,B1_p6,2026-07-05 00:30:00,4,4,31.617471544728673,38.556659912872846,27.831300890203863,25.86170114295961,37.90533092581313,40.94245397036733,28.60379509290574,30.632388565977852,33.57038040882298
pig_16,B1,6,B1_p6,2026-07-05 01:00:00,4,4,31.3930552649354,38.49371818516114,27.04451765585499,26.968633321261613,35.47923908079106,28.75964021096477,26.13000840702219,21.21834879202496,31.160103980576167
pig_16,B1,6,B1_p6,2026-07-05 01:30:00,4,4,28.56572075222278,38.430712964079056,26.912272445480617,26.924491970807637,35.695674159462634,29.369298056790786,26.215452678164915,21.149462025031347,30.89311506458879
pig_16,B1,6,B1_p6,2026-07-05 02:00:00,4,4,33.54942497596823,38.36769080379723,27.080748494687256,26.880338752779206,37.09694973142941,37.96058648858214,27.454774234168394,30.650073838602772,32.56125235992466
pig_16,B1,6,B1_p6,2026-07-05 02:30:00,4,4,30.695242357589485,38.30464579855345,28.117625328072855,24.051110208148387,35.41935010649318,28.077351404758236,27.151602087803425,20.533867964201217,30.943738964827933
pig_16,B1,6,B1_p6,2026-07-05 03:00:00,4,4,31.01653559650574,38.241577872826426,28.392589277762955,22.265725649161897,35.368908810290954,28.031122539405462,27.39629414514203,20.94379699002589,31.484208466354016
pig_16,B1,6,B1_p6,2026-07-05 03:30:00,4,4,32.11760331564306,38.178440177850305,28.010069924532647,23.9718669406768,35.69162957776719,35.660584607038274,27.340673852301826,24.910542990368384,31.406850776543124
pig_16,B1,6,B1_p6,2026-07-05 04:00:00,4,4,30.85008301483742,38.11526765894354,27.994584101201575,23.932201537625083,35.38704227303687,32.90169896189292,27.138547376353984,20.432348536649094,31.768773343014605
pig_16,B1,6,B1_p6,2026-07-05 04:30:00,4,4,30.69101852783291,38.05208363216032,26.88132907673093,26.65922490650188,35.408573952535725,30.419774589306293,26.212270590398077,22.062257587032896,31.150248201463477
pig_16,B1,6,B1_p6,2026-07-05 05:00:00,4,4,28.946417221374993,37.98882947650662,27.23189582771419,25.480831506472327,34.715547663352304,27.00147414453083,26.041927311221045,20.7110819325472,30.739226235811085
pig_16,B1,6,B1_p6,2026-07-05 05:30:00,4,4,29.50454302566476,37.92559292993427,27.729271074578524,23.813106641536134,35.04199041758228,28.55644286442488,26.76561104237901,20.37262425928425,30.5586358359893
pig_16,B1,6,B1_p6,2026-07-05 06:00:00,4,4,29.25814478195781,37.862286040216034,27.909104332198716,22.044887274920242,35.09731634477755,27.94640833262262,27.005821205545725,20.73606991431306,30.826367838014974
pig_16,B1,6,B1_p6,2026-07-05 06:30:00,4,4,28.816509032363733,37.79893211489171,26.93547538117572,26.481867385175978,34.75957395602727,27.088400685717644,25.933447053591713,21.237365158422325,30.676825658635693
pig_16,B1,6,B1_p6,2026-07-05 07:00:00,4,4,30.17672939093633,37.73557212137487,26.447685963702988,26.437477481759167,34.30209493759807,30.300622738309684,25.20000966950968,22.085846728825548,31.330381792795755
pig_16,B1,6,B1_p6,2026-07-05 07:30:00,4,4,28.843207649652165,37.67215315565484,28.783934536527497,28.30533838895455,34.79236795038619,28.365612929421523,27.66935086844225,25.156375199292413,32.08920681584403
pig_17,A1,7,A1_p7,2026-07-07 09:00:00,2,4,72.75327319296099,40.538485777885434,46.31758732824912,48.1592647254565,50.73083971173129,49.93733949040386,53.28131020985464,55.655236760648776,46.03626110519005
pig_17,A1,7,A1_p7,2026-07-07 09:30:00,2,4,55.9783887949785,40.5466561137671,43.42793481075095,46.92155011863832,39.4838294215404,41.520106631407785,42.2921968759882,44.660341595730024,38.195367206652534
pig_17,A1,7,A1_p7,2026-07-07 10:00:00,2,4,41.72705765903681,40.56345089714845,41.76636653492869,46.110367302520764,38.65644984420438,38.78615241962848,40.19490666953168,41.928051925885555,35.2459025725519
pig_17,A1,7,A1_p7,2026-07-07 10:30:00,2,4,44.11502222073929,40.579334554537766,40.903219048814734,40.7644587943361,39.50106104098249,44.185422958655714,40.05655587287185,44.19619910425584,34.59948151164992
pig_17,A1,7,A1_p7,2026-07-07 11:00:00,2,4,34.11536362184497,40.59748914307369,39.28426145542138,37.35912861286755,38.341492002263486,34.744263723327485,37.74690164325335,34.09947279641895,35.06055154113176
pig_17,A1,7,A1_p7,2026-07-07 11:30:00,2,4,39.960198046338974,40.61109897426549,36.954471111192106,37.17870310729978,39.2830293434968,40.180190746751975,36.3884544675289,35.26943396028484,33.674442233473954
pig_17,A1,7,A1_p7,2026-07-07 12:00:00,2,4,27.154678261185847,40.62743427316276,39.5965035880547,38.317966777381166,45.340267431042314,48.54337887149555,43.25180806751851,41.05283648517928,40.9584475193139
pig_17,A1,7,A1_p7,2026-07-07 12:30:00,2,4,43.14995764851231,40.64298582536265,36.53650072642931,34.53066871511782,39.735877468041906,39.91807653899748,36.33904563609423,35.37728734083559,34.35695210047912
pig_17,A1,7,A1_p7,2026-07-07 13:00:00,2,4,44.1464008772219,40.66009240541844,35.81130747482894,38.91276419713937,37.90830837732274,34.25336020567429,34.317817490734775,33.32219907692188,32.30187433383887
pig_17,A1,7,A1_p7,2026-07-07 13:30:00,2,4,26.26427715019502,40.678234390838085,34.899643676469665,33.44306136597934,44.15259204400674,46.10522184905237,38.18438359594245,38.32674820937948,37.75353378596012
pig_17,A1,7,A1_p7,2026-07-07 14:00:00,2,4,60.11047113978722,40.69183689825615,44.56165502302167,50.24930613247864,57.00584921914106,53.69339058556508,56.34040845604968,57.91210153200625,44.79596408373488
pig_17,A1,7,A1_p7,2026-07-07 14:30:00,2,4,43.31364702386006,40.707931630672746,45.192521441623995,41.73386633938224,59.64613879060742,56.76661937947715,58.86685572258024,55.3439692911721,46.80679800369155
pig_17,A1,7,A1_p7,2026-07-07 15:00:00,2,4,44.328831225529086,40.72175986109969,49.339719246845,46.57280816826687,59.32091967340541,56.785902645953584,62.273868946328136,67.62176949552745,47.66845150052263
pig_17,A1,7,A1_p7,2026-07-07 16:30:00,2,4,35.55520937477332,40.77161408174587,47.55047375049241,48.34231157405777,39.664627070089466,44.39478943371611,45.92340421969091,46.10158069812124,39.18110785239064
pig_17,A1,7,A1_p7,2026-07-07 17:00:00,2,4,36.18620516094352,40.78702090348578,46.32537705966647,49.39816735529519,40.50567984278533,42.614663219232554,45.46328960068371,50.1474656003272,38.306423310338964
pig_17,A1,7,A1_p7,2026-07-07 17:30:00,2,4,35.363853598621084,40.80332876046887,40.78306212334734,40.030770149376465,39.9719663872205,42.721019807990686,40.16201488146971,42.744169925539445,35.84486589292949
pig_17,A1,7,A1_p7,2026-07-07 18:00:00,2,4,32.78456355826988,40.819635427182746,40.50637478475211,42.6167844534623,39.5263164919879,44.12234416508462,39.573356814564384,44.462714666926416,36.10538403783946
pig_17,A1,7,A1_p7,2026-07-07 18:30:00,2,4,31.245265175745075,40.835035838188595,39.955985717475045,40.30806705568225,38.58038000014978,36.3995126942234,38.36858796800495,37.52310103316136,35.506288676564644
pig_17,A1,7,A1_p7,2026-07-07 19:00:00,2,4,31.22687741057391,40.8504308771836,40.128875445259546,40.47069474716561,38.647169929077265,34.82423563087471,38.56150243444467,37.84290592431022,33.61950634893898
pig_17,A1,7,A1_p7,2026-07-07 19:30:00,2,4,31.850622261069926,40.86673520235044,40.24179986252759,39.054891358086444,38.19730170139407,38.171587458995674,38.31348990169057,36.92718491966821,32.52010434865865
pig_17,A1,7,A1_p7,2026-07-07 20:00:00,2,4,32.06064802380063,40.88303245193312,41.01109403424118,42.26020112821743,37.80856590853397,29.96731192038356,38.69052853838429,35.81797188834491,31.854986891533738
pig_17,A1,7,A1_p7,2026-07-07 20:30:00,2,4,34.412405887677835,40.899329499051106,45.728037035920615,44.30041987267308,38.68761973452762,35.441299056464146,43.501815765872564,42.15509220944785,32.87119307157478
pig_17,A1,7,A1_p7,2026-07-07 21:00:00,2,4,33.29037410985333,40.914721988471925,45.26178197624225,46.765510196375416,38.86250138482857,38.59897970097257,43.21178448519889,46.63967955362418,31.839677220468687
pig_17,A1,7,A1_p7,2026-07-07 21:30:00,2,4,33.146079816810364,40.930102981726066,44.80946178374403,50.543534810314,39.09750897550034,42.06390548028517,42.97914490706867,46.93120030373907,33.184441390789516
pig_17,A1,7,A1_p7,2026-07-07 22:00:00,2,4,31.936393697045503,40.94639966686117,41.00160141675805,43.840424604446824,38.85017770013356,36.92817703609249,39.423176922602686,38.106200370870376,31.686047765666444
pig_17,A1,7,A1_p7,2026-07-07 22:30:00,2,4,29.847056777672883,40.962685362308804,40.74809000306989,41.757605272454185,38.914040756117146,38.64422838416395,39.237061768279744,39.25015658541706,30.76431637660812
pig_17,A1,7,A1_p7,2026-07-07 23:00:00,2,4,30.433717239955552,40.978066481249684,42.25918294182832,41.6538688449902,38.729496685214606,36.024354567084664,40.42239065681537,38.42340771886651,32.132003743782704
pig_17,A1,7,A1_p7,2026-07-07 23:30:00,2,4,29.922798147918556,40.99344788243082,42.34672667763124,41.58118402933244,38.936234662970904,38.67324976893775,40.644946959127715,40.76620867539565,30.56603685987084
pig_17,A1,7,A1_p7,2026-07-08 00:00:00,2,4,28.262838764508096,41.0097302882978,41.941244513491306,44.21507445315627,39.24965015758476,39.70254456077287,40.51186620521328,41.38642551459148,30.92296449337809
pig_17,A1,7,A1_p7,2026-07-08 00:30:00,2,4,28.606363651271288,41.02601151991849,39.256777564031054,38.68984502541342,39.36471730955078,38.788008781199615,38.21898924754005,36.17512989650858,31.65451546975997
pig_17,A1,7,A1_p7,2026-07-08 01:00:00,2,4,28.192590810207342,41.042285696839365,40.1591351041224,40.512642392235854,38.772333495245725,36.58425096384871,38.56074884194784,37.71354184521493,28.468524581693103
pig_17,A1,7,A1_p7,2026-07-08 01:30:00,2,4,29.648707410809276,41.05765882833647,41.165191057780405,42.440709895461495,39.60788273321045,42.53364458485865,40.065377309455606,41.63088758823927,30.67986368199478
pig_17,A1,7,A1_p7,2026-07-08 02:00:00,2,4,28.06376246646251,41.07302930636064,39.2660796523636,38.734185452461794,39.784458203672585,43.84582860344507,38.51222648097789,41.370685398565556,30.6077065503814
pig_17,A1,7,A1_p7,2026-07-08 02:30:00,2,4,27.39144102064695,41.08930119216804,38.26321991175831,41.630163958924214,38.98896491753292,37.05705510274045,37.020446060331395,36.083039358415846,29.039907948750766
pig_17,A1,7,A1_p7,2026-07-08 03:00:00,2,4,27.12769320757109,41.105567011321114,37.20655894635121,39.743924832055114,38.42043537815463,38.3946683887292,35.651391071968995,34.906724726264,28.257793905191804
pig_17,A1,7,A1_p7,2026-07-08 03:30:00,2,4,27.637365550368564,41.120932006937956,36.63927162708916,36.49791551559932,38.139589126335494,31.984608044581847,34.93047715337565,32.11586413188533,26.619230605736647
pig_17,A1,7,A1_p7,2026-07-08 04:00:00,2,4,25.425109001047947,41.13629288518584,36.711627322595405,32.62349186427477,38.76054783015855,35.54397818191118,35.45026371644878,29.519019129936602,26.412159281767657
pig_17,A1,7,A1_p7,2026-07-08 04:30:00,2,4,25.84212346870256,41.152558386137194,37.59922940249844,34.752297329879696,39.475254513701174,38.907652411576436,36.75918142813944,33.895761752421635,25.96978364698067
pig_17,A1,7,A1_p7,2026-07-08 05:00:00,2,4,25.00118998654498,41.16882076515435,38.73428497923089,36.58551677118056,38.6578107309415,36.449120134309865,37.137519449567336,34.57762366051538,26.254893345894963
pig_17,A1,7,A1_p7,2026-07-08 05:30:00,2,4,25.742863302996632,41.18507806580644,35.40545319523418,33.859756052431685,40.18103567151521,40.62580763411362,35.33200973889321,34.54321876260463,27.08358606968944
pig_17,A1,7,A1_p7,2026-07-08 06:00:00,2,4,24.645366015130882,41.20043219074164,36.53163109191341,36.479056894884884,38.085725839762915,30.19996631038034,34.74482981942716,32.068769708503226,24.74992127663593
pig_17,A1,7,A1_p7,2026-07-08 06:30:00,2,4,27.33802174873933,41.21578416386036,33.92372791114372,40.46410192066767,41.74555063349601,46.94097063420835,35.17827942491901,44.965073542139756,28.751803430410227
pig_17,A1,7,A1_p7,2026-07-08 07:00:00,2,4,25.239642653328655,41.232036267728674,39.40086934524297,38.88413799391965,39.27454220051373,40.3839460193356,38.14824498417272,37.335664931496595,27.562493866188937
pig_17,A1,7,A1_p7,2026-07-08 07:30:00,2,4,33.824973000976996,41.24828721517025,54.63531875008522,55.70584323737587,52.14894319143953,49.76471755587555,61.23576917266479,70.89689523294615,37.79231713699246
pig_17,A1,7,A1_p7,2026-07-08 08:00:00,2,4,39.96341270192461,41.26092536560051,58.095070378564145,43.791663625337776,68.42504124240475,57.53776111064353,76.48606046807848,56.511293253736596,51.121741661638936
pig_17,A1,7,A1_p7,2026-07-08 09:30:00,3,4,35.990514233458924,41.311463115510435,45.057802950428496,48.12675864311531,40.17935920434254,44.98261222954462,43.768414483950885,49.73489194306566,37.65502054018561
pig_17,A1,7,A1_p7,2026-07-08 10:00:00,3,4,36.77607140510967,41.32770266613899,45.16400357698414,49.32377056444699,39.38888639772296,39.51691829243842,43.25909381565244,47.56148790486085,36.473189361646604
pig_17,A1,7,A1_p7,2026-07-08 10:30:00,3,4,34.72589641741666,41.34303862346914,40.30573029829591,38.99289258087702,39.39120104012979,40.49266519859552,38.9640182731053,38.304461320203906,35.181357405240206
pig_17,A1,7,A1_p7,2026-07-08 11:00:00,3,4,34.29672475537033,41.35837244033642,38.8205598735795,37.42069001710925,38.971007229769725,35.73586690861176,37.32865595163971,35.41913342382229,35.144999630901474
pig_17,A1,7,A1_p7,2026-07-08 11:30:00,3,4,32.24775862029111,41.374607805764356,38.61067925739079,37.22610945153089,38.74378135370123,37.86301260671745,36.96278947753687,37.35119030773208,33.944891453591154
pig_17,A1,7,A1_p7,2026-07-08 12:00:00,3,4,31.31561242636075,41.39084202537707,38.29692377966623,37.76893829278354,38.817774626029866,40.49844263820593,36.73114190007277,35.645534290001855,32.161871289881404
pig_17,A1,7,A1_p7,2026-07-08 12:30:00,3,4,34.09206863247867,41.40707021337318,40.56051356052415,42.341925149139556,40.91832936014914,45.571132885855924,40.29353675995147,44.93317889525757,35.19765334491311
pig_17,A1,7,A1_p7,2026-07-08 13:00:00,3,4,50.21178247405524,41.42239526899542,43.48492033159781,44.44733164038952,60.39865593698974,57.76292854559014,57.472538796340245,51.60605842181073,46.85403230502084
pig_17,A1,7,A1_p7,2026-07-08 13:30:00,3,4,34.82959750289977,41.437722343392856,37.796273164362596,34.99311109745465,40.93124889274392,45.60486751820647,37.84457835882652,37.060788708896325,36.78824301518955
pig_17,A1,7,A1_p7,2026-07-08 14:00:00,3,4,38.87196473455256,41.453943433797534,41.47802588060483,44.38384073941507,45.9216515502154,46.39312902239771,44.825481834791766,50.899949397781356,38.600801146727235
pig_17,A1,7,A1_p7,2026-07-08 14:30:00,3,4,31.77556732897153,41.464757295603135,53.4933544080304,42.36752952678067,54.84839491291639,47.71127729711781,62.11546991481044,57.185571693539046,47.764987681999486
pig_17,A1,7,A1_p7,2026-07-08 15:30:00,3,4,45.333825167130335,41.500799970510606,48.65694824382442,47.31353350391704,42.5687529396965,40.41862362741457,48.61648760540468,49.35175302644545,44.24993252693804
pig_17,A1,7,A1_p7,2026-07-08 16:00:00,3,4,39.05262957363129,41.51701674666307,43.47154667358382,43.90872928123524,39.92439795309215,42.754354608685745,42.04747576754688,43.7136818030141,38.88781026689361
pig_17,A1,7,A1_p7,2026-07-08 16:30:00,3,4,37.557721262493594,41.53322848252442,42.271738309585835,38.61966833020747,39.458907091809195,39.100207880320866,40.62940421519011,38.44338297286693,37.46355607117634
pig_17,A1,7,A1_p7,2026-07-08 17:00:00,3,4,39.64466097432047,41.549442014316355,42.793521312825874,47.231189411194734,43.86662187944573,42.71558901324323,44.38489078405713,47.237568014020056,40.97339173669352
pig_17,A1,7,A1_p7,2026-07-08 17:30:00,3,4,33.931830265745624,41.56474930609482,42.5803055265274,44.11597072117633,39.41174907609355,36.25714837727292,40.846400245157,39.592358325462605,34.85376168238535
pig_17,A1,7,A1_p7,2026-07-08 18:00:00,3,4,36.13161591872128,41.58005423100013,42.35726947732712,38.66320924772141,39.42153251500656,36.93421451947694,40.64724407305532,37.70707992369568,35.30096766980541
pig_17,A1,7,A1_p7,2026-07-08 18:30:00,3,4,39.41867929382877,41.59626460338222,42.08153896663201,42.834701646672656,40.12593827176543,43.091612751113104,40.92190583679289,42.28985814675423,35.822597578928
pig_17,A1,7,A1_p7,2026-07-08 19:00:00,3,4,35.53785897151597,41.61246408851618,41.925090886785625,41.80230149874203,38.574686689837385,30.71444000790272,39.61033991976848,36.262394248352194,33.98039063561442
pig_17,A1,7,A1_p7,2026-07-08 19:30:00,3,4,35.865922246211234,41.62776657754817,41.54055284625605,40.83959829552343,38.91488036729635,38.88242906534277,39.51644131193209,37.86071799947607,33.9517436747418
pig_17,A1,7,A1_p7,2026-07-08 20:00:00,3,4,35.012172130533,41.64306572846275,42.60204685123851,44.897911756495134,39.2899406213316,37.22570276096082,40.72472124522272,39.675472032866864,33.016661145365354
pig_17,A1,7,A1_p7,2026-07-08 20:30:00,3,4,32.27077695969573,41.65926109499564,41.73836016975303,44.7265321086507,39.23095289709377,37.4374197560715,39.90809824241035,38.847228034644154,33.11843778806873
pig_17,A1,7,A1_p7,2026-07-08 21:00:00,3,4,33.75137579130257,41.67545631362545,42.32624785232161,44.317364398268566,39.64639167034766,41.30231288576495,40.728163851453715,40.76309514456557,32.473919829519886
pig_17,A1,7,A1_p7,2026-07-08 21:30:00,3,4,34.55306655336817,41.69165040982094,42.53089170085986,39.69257006235944,39.50061100439554,37.02254160297555,40.789189577997504,38.80138807721026,31.70568558577686
pig_17,A1,7,A1_p7,2026-07-08 22:00:00,3,4,35.039968572553896,41.70693991624216,42.84803475007507,43.340971465972665,39.40183214152593,37.17671009116007,40.98530677072665,40.67755326873574,32.01140805295964
pig_17,A1,7,A1_p7,2026-07-08 22:30:00,3,4,36.70945141521491,41.72223072295112,42.13301145203732,41.85142162783936,41.08474206873215,44.30390274405367,41.60667230064531,43.42183005700367,32.44018876958786
pig_17,A1,7,A1_p7,2026-07-08 23:00:00,3,4,31.97530933477493,41.738416817229904,39.733110007016435,39.23535451033458,39.163042952898515,36.43470167679823,38.03761673146643,36.194758427021426,29.07726506203206
pig_17,A1,7,A1_p7,2026-07-08 23:30:00,3,4,32.997845337949315,41.7546017941069,39.620084616664585,40.33538438908491,38.957068063375914,35.35845609352355,37.773186522457294,37.04727207985822,29.038265629090148
pig_17,A1,7,A1_p7,2026-07-09 00:00:00,3,4,32.181298149661785,41.76988666017626,40.10543925961977,41.98512559060014,39.65582919931276,39.35494987247842,38.71580940325629,36.684758736916294,30.109594004320435
pig_17,A1,7,A1_p7,2026-07-09 00:30:00,3,4,29.057980796944683,41.78516771326588,40.98438394719892,41.643588403845044,39.634265044718816,36.44942050755885,39.465588278720695,38.13409365047973,27.938631502003272
pig_17,A1,7,A1_p7,2026-07-09 01:00:00,3,4,30.779874160692266,41.80134762759753,40.38417041451784,38.66978885633982,39.75841383603669,40.86595056446665,39.018805309923934,36.06544373838001,28.693379379136854
pig_17,A1,7,A1_p7,2026-07-09 01:30:00,3,4,30.33301514947225,41.81752253217025,40.36899338398618,38.68475201375214,39.89169750090594,44.22702378179038,39.09513277060384,38.79922346438837,29.561009708685372
pig_17,A1,7,A1_p7,2026-07-09 02:00:00,3,4,32.913787159872214,41.83369535154198,38.9162126797141,42.201693916709935,42.04759773440044,45.4413225733613,39.41960752333273,42.29165486823917,30.779406943355326
pig_17,A1,7,A1_p7,2026-07-09 02:30:00,3,4,29.933408620614614,41.8489702158059,37.977543623653645,37.95455651563043,39.78867083210141,39.397453431867454,36.88768826660951,34.52409066848328,29.22498052164174
pig_17,A1,7,A1_p7,2026-07-09 03:00:00,3,4,26.889109619983145,41.86424297840761,38.61957527399695,38.20091431713677,39.28247012969969,36.544539063916226,37.06498801891665,33.15772278008373,27.2423741485028
pig_17,A1,7,A1_p7,2026-07-09 03:30:00,3,4,28.804891635635286,41.88041172813749,38.048724852224865,37.983072119492896,39.87141179481315,39.96530510900079,36.99266644140238,34.80081548272331,27.299109754904435
pig_17,A1,7,A1_p7,2026-07-09 04:00:00,3,4,28.262206637351536,41.896579370921145,38.02706937293951,37.99773522132294,38.90211059633113,36.1657867479687,36.23646492068143,34.98597837750441,26.44281322641342
pig_17,A1,7,A1_p7,2026-07-09 04:30:00,3,4,28.93202197700095,41.911843549084125,39.284177936056224,37.528600837181095,38.63420498758139,31.313408989276574,37.13523092646343,35.57282400683849,26.319451784375303
pig_17,A1,7,A1_p7,2026-07-09 05:00:00,3,4,31.13440246522139,41.927107821021764,37.7966155459504,35.02155156844467,42.57799512196542,46.791793976901246,38.770307351376836,40.51351833238033,30.439671132872625
pig_17,A1,7,A1_p7,2026-07-09 05:30:00,3,4,30.11823951060203,41.94326751455351,35.308872357988534,35.60080568603032,43.05465172306755,40.84955337196707,36.922255436281674,36.86336327294386,31.096103572928158
pig_17,A1,7,A1_p7,2026-07-09 06:00:00,3,4,25.833756853589627,41.95942902525709,38.16966259929009,38.41307410248592,39.12036498171463,35.34796286481202,36.48621952122051,33.558314385453535,26.129602548290052
pig_17,A1,7,A1_p7,2026-07-09 06:30:00,3,4,27.75054524705996,41.97558359660757,34.853124829061144,39.07423500058118,41.32818359180658,44.57293248862645,35.20499301736143,37.0632240050217,28.70790560943658
pig_17,A1,7,A1_p7,2026-07-09 07:00:00,3,4,24.35576346041865,41.99083892421087,38.042748315137,40.5998716762412,39.50539790967933,40.599730206043674,36.64309668242498,34.45661255237294,25.38814868416333
pig_17,A1,7,A1_p7,2026-07-09 07:30:00,3,4,27.354736181483748,42.00609386365051,40.25926042673766,39.61411800702475,47.762332826863485,48.08897470442163,44.781168493467575,44.865888171952875,30.88139231823228
pig_17,A1,7,A1_p7,2026-07-09 08:00:00,3,4,44.52124309597915,42.017760777095404,36.05090969953298,34.54433490471095,61.08702189564983,58.59315709899851,51.05223591742863,48.72925492385095,41.52770369782982
pig_17,A1,7,A1_p7,2026-07-09 09:30:00,4,4,28.376864916686674,41.94228444854828,36.37805472528732,36.67451437649239,43.52140829866277,47.695022930031286,38.21637761538807,41.609082405352396,32.34269512123163
pig_17,A1,7,A1_p7,2026-07-09 10:00:00,4,4,29.092196790600102,41.89259861357336,35.871324296662124,34.21511468259643,45.492518385682956,47.48159751366019,39.27875284376644,39.47091369483469,31.921366181033584
pig_17,A1,7,A1_p7,2026-07-09 10:30:00,4,4,24.568150548130426,41.83582830326984,33.25036259823802,30.934598982134354,40.93328854286557,42.09432029531722,33.58290150895803,33.091946952497246,26.1291083424484
pig_17,A1,7,A1_p7,2026-07-09 11:00:00,4,4,29.746095397095296,41.77569466209299,35.01691990612401,35.45857240492911,47.28441495347326,42.53083500558669,39.942441524150716,40.28114753701912,32.61003767657695
pig_17,A1,7,A1_p7,2026-07-09 11:30:00,4,4,31.632938735503743,41.7155321541102,34.53702948823217,31.51751941179091,46.83099601819527,42.061906207354134,39.21699726246507,40.04537827440937,30.37961048021981
pig_17,A1,7,A1_p7,2026-07-09 12:00:00,4,4,29.521298956529947,41.65534070990143,34.03239726869727,32.81238055373909,46.42150962445565,49.771565009649365,38.50268279742253,38.50873873140253,28.992880746518164
pig_17,A1,7,A1_p7,2026-07-09 12:30:00,4,4,34.78907931730518,41.59845682797841,37.73075526326822,40.22048743045736,50.090151481662915,50.95541139026993,44.553290998078836,45.958276560537286,34.23850238812644
pig_17,A1,7,A1_p7,2026-07-09 13:00:00,4,4,36.25522081947637,41.551588867740534,38.47355189873398,37.05101946315138,54.13516591242485,47.81118974051783,48.271710738736026,47.55003788234324,37.22711720856033
pig_17,A1,7,A1_p7,2026-07-09 13:30:00,4,4,35.450140171627154,41.47458531744164,38.51157024226285,38.10839523957179,51.33729371250206,53.77393529799613,46.255855918436346,51.89872172691358,36.33088411086354
pig_17,A1,7,A1_p7,2026-07-09 14:00:00,4,4,38.222000131554076,41.42096873300634,39.594544572870824,39.062311975036806,57.87081308696978,54.65548921211515,52.14483154647418,51.60069036557991,38.573964359877436
pig_17,A1,7,A1_p7,2026-07-09 14:30:00,4,4,38.12686339972196,41.36621376209849,42.71304199222802,41.95929437239925,55.21631274651814,54.915092154929106,52.9407462546269,48.81414420524865,38.34608239180488
pig_17,A1,7,A1_p7,2026-07-09 15:00:00,4,4,30.651106682193753,41.30698404835383,38.624302020705386,37.16526610996482,48.87431937487435,46.54325788885662,44.61435449689107,39.14070186382609,36.04168260564585
pig_17,A1,7,A1_p7,2026-07-09 15:30:00,4,4,27.198554492950443,41.24658370714277,38.45781538459141,37.957187405586915,45.83694155237406,49.283164833603834,42.227935807093715,41.67741263182927,32.88679977069215
pig_17,A1,7,A1_p7,2026-07-09 16:00:00,4,4,55.125690658552514,41.18904792164821,36.99958576210315,34.99460828456138,56.34507368206412,57.80921100568695,48.85746064332437,46.485477046230415,36.62829385816118
pig_17,A1,7,A1_p7,2026-07-09 16:30:00,4,4,29.067353023563157,41.12571630967702,37.10960321907784,38.93854887633248,45.81194500485023,49.138747348883,41.09590806499509,40.813970984913624,30.86945193174654
pig_17,A1,7,A1_p7,2026-07-09 17:00:00,4,4,28.317171198402306,41.06858996839872,36.583988466684524,36.45145802528278,45.77060679717332,49.07049037726205,40.63721016269437,39.803710159612244,32.250300816790926
pig_17,A1,7,A1_p7,2026-07-09 17:30:00,4,4,28.309887522005063,41.01145170674264,36.03956047162136,35.97912274498465,49.21287040142069,51.0552194095219,42.774234572636956,43.225768820781894,32.64112949430883
pig_17,A1,7,A1_p7,2026-07-09 18:00:00,4,4,32.562543291819196,40.950913780366896,34.80490512276486,36.702597771355116,48.746593182977534,43.2906798188499,41.373353859181805,36.48503773087149,34.738174750748556
pig_17,A1,7,A1_p7,2026-07-09 18:30:00,4,4,20.01744389171796,40.89034600810107,35.633605260585014,35.920681899549244,40.59168521475893,44.23506458670773,36.027647539063636,35.187661620044764,28.313207834556096
pig_17,A1,7,A1_p7,2026-07-09 19:00:00,4,4,27.634695033988052,40.83310240899757,33.967860735620256,38.01072201080528,45.001291386922155,47.57406921652354,37.900648766934836,41.210027212822844,31.224850316204385
pig_17,A1,7,A1_p7,2026-07-09 19:30:00,4,4,26.664137858306738,40.77586217555627,36.68674685538973,35.41301830849731,46.79486630236013,44.368520225864714,41.681068392225264,38.35218765188612,34.23355840425477
pig_17,A1,7,A1_p7,2026-07-09 20:00:00,4,4,22.8412188383013,40.71520411470249,34.85756208953816,33.2534964221223,37.83447910201271,31.11513872265282,33.38598616302142,31.891074729890892,22.902883557151732
pig_17,A1,7,A1_p7,2026-07-09 20:30:00,4,4,19.462140296978607,40.654523226805615,33.81381843592995,37.844486205765904,37.367332192677054,29.13484464341937,32.15301097801823,33.79080461651525,21.636682502482437
pig_17,A1,7,A1_p7,2026-07-09 21:00:00,4,4,20.870705756526842,40.593808475800216,33.614732435613305,30.67001858943074,37.19947750317384,29.193288166549863,31.88984938206101,30.85604564357788,21.83591456356352
pig_17,A1,7,A1_p7,2026-07-09 21:30:00,4,4,20.4083842884261,40.53643850265108,33.51638819434695,32.37738839251532,37.06641247302783,28.812248527362343,31.73955932568866,32.84167325200313,22.34798126204835
pig_17,A1,7,A1_p7,2026-07-09 22:00:00,4,4,20.557997740533626,40.479042367256326,32.39459831803454,29.071470435842564,36.73016706123872,32.50355361336973,30.533797985177756,32.96361521346077,21.450723304412957
pig_17,A1,7,A1_p7,2026-07-09 22:30:00,4,4,20.9363129937475,40.41824358277659,33.726600362082344,34.98871716329107,37.45476785193516,29.832977809420022,32.2910192816377,32.355981536031734,21.74172607546567
pig_17,A1,7,A1_p7,2026-07-09 23:00:00,4,4,21.329347001665333,40.357410633189325,32.19311172831319,28.984116260590397,37.62972939151438,33.998371415474836,31.1074821296733,26.868614082898098,21.580286030298847
pig_17,A1,7,A1_p7,2026-07-09 23:30:00,4,4,20.82009215344059,40.2999292134417,32.078843266660286,29.79891159771259,36.824573803164405,28.64414386224025,30.439216822539322,31.60764991857659,21.472881166006566
pig_17,A1,7,A1_p7,2026-07-10 00:00:00,4,4,21.675031485063318,40.242424119260534,32.461316198244646,30.80578374832789,37.50377034214007,30.27886153548902,31.322408845028548,27.68887006637788,22.017811370918174
pig_17,A1,7,A1_p7,2026-07-10 00:30:00,4,4,20.87329586212961,40.1814989461884,32.92590702608794,32.56231855880158,38.12115752514311,36.23833887064082,32.23387705171431,25.908726092545166,21.29866123537859
pig_17,A1,7,A1_p7,2026-07-10 01:00:00,4,4,21.385848432795832,40.12055030824029,28.747072646842746,26.910673385802525,38.170549402623536,39.76132881449094,28.621902067477727,29.397840971613086,21.235610436494788
pig_17,A1,7,A1_p7,2026-07-10 01:30:00,4,4,20.004770928928636,40.05956344449116,30.088133449261978,23.800625234117724,36.553675381816774,32.43863691734375,28.631388800978762,23.79501037731476,20.98948730326403
pig_17,A1,7,A1_p7,2026-07-10 02:00:00,4,4,20.175120386414903,40.00194804961176,30.286015121614163,23.76639414662371,36.29043527495193,32.12046004629617,28.645037346162347,23.838132379348757,20.827402732239424
pig_17,A1,7,A1_p7,2026-07-10 02:30:00,4,4,20.11766724779118,39.94429211035104,30.070675278802405,23.73213897045918,36.769890751673614,28.466594122654477,28.851009680594096,22.292084384559168,19.961879530572823
pig_17,A1,7,A1_p7,2026-07-10 03:00:00,4,4,20.256273459936654,39.88322294129082,30.26190287364956,27.70983304841328,37.51788408263903,38.56193714268187,29.61928362653615,22.906339260581824,20.96982006330522
pig_17,A1,7,A1_p7,2026-07-10 03:30:00,4,4,19.74009404599373,39.822118905803485,31.364682033295935,31.026837977972797,38.201148837778035,37.649789501335114,31.143426019156138,27.208953367368057,21.709201840987397
pig_17,A1,7,A1_p7,2026-07-10 04:00:00,4,4,21.253418215822137,39.7609872838108,32.3199812821226,33.92310305308859,36.23848054133886,32.19686184952741,30.553287026755328,34.24252228710916,20.354153149900753
pig_17,A1,7,A1_p7,2026-07-10 04:30:00,4,4,19.65966958487423,39.703229274540284,31.8827568243495,30.797420948793174,36.32041650214496,28.220025030617556,30.265429297324808,32.10969323597319,20.700859626207382
pig_17,A1,7,A1_p7,2026-07-10 05:00:00,4,4,19.714989885924837,39.645423891117076,31.59510406254901,28.4727775452356,36.39799137828933,28.216050726566678,30.106318601999547,30.592637473713125,20.616896544465853
pig_17,A1,7,A1_p7,2026-07-10 05:30:00,4,4,19.99543423223097,39.58420517978002,30.879792566517033,30.383230279251507,36.459874333962176,28.209975518095916,29.56021768435172,29.412123708365062,20.264436219253852
pig_17,A1,7,A1_p7,2026-07-10 06:00:00,4,4,20.397649730324414,39.52294013275463,29.952663572831376,23.481800732891447,36.47236496635044,32.61190133015678,28.790191954265637,22.01086283341297,20.41929071094857
pig_17,A1,7,A1_p7,2026-07-10 06:30:00,4,4,22.74595363404996,39.465062130339,30.364822248549743,29.951302220967214,39.287198370270275,40.35299037976406,31.30130709496354,29.91557573754354,23.52232291015099
pig_17,A1,7,A1_p7,2026-07-10 07:00:00,4,4,20.02732475661605,39.407144739136015,27.93309453702735,27.60857840740681,40.29625522387175,38.379562624671784,29.948767377926913,36.78554731425087,24.14416345265142
pig_18,B2,8,B2_p8,2026-07-12 10:00:00,2,1,52.07190272141604,40.73590769240121,48.98227716528209,49.89309654476507,45.878478586238685,42.72397665584319,51.8804002694194,52.65956497655513,51.986929109341965
pig_18,B2,8,B2_p8,2026-07-12 10:30:00,2,1,35.71774991645794,40.75971997022869,47.21371914927501,50.210052759585295,40.952156242158345,42.00578047898539,46.70636918161542,48.689141822852505,44.070453709498096
pig_18,B2,8,B2_p8,2026-07-12 11:00:00,2,1,51.48848004629828,40.783527611826855,49.000664027944026,49.95142113778255,48.83992466848893,50.14118782085705,54.01202064654661,55.08524028423808,55.05635953487623
pig_18,B2,8,B2_p8,2026-07-12 11:30:00,2,1,47.153587287742255,40.80733943759391,50.19420259129363,45.914838574910426,46.604141282695494,46.65698825820036,53.451862162866036,55.32529277636381,53.94916068354808
pig_18,B2,8,B2_p8,2026-07-12 12:00:00,2,1,42.95440381463808,40.831135614998175,47.5437943202724,55.32301001812123,43.068179293700794,46.67537302539294,48.49130830689282,54.53800575738724,47.90578991852987
pig_18,B2,8,B2_p8,2026-07-12 12:30:00,2,1,38.27698571686808,40.854940389231366,47.87205213418157,53.22524374568461,39.5608287283961,43.13913137036487,46.23166095442608,50.05462840144752,43.871062751270756
pig_18,B2,8,B2_p8,2026-07-12 13:00:00,2,1,41.38879591545938,40.87872512213563,47.02829096545118,49.49266180347931,42.77012572678359,43.65508620026546,47.781901462991115,51.448362012131774,49.09983015580011
pig_18,B2,8,B2_p8,2026-07-12 13:30:00,2,1,42.11440250683405,40.9025140520376,46.31728621281319,45.180529575397756,41.81993140059353,40.04652692990451,46.43913044785113,45.974730850625164,44.497283692975856
pig_18,B2,8,B2_p8,2026-07-12 14:00:00,2,1,41.45990896776969,40.926291765443366,46.74223488627395,50.56565099435987,43.38595525229246,44.65073403240723,47.94083356711818,53.53892168685124,47.68068662866594
pig_18,B2,8,B2_p8,2026-07-12 14:30:00,2,1,39.73127739765141,40.95007147910465,42.70962977104797,45.781452496699174,39.6143680375977,43.08741591240127,41.56594667405271,45.41315484334753,41.18612221745192
pig_18,B2,8,B2_p8,2026-07-12 15:00:00,2,1,54.127106819827155,40.971866130682514,46.333133593784815,45.801176167247526,56.28806260903762,51.2204220790598,56.888485196633766,50.8960659148004,59.52896014101684
pig_18,B2,8,B2_p8,2026-07-12 16:30:00,2,1,40.95456348120471,41.04514215779221,47.24428579344277,50.53350114716346,41.10867593676542,42.38126722257456,46.66911738424335,47.533524467730814,45.491232802016995
pig_18,B2,8,B2_p8,2026-07-12 17:00:00,2,1,42.25896716973274,41.06889230809367,50.50347807704174,46.209127739391896,44.002758356258134,47.290723065237785,51.68290814471482,60.23100305347424,53.568656292541064
pig_18,B2,8,B2_p8,2026-07-12 17:30:00,2,1,43.335758849704604,41.09264007989744,46.16291143831906,54.819357375449684,41.09720760343782,40.787303295960406,45.65815547997019,48.63072098341418,45.920257793378305
pig_18,B2,8,B2_p8,2026-07-12 18:00:00,2,1,41.05285645120382,41.11638547634108,47.06065444012787,55.39212180633518,40.04127691624686,40.67345661801173,45.68637733206557,53.52266016119546,45.89573261163713
pig_18,B2,8,B2_p8,2026-07-12 18:30:00,2,1,44.0487392906214,41.14012850055684,48.01770664949654,50.70165462527429,42.81315167202148,50.279556714075724,48.540209768118395,58.17543290975536,46.01222288792173
pig_18,B2,8,B2_p8,2026-07-12 19:00:00,2,1,39.496730137374705,41.16386256289995,46.43926716542185,48.705828446862874,39.052807727079625,35.648707968649404,44.38174139499048,46.329797815733805,41.05748862982932
pig_18,B2,8,B2_p8,2026-07-12 19:30:00,2,1,43.374129050792604,41.18760085330237,47.48702002604515,50.708891857842715,43.37311926698821,46.517633052412826,48.43862590198964,51.482554636012594,47.18072359038071
pig_18,B2,8,B2_p8,2026-07-12 20:00:00,2,1,40.11089515154371,41.21132360036136,46.655061052578795,45.52163767729722,41.16399308266996,43.30210185147239,46.0752955721602,43.38711750153027,43.42821762314726
pig_18,B2,8,B2_p8,2026-07-12 20:30:00,2,1,38.567355431256495,41.23504838537536,43.83984755856281,44.88885969968302,39.35652508264338,38.726883504637314,42.21833665168531,42.6533031670285,39.03066598449259
pig_18,B2,8,B2_p8,2026-07-12 21:00:00,2,1,40.48728168809794,41.258759837587085,44.63839919420436,48.51698850556286,39.10304265693566,35.96648161720189,42.73849142861634,45.497252326951546,38.63308670952214
pig_18,B2,8,B2_p8,2026-07-12 21:30:00,2,1,40.60132654910893,41.28247772575616,43.41068072420905,44.6362595993463,39.18528368755926,36.195899531002986,41.67855719083763,39.10231256587238,37.71517567592702
pig_18,B2,8,B2_p8,2026-07-12 22:00:00,2,1,37.92097817172065,41.30618448741627,44.97655681383446,47.13794931611771,39.97786138481482,43.615604429589574,43.6467467028123,44.83550121584647,38.94713898930043
pig_18,B2,8,B2_p8,2026-07-12 22:30:00,2,1,38.244028243098775,41.32989329855347,46.033535451550534,52.406008239277355,40.20691022140956,40.805087280195686,44.74890216059097,50.67648546925605,40.07433981429983
pig_18,B2,8,B2_p8,2026-07-13 10:00:00,3,1,47.40363420564856,41.8738574868424,46.958383776360115,47.97876582370016,43.85122924640712,44.71780498692411,47.88097960950256,55.389422008099594,50.01695352592115
pig_18,B2,8,B2_p8,2026-07-13 10:30:00,3,1,56.629041743715476,41.89549247736902,49.67913986780297,54.1139609966458,49.3747682510523,45.81323046822379,54.315960748953856,56.322446062821925,56.125901902453954
pig_18,B2,8,B2_p8,2026-07-13 11:00:00,3,1,41.982087689636785,41.92105113941386,44.59811992625026,45.63564871983492,40.27898677787606,41.959345850490976,43.140619879135755,44.44525897031682,42.851344217241824
pig_18,B2,8,B2_p8,2026-07-13 11:30:00,3,1,38.24407980188844,41.94463258945912,42.90052135686948,43.289147928753664,40.303898856626354,41.9829488420957,41.61645496039841,45.10778061620117,42.62265732957806
pig_18,B2,8,B2_p8,2026-07-13 12:00:00,3,1,44.004364344304946,41.96822272189778,44.06458975334776,44.32390461961951,42.819441528134774,47.368347371240255,44.47100955394312,48.473787520230616,45.00266542831708
pig_18,B2,8,B2_p8,2026-07-13 12:30:00,3,1,45.87163256452215,41.99179751994025,45.01785818547643,46.45993707013766,45.287391483628554,44.42235174464206,47.10142839107675,54.39693291046498,48.810029210349356
pig_18,B2,8,B2_p8,2026-07-13 13:00:00,3,1,41.76755030569203,42.015376637637594,42.92613661295588,43.07491476400554,40.15284550328454,41.59972035475168,41.485958171840515,43.621626704509424,42.28000301545836
pig_18,B2,8,B2_p8,2026-07-13 13:30:00,3,1,37.79647504503223,42.03894479857049,44.93450819566424,46.62481541212073,40.66476686568592,44.233121790245264,43.649127594861454,44.3580873810684,42.23017422853651
pig_18,B2,8,B2_p8,2026-07-13 14:00:00,3,1,53.28426771685338,42.062506374183684,47.050493389216776,48.57866651645247,48.81624847248092,50.22018889179604,51.44199277321174,62.559074970317624,53.38022464945125
pig_18,B2,8,B2_p8,2026-07-13 14:30:00,3,1,55.04646780613337,42.08410592924915,45.44741812102868,49.48752923436585,51.555999872952896,48.39090854858119,51.970306624536995,60.426320154908375,56.786561569391395
pig_18,B2,8,B2_p8,2026-07-13 15:00:00,3,1,42.562022783141614,42.10373836494232,50.40786222912785,52.973873602340745,40.26770476576565,41.687207923354045,48.24602608988539,49.49067396762286,48.39048597429276
pig_18,B2,8,B2_p8,2026-07-13 16:00:00,3,1,63.08174628402336,42.158694879791256,52.65911609236338,45.96171925462761,55.18325624756613,53.87910390003782,61.03981173730061,56.67410892417993,63.7852066186048
pig_18,B2,8,B2_p8,2026-07-13 16:30:00,3,1,50.11065540763583,42.18027451324062,49.11886485776552,57.15098819357729,45.74321335601833,45.921878758342565,51.004003414886,57.45606524814363,56.407309160306994
pig_18,B2,8,B2_p8,2026-07-13 17:00:00,3,1,41.29826238592945,42.20381193338102,46.5407201315381,50.01039882278393,42.73641360107149,48.46976948240875,46.49187295238881,53.29789970621934,48.51549159668913
pig_18,B2,8,B2_p8,2026-07-13 17:30:00,3,1,42.46888090645659,42.22735151561699,46.00976676608762,48.18917022228088,43.906928866544916,47.44100666202608,46.847165878018735,57.74605512043717,50.715993466234295
pig_18,B2,8,B2_p8,2026-07-13 18:00:00,3,1,39.47537085550516,42.25088454604847,44.80596432858947,47.11406561438737,39.710536148447744,40.923827334282734,42.710116508671824,45.40192654936098,41.81737691495579
pig_18,B2,8,B2_p8,2026-07-13 18:30:00,3,1,40.52073055466481,42.2744110299475,45.973775496845846,48.24287377851296,40.02973087031993,35.37512069589057,43.97739945280192,44.94909920561665,42.58179596393987
pig_18,B2,8,B2_p8,2026-07-13 19:00:00,3,1,44.12805837326922,42.297933150349266,48.14496905909519,47.482697182947916,40.513606930075454,45.16279815648379,46.26679261384247,50.217782712976,44.29246021491509
pig_18,B2,8,B2_p8,2026-07-13 19:30:00,3,1,47.47557323884188,42.32144437919085,44.33014633479996,40.84276868322633,41.76779174647768,42.68495079839602,43.72788899944528,44.057173737056274,43.52574137071032
pig_18,B2,8,B2_p8,2026-07-13 20:00:00,3,1,41.90859405612076,42.34790100956494,42.628127079669554,45.58782010362155,39.68932282454063,34.407225210414076,40.67460327678678,36.98691482849616,40.177231972693676
pig_18,B2,8,B2_p8,2026-07-13 20:30:00,3,1,42.6680419651286,42.36847337097254,42.22921498563497,41.74035993638124,40.11268052521385,35.45383182599576,40.609437938109785,39.18954623445484,39.8825764950008
pig_18,B2,8,B2_p8,2026-07-13 21:00:00,3,1,38.45537371427676,42.391971549271204,42.90128576520185,42.62669255695905,40.40666351745138,40.05442050978772,41.41241427002089,41.16872052057168,39.4735989275121
pig_18,B2,8,B2_p8,2026-07-13 21:30:00,3,1,40.38887989669837,42.415476265428296,43.93505393185855,44.93025737799649,40.491829563071974,39.835510626138394,42.3896069978783,41.92491385684597,38.837267477500326
pig_18,B2,8,B2_p8,2026-07-13 22:00:00,3,1,44.25305870021724,42.438974465283835,42.66268213707271,45.68586133391983,41.021210630221,43.7377620279696,41.61346688928766,46.62204150119062,41.03309996688336
pig_18,B2,8,B2_p8,2026-07-13 22:30:00,3,1,40.90863275607974,42.46246832900293,43.39777027341998,43.5332811536098,41.036835990679215,43.761974889694244,42.27155141689845,46.056986897461194,39.19668777992182
pig_18,B2,8,B2_p8,2026-07-13 23:00:00,3,1,43.86661358389783,42.485946987808745,45.39956882350794,47.12057939149531,42.16080449909341,46.82989440237477,44.87213023365334,48.78560701842524,42.906701473498345
pig_18,B2,8,B2_p8,2026-07-13 23:30:00,3,1,43.27563481813516,42.50943436739891,44.25697883530311,46.309828639117924,40.64086599226151,42.088890393007695,42.728578434105984,45.69581766744857,39.50001391769728
pig_18,B2,8,B2_p8,2026-07-14 00:00:00,3,1,41.98087041157625,42.53291524826969,45.35437693936227,45.804286668870226,41.03515020529135,41.59353454711154,43.98691515506607,43.686224198601025,39.72333483589691
pig_18,B2,8,B2_p8,2026-07-14 00:30:00,3,1,45.82425382643492,42.556387462244984,46.77389538902386,51.27207574987103,41.48431904165689,45.989047656013106,45.574849267635706,49.477772383202506,42.6095555975711
pig_18,B2,8,B2_p8,2026-07-14 01:00:00,3,1,45.92642350516497,42.579857534558,47.51803478061184,48.42361044315814,41.41236431072994,45.027856091807905,46.17766407253657,50.61175777157194,40.49983340759886
pig_18,B2,8,B2_p8,2026-07-14 01:30:00,3,1,42.75883175383271,42.60332546797427,43.73834968769383,44.627390160752086,41.59974453237514,42.0735428697021,42.89778351381093,44.7875639920112,41.50665237027617
pig_18,B2,8,B2_p8,2026-07-14 02:00:00,3,1,39.37362863015542,42.62678909309749,42.98506964016442,43.417915549189985,40.77149677161764,42.205084133539266,41.60549474081466,42.84846979070869,37.64756509721857
pig_18,B2,8,B2_p8,2026-07-14 02:30:00,3,1,36.85505305303786,42.6502397268427,42.214650773115224,41.741768300294495,41.173714289369556,41.70826780074026,41.18894260708115,42.519678381029934,37.22934827756624
pig_18,B2,8,B2_p8,2026-07-14 03:00:00,3,1,34.284257039098286,42.67369909154277,42.329992261833155,41.764727968799384,40.71180265190513,40.07802677918649,40.943552871257545,38.80232972215241,36.46023099335115
pig_18,B2,8,B2_p8,2026-07-14 03:30:00,3,1,35.680867229373725,42.69714547433901,42.487951425067386,42.346786091125026,40.900239000996805,45.58904937651013,41.20752528762024,45.281430682308574,37.99460207124465
pig_18,B2,8,B2_p8,2026-07-14 04:00:00,3,1,38.33363800496653,42.720591907331034,40.39524103181871,39.19804938122597,41.09373187087918,45.45473870274356,39.45001742691677,40.417812548543,36.47629406669942
pig_18,B2,8,B2_p8,2026-07-14 04:30:00,3,1,35.67907636818482,42.74403405172213,44.060882374298586,39.98250593186732,41.5765368622643,42.20127130715876,43.083382196183805,42.949680326575,38.409558888300076
pig_18,B2,8,B2_p8,2026-07-14 05:00:00,3,1,36.91519162481146,42.76746323233911,41.84332606816906,40.4862440578421,46.659084976278415,49.05551210474128,44.75438990531922,47.95405625874731,41.982640821295206
pig_18,B2,8,B2_p8,2026-07-14 05:30:00,3,1,47.16685011601872,42.791290337256825,41.2125469949702,40.10278541221838,40.76223280709549,41.59595147102243,39.9012231751791,37.95421887550736,35.98196122800591
pig_18,B2,8,B2_p8,2026-07-14 06:00:00,3,1,35.213733900637735,42.81432611652579,43.84044397511507,44.836509952276174,40.767021038127,38.639502505631356,42.25488580700212,42.37716946809094,32.36393582389316
pig_18,B2,8,B2_p8,2026-07-14 16:30:00,4,1,28.60602068045972,42.82030826250563,37.06490839679651,34.130314064054154,48.975142999042006,48.95851205569416,42.09919174405276,40.041956581581594,39.99308929937557
pig_18,B2,8,B2_p8,2026-07-14 17:00:00,4,1,29.520148477349988,42.73707573014084,34.05491897716652,27.784327969651727,42.26269834776407,46.0907508586168,34.581347804529194,30.65630210073287,32.46215216879335
pig_18,B2,8,B2_p8,2026-07-14 17:30:00,4,1,23.986803050226357,42.65379684229079,38.17085097500362,37.254901018987916,40.34791410665263,40.60248500539385,36.95005388532543,34.91397282662022,32.96843583445951
pig_18,B2,8,B2_p8,2026-07-14 18:00:00,4,1,32.757807563807816,42.57047143797082,31.875989373365112,26.403596268606197,48.50254203552645,48.6728616322792,37.24385661152799,41.35304918739847,36.00244669877628
pig_18,B2,8,B2_p8,2026-07-14 18:30:00,4,1,24.05993730620859,42.48709935525871,31.342657199375335,27.34016354733754,39.03585923120344,30.711193026911864,29.959860339180906,24.79876189381458,25.977171715036327
pig_18,B2,8,B2_p8,2026-07-14 19:00:00,4,1,22.385772991382687,42.40367270334971,33.74955223017022,27.567575211439355,39.57754859290388,36.003946121669244,32.56994686661505,27.39058742728708,27.586005661403636
pig_18,B2,8,B2_p8,2026-07-14 19:30:00,4,1,24.7816645057748,42.32017583715813,33.454886721459324,32.20229232668182,40.631280300725884,42.358835147036295,33.120065784693786,31.202987447661968,28.04719446704174
pig_18,B2,8,B2_p8,2026-07-14 20:00:00,4,1,26.60635780549363,42.23663176033268,33.48649421909034,29.887370376582346,42.12544846856574,41.08136779439835,34.28277406277297,30.94336137822548,29.099010942356763
pig_18,B2,8,B2_p8,2026-07-14 20:30:00,4,1,23.649253604493456,42.15304030692519,36.63620519190074,38.82006131158006,40.083428239636376,39.064798821286104,35.69012468731235,34.7900825477883,29.934404917431742
pig_18,B2,8,B2_p8,2026-07-14 21:00:00,4,1,23.040250444719558,42.069385813304514,35.98861735516008,36.521232368422616,39.65692390602976,39.79508201412997,34.85074054830285,30.68845495281657,29.00049378511674
pig_18,B2,8,B2_p8,2026-07-14 21:30:00,4,1,24.648284115195032,41.98568358767905,34.18672427659119,32.823341163279494,39.88417706773903,36.81246060315717,33.44622367202896,26.843704606458772,26.655822743366794
pig_18,B2,8,B2_p8,2026-07-14 22:00:00,4,1,23.005873568224654,41.9018946677309,32.40189259252901,30.361301603759017,39.15937418833175,31.670937290343062,31.36759730351124,27.696626778339596,25.647162167994605
pig_18,B2,8,B2_p8,2026-07-14 22:30:00,4,1,23.125503263205072,41.818096444163174,32.75973031227242,33.48981738496811,39.175898874304714,36.045353238715826,31.753838804693448,28.746579830215616,25.323175135176136
pig_18,B2,8,B2_p8,2026-07-14 23:00:00,4,1,23.839907935592418,41.73421890229582,31.052109357135905,25.884925143182237,39.271195745900755,40.00069452106011,30.338689178717544,31.469348116751554,25.02075062897617
pig_18,B2,8,B2_p8,2026-07-14 23:30:00,4,1,24.27186124680356,41.650285130264976,33.129770365363456,27.077781114364917,39.053686818986264,33.84041962862116,32.10300846341977,25.989653581111707,25.22845788028061
pig_18,B2,8,B2_p8,2026-07-15 00:00:00,4,1,25.003273084477307,41.566294939084685,31.471278334645298,27.843929323718935,40.27053338181519,42.890828341614174,31.544404255891735,29.37379787721698,25.853842492771875
pig_18,B2,8,B2_p8,2026-07-15 00:30:00,4,1,23.955147253984638,41.482240353884436,31.304075387905073,27.787623849943124,38.85998293600291,35.755860113947804,30.424834166372065,28.19783429787101,24.756351164545187
pig_18,B2,8,B2_p8,2026-07-15 01:00:00,4,1,21.547024875011406,41.39814453758971,32.00032494864283,29.996294012683954,38.51035769358418,34.98686190214023,30.850583064941596,29.002583440299766,24.04393482451107
pig_18,B2,8,B2_p8,2026-07-15 01:30:00,4,1,22.619490017322228,41.313983943530715,31.699200023514457,29.980903197827274,38.552423756847546,35.07871741159074,30.66261710677933,28.429392683970136,24.352141768407236
pig_19,B1,2,B1_p2,2026-06-12 10:00:00,2,2,31.55528284577283,30.571893829373273,30.772830648169453,30.03184672568534,29.1785843239972,29.887468270211578,29.756367216683717,29.02190640433062,35.823307787136486
pig_19,B1,2,B1_p2,2026-06-12 10:30:00,2,2,32.53969988140253,30.597664246298606,29.37798515049473,29.942544188259177,28.988402171045042,26.327141631561403,28.38242943812797,26.335751264939283,36.16720962251534
pig_19,B1,2,B1_p2,2026-06-12 11:00:00,2,2,37.267547054406386,30.618285297377007,31.4605318710255,30.874503295542432,32.09925650113595,34.22569607108638,32.411163996682305,35.36464554277439,38.949134452788854
pig_19,B1,2,B1_p2,2026-06-12 11:30:00,2,2,42.361753648280754,30.638899811789138,34.16163534646036,34.14145433475858,35.51842122187699,35.14762413677098,37.201882191324756,36.30885704363063,43.4401354713714
pig_19,B1,2,B1_p2,2026-06-12 12:00:00,2,2,35.368710604596195,30.65950970394034,31.586960810547282,32.02517858454075,29.788874313279372,31.43116566216712,30.85323522121509,32.06011745408184,35.6413500425399
pig_19,B1,2,B1_p2,2026-06-12 12:30:00,2,2,35.871545393443924,30.680107348985246,33.50914807607059,34.9297544790807,31.893386307212843,33.65334099917827,34.02501662206894,39.037905260186214,39.783571290833216
pig_19,B1,2,B1_p2,2026-06-12 13:00:00,2,2,41.40984624582736,30.70070801384353,33.491613805668436,34.84099238595692,32.51404406746348,33.38295033569974,34.439293313049525,39.94418082779811,41.02782247935126
pig_19,B1,2,B1_p2,2026-06-12 13:30:00,2,2,40.912080600420566,30.721298351981638,32.91264663450484,34.44806675796637,33.24606455053055,31.802603051862803,34.44042365490165,38.62915049320151,39.98300006071901
pig_19,B1,2,B1_p2,2026-06-12 15:30:00,2,2,33.29011520760241,30.803638529574542,29.76539701965976,28.17997197568747,28.759352357865527,25.002704542085993,28.437886659070607,26.101803343091888,36.881445798552015
pig_19,B1,2,B1_p2,2026-06-12 16:00:00,2,2,35.60146949675299,30.824205918111975,31.17926869174307,31.286452785993802,29.247492317823138,26.332836330537177,30.013312051315545,29.468158966141136,37.320710660932896
pig_19,B1,2,B1_p2,2026-06-12 16:30:00,2,2,38.957981299559385,30.844772541360783,35.04416030860802,37.33303566613067,33.097314596539704,33.80444044234989,36.13133642329845,34.266279011137804,41.73059790799495
pig_19,B1,2,B1_p2,2026-06-12 17:00:00,2,2,48.21514651911663,30.865338401863866,31.903352882165773,35.41058884542511,37.281282688810094,37.04807802058048,36.34265729094807,34.317333207985534,46.35378110108067
pig_19,B1,2,B1_p2,2026-06-12 17:30:00,2,2,35.50535925940465,30.88589398586017,30.325651072216765,30.00392317217154,29.36129639155478,28.071555990970182,29.309301269194414,28.587831457480526,36.28797959975577
pig_19,B1,2,B1_p2,2026-06-12 18:00:00,2,2,34.83227586417896,30.906445010727026,30.437705779180742,29.879979278251557,29.579273928627778,32.14942199460752,29.550637328235595,32.06918350501251,36.79575322019213
pig_19,B1,2,B1_p2,2026-06-12 18:30:00,2,2,43.32995949636165,30.92699718876515,33.35850586181739,35.098500575541266,37.03861098662841,34.151888951087685,37.409896535575456,41.05161293318118,44.592321225016406
pig_19,B1,2,B1_p2,2026-06-12 19:00:00,2,2,39.259030640687314,30.947539109254457,31.06310691286997,31.52807315655391,30.30482995670964,31.173559607370837,30.59141788591757,32.24707777158591,35.802210390070535
pig_19,B1,2,B1_p2,2026-06-12 19:30:00,2,2,36.05923542456037,30.968082190464187,32.018821793881834,32.70284374613384,30.577839137208574,33.10192365082155,31.61188689279649,32.48134290390383,36.59419360360827
pig_19,B1,2,B1_p2,2026-06-12 20:00:00,2,2,37.10806222217623,30.98861312555247,32.441181679835616,32.54219158254993,31.063471903164395,28.56471879516655,32.315915102079174,31.00105536544329,37.13836402732772
pig_19,B1,2,B1_p2,2026-06-12 20:30:00,2,2,36.58157106083843,31.009145229715312,33.72074123989401,36.54109623001113,31.104874862714105,29.455269362249112,33.45556952992524,32.31703334677992,36.384434757559696
pig_19,B1,2,B1_p2,2026-06-12 21:00:00,2,2,38.18989198975536,31.029663301653752,33.049108161214235,33.63584265348332,31.559225190979873,36.49774134760034,33.17782024065298,37.94070486734815,37.04024735058124
pig_19,B1,2,B1_p2,2026-06-12 21:30:00,2,2,34.616553089489216,31.0501863516139,34.8227957075345,39.23208293595485,31.12880163715051,28.621475833005896,34.41502094712406,34.66926468502745,36.02442171906569
pig_19,B1,2,B1_p2,2026-06-12 22:00:00,2,2,41.43246997660102,31.07070298142616,33.06899401303851,33.68032925322353,33.086051032718295,32.419059793257766,34.25789569709151,36.56007150870771,39.1610813034933
pig_19,B1,2,B1_p2,2026-06-12 22:30:00,2,2,37.654753623904554,31.091222692623393,33.080514473433134,33.70257241359609,31.32466638069853,31.915027097795267,33.00215472071316,34.743304776806404,36.56406732488925
pig_19,B1,2,B1_p2,2026-06-12 23:00:00,2,2,34.622409490245744,31.111718904149946,33.33320523226523,34.88584881687172,30.225764345830576,31.894756320432524,32.42951109283099,32.478958789308976,35.157609015871
pig_19,B1,2,B1_p2,2026-06-12 23:30:00,2,2,37.333620252617266,31.132225801553126,35.62462694820705,40.51072101286214,31.228019965332294,29.572182336466426,35.14060255723313,31.345217990147454,36.713043096754134
pig_19,B1,2,B1_p2,2026-06-13 00:00:00,2,2,43.83922608257991,31.152726299480804,37.2999066892585,34.14591516233928,37.239535435748344,34.40115581250122,40.87690665363878,40.84048217951704,43.63978527850975
pig_19,B1,2,B1_p2,2026-06-13 00:30:00,2,2,40.39422050070188,31.173216609328996,34.22185256220128,36.031825466437155,30.466661509453985,30.885138527920457,33.34418159108277,34.86938963038423,34.515558349885836
pig_19,B1,2,B1_p2,2026-06-13 01:00:00,2,2,35.534845070304144,31.193710018614887,34.85658074190797,30.550351061274135,30.18303861955512,32.15638302490268,33.68693596101605,32.81287871451545,34.492026585678225
pig_19,B1,2,B1_p2,2026-06-13 01:30:00,2,2,36.31163509334796,31.21419514788677,34.29854243670153,36.33484973852835,31.051774878797485,33.90807819930439,33.80379943598325,36.62497490946892,35.45335264285422
pig_19,B1,2,B1_p2,2026-06-13 02:00:00,2,2,37.18617453122245,31.23467579683824,34.28742179411357,36.10286358692997,30.67020778011667,33.34631698229468,33.51038384402706,35.90193372640761,34.418459606814785
pig_19,B1,2,B1_p2,2026-06-13 02:30:00,2,2,35.345498723312865,31.255159553303955,33.864866694992116,33.35029399506606,30.754016255389693,32.483947101075074,33.187362413314176,33.63930948459952,33.221055054119034
pig_19,B1,2,B1_p2,2026-06-13 03:00:00,2,2,37.87309826396351,31.275623673351046,34.66358712756958,36.65093083101182,29.837450975898857,29.865449447344478,33.223436894466325,36.32779450847241,34.6588669908616
pig_19,B1,2,B1_p2,2026-06-13 03:30:00,2,2,35.69876336155545,31.29609659539768,33.558559610449066,34.99530100384777,30.5237307265401,34.72311863813032,32.73068151564721,35.215725947183245,36.21418092306118
pig_19,B1,2,B1_p2,2026-06-13 04:00:00,2,2,36.33168865317766,31.31656126517991,33.83781077416661,35.170248940788895,30.30377558346357,32.28302559923174,32.80699042914807,32.825564047275954,34.58825383754351
pig_19,B1,2,B1_p2,2026-06-13 04:30:00,2,2,36.43794229841252,31.337015795950343,33.500148901243165,35.25057945711164,30.5575356014037,34.76851862119327,32.6794165437207,35.26177000728664,34.250961799201164
pig_19,B1,2,B1_p2,2026-06-13 05:00:00,2,2,35.34304447613727,31.35746208993521,33.20138927254601,34.587873986661236,30.239232307558034,32.124623517493475,32.178770575711454,32.472248252142066,33.85392324522822
pig_19,B1,2,B1_p2,2026-06-13 05:30:00,2,2,36.47699317759276,31.377920980292252,33.15191340081467,34.253847633836344,30.366738165717635,32.34627894422578,32.21408768416507,32.41927855464536,34.28270462885668
pig_19,B1,2,B1_p2,2026-06-13 06:00:00,2,2,35.482123390992484,31.398365960869604,33.531387593299144,35.31959141655524,30.033000392663183,32.66112672831704,32.29732069734929,33.811427416762754,34.02909601184044
pig_19,B1,2,B1_p2,2026-06-13 06:30:00,2,2,38.28150379390147,31.418806504840603,31.521157811835593,32.00818089216044,32.989298086919845,35.12053375644348,32.626459726824024,36.299123754456296,34.43597986722627
pig_19,B1,2,B1_p2,2026-06-13 10:30:00,3,2,37.277793828973266,31.582177381475233,31.41070107396139,33.14965419505821,30.9980463567819,30.722176414564682,31.015992017078183,33.53948056753651,39.09001884111646
pig_19,B1,2,B1_p2,2026-06-13 11:00:00,3,2,36.72372578945334,31.60257443255638,31.840748785476375,31.044320538092492,30.395060349627116,30.428472896008476,30.951958100729776,31.642616048126854,38.304881807664856
pig_19,B1,2,B1_p2,2026-06-13 11:30:00,3,2,47.66471095813658,31.622974649759136,35.088262996236445,37.057980638983025,36.29096671728224,32.30467050639085,37.9850037668171,41.36410083582567,46.17033925149468
pig_19,B1,2,B1_p2,2026-06-13 12:00:00,3,2,50.18760177443018,31.64335915342405,35.07181901659813,37.081868604948156,38.50404191973944,37.98194672242798,39.533854004818856,44.71525525868837,49.88828987225781
pig_19,B1,2,B1_p2,2026-06-13 12:30:00,3,2,39.023650900669466,31.663750606099757,32.517903008768144,31.928717200927302,30.929392776555872,31.371139399527195,31.89019036856688,32.216724981896135,39.65166730475541
pig_19,B1,2,B1_p2,2026-06-13 13:00:00,3,2,40.61671034866612,31.684135795209556,32.9001550000837,31.991288537199026,31.012179209786034,31.735808957183544,32.27237876615767,32.78552074327924,40.23479933583243
pig_19,B1,2,B1_p2,2026-06-13 13:30:00,3,2,37.442474060857286,31.70451472665914,31.6278741762803,33.895865985979334,31.02679787755669,31.75622112431399,31.15489298340667,33.274626569721306,39.0105384586347
pig_19,B1,2,B1_p2,2026-06-13 14:00:00,3,2,39.02798837215847,31.724885520010478,31.343274377345175,30.443663800464563,31.431805030030244,33.4948719262285,31.181566431090467,32.38445365579203,40.205886754000396
pig_19,B1,2,B1_p2,2026-06-13 14:30:00,3,2,41.20402181358509,31.740163583121735,36.697029639150315,38.76655536593175,35.89687916099959,33.89601394608748,39.0464950310872,39.76523061344708,47.04917174050271
pig_19,B1,2,B1_p2,2026-06-13 16:00:00,3,2,39.46685058363588,31.80972889328173,33.04372029976505,32.6629095277139,31.89299550137878,29.32160781464071,32.951306208260576,31.653544399945055,42.15507542088937
pig_19,B1,2,B1_p2,2026-06-13 16:30:00,3,2,46.96379940534469,31.82669303579336,33.69275462333614,35.105444598065816,37.49069488119299,39.27095010663644,37.49503847798813,40.1343591680342,48.204532399624995
pig_19,B1,2,B1_p2,2026-06-13 17:00:00,3,2,42.75355466177529,31.847039623879624,34.990545972700396,37.07151165898203,33.54101694666888,35.59922080365897,35.80992332652532,42.20549165108464,45.03871690130946
pig_19,B1,2,B1_p2,2026-06-13 17:30:00,3,2,53.0969267379764,31.86738941391087,35.744803215002094,40.26462354464864,46.48298254122656,44.179146222325585,45.67163275599309,45.50838532134054,56.85418862376869
pig_19,B1,2,B1_p2,2026-06-13 18:00:00,3,2,38.62991971324619,31.887721691417205,31.247951482702028,32.910980349295755,30.112526818071387,29.370441734814953,30.063000982535073,31.05477953873752,39.39625777750317
pig_19,B1,2,B1_p2,2026-06-13 18:30:00,3,2,34.08591913032252,31.9080628274218,30.009443837115533,29.032155138128203,29.698594635321957,26.611039782335798,28.670114751527535,27.931370229129005,39.42816930132487
pig_19,B1,2,B1_p2,2026-06-13 19:00:00,3,2,33.214069627935594,31.9283921126442,30.02478687438118,29.050652123219905,30.106270957089613,29.797374481173463,28.961786087518178,28.594188971044375,39.11892622726315
pig_19,B1,2,B1_p2,2026-06-13 19:30:00,3,2,34.88694640344768,31.948717084128273,29.970134962224698,29.09129443815234,30.692557432665694,31.38806072928019,29.319204394333433,29.629839495502424,38.22217728527201
pig_19,B1,2,B1_p2,2026-06-13 20:00:00,3,2,34.28917693998237,31.969049035552196,30.75983030228378,31.44925216948524,30.309298494366924,28.100075980084995,29.727050870311878,27.87349182848431,38.00785746151332
pig_19,B1,2,B1_p2,2026-06-13 20:30:00,3,2,34.93536347148543,31.989361628640907,31.12722876863173,30.978326819277168,31.46886975328287,33.2470141184125,30.86271464516407,32.40429517583068,38.904007311252286
pig_19,B1,2,B1_p2,2026-06-13 21:00:00,3,2,36.72167955249945,32.00967556544147,30.73359976942436,31.32432323444477,30.144347601100087,28.54356528661672,29.56270753908681,28.029341107932062,38.97306108983397
pig_19,B1,2,B1_p2,2026-06-13 21:30:00,3,2,33.07814183481854,32.029988966596385,31.571541757203505,31.797374201684306,30.537211013831794,30.585801462241193,30.565328474863488,29.268948172682023,40.00872890462341
pig_19,B1,2,B1_p2,2026-06-13 22:00:00,3,2,36.00262001051688,32.050292434630514,31.58277218451614,31.817530217702494,30.575945911612685,30.605189475235345,30.590793746344072,29.287501446435456,40.169841164798264
pig_19,B1,2,B1_p2,2026-06-13 22:30:00,3,2,34.994007236133456,32.07059349576604,33.70632952540424,35.10088121769213,30.601314803696745,30.62457518985459,32.459423712885666,33.48298141241264,40.66527947045809
pig_19,B1,2,B1_p2,2026-06-13 23:00:00,3,2,34.99849231071141,32.09089215333485,30.435184631472946,30.344451334022523,31.124431132049757,31.464443805101723,29.950774749971806,29.75569497372972,38.49707578770265
pig_19,B1,2,B1_p2,2026-06-13 23:30:00,3,2,35.70460158174357,32.11117713823894,30.98273373355956,29.376142399318297,30.039742776358835,27.838753742546444,29.646986888243973,29.32865701171089,38.32583791130995
pig_19,B1,2,B1_p2,2026-06-14 00:00:00,3,2,35.27326176920234,32.131469122677146,37.54222958206238,37.26721453619179,32.69216104168289,37.7937084833072,37.276235746645,37.451913502161815,41.27199567163305
pig_19,B1,2,B1_p2,2026-06-14 00:30:00,3,2,52.29675531027543,32.151751202508635,32.77056937222423,33.44747017042889,40.65975911856815,42.37792826574862,38.750542285343656,35.35510949327695,49.020211676802944
pig_19,B1,2,B1_p2,2026-06-14 01:00:00,3,2,35.34882964398414,32.17203840619237,31.999347003952636,33.76879101885381,30.69943899109174,31.451789752365972,30.972371464277465,31.359713097693295,39.07490500437861
pig_19,B1,2,B1_p2,2026-06-14 01:30:00,3,2,36.96244924941734,32.19230632924174,31.22897988579195,30.255445220905937,30.85263260714745,31.961931767804032,30.393807227386578,28.717555966640006,39.47428653415554
pig_19,B1,2,B1_p2,2026-06-14 02:00:00,3,2,35.566171396312555,32.21257938351601,32.01995842101456,34.47334380192578,30.349412805962235,30.062594054494745,30.717425162124158,31.50387221026994,38.97136727336237
pig_19,B1,2,B1_p2,2026-06-14 02:30:00,3,2,36.72135127331775,32.2328481857188,30.60752895110397,30.478681878180147,31.244604714098394,32.99439869050752,30.103878859126166,30.23001115645703,39.31468729939772
pig_19,B1,2,B1_p2,2026-06-14 03:00:00,3,2,35.985989284944864,32.25311086432808,30.497832852091214,29.52119248931799,30.608400292001903,27.553536717128303,29.542881172633216,28.02931927583877,37.99698160179449
pig_19,B1,2,B1_p2,2026-06-14 03:30:00,3,2,33.03043161253154,32.27336742496869,31.086305524305946,31.748622531047378,30.39032046717286,28.778703746317028,29.89185914345668,28.735313240189765,37.71211230514288
pig_19,B1,2,B1_p2,2026-06-14 04:00:00,3,2,38.76893297465629,32.293619748447284,36.5182293387799,40.382391095147455,31.241486290446485,33.29023720717857,35.2500220884207,39.768145297916774,39.097391108122316
pig_19,B1,2,B1_p2,2026-06-14 04:30:00,3,2,44.646512223696284,32.31387533839533,32.843954893805396,34.94428096048877,37.84782997358362,37.65876513968638,36.7178909994197,38.01834545660692,45.28041798582904
pig_19,B1,2,B1_p2,2026-06-14 05:00:00,3,2,41.04533751784769,32.3341229480786,32.483650824443075,32.27067090797744,30.886608913461814,32.06549933365506,31.434923608659126,31.19583625227252,39.743881885869456
pig_19,B1,2,B1_p2,2026-06-14 05:30:00,3,2,38.995930555787965,32.35436071024074,32.22094817480845,36.02795918305527,30.97438167957032,33.65556910470468,31.255072042821052,36.75614568206363,39.25147880533191
pig_19,B1,2,B1_p2,2026-06-14 06:00:00,3,2,37.5053332179593,32.37459800094181,34.62090797118714,36.301926449239104,32.17884543821878,35.609426566148244,34.205451402642154,36.04346062124695,40.331030699960955
pig_19,B1,2,B1_p2,2026-06-14 06:30:00,3,2,40.28721761102856,32.39483294899657,33.86607065843942,34.01891061854847,32.15262126285881,35.631683364419686,33.51281704761519,35.078028184179516,39.02715158470621
pig_19,B1,2,B1_p2,2026-06-14 07:00:00,3,2,37.621760507346245,32.41505993907931,34.888628368792105,35.76291751703823,32.319705567009336,32.61783740991707,34.516700818198956,35.28757286275892,39.29680799575452
pig_19,B1,2,B1_p2,2026-06-14 10:30:00,4,2,41.199442252109485,32.42298717343975,30.253495962315647,31.464391557952766,34.508919287476374,33.83002825781337,32.004948287354345,29.52160849144156,39.060332588914065
pig_19,B1,2,B1_p2,2026-06-14 11:00:00,4,2,36.38455054853927,32.39534154279886,29.448724826338527,28.058302077921525,30.980757499456413,33.17367955601352,28.804018980394716,27.803648401641247,34.809053207973776
pig_19,B1,2,B1_p2,2026-06-14 11:30:00,4,2,38.89838012372654,32.367682923594536,29.015604405984504,27.950483334899495,31.188535162603415,31.75936447064536,28.588323007920174,27.58776560436941,35.04083098058612
pig_19,B1,2,B1_p2,2026-06-14 12:00:00,4,2,40.914442628631626,32.340026671286786,28.76275631736175,28.029760203486507,34.71824279384218,35.44316963425696,30.89530356021656,29.01079884719193,38.02673037817161
pig_19,B1,2,B1_p2,2026-06-14 12:30:00,4,2,36.946090542955346,32.31234715769108,28.805606521787105,27.692252328662498,33.21546426804922,29.41559363837288,29.87950198070682,26.48905115327168,35.7600138127533
pig_19,B1,2,B1_p2,2026-06-14 13:00:00,4,2,43.54359393437002,32.28466742810902,27.46686654634371,27.529898962296805,36.52097209706214,34.477501494979684,31.074497110920134,28.740113212077446,37.98814704945625
pig_19,B1,2,B1_p2,2026-06-14 13:30:00,4,2,36.37782404080346,32.25698234976161,27.08357115286663,25.28136563076339,33.706732499865836,35.33023468634066,28.75143155825451,27.422063616048316,35.31914691341616
pig_19,B1,2,B1_p2,2026-06-14 14:00:00,4,2,39.74127949334674,32.229281654442474,28.936541856428832,27.83096960955514,37.164819017007716,33.63811723799542,32.85442717307953,28.660295984877454,37.929517171496364
pig_19,B1,2,B1_p2,2026-06-14 15:00:00,4,2,41.82985576573521,32.16694016313225,27.082728211246806,25.210795190612252,36.67839057979661,36.382313079274844,30.918956326171177,28.07300450887673,37.92476352664538
pig_19,B1,2,B1_p2,2026-06-14 15:30:00,4,2,33.91852744625845,32.14615242823952,25.991386065423015,25.385148909732166,34.213655176288775,33.54117987987796,28.219594886371382,26.84546517209238,36.4990445937639
pig_19,B1,2,B1_p2,2026-06-14 16:00:00,4,2,38.989753332591626,32.11843275530465,29.94961886303743,31.16884138511869,47.492310804654394,44.52717851149502,41.15940832027684,40.96062582591415,41.075670751221566
pig_19,A1,4,A1_p4,2026-06-22 09:30:00,2,2,36.43783521855096,35.488934156010146,37.22729579038004,39.30756029075154,36.07672543988335,41.742829335149295,37.43200689098355,43.69859251377853,37.73846544770432
pig_19,A1,4,A1_p4,2026-06-22 10:00:00,2,2,35.647904167543174,35.49906808215497,36.003579363875154,38.50131254828526,34.89951238800896,36.894703664895744,35.51479778560186,38.325351169264124,36.34892331433868
pig_19,A1,4,A1_p4,2026-06-22 10:30:00,2,2,33.96039398781687,35.509200397999734,36.90991822084422,36.46160594113981,34.44519470145883,34.81602303695544,35.98037627902297,35.37742670518573,35.418288452004724
pig_19,A1,4,A1_p4,2026-06-22 11:00:00,2,2,35.486721762516964,35.519928024109305,35.91316223848073,36.05259301863184,34.27941484878395,33.786726629865136,34.98182251318869,35.76620655754505,35.41340461493168
pig_19,A1,4,A1_p4,2026-06-22 11:30:00,2,2,32.643835845632,35.530653924401605,34.81085310568589,36.67081218343508,36.20378505449509,39.850484709503775,35.378469651452235,41.71330102459248,35.59862638427769
pig_19,A1,4,A1_p4,2026-06-22 12:00:00,2,2,40.255173671725466,35.54078307599839,35.37001374091506,37.304732177268605,41.974203517918056,43.85376505685488,39.97034285235428,38.871354114856345,38.40095678044043
pig_19,A1,4,A1_p4,2026-06-22 12:30:00,2,2,37.15596777639399,35.550912234156,34.48589202189535,33.41197945413179,36.19469107300512,39.873206032472545,35.07505023783861,41.693939360364766,35.421473840281564
pig_19,A1,4,A1_p4,2026-06-22 13:00:00,2,2,35.41595402412889,35.56163566389831,34.491159466029075,33.42205770506015,34.418512428030915,36.65910777262302,33.80906330917945,32.99276273529271,33.667053382245655
pig_19,A1,4,A1_p4,2026-06-22 13:30:00,2,2,38.82366049613376,35.57235930727949,33.510118056715186,32.36618467325562,38.60526394722581,38.41652449524862,35.92244644685429,32.85787813331734,36.14159464750078
pig_19,A1,4,A1_p4,2026-06-22 14:00:00,2,2,35.14738214382393,35.58307864502068,32.85206982923704,31.549457604636736,35.561278571402504,34.56084595976407,33.17225118039862,32.034451915439405,34.97736170083614
pig_19,A1,4,A1_p4,2026-06-22 14:30:00,2,2,40.32337944009383,35.59201286381263,36.286689646222214,37.02637473989312,38.99790122856109,41.69272268371199,38.625626015559796,44.94633358934836,37.00862718963289
pig_19,A1,4,A1_p4,2026-06-22 15:30:00,2,2,40.68546519795451,35.61463930193858,38.44777761163886,40.41842246782629,40.503156979101675,40.28182197987472,41.57919412389428,46.11730383536493,42.44754191400933
pig_19,A1,4,A1_p4,2026-06-22 16:00:00,2,2,39.25645631919763,35.624762906871325,35.122041936522145,35.366041436274735,36.97345516989827,39.07718706725685,36.143842266647034,37.59870271032938,38.89999780257773
pig_19,A1,4,A1_p4,2026-06-22 16:30:00,2,2,32.12212962605354,35.635477632398704,35.39555504818093,38.13647014545373,35.64639249709473,36.1469439979015,35.43281585837335,37.982717596066834,36.53071712063385
pig_19,A1,4,A1_p4,2026-06-22 17:00:00,2,2,37.835700067451576,35.645596682993826,34.567154018330605,33.50096718075771,38.30824573435269,39.06592108878394,36.5950031425143,37.85758713174521,37.4222825815399
pig_19,A1,4,A1_p4,2026-06-22 17:30:00,2,2,33.314911538297146,35.65571606653815,33.63399083043053,32.635588603297016,34.66787323169556,36.1944406651949,33.17935259488377,33.912008717089044,35.83745232806203
pig_19,A1,4,A1_p4,2026-06-22 18:00:00,2,2,36.6951682412402,35.66642704613171,34.37530661612771,35.08651311182081,36.45320584989191,40.13265371352655,35.094045356528945,39.42416215107356,35.62049689456277
pig_19,A1,4,A1_p4,2026-06-22 18:30:00,2,2,33.02851530603934,35.677139533888884,34.98519203372729,34.658350963313836,36.1024406482316,38.77749276432658,35.37297828449748,39.543265249181616,33.74973269569306
pig_19,A1,4,A1_p4,2026-06-22 19:00:00,2,2,33.15368143237806,35.68725520924048,34.15746171283183,33.0104697925613,34.679570098055876,36.555685751833835,33.62823083979344,34.12657310925269,33.210246061355434
pig_19,A1,4,A1_p4,2026-06-22 19:30:00,2,2,33.45693206917532,35.69737009014383,34.79506594817988,34.16839859263662,34.69665652481062,36.5660467730318,34.19366574049424,36.75370466688225,33.26250367829738
pig_19,A1,4,A1_p4,2026-06-22 20:00:00,2,2,32.58700042091113,35.70807883749567,35.62484020704461,38.176148265558986,34.8959838670046,35.37809316514089,35.05701909941031,37.30555580133263,32.50531190920925
pig_19,A1,4,A1_p4,2026-06-22 20:30:00,2,2,33.26547481959791,35.71878586963291,35.507749504361435,37.49156955024213,33.82158584329025,33.4793536893755,34.18325472421585,34.56047799017715,30.20848970787705
pig_19,A1,4,A1_p4,2026-06-22 21:00:00,2,2,30.98371755907703,35.729492476783406,34.62590191237392,33.6580458758387,33.71614461046249,33.42350132076285,33.328446359250954,32.38880458975806,30.167545186673056
pig_19,A1,4,A1_p4,2026-06-22 21:30:00,2,2,32.964962661943034,35.739602404098385,36.41623379028114,37.17991215423434,35.41615257689514,37.73357683086159,36.10282842354821,38.58923287043342,33.332247836961
pig_19,A1,4,A1_p4,2026-06-22 22:00:00,2,2,33.36577383619839,35.74971121705602,35.21309227272051,34.5623907893114,33.91824828294749,30.54065032019377,33.97541043884775,32.98978392653024,30.81513453716211
pig_19,A1,4,A1_p4,2026-06-22 22:30:00,2,2,36.177168377557464,35.76041667036831,39.2013848031566,41.33397936509946,38.79563882551742,38.61961786426603,40.938901988140486,45.57440909663768,34.417904643554195
pig_19,A1,4,A1_p4,2026-06-22 23:00:00,2,2,32.039257668085675,35.77111847750534,36.674975838402915,36.07045608832935,34.43513909960985,38.22906600872359,35.612916451560444,38.10045095551445,30.254446674398356
pig_19,A1,4,A1_p4,2026-06-22 23:30:00,2,2,31.523354058654828,35.78122367692781,36.62611164364084,36.08064584944239,34.927698316985754,38.5007798838344,35.91471380809792,37.496526216219536,31.467047334809884
pig_19,A1,4,A1_p4,2026-06-23 00:00:00,2,2,31.8364544577109,35.79133130813547,37.976257633292164,39.09828680510026,34.33056953107561,35.28323486749082,36.667907097249326,37.29526633730499,31.09225956652513
pig_19,A1,4,A1_p4,2026-06-23 00:30:00,2,2,34.06954832522955,35.802030033783055,39.185818814223175,41.40780468291136,34.155495234599925,34.18776646162694,37.59786864456987,40.7858396593079,30.606027522097385
pig_19,A1,4,A1_p4,2026-06-23 01:00:00,2,2,35.935428317952876,35.81272962658625,37.527696732912176,37.47047477020248,37.75115967549445,38.86938898256226,38.69667433538203,42.40560368979425,32.54157153330894
pig_19,A1,4,A1_p4,2026-06-23 01:30:00,2,2,31.77228478650877,35.82342557719711,36.999853254147254,41.098807265052045,34.4144963506236,35.194773379695874,35.85236317647447,38.91734863684253,31.164846276737887
pig_19,A1,4,A1_p4,2026-06-23 02:00:00,2,2,32.07926698271719,35.83352722559131,36.649604360519994,36.13338708135318,33.65086676249461,34.11139988277123,34.99566357033558,37.085658960959925,29.170670745927193
pig_19,A1,4,A1_p4,2026-06-23 02:30:00,2,2,33.63403901428369,35.84362856890464,35.25118819584541,34.65318895539395,34.1861178126066,34.22748937685105,34.14418794796125,32.753845404012836,29.204340574247297
pig_19,A1,4,A1_p4,2026-06-23 03:00:00,2,2,33.73035680373961,35.854322089768615,34.28026024653617,33.31233132681164,33.45679777981342,30.14668472693956,32.76717702285408,30.318917235594867,29.13635905340829
pig_19,A1,4,A1_p4,2026-06-23 03:30:00,2,2,32.86515832259219,35.86501454762709,33.02453814345302,31.799433861476196,35.09349939870121,35.923506239428235,32.824524773915726,32.042338338482665,29.896187688610414
pig_19,A1,4,A1_p4,2026-06-23 04:00:00,2,2,32.21139168566726,35.87511430274374,33.16015662147891,31.80838873013858,35.49893772315674,35.203393507699246,33.226118139051096,31.870982140101297,30.289514099741922
pig_19,A1,4,A1_p4,2026-06-23 04:30:00,2,2,31.015788262178837,35.88520973013635,33.31642754009086,32.397828240569666,33.6823122528146,31.187586676516872,32.064152750010514,29.953513098952413,28.521862046742932
pig_19,A1,4,A1_p4,2026-06-23 05:00:00,2,2,31.162994630680252,35.89589976368645,33.34981693475856,32.40747939973654,34.50623361234874,37.38973090139726,32.67361367189673,32.13429649578549,28.85257120816358
pig_19,A1,4,A1_p4,2026-06-23 05:30:00,2,2,29.851190147552884,35.90658937984274,33.392653260604774,34.84499999073164,33.433026423963064,29.945775260722627,31.940975809046382,31.573558768316254,28.08488499645835
pig_19,A1,4,A1_p4,2026-06-23 06:00:00,2,2,32.20034552000862,35.917275360818465,32.47747884516478,31.7056785346536,35.77660247810377,35.27588155961713,32.80017098861049,32.539149600472996,30.520787804883646
pig_19,A1,4,A1_p4,2026-06-23 06:30:00,2,2,34.49410531742478,35.927369331083966,31.32090606940283,32.579052258074555,45.59882208274705,47.354418448315755,38.77132191094542,39.37336348742404,34.672594384628816
pig_19,A1,4,A1_p4,2026-06-23 07:00:00,2,2,38.37891936881009,35.93746074736169,31.095928535826506,34.88793149832098,42.22609228868842,44.34322555540576,36.1673317904482,35.22856080733902,32.304372171465836
pig_19,A1,4,A1_p4,2026-06-23 07:30:00,2,2,28.594428317016202,35.94814559852717,44.25444465230238,42.10706719506562,36.71468571477406,34.17644737998498,43.77905156820107,39.430841806400146,32.00745163286467
pig_19,A1,4,A1_p4,2026-06-23 08:00:00,2,2,42.44387556582073,35.95586113375222,48.24481546995492,52.5654696442746,63.39496511648458,49.84717216541921,66.26552216532968,61.11443347187138,43.93375450502846
pig_19,A1,4,A1_p4,2026-06-23 09:30:00,3,2,38.2050398937119,35.98968773989238,38.5509323606473,40.355558923902265,36.055986022384026,33.174614999733095,38.28329264705631,36.76930872773955,37.18343186612205
pig_19,A1,4,A1_p4,2026-06-23 10:00:00,3,2,39.46342043185548,36.00036677795472,37.261392177011544,35.650082557059626,38.685062284225765,39.454732662276676,39.017363964657164,43.61787835279186,38.70010142228215
pig_19,A1,4,A1_p4,2026-06-23 10:30:00,3,2,33.96341967181119,36.0110441171239,37.41562917115031,36.97690979832754,35.27043438448784,36.27404512991234,36.715806583680695,37.386007814479925,36.102856246767715
pig_19,A1,4,A1_p4,2026-06-23 11:00:00,3,2,35.60950704432143,36.0211290790938,36.209386986094216,35.9504417086497,34.643288046210614,34.68286902404001,35.205492590136174,36.0667691647165,34.33027964762324
pig_19,A1,4,A1_p4,2026-06-23 11:30:00,3,2,34.61855510168671,36.03121261776854,35.72118166043557,34.3644782866137,34.937007049339044,35.32784502295731,34.98043051883352,35.82383432290413,35.25850616755843
pig_19,A1,4,A1_p4,2026-06-23 12:00:00,3,2,34.158360626043965,36.041888195524166,34.7903175495638,32.972059398944,34.51324019656232,37.491399372467406,33.85606344957169,32.299096450689945,34.92299789885044
pig_19,A1,4,A1_p4,2026-06-23 12:30:00,3,2,32.617597541012444,36.052562076533114,33.77403992891077,32.47212999457453,35.25314055264743,34.972502013342265,33.48508661152833,33.152303099397905,34.60861833882491
pig_19,A1,4,A1_p4,2026-06-23 13:00:00,3,2,40.929267838613725,36.06323426150567,34.91290901508451,33.01266195295696,41.079810044811595,40.78920385026663,38.62512978915339,36.49867090418612,38.70525678221736
pig_19,A1,4,A1_p4,2026-06-23 13:30:00,3,2,35.54151684903772,36.073314919459705,34.063785844229415,33.01781579906344,35.473430211009834,37.49152685033344,33.88379880249801,34.25013290055652,35.40957567743282
pig_19,A1,4,A1_p4,2026-06-23 14:00:00,3,2,40.58801416451939,36.08220763903306,38.73728743034188,40.34713125843905,43.911072933775785,43.30995585925466,43.98354391579901,49.084056191863596,39.90845609736949
pig_19,A1,4,A1_p4,2026-06-23 15:00:00,3,2,46.616685264666174,36.10473284107757,38.80034402043294,40.501857000418646,41.210272485525344,40.83614068375695,42.10314274959071,46.78010191289434,43.30017951084734
pig_19,A1,4,A1_p4,2026-06-23 15:30:00,3,2,37.273706835030254,36.1148082708491,36.54164738784787,36.65639422611109,35.283523736942485,35.78106392847059,35.897467718622906,36.9789750027355,38.10026206668723
pig_19,A1,4,A1_p4,2026-06-23 16:00:00,3,2,35.34081565278086,36.124881960762465,36.201457433334696,36.14901298195699,35.36747137320028,36.388714370387746,35.6529163850922,37.64182586426438,37.58726693446549
pig_19,A1,4,A1_p4,2026-06-23 16:30:00,3,2,37.04446531473682,36.13554894766334,35.292086239024684,34.58780959744693,35.773168024636874,35.45895180950071,35.13782125450876,36.16595313292251,36.62604748415471
pig_19,A1,4,A1_p4,2026-06-23 17:00:00,3,2,38.26173232432802,36.1462148850583,33.70136793181643,35.077540893981634,36.30526216121149,37.18133997684101,34.11510190449523,34.533404726757794,36.38754916884093
pig_19,A1,4,A1_p4,2026-06-23 17:30:00,3,2,38.21136950651824,36.15687784686507,34.287635374001454,34.18915918485546,37.92838095936338,40.41683915500693,35.77836878478125,34.176125215600734,35.25483983024183
pig_19,A1,4,A1_p4,2026-06-23 18:00:00,3,2,33.5917498998597,36.16694899352516,33.75952976831399,32.57515698140446,33.72024737875024,27.87454839291516,32.313879162548744,30.441063100634654,32.62212389261113
pig_19,A1,4,A1_p4,2026-06-23 18:30:00,3,2,31.29151411388365,36.17701856337881,33.496850582159794,31.429841293484806,34.15436511038845,31.369516875930813,32.38656597835561,30.722755989248874,31.911019773026013
pig_19,A1,4,A1_p4,2026-06-23 19:00:00,3,2,34.1168004661896,36.187679782554866,34.70831449241173,35.20816159697881,34.7387360388967,35.791032598675166,33.858795023571474,33.12331184572208,32.41566456872624
pig_19,A1,4,A1_p4,2026-06-23 19:30:00,3,2,35.18980765021044,36.198339312915536,34.765190812378584,35.42330439650107,33.963478155251494,37.239794559073026,33.350570730706956,35.975558301976555,31.874764386295396
pig_19,A1,4,A1_p4,2026-06-23 20:00:00,3,2,31.08894085713833,36.20840508916679,36.257963019166255,36.23259190288636,34.69430872372209,35.949290524417556,35.17413061800563,37.41285457914205,31.216712237224254
pig_19,A1,4,A1_p4,2026-06-23 20:30:00,3,2,31.03523634281418,36.218472339639426,36.248515856012105,36.24266587817086,33.74891808024188,27.91425840563656,34.486982911885846,32.53177378534683,30.879702611324504
pig_19,A1,4,A1_p4,2026-06-23 21:00:00,3,2,31.893555061282537,36.229129490635856,36.345767683910445,36.90873904211213,34.230063794450714,31.65806449842615,34.90848632300991,34.70423890523509,31.165750376689026
pig_19,A1,4,A1_p4,2026-06-23 21:30:00,3,2,33.32712470208014,36.23978623847584,35.12873962627056,34.13875493859291,34.802224290288706,35.60382747996183,34.24204761599094,32.5225301610683,31.447517454622513
pig_19,A1,4,A1_p4,2026-06-23 22:00:00,3,2,32.702469255489994,36.25043873360388,37.855414901305195,38.06781276209162,34.709500908761605,37.70833727178258,36.56128282955046,39.1029930248438,31.544334598293116
pig_19,A1,4,A1_p4,2026-06-23 22:30:00,3,2,32.22359159837667,36.2605016109929,36.81103296860576,39.32714240417575,34.60332365866797,35.44872285011212,35.563774213189944,35.49715369188361,31.37860267636414
pig_19,A1,4,A1_p4,2026-06-23 23:00:00,3,2,31.391657462268,36.27056339721548,35.2225367683106,34.154933729399076,34.42092914385594,30.98560955933782,34.034783327119825,31.19025913936494,30.11450101442646
pig_19,A1,4,A1_p4,2026-06-23 23:30:00,3,2,31.945096033123974,36.28121608637007,37.73585302617451,37.9779578343355,35.23278844567294,37.19436234458185,36.81077181556357,37.141200425745595,30.91887904128052
pig_19,A1,4,A1_p4,2026-06-24 00:00:00,3,2,33.272389747527534,36.291865808825456,38.08829801618663,40.312033131601694,34.84146790662731,35.894076659111846,36.835078676946424,38.62681995008265,31.241825778195434
pig_19,A1,4,A1_p4,2026-06-24 00:30:00,3,2,31.812122372525458,36.301924215205105,36.79994595270488,39.37206822103515,34.77331962534482,36.959166053949865,35.650660844678384,40.64640414672299,30.54246886907095
pig_19,A1,4,A1_p4,2026-06-24 01:00:00,3,2,33.22036039311835,36.31198153236726,36.31753264260778,36.31626321098733,35.62372474006971,35.32318526125927,35.82694597680363,37.550019779555804,31.429031869619728
pig_19,A1,4,A1_p4,2026-06-24 01:30:00,3,2,33.56839646710145,36.32262952933243,35.36577064142717,35.17464029315778,34.366827149429014,33.09542217924578,34.09123980108505,34.180763142565525,29.519589020661563
pig_19,A1,4,A1_p4,2026-06-24 02:00:00,3,2,33.92081406468041,36.33327584475223,34.932311253602855,35.74251936347417,35.358659022960445,37.01487732877733,34.41078274232924,36.707717059502116,30.35298726379682
pig_19,A1,4,A1_p4,2026-06-24 02:30:00,3,2,33.5749101860883,36.34392176151429,34.890633156925816,35.56576981036776,35.48092509990325,39.10624590398308,34.45498811151763,36.74794613077091,30.531501226963066
pig_19,A1,4,A1_p4,2026-06-24 03:00:00,3,2,28.93994112086649,36.35397528408666,34.99661468756006,35.762882242791335,35.610622831052936,35.64345082152617,34.63434135329265,35.72331454118263,29.415938333513502
pig_19,A1,4,A1_p4,2026-06-24 03:30:00,3,2,29.069276887759795,36.364027879992825,34.717135188012364,33.78590012336095,34.38931112676325,34.05613959431293,33.51396075901002,31.874505421575748,28.501856724524945
pig_19,A1,4,A1_p4,2026-06-24 04:00:00,3,2,31.247027102472813,36.37467079551026,34.592718813312594,33.709051447894396,35.46238905374912,38.388946479499424,34.162392103716854,35.02555974969968,30.050924760692887
pig_19,A1,4,A1_p4,2026-06-24 04:30:00,3,2,31.02423280048817,36.385312032267734,33.31863781844035,31.299084983438263,35.75738560631857,38.682410145387145,33.248636050141286,32.77722761419297,30.630338219855076
pig_19,A1,4,A1_p4,2026-06-24 05:00:00,3,2,29.99961402248406,36.395952231748744,33.38470534783616,31.308237811576756,34.652360355158535,34.3097102519273,32.51375464337316,30.084541362787796,28.417566601742998
pig_19,A1,4,A1_p4,2026-06-24 05:30:00,3,2,28.45988739005048,36.40600080200656,33.29820106552535,31.237148229413872,34.52792661130121,32.00005691535421,32.34339362547783,29.372673450949705,28.479059570296425
pig_19,A1,4,A1_p4,2026-06-24 06:00:00,3,2,32.02811445144192,36.416047486825164,33.989588758688846,32.79951714306841,37.532188950821464,35.86601283847242,35.082326428158524,34.27677175428005,31.263822226911415
pig_19,A1,4,A1_p4,2026-06-24 06:30:00,3,2,39.80488581378138,36.42668597379372,33.18127557752128,31.549936196844524,49.48844390809725,50.047410094156376,42.87762389437618,43.13977006669067,38.78285396206989
pig_19,A1,4,A1_p4,2026-06-24 07:00:00,3,2,41.06044394953301,36.437323425199224,32.602905314517045,31.227429859781292,43.65629097624887,40.23680073745808,38.21273035183933,30.95383978553401,32.81758477734487
pig_19,A1,4,A1_p4,2026-06-24 07:30:00,3,2,32.42853856625781,36.44736675054403,36.20483535163616,39.005339799312885,38.545613223320565,39.5581931449676,37.72818897822072,42.02834292257384,31.47232448407191
pig_19,A1,4,A1_p4,2026-06-24 08:00:00,3,2,41.90300181305638,36.45622956660338,33.34798663971717,31.280245612552,60.39734478891974,50.5408546592327,50.771450202161596,45.34372236908759,40.17680693263928
pig_19,A1,4,A1_p4,2026-06-24 14:30:00,4,2,31.352172176645908,36.43283018506308,32.25631201669243,33.10155148693957,50.07871630904478,50.055851758636216,42.48289827487653,42.728455857064205,33.932734835662885
pig_19,A1,4,A1_p4,2026-06-24 15:00:00,4,2,34.24869894877504,36.33485759376285,28.980173818181672,23.97094093294793,43.16846829231301,44.83357344389054,34.748415196041805,27.57296175688529,29.277566559910404
pig_19,A1,4,A1_p4,2026-06-24 15:30:00,4,2,27.733949941175204,36.2525908065993,28.167169524325843,28.241829565239374,39.66044360089366,42.46652811823362,31.586763929881123,34.52774196472562,27.367371987045935
pig_19,A1,4,A1_p4,2026-06-24 16:00:00,4,2,28.372231202778824,36.15670259572213,28.923729798204796,26.1668511365422,41.835115527928615,41.47740945875837,33.85473529545611,31.395422907162555,28.600487567336984
pig_19,A1,4,A1_p4,2026-06-24 16:30:00,4,2,27.32073618826789,36.055096455703236,28.209562063930488,28.539075124719965,40.54795720290092,39.676888565883345,32.371982895820324,33.281467905834795,27.359882604986787
pig_19,A1,4,A1_p4,2026-06-24 17:00:00,4,2,31.300215585866454,35.95339478100815,29.083689765005516,28.391649120798448,44.78817523426445,44.99366784034413,36.21675873482813,39.592610566859214,30.414965273208047
pig_19,A1,4,A1_p4,2026-06-24 17:30:00,4,2,26.086486806806896,35.8572592464086,27.868267317330407,27.93385470616714,38.0768202487653,37.13853435944744,30.430177010639724,31.366967947863266,26.80377167976262
pig_19,A1,4,A1_p4,2026-06-24 18:00:00,4,2,28.53829435418202,35.76101776798755,29.06693067158571,28.239732989210417,42.664072960426054,39.48997376421169,34.80340165310878,29.732026182910733,28.1177245224302
pig_19,A1,4,A1_p4,2026-06-24 18:30:00,4,2,22.112079805830245,35.65903140229831,26.309270872754404,24.499847004912066,33.12398773877859,27.525942790232744,25.65409856760519,23.074409323236306,19.92103177402911
pig_19,A1,4,A1_p4,2026-06-24 19:00:00,4,2,21.79306576879893,35.55694771515512,26.405813921560824,23.228366701448273,32.94580639755718,27.426489615623243,25.672059533232186,21.860422723220452,21.093454330582908
pig_19,A1,4,A1_p4,2026-06-24 19:30:00,4,2,23.078310153892076,35.45476624042816,26.150748469133788,24.359504852659168,32.59828593956951,25.648989874479525,25.26115335027454,20.986041021676108,19.56157055584793
pig_19,A1,4,A1_p4,2026-06-24 20:00:00,4,2,20.658528501295812,35.35816744972563,26.142184070237256,23.09850907318961,32.459125146513585,25.95760072888535,25.211471835775747,20.839899701532254,19.706554816571362
pig_19,A1,4,A1_p4,2026-06-24 20:30:00,4,2,24.311849110548252,35.26151915810755,27.68775933548598,26.872311286381315,36.05253022016849,39.67704238932716,29.181779872278362,28.06119284496483,23.778727133189005
pig_19,A1,4,A1_p4,2026-06-24 21:00:00,4,2,20.666923370226986,35.159034038843146,26.662942643025616,27.094553358778633,32.64152566349842,27.139984499148955,25.915318044639832,23.921459980626274,20.042484225235086
pig_19,A1,4,A1_p4,2026-06-24 21:30:00,4,2,22.225133435353197,35.05648632354117,25.78254160923146,24.085863179143843,33.62384915973341,34.55882179776114,25.902747900376415,25.465329417047393,20.990344543846803
pig_19,A1,4,A1_p4,2026-06-24 22:00:00,4,2,20.2894310850771,34.959519324557725,25.68057905432972,24.019241160928658,32.11470543753908,25.664939948907417,24.79620558667839,20.692899275321444,19.3424858927874
pig_19,A1,4,A1_p4,2026-06-24 22:30:00,4,2,21.722081405009323,34.86245794671573,26.272550204970514,22.77467581827839,32.54284720521412,28.297168037982118,25.67732205604665,21.57987619369041,19.505121518389082
pig_19,A1,4,A1_p4,2026-06-24 23:00:00,4,2,20.69923582691931,34.75961349333669,26.758567828456417,25.47156628563428,32.41953384716365,29.226242420378114,26.07638621668405,21.874199145073245,20.454453637020023
pig_19,A1,4,A1_p4,2026-06-24 23:30:00,4,2,20.73222164778075,34.65665510277121,26.352332575632865,26.70740583718605,31.71813875922297,25.117788329313232,25.28146013974479,26.61921133298801,19.613665127640967
pig_19,A1,4,A1_p4,2026-06-25 00:00:00,4,2,20.34326416830569,34.55359465424906,25.14055687590728,25.753233538020837,31.876084710850577,23.551132387322628,24.391754536544795,20.306304979713957,19.30917628388526
pig_19,A1,4,A1_p4,2026-06-25 00:30:00,4,2,19.969313515570423,34.456164841023295,25.516472067884294,22.509255813082845,31.721208872377957,24.926573119330524,24.66859527419706,20.308264573026097,19.34965747831365
pig_19,A1,4,A1_p4,2026-06-25 01:00:00,4,2,19.8565938675966,34.35865088539612,25.3102155031685,23.60640928494588,31.646145221760925,24.856028740514404,24.491685705259357,20.337239062323135,18.515894961731604
pig_19,A1,4,A1_p4,2026-06-25 01:30:00,4,2,20.870785728474946,34.25528651248998,24.930465226163925,25.530900686174704,31.53808259322527,24.781252002851744,24.142564861537778,20.593159641916998,18.210167991385575
pig_19,A1,4,A1_p4,2026-06-25 02:00:00,4,2,23.473677145029495,34.15182430221907,26.792945063320758,26.02662833475855,34.18039750412125,34.64199619303344,27.717845493121317,25.369592658649474,21.775731873434253
pig_19,A1,4,A1_p4,2026-06-25 02:30:00,4,2,21.618309081389008,34.05401319082935,24.999063772852843,23.39710531298399,32.159765563367515,31.36572188934649,24.763774481673025,21.14818879413656,19.1951642479447
pig_19,A1,4,A1_p4,2026-06-25 03:00:00,4,2,20.27826106580654,33.9561161513682,25.379939873572013,22.182587888014112,31.904435333754456,32.43297944676803,24.973737576464586,24.475038666236404,18.965810673716476
pig_19,A1,4,A1_p4,2026-06-25 03:30:00,4,2,20.23612820320518,33.85235661413624,24.611776826420332,25.230591908590576,31.462501024935477,26.64167443725853,24.046529431026872,22.159165029970545,18.765483395015558
pig_19,A1,4,A1_p4,2026-06-25 04:00:00,4,2,20.40095511340635,33.748484699789635,25.39761344153851,22.046948025597988,31.005363748816297,24.775879357651306,24.471546158845726,19.891161984634174,17.492109566710027
pig_19,A1,4,A1_p4,2026-06-25 04:30:00,4,2,19.5662635965207,33.644512374335676,24.886477980866893,21.97902579217699,30.98607967366589,24.339400558143847,24.070741140740342,19.829881296451546,17.586982385370128
pig_19,A1,4,A1_p4,2026-06-25 05:00:00,4,2,19.090687980986097,33.54619938901887,26.097331622603175,26.133471418923953,31.349734762057693,27.56788570384103,25.449501493109057,22.52060335890991,18.301620519824592
pig_19,A1,4,A1_p4,2026-06-25 05:30:00,4,2,22.447535057837314,33.44780910055592,25.98948497931589,26.056822503747956,31.633920011582653,31.37596777696169,25.61513624483328,21.215846887291526,19.968786047862366
pig_19,A1,4,A1_p4,2026-06-25 06:00:00,4,2,24.562421845310595,33.34352551023826,24.735552086824036,21.78239943078113,35.77501939989659,36.542957829803356,27.524402490569628,31.41292277534954,23.006846959046214
pig_19,A1,4,A1_p4,2026-06-25 06:30:00,4,2,24.89850088712412,33.239126798281895,23.79820207001699,24.773543927962244,37.64310533228556,35.49678950329851,28.09346335203106,37.22072235195936,25.008128124521704
pig_19,A1,4,A1_p4,2026-06-25 07:00:00,4,2,24.06508385239337,33.13462496876142,24.1524042185046,24.695657385397848,36.86493389689327,37.04789623466292,27.91175998901828,37.79634251540507,24.005948717149668
pig_19,A1,4,A1_p4,2026-06-25 07:30:00,4,2,23.468115948873297,33.03582423479307,25.81016992621138,26.149198374829716,32.38814121563748,32.355083573888166,26.23733193871235,26.98458640752395,20.339954981467535
pig_19,B2,6,B2_p6,2026-07-02 09:00:00,2,2,38.86639295698977,38.104031583150686,36.28401876389303,35.399555550086646,37.11021818708193,38.589187107415995,35.800335933558,35.88697656506246,41.58500968041912
pig_19,B2,6,B2_p6,2026-07-02 09:30:00,2,2,39.407830622222335,38.12102940399876,37.49038745586489,36.85495268905101,39.30138510518327,37.54524239661805,38.408089248812736,40.27312094104654,44.84536802941004
pig_19,B2,6,B2_p6,2026-07-02 10:00:00,2,2,37.616480293489296,38.13801683267964,33.94681309220273,32.68495415363101,39.04212763991996,42.79930969773239,35.10555086065037,33.11267029021439,42.550441548914996
pig_19,B2,6,B2_p6,2026-07-02 10:30:00,2,2,34.40631277882802,38.15500331255245,36.07423499026784,34.923180029316285,36.60031455716156,37.61335200573207,35.22337089282903,35.1810253850508,40.59145980986584
pig_19,B2,6,B2_p6,2026-07-02 11:00:00,2,2,37.43107592374766,38.17199985413151,36.438471416852735,35.46569095251972,37.245710996786144,41.07326729178707,35.992222100837516,36.60256517003764,42.077028796545214
pig_19,B2,6,B2_p6,2026-07-02 11:30:00,2,2,51.89551899720267,38.188982865736406,36.2993071555421,35.3904065661746,47.576766268375984,47.791381611874485,43.21385521487654,40.578450143580135,50.540883055519316
pig_19,B2,6,B2_p6,2026-07-02 12:00:00,2,2,39.12375109504246,38.20596178791376,35.51367231889881,34.49304593951149,38.68017017275716,41.52607036720787,36.18215532147314,36.21667072936698,43.352574070578456
pig_19,B2,6,B2_p6,2026-07-02 12:30:00,2,2,37.5215968230077,38.22294133941923,36.797186589247346,37.601460071772,39.618202221998544,42.196094534173135,37.96559504788914,41.96309199146551,44.58038528467588
pig_19,B2,6,B2_p6,2026-07-02 13:00:00,2,2,40.47073681219786,38.23991680522324,35.77678000556906,34.442255361628696,41.91158698737854,44.79449512756795,38.69306315731798,34.744283016432874,43.7240890229044
pig_19,B2,6,B2_p6,2026-07-02 13:30:00,2,2,53.04969595621928,38.25689133108134,39.264060558655565,38.57703022905292,52.9583896690164,52.56196873774512,49.60485158166961,43.93778821332772,54.01648439840453
pig_19,B2,6,B2_p6,2026-07-02 14:00:00,2,2,49.79495058463087,38.27386648952012,38.79689857300774,38.823371637828174,48.684521252094626,50.4472418416565,46.14295830607243,41.45566920215881,51.79250757660124
pig_19,B2,6,B2_p6,2026-07-02 14:30:00,2,2,60.721402185967975,38.28800634824133,44.03074142928769,45.19651704027128,58.03534459807268,53.080326381611,57.38108306678858,61.06010016086477,50.54527817525377
pig_19,B2,6,B2_p6,2026-07-02 15:30:00,2,2,49.35482011238568,38.32759780673875,39.889279875835165,40.7805885627652,38.0807206126613,42.1572425244083,39.52158781057797,41.16301557784458,46.086632182658064
pig_19,B2,6,B2_p6,2026-07-02 16:00:00,2,2,48.80526747482672,38.34172477470062,41.27784495494388,42.301693816258485,39.33855751207413,35.18045356988237,41.626483766447,41.18107101642674,48.112582340959314
pig_19,B2,6,B2_p6,2026-07-02 16:30:00,2,2,44.0118024513921,38.35868740806244,39.87459432008163,40.15258500420354,37.50567999928757,37.20954060795646,39.08108274448209,39.678499962996206,45.654709586157665
pig_19,B2,6,B2_p6,2026-07-02 17:00:00,2,2,41.746809935126485,38.37564597146197,39.38821141451613,38.69677862450298,38.29732392642827,38.45885945720593,39.207995718278724,39.95626781940728,43.73610251967468
pig_19,B2,6,B2_p6,2026-07-02 17:30:00,2,2,38.928407607612186,38.39260203717909,38.12048038588914,41.087096867364494,37.84539181409784,40.29230709330493,37.76442316495965,41.280135386972375,42.75684036868741
pig_19,B2,6,B2_p6,2026-07-02 18:00:00,2,2,39.09597456991071,38.40954932899515,37.66070382786695,37.31273466367847,36.431664208299125,34.54496164766635,36.34488514753005,35.28320697750195,41.73858590197183
pig_19,B2,6,B2_p6,2026-07-02 18:30:00,2,2,40.140772758017974,38.42650354434976,38.276796515825595,42.78954894649381,39.00849873152697,44.71436075422515,38.70946549869232,46.92795516421327,42.6403485941889
pig_19,B2,6,B2_p6,2026-07-02 19:00:00,2,2,38.95985088118918,38.44344742134221,37.76223481853857,37.16666255001411,37.69622360692659,37.6512765458989,37.31409294303977,38.784064752770945,39.82024063711279
pig_19,B2,6,B2_p6,2026-07-02 19:30:00,2,2,38.88916644662394,38.4603950846623,39.43184769116693,38.78223692987131,36.51280448486851,34.610188328049816,37.92613176790225,36.6087907324335,41.1680217862146
pig_19,B2,6,B2_p6,2026-07-02 20:00:00,2,2,33.891519090648075,38.47733241604521,38.79281160250217,39.19712628019564,36.07637721568327,35.24858586077907,37.045021700127066,37.95856616620392,38.988591021982586
pig_19,B2,6,B2_p6,2026-07-02 20:30:00,2,2,33.498329999337635,38.49427039930276,39.01806297659187,39.046939928276835,36.5981119754496,34.95434185112654,37.60398359557553,36.786559281053265,40.551895935851306
pig_19,B2,6,B2_p6,2026-07-02 21:00:00,2,2,36.05892665669013,38.51121060300906,40.2648790695434,40.441925827447186,37.19818008492945,38.56477102965565,39.11469502764237,39.6763378642315,40.74621290106782
pig_19,B2,6,B2_p6,2026-07-02 21:30:00,2,2,35.978869511766625,38.52814205160077,40.75288196665577,42.497269657823395,40.43987503118292,43.06748295126428,41.84019461407996,45.81913274788003,42.380026443401746
pig_19,B2,6,B2_p6,2026-07-02 22:00:00,2,2,40.03031850883343,38.54507729103348,36.661556927947174,35.72040557482897,36.942512175446794,38.26924103420592,35.75236827357016,35.540695188420315,38.0690704123163
pig_19,B2,6,B2_p6,2026-07-02 22:30:00,2,2,35.21738084504119,38.5620069157099,36.73448656632421,35.825025573911326,36.8208741731635,37.45297081635146,35.71978125841549,33.75514926344353,36.05362189370997
pig_19,B2,6,B2_p6,2026-07-02 23:00:00,2,2,30.531540248883914,38.57893876488951,35.609981721980574,34.20571348356558,36.503122068901064,35.151261959716244,34.497353563278466,32.66127022856153,35.183999268861236
pig_19,B2,6,B2_p6,2026-07-02 23:30:00,2,2,33.46723897492158,38.5958571684744,35.95591980679736,37.45475874778448,37.53585260342603,39.17900455567309,35.52590786836268,36.93101825377786,35.93843487824138
pig_19,B2,6,B2_p6,2026-07-03 00:00:00,2,2,39.2417096765939,38.6127825009078,35.73282291474885,33.545982341725455,37.17246173363842,41.265989821815495,35.06160398051314,33.793868467565574,35.43917168366508
pig_19,B2,6,B2_p6,2026-07-03 00:30:00,2,2,34.44854011118602,38.62969596155198,36.28086573480013,35.174741330446,38.22730822157706,37.90639875155156,36.283165221572425,36.3409106210017,37.117284022193424
pig_19,B2,6,B2_p6,2026-07-03 01:00:00,2,2,31.883139349173966,38.646616351908094,37.29344689841293,35.35493265531957,36.363601402381704,35.25902089176937,35.8347196121564,33.947163381207865,37.044969106643585
pig_19,B2,6,B2_p6,2026-07-03 01:30:00,2,2,37.26975110168554,38.66353740538368,35.920640901959466,34.90615363411174,38.87399126565174,38.83934224912767,36.40760290845721,36.19149322125207,37.89813261137226
pig_19,B2,6,B2_p6,2026-07-03 02:00:00,2,2,34.34214874282889,38.68044816151797,34.48151306778254,33.14982738477873,36.18396521982949,32.22676700548957,33.22064307677296,29.830124144944666,32.31518486305173
pig_19,B2,6,B2_p6,2026-07-03 02:30:00,2,2,33.423061018922894,38.69735958482636,34.700331076660824,33.416352561704656,37.43422151376416,39.89160366367091,34.29254298782735,33.00252850462715,34.72863282540219
pig_19,B2,6,B2_p6,2026-07-03 03:00:00,2,2,32.15206820805844,38.71426697957858,33.033524050142034,33.01257046306852,36.69279665715815,34.00110797972843,32.29291572568453,28.427582266542828,32.42014379294935
pig_19,B2,6,B2_p6,2026-07-03 03:30:00,2,2,30.298798491918298,38.731167217935145,32.86793618207032,33.4054456416672,36.918283529961606,36.9848329377839,32.29823242107302,29.838483238431824,31.24164089683088
pig_19,B2,6,B2_p6,2026-07-03 04:00:00,2,2,29.4917526963746,38.74807282317604,33.200119474443696,32.565854212185045,36.481547767925534,34.55230728901799,32.26875742804138,29.71550167436805,32.08901668205735
pig_19,B2,6,B2_p6,2026-07-03 04:30:00,2,2,31.40190140516887,38.76497127605366,33.9241158213109,36.312653502378524,37.757550844758946,39.338501145876265,33.802072890415786,35.129519420406076,34.643064562744144
pig_19,B2,6,B2_p6,2026-07-03 05:00:00,2,2,29.075931577420533,38.78187196725255,33.96046909399652,36.328485035932,36.71051483215859,33.05591551667344,33.07872004178004,32.537749042858024,33.974920720002345
pig_19,B2,6,B2_p6,2026-07-03 05:30:00,2,2,34.29447964272801,38.798765511021095,32.4501137480187,31.9213309944619,42.82511478101825,45.908472340114194,36.09647105407639,35.43005508635274,37.19214676603008
pig_19,B2,6,B2_p6,2026-07-03 06:00:00,2,2,31.521589567654054,38.81566129531165,33.15312897994795,31.749985332597404,36.98739618476622,37.28361339742831,32.5478065349489,29.313124004775176,32.77540050448529
pig_19,B2,6,B2_p6,2026-07-03 06:30:00,2,2,36.571714959558975,38.832548373298906,30.520743171348787,29.593742778118962,44.303604375188655,43.921427571862424,35.436762381146224,34.78623932871652,37.36232819612057
pig_19,B2,6,B2_p6,2026-07-03 07:00:00,2,2,29.797650708496896,38.84943769445489,34.14070243765291,34.33116248079161,39.100196597885116,39.87880660115715,34.89799691648155,34.32945354646971,32.91597287686581
pig_19,B2,6,B2_p6,2026-07-03 07:30:00,2,2,38.98823524973167,38.86632144180668,34.45017785361432,33.73063997957983,55.707448706830945,53.88206971707382,46.980606329290154,46.294221643715396,45.87618747898003
pig_19,B2,6,B2_p6,2026-07-03 08:00:00,2,2,45.06065114927587,38.88320587094462,37.93755253193345,37.21778028473893,52.38109993696379,45.42363328185299,47.66165575124359,40.60156951536058,43.113878349270614
pig_19,B2,6,B2_p6,2026-07-03 09:30:00,3,2,46.780110872599145,38.938059883459815,38.639315436651906,41.67083639472181,41.630720512992504,42.16220354904445,40.592685537602854,44.45064813523556,46.50341493878592
pig_19,B2,6,B2_p6,2026-07-03 10:00:00,3,2,41.703119465324484,38.95071292050798,40.099518266218794,40.685697498748034,40.485983878704545,42.72545754695053,41.05111864756411,45.21149743906344,45.736897077389614
pig_19,B2,6,B2_p6,2026-07-03 10:30:00,3,2,40.46612853063903,38.96758358830954,36.8242497444728,35.66693274311045,39.22889926971584,40.00008293181619,37.27371649544517,37.26875734842172,42.7974857946926
pig_19,B2,6,B2_p6,2026-07-03 11:00:00,3,2,31.380696728769216,38.98445182179388,34.85473556822971,33.41036389201893,38.4292307998455,40.913442208130235,34.96715618680415,35.4954404158263,41.18144148067809
pig_19,B2,6,B2_p6,2026-07-03 11:30:00,3,2,48.15318580566127,39.001317622716286,37.28372658971941,36.236211957299545,49.02580918770925,48.8079732426049,44.630333570296536,41.414679659582625,46.688506308966545
pig_19,B2,6,B2_p6,2026-07-03 16:00:00,3,2,72.80372985237892,39.15272087662441,45.12290486190518,49.81329391252582,42.9643821501596,45.97626144914461,47.1022008250854,50.81946628692947,50.973022055525334
pig_19,B2,6,B2_p6,2026-07-03 16:30:00,3,2,44.92280418298598,39.16984222556819,43.25228827903442,43.92126979467251,37.01899438858795,36.789214555790466,41.21948603892686,43.81930137875245,46.157221708594285
pig_19,B2,6,B2_p6,2026-07-03 17:00:00,3,2,42.108809829369314,39.18668294257786,43.44855210460646,45.92165518505634,38.932966213790415,43.102166351967256,42.744081526244074,45.526995540784945,46.45955276148371
pig_19,B2,6,B2_p6,2026-07-03 17:30:00,3,2,39.36706006038135,39.20352124746585,40.31623227454166,40.868448591870546,38.72219826399344,41.90482184836655,39.83684866600273,40.916143643300934,44.670346968044
pig_19,B2,6,B2_p6,2026-07-03 18:00:00,3,2,41.02188722331255,39.22035714195866,41.071230527887224,41.03583887878525,36.980187466549566,36.60264710234178,39.249156074048045,41.165244966290835,43.10693937554417
pig_19,B2,6,B2_p6,2026-07-03 18:30:00,3,2,52.058045806105035,39.237184394178975,41.77467533266086,42.53271289534028,37.46997314457077,38.35881567665183,40.204855019911264,41.44067020479104,42.452210445440684
pig_19,B2,6,B2_p6,2026-07-03 19:00:00,3,2,34.93053532005813,39.2540139157653,40.90597871791783,41.221968729461864,37.48407018117254,38.37526845037715,39.44306330045975,39.7067853426515,42.34442652120953
pig_19,B2,6,B2_p6,2026-07-03 19:30:00,3,2,45.29600671273526,39.270844148477195,40.35282349624673,39.59946794227441,41.04519868220933,43.012335284570135,41.482818983185865,45.35849966736729,41.798982824502716
pig_19,B2,6,B2_p6,2026-07-03 20:00:00,3,2,36.41986756846894,39.28766730403405,39.2666390280173,39.29229985665248,38.64301071226153,40.832250568177656,38.8103543520777,40.661365507015624,40.267091139445384
pig_19,B2,6,B2_p6,2026-07-03 20:30:00,3,2,44.54015388271736,39.30533565279438,37.365977072805734,36.4249504592174,37.597461683365296,40.88609421442008,36.38869279481694,36.16759962790625,38.50512975808715
pig_19,B2,6,B2_p6,2026-07-03 21:00:00,3,2,32.19204475201208,39.321309528713556,36.04647502213964,33.824665499854476,37.32457016029741,35.38491804617574,35.02773327449955,32.052362606802156,36.5404158056937
pig_19,B2,6,B2_p6,2026-07-03 21:30:00,3,2,32.72914347686297,39.33812860037071,36.482503216983034,35.515186988860016,38.50440991455666,39.402284539609795,36.24007521674382,36.20202004266129,37.89172777421115
pig_19,B2,6,B2_p6,2026-07-03 22:00:00,3,2,34.29343880522399,39.35494060482992,37.2261476935441,36.02147966092213,37.886609250958315,42.05914397386108,36.44265642519309,36.98930855090868,39.29058777661918
pig_19,B2,6,B2_p6,2026-07-03 22:30:00,3,2,29.527000201391154,39.37175488552987,37.79803380647921,38.528774645662615,37.08026451274718,37.800169764624094,36.36038413470257,35.875319774878385,38.737463047120855
pig_19,B2,6,B2_p6,2026-07-03 23:00:00,3,2,32.911450223563726,39.38856521657462,38.30557233672221,38.143676025375626,36.931691818236054,36.08335442688749,36.6898814004023,40.53550548887433,38.197692234646354
pig_19,B2,6,B2_p6,2026-07-03 23:30:00,3,2,33.62063059631194,39.40537160033034,37.56106291143906,36.41050840912491,37.73180754724493,40.99015334806835,36.59651694617701,36.408173285627214,38.072756149324135
pig_19,B2,6,B2_p6,2026-07-04 00:00:00,3,2,30.77634156403993,39.422180262995866,38.88469909662939,39.135880408076716,37.51111541273496,34.37088564318422,37.59046224190128,36.00911148065376,38.190474164355145
pig_19,B2,6,B2_p6,2026-07-04 00:30:00,3,2,33.94740992332152,39.43898653706523,38.56204064405093,37.74975603763433,37.70329615559126,40.38655680373162,37.4343635287136,37.52073870521166,39.09744998020739
pig_19,B2,6,B2_p6,2026-07-04 01:00:00,3,2,34.21398568771201,39.455781091132465,35.66604886999547,34.82926527811667,37.96119407314156,39.719260772051385,35.06803326955797,33.57803498265643,36.54080835364705
pig_19,B2,6,B2_p6,2026-07-04 01:30:00,3,2,32.989353182307674,39.47258414971668,34.43012049757266,35.79386428001701,37.62893084188772,37.69282041476566,33.73762511090075,33.12583893702288,33.84159565568147
pig_19,B2,6,B2_p6,2026-07-04 02:00:00,3,2,34.13097146536839,39.489380159117395,34.27615497263688,38.33611950459204,37.49457462021484,35.536163402805236,33.49705894408764,33.71602136870503,33.663049328452075
pig_19,B2,6,B2_p6,2026-07-04 02:30:00,3,2,31.256359311108646,39.50617067786369,33.87833257973194,33.20299826647107,37.504296431728434,35.551273050396105,33.14516970887919,30.19966641101557,34.103966243594726
pig_19,B2,6,B2_p6,2026-07-04 03:00:00,3,2,31.533375926823673,39.52296037286913,34.25190586623056,38.36871903089985,38.706202075619494,39.81161011522744,34.318457671983126,37.832062152614796,35.96034768673951
pig_19,B2,6,B2_p6,2026-07-04 03:30:00,3,2,32.131094060941386,39.53975390840259,35.66121041562043,35.369293999858705,37.58991298412507,35.903682820515385,34.75005979646223,33.159324469090386,36.119578933137596
pig_19,B2,6,B2_p6,2026-07-04 04:00:00,3,2,30.30120523674144,39.55653884994499,34.617295138961616,37.054145578555826,37.39165999828674,37.15240889801611,33.68346203451037,33.272983553732075,34.90997391909255
pig_19,B2,6,B2_p6,2026-07-04 04:30:00,3,2,34.50178403760067,39.573322971692406,33.71833275679425,33.745107811285344,39.363373285954935,42.98862500131834,34.28859174221273,33.18728016900178,37.48152925569248
pig_19,B2,6,B2_p6,2026-07-04 05:00:00,3,2,32.90981730921903,39.59010472090773,35.23392372491425,33.92941912573489,38.090825787635865,39.85448139451402,34.702196932332804,33.34548780922121,35.374053090523546
pig_19,B2,6,B2_p6,2026-07-04 05:30:00,3,2,37.59612545478314,39.6068887598761,36.07293344736436,34.30437823052582,46.25846252034563,46.1580824367916,41.24195176987742,36.800309653255106,40.658450675207334
pig_19,B2,6,B2_p6,2026-07-04 06:00:00,3,2,43.69626543617989,39.623656448492135,36.52936061964369,35.13200422407316,46.65031653730534,48.89162168627581,41.911323648561094,34.4834922162359,41.969626131416604
pig_19,B2,6,B2_p6,2026-07-04 06:30:00,3,2,44.29171936729448,39.64042953771748,33.16088028463662,31.068132227531663,53.618949678470614,54.462841742175655,43.90732817788032,47.42735182740886,45.296515564933095
pig_19,B2,6,B2_p6,2026-07-04 07:00:00,3,2,34.09699485211476,39.65720957881348,33.54807826310122,34.20415272875641,43.60542120953438,46.568672498764215,37.10937471322881,36.709252320895146,38.220817558600146
pig_19,B2,6,B2_p6,2026-07-04 07:30:00,3,2,28.531074784519276,39.67397793758547,37.54326940584684,36.31349374139869,44.00351339289125,44.517246090665274,40.88696158811119,35.78611205270242,38.839161276383244
pig_19,B2,6,B2_p6,2026-07-04 10:00:00,4,2,33.34426975600741,39.65716674534809,32.152332752495376,31.316440915161554,42.52895085884734,43.46241586180669,35.11898457449274,34.26072602932154,35.50381979688029
pig_19,B2,6,B2_p6,2026-07-04 10:30:00,4,2,37.099198481738426,39.5864523741301,31.05437811337955,31.334286946491886,47.34204328409405,43.714302982506695,37.62361539335323,33.18864624701676,40.67036832084127
pig_19,B2,6,B2_p6,2026-07-04 11:00:00,4,2,42.75611221567889,39.515728629754875,32.092414209587105,31.204750172891202,49.54035097425012,49.45172992052332,40.14046835676001,43.81768879666264,44.959967404687525
pig_19,B2,6,B2_p6,2026-07-04 11:30:00,4,2,33.666934901491686,39.44495611169424,31.463242249022223,26.02274442981314,44.80902257292467,44.61408935310348,36.26253061003347,31.466784634283425,39.86391443558877
pig_19,B2,6,B2_p6,2026-07-04 12:00:00,4,2,38.42214410507182,39.374141241358686,31.04554648278392,29.767490466452358,45.99103450437145,45.88683721953109,36.779241661250865,32.880644875760645,40.25234935490356
pig_19,B2,6,B2_p6,2026-07-04 12:30:00,4,2,40.467083616597556,39.30327732827588,31.596808430983067,27.567120962918906,52.11748969247326,45.9143636988181,41.66531112315338,43.55165831574992,43.2905152375411
pig_19,B2,6,B2_p6,2026-07-04 13:00:00,4,2,28.271672425610596,39.2323642328749,28.267782184971953,29.2403800081529,39.33637127785408,36.163652998641325,29.689593901397593,31.54683509030383,27.98074031611106
pig_19,B2,6,B2_p6,2026-07-04 13:30:00,4,2,29.004374309687208,39.16140838618013,30.14196750060554,28.69716631741602,42.948487437427076,45.986463018837156,33.94630764492398,37.749196654528575,33.69722373654219
pig_19,B2,6,B2_p6,2026-07-04 14:00:00,4,2,25.02302898891897,39.0904096590128,30.134065109644357,28.645139018965626,43.661744033210894,43.707072048738084,34.48888588774342,37.23878730016246,34.13656903278526
pig_19,B2,6,B2_p6,2026-07-04 14:30:00,4,2,25.339012935259312,39.01937450081444,35.00184215687304,33.694422282177385,39.02362702698353,39.579409022197694,35.49870881799198,35.37611157391812,32.39735455174383
pig_19,B2,6,B2_p6,2026-07-04 15:00:00,4,2,30.632384657756308,38.95422763422437,38.09451521461392,37.2857600801795,41.662963181744345,42.17971001959551,40.12828234336094,39.397606519101664,36.34768976882439
pig_19,B2,6,B2_p6,2026-07-04 15:30:00,4,2,35.949429430943944,38.87124458345488,36.70002410637443,35.57875389058031,45.42153602874387,45.30075873370397,41.6294402836589,37.14054640821504,38.15175285450486
pig_19,B2,6,B2_p6,2026-07-04 16:00:00,4,2,33.493221973409035,38.8060228854414,30.33949255514338,30.716545267875173,42.20232860924873,44.026372074387346,33.797714065622344,35.90663578691748,33.88035975164477
pig_19,B2,6,B2_p6,2026-07-04 16:30:00,4,2,36.39725061846705,38.73478803141409,32.07135680531821,28.580304147922632,50.96576865590882,44.180979613182245,41.596501101477365,40.67075536383547,41.42871873586612
pig_19,B2,6,B2_p6,2026-07-04 17:00:00,4,2,32.876546038187286,38.66355567875945,30.662232895443097,27.217199846829892,40.75449296769095,41.96353645188224,33.134103366957866,31.033273438734934,30.33049995013824
pig_19,B2,6,B2_p6,2026-07-04 17:30:00,4,2,24.109672766810522,38.59226634685848,28.77253706701449,25.211256087729673,35.564521185244296,30.49231121124145,27.82442669226989,22.795345184924294,24.22079830749766
pig_19,B2,6,B2_p6,2026-07-04 18:00:00,4,2,23.183713869194868,38.52091326886644,27.84015052977603,28.710126556658327,36.489578570160525,36.91665663649373,27.707128879623568,27.76941384796595,28.04067962791465
pig_19,B2,6,B2_p6,2026-07-04 18:30:00,4,2,23.093698927443,38.449516107359464,27.578577757519795,28.656913344179582,36.44727638082273,33.76858845407661,27.489642645635172,27.265323730148097,27.534326085210687
pig_19,B2,6,B2_p6,2026-07-04 19:00:00,4,2,24.222034292857007,38.3780945731266,26.60039307569255,31.505773642027314,36.49891441939124,36.596376869231506,26.710512696135314,28.267910257777764,25.320565930444353
pig_19,B2,6,B2_p6,2026-07-04 19:30:00,4,2,22.441059301000234,38.30662870625642,29.206549094343586,29.52017948871773,36.50104021072954,36.7946722426548,29.039915232068083,23.696807551479363,27.41139643365154
pig_19,B2,6,B2_p6,2026-07-04 20:00:00,4,2,24.19976848898363,38.23510512080727,29.330076044504317,28.01837870577969,37.110081667769734,39.197427968263185,29.623895640627055,28.706669187982037,25.950034716189762
pig_19,B2,6,B2_p6,2026-07-04 20:30:00,4,2,25.484234665741827,38.16354353767234,27.965008144043594,26.22059380384656,38.25276031117542,35.17843425144477,29.282128742653537,27.274758014305554,27.418120950635
pig_19,B2,6,B2_p6,2026-07-04 21:00:00,4,2,23.743202783464977,38.09194382973782,26.812512919268585,31.270863580728502,35.25503804103825,28.225560704186996,26.179671080936842,25.87230189925343,24.10917079019991
pig_19,B2,6,B2_p6,2026-07-04 21:30:00,4,2,21.217901933600434,38.02029259626727,27.490196033840064,28.33700760262724,35.49241219723042,30.860320006529427,26.985210834839318,29.546532196871766,24.688590010041956
pig_19,B2,6,B2_p6,2026-07-04 22:00:00,4,2,24.138819374344592,37.94858968366148,27.511097691876593,28.2835665099661,35.381698518975426,29.2476924102577,26.966961392085253,25.56665928974929,23.090600675352036
pig_19,B2,6,B2_p6,2026-07-04 22:30:00,4,2,21.703679586592337,37.876848227088914,26.252376269988726,31.09428489844037,34.94275570257716,25.81620453491668,25.59276931287435,25.726207533636153,23.422901579367505
pig_19,B2,6,B2_p6,2026-07-04 23:00:00,4,2,26.30020226438107,37.80508139445624,26.52862561040326,31.03536926937958,34.901650742274846,25.7672895032604,25.848065365537607,25.677463023024533,24.19263769564111
pig_19,B2,6,B2_p6,2026-07-04 23:30:00,4,2,22.352018622333944,37.73324250748486,26.257939359467557,30.976394488667033,35.150384861826154,29.081720287901245,25.83000698608599,25.052168479755903,24.00264076012163
pig_19,B2,6,B2_p6,2026-07-05 00:00:00,4,2,19.744356949530065,37.66137131602189,25.742150083584352,30.91739318819078,35.01024403476385,29.63935435570749,25.32018999408932,25.00445116002082,23.49334965823644
pig_19,B2,6,B2_p6,2026-07-05 00:30:00,4,2,20.075392098645313,37.58943439173272,25.94776419837487,30.858337925589353,35.024108267804486,28.9708846660592,25.552760870388035,24.956690198400565,24.2688012613428
pig_19,B2,6,B2_p6,2026-07-05 01:00:00,4,2,21.248453171834832,37.517464880199654,24.689848765734844,30.799255911104055,35.01666834993298,30.452184688088394,24.486555731983596,29.506398364427298,24.105157939114385
pig_19,B2,6,B2_p6,2026-07-05 01:30:00,4,2,20.695101053853953,37.445462660114146,25.004211404627203,30.74014704514888,34.60299366192608,29.141797210010957,24.510221940718907,25.433207583997493,23.224459368951663
pig_19,B2,6,B2_p6,2026-07-05 02:00:00,4,2,22.250118665252746,37.37337421325932,23.2853958541226,30.680967392952084,35.12115152908699,37.96026945184941,23.41396399108749,34.161048397335776,24.435624830865052
pig_19,B2,6,B2_p6,2026-07-05 02:30:00,4,2,20.67782787663531,37.30127278088822,24.85749205899446,30.62177708054037,34.34391156581497,26.984805410203343,24.282032717161258,25.838531565532804,21.807828213385488
pig_19,B2,6,B2_p6,2026-07-05 03:00:00,4,2,19.751831937471618,37.229138228682245,24.517483886052624,30.56255957902423,34.514379011217905,30.07660946046532,24.147637083543625,25.631041215651702,21.423467270568615
pig_19,B2,6,B2_p6,2026-07-05 03:30:00,4,2,20.919888577021396,37.15691693264161,24.67968531509635,30.50327086679141,35.1274618229798,34.89862893484776,24.768825584456316,27.224003104625886,24.033207248775195
pig_19,B2,6,B2_p6,2026-07-05 04:00:00,4,2,19.67462161913321,37.08466219804363,27.096873795820983,25.479339015987843,34.402602226745074,31.34372129170756,26.41548173322258,24.84169802462054,23.342191632420256
pig_19,B2,6,B2_p6,2026-07-05 04:30:00,4,2,21.968094786437113,37.01238059500179,28.224708895075217,28.522795019305242,36.283484543600935,36.249698476074386,28.786068074823717,27.824593490793486,26.219039709761837
pig_20,B1,8,B1_p8,2026-07-13 09:30:00,3,1,61.383335533824024,44.59748509275268,53.87142227691885,50.312736900102784,44.24715679015646,49.15732531757807,52.68841103057271,48.66697980624177,60.113116482326106
pig_20,B1,8,B1_p8,2026-07-13 10:00:00,3,1,54.55851369887143,44.614053770366894,50.28377800541626,49.95849799822305,42.094964784540515,41.32750194038892,47.89122571849188,49.53165457676835,55.12329604489262
pig_20,B1,8,B1_p8,2026-07-13 10:30:00,3,1,53.59316566298044,44.636158517037416,49.3037892108039,54.08720717423583,42.002415762253825,42.78209556559855,46.928614551848845,50.369053548331,54.79302334598417
pig_20,B1,8,B1_p8,2026-07-13 11:00:00,3,1,55.64126100979932,44.65824529709909,49.16217446878025,52.91883732111779,41.897029568452304,36.28435570141117,46.711082638810865,47.28906134074672,54.374456527655134
pig_20,B1,8,B1_p8,2026-07-13 11:30:00,3,1,51.24627749064712,44.68033866225627,49.82963679003185,60.44051582803565,43.8368221913521,47.039142198063224,48.7027471647341,54.65876430404038,56.36339436281601
pig_20,B1,8,B1_p8,2026-07-13 12:00:00,3,1,53.61036940588844,44.70242429686995,51.58780608410737,51.47093687516107,44.37585566469005,48.01063905679868,50.66134646373777,50.39723302527391,59.03521537821322
pig_20,B1,8,B1_p8,2026-07-13 12:30:00,3,1,54.21290800335787,44.72450629488017,52.23248906395709,55.11909063235491,46.41272822062834,50.24647591991507,52.70283033041535,62.347110132674224,61.81436337133147
pig_20,B1,8,B1_p8,2026-07-13 13:00:00,3,1,77.3634153328536,44.7465805710292,67.53434945555975,46.635327574111884,61.598862993117564,55.939330079144554,77.45597957464855,58.88319282410403,75.43563125252055
pig_20,B1,8,B1_p8,2026-07-13 13:30:00,3,1,67.06995910127269,44.768659393054016,54.32778453875371,50.50584750975283,51.440517373540544,50.591999773682076,58.20193177115341,58.0326688166664,65.45595353533508
pig_20,B1,8,B1_p8,2026-07-13 14:00:00,3,1,55.545682631555394,44.7907304991884,48.9739364894712,52.9956241429654,42.03116253388925,40.145375511924506,46.5561759340886,47.27434847283549,54.993381471434866
pig_20,B1,8,B1_p8,2026-07-13 14:30:00,3,1,57.71436030377967,44.8127959375433,58.267913301658005,56.47515632687761,48.01116421504504,51.601818392450895,59.236030688840074,57.28327972090837,66.49772765069474
pig_20,B1,8,B1_p8,2026-07-13 20:00:00,3,1,57.50288683392017,45.05897590769447,57.668269942186285,47.15574112316533,43.98475228386829,44.4986567056217,55.626768329955226,42.611581803560725,61.15019369960057
pig_20,B1,8,B1_p8,2026-07-13 20:30:00,3,1,54.26358071585813,45.07732203477679,51.33508414433158,50.60277589421311,43.223911389296035,44.33447823950068,49.3657175112642,53.931987525086925,60.33990624161457
pig_20,B1,8,B1_p8,2026-07-13 21:00:00,3,1,52.69378212302528,45.0993487817323,50.440450729437835,52.085964756527645,42.533469157673274,38.42695257630568,48.046940301914745,49.40990804808277,58.936416851578876
pig_20,B1,8,B1_p8,2026-07-13 21:30:00,3,1,52.789135764622,45.12136378948207,50.04781286888603,56.40793486285058,42.6264542611001,42.45983545643487,47.74725177347116,51.31341415216252,57.3579977518889
pig_20,B1,8,B1_p8,2026-07-13 22:00:00,3,1,56.00755055766552,45.14337317927359,50.888259475428924,50.551226082660214,43.993338494760565,48.78470340878121,49.47969704312965,53.00953496485342,59.262095094683104
pig_20,B1,8,B1_p8,2026-07-13 22:30:00,3,1,61.37840462296661,45.16539325730575,57.033381607161616,55.75473326800671,48.766104722359444,47.77964041687862,58.45192874893544,54.40065517083526,64.52243620448675
pig_20,B1,8,B1_p8,2026-07-13 23:00:00,3,1,54.160888342381995,45.18739345769082,55.67250242717081,50.84310579482294,44.39558947263704,47.960376696823076,54.04839277908895,50.58576549433836,59.996072917683406
pig_20,B1,8,B1_p8,2026-07-13 23:30:00,3,1,51.332182466209105,45.2093982367754,54.98945331086757,53.75447077762527,43.84166908993223,42.13331890090681,53.01888622007767,51.489785663828535,57.334041333763565
pig_20,B1,8,B1_p8,2026-07-14 00:00:00,3,1,50.78780626577655,45.23139537271817,49.18500447529724,51.61733646025836,43.606709490561386,47.124062630207334,47.61217552119619,50.44562071154445,56.19714456887577
pig_20,B1,8,B1_p8,2026-07-14 00:30:00,3,1,51.64016310178869,45.253393016253845,49.3723358382521,53.1571146659053,42.62958120851339,45.28713714119512,47.05933453651556,52.31389493925535,54.08120637035737
pig_20,B1,8,B1_p8,2026-07-14 01:00:00,3,1,50.1567205504748,45.275387096020225,48.762668269281406,49.73602209465216,42.5265343463644,37.90112605285992,46.42240287076356,48.320071160980646,52.87127431942257
pig_20,B1,8,B1_p8,2026-07-14 01:30:00,3,1,57.191210999700495,45.29737150748444,54.504912134668004,55.47995019314598,44.87639507500161,50.475295118018536,53.27738804635607,55.63318584268397,58.83590060756842
pig_20,B1,8,B1_p8,2026-07-14 02:00:00,3,1,53.13831063487025,45.319362540303956,52.568756918737535,55.874454899418126,43.8508055489454,48.38262139433766,50.77875000405564,55.241154374773224,56.41740748321995
pig_20,B1,8,B1_p8,2026-07-14 02:30:00,3,1,48.96262162887177,45.34133984094114,47.1975801290131,49.39490984881988,43.9920321869495,45.05085699477236,46.03435637189154,48.35644559240375,54.8608060272839
pig_20,B1,8,B1_p8,2026-07-14 03:00:00,3,1,48.133502908200285,45.3633176609335,48.09432038867469,49.892538837504105,42.64726044868024,43.93850209793739,45.85358926392615,48.74648279214915,52.43765457461029
pig_20,B1,8,B1_p8,2026-07-14 03:30:00,3,1,50.17733104542316,45.38529193219506,48.185874433285576,50.609251025054526,43.90657886191398,47.754127872184,46.83430300399944,47.761341083310995,53.45170516155504
pig_20,B1,8,B1_p8,2026-07-14 04:00:00,3,1,51.64600692913501,45.40726469175136,58.280251284767125,47.520237106623405,48.33016288038926,49.4181569122185,59.107194823624354,54.268000354972855,59.251010902205316
pig_20,B1,8,B1_p8,2026-07-14 04:30:00,3,1,72.93018769806679,45.42922983997441,53.50731923986682,54.501428494242575,54.92238226441431,55.88391041903613,59.57316212238331,65.77904794075975,65.87686245667163
pig_20,B1,8,B1_p8,2026-07-14 05:00:00,3,1,51.80625391375412,45.45119144869935,48.41169250805123,49.47859250839886,42.72380595759572,44.02361585961071,46.13976024868905,48.70255975567768,51.088266534068566
pig_20,B1,8,B1_p8,2026-07-14 05:30:00,3,1,51.49768936259541,45.47315155395557,47.025691944251285,45.61513849283398,42.76172981946736,40.71201696827096,44.90640522194133,42.6028858265664,49.97336749565551
pig_20,B1,8,B1_p8,2026-07-14 06:00:00,3,1,47.97834779707938,45.495110157607485,47.118525773572735,48.192480405735836,43.28094423496775,42.24303623391068,45.35226869253597,42.45491745448328,49.620837581806725
pig_20,B1,8,B1_p8,2026-07-14 06:30:00,3,1,49.57738270940206,45.51706319646624,44.943429271039356,45.32143909234394,43.52752359756915,45.06676488165408,43.560009374765116,43.940783082232734,49.93970192769435
pig_20,B1,8,B1_p8,2026-07-14 07:00:00,3,1,52.66805763217798,45.53901677094706,47.3577587060142,47.641139105874956,48.98035167559114,49.46768726228658,49.66785882150796,55.88822119417718,56.27390038343328
pig_20,B1,8,B1_p8,2026-07-14 16:00:00,4,1,38.40545114214678,45.534827035684124,44.429504993050145,42.57680145133921,47.31030822278342,51.156843970078974,45.82613452846077,51.339503305902895,48.81646904823384
pig_20,B1,8,B1_p8,2026-07-14 16:30:00,4,1,43.164581916819735,45.441653769615854,39.68682839896849,39.46544461023132,50.47092245287077,44.32186066993743,43.90587624074031,45.805861572774475,49.50789013795643
pig_20,B1,8,B1_p8,2026-07-14 17:00:00,4,1,45.937263084659286,45.3172813432776,44.23288191616939,42.37338792470105,55.39956548475756,63.01830573010372,51.643518976052874,60.49158721460214,56.12140722695597
pig_20,B1,8,B1_p8,2026-07-14 17:30:00,4,1,53.900865860659664,45.19279503327125,44.684725720409226,44.23016590770183,64.03092230113734,56.49715902989139,58.378928030380884,50.33272047566038,65.92287537720034
pig_20,B1,8,B1_p8,2026-07-14 18:00:00,4,1,43.115258139482364,45.068182774933575,39.702783858004636,40.09004136670826,47.45954100835215,50.90039587715731,41.97233389206716,41.75934126975543,47.35616901819539
pig_20,B1,8,B1_p8,2026-07-14 18:30:00,4,1,49.86896542440408,44.9434902166623,43.502134641524876,40.910483101121116,62.62431730827079,56.185493998761885,56.45169541856289,51.82842066107271,62.33231261822117
pig_20,B1,8,B1_p8,2026-07-14 19:00:00,4,1,38.618589628541315,44.81869379722406,37.94441814938603,42.18996275636929,46.09166548598846,43.3794609415465,39.555186136068,44.38421045853867,42.305280776629296
pig_20,B1,8,B1_p8,2026-07-14 19:30:00,4,1,34.44525896664267,44.69374671874752,38.25379414861932,38.79948988498414,41.98498553111245,37.41422076788261,36.937317941871335,32.06822215606205,38.25171516253308
pig_20,B1,8,B1_p8,2026-07-14 20:00:00,4,1,33.97894293156287,44.56867151195158,36.77464624684856,35.40307734940775,41.57424061760838,37.53763960535042,35.3869612822592,31.938549039086144,36.252805333746736
pig_20,B1,8,B1_p8,2026-07-14 20:30:00,4,1,34.4162890972887,44.44353716969294,35.98783859136857,36.09906992928085,41.29691779054372,33.20215795225715,34.556235545655554,32.27768775779779,36.244706789702846
pig_20,B1,8,B1_p8,2026-07-14 21:00:00,4,1,34.00021381630537,44.31825045669458,36.03416559117062,36.70462873830004,40.97566257976491,30.464814158083527,34.44343820849191,30.538476415897264,35.82528360769726
pig_20,B1,8,B1_p8,2026-07-14 21:30:00,4,1,34.56243747692274,44.19284557117267,36.787344172358814,36.75728402005814,41.95438304056033,38.74766938432343,35.908228544696044,33.41337373375809,37.34360143039442
pig_20,B1,8,B1_p8,2026-07-14 22:00:00,4,1,34.323648494462795,44.067310325632036,36.6886954783393,36.65287040705751,41.66055794383113,38.757558433946684,35.685003757797375,33.02971518301399,37.742247244016525
pig_20,B1,8,B1_p8,2026-07-14 22:30:00,4,1,33.597140806417144,43.941702318365174,36.75146100500923,36.78803518972386,41.224185033668874,35.702172049931725,35.50382559581733,33.15618731626037,37.40569098135221
pig_20,B1,8,B1_p8,2026-07-14 23:00:00,4,1,32.43063754632844,43.81597451257896,37.26026365289411,41.24605552280127,40.74906384286626,32.73332860622919,35.6960014078374,35.04550527887382,36.94848578678092
pig_20,B1,8,B1_p8,2026-07-14 23:30:00,4,1,33.271591324295564,43.69003304325102,37.430943231399,37.92814699120274,41.79130198482851,43.25780945781129,36.68299853210226,37.54055504453543,38.419573197232076
pig_20,B1,8,B1_p8,2026-07-15 00:00:00,4,1,34.09305864826538,43.56405215252212,36.74573427050602,36.00586759196145,41.52470129316468,41.16187099246726,35.951984500047125,32.63861596502203,37.51702054790695
pig_20,B1,8,B1_p8,2026-07-15 00:30:00,4,1,31.899455280987134,43.437926336968935,37.08906373411634,37.66831326995492,40.578218376807925,32.831924473814816,35.65413848440573,29.896023710173484,36.45550904157297
pig_20,B1,8,B1_p8,2026-07-15 01:00:00,4,1,33.04951121877143,43.31166663513539,37.03778416500891,37.55882392727446,40.84799788844739,36.903755924370586,35.88217229890594,31.49406298638343,37.396290093834985
pig_20,B1,8,B1_p8,2026-07-15 01:30:00,4,1,33.08786397061153,43.185295832038506,34.08538019355005,32.860579926430745,40.832182955144795,37.981819501335785,33.29301831215242,25.7931828367554,37.1580488990132
pig_20,B1,8,B1_p8,2026-07-15 02:00:00,4,1,32.87084724848351,43.058778207979856,34.22678636500933,27.993473939520353,39.68403144469642,29.607542037290465,32.6676710250298,26.140227716095787,34.42670669867078
pig_20,B1,8,B1_p8,2026-07-15 02:30:00,4,1,31.055509925482376,42.932183467191514,36.89330938130402,34.0640253434258,39.27842703799004,31.93855526248189,34.852241653475524,32.105953358214656,35.44214311635896
pig_20,B1,8,B1_p8,2026-07-15 03:00:00,4,1,38.674616455600784,42.805428949438905,35.09749589011716,33.551612205400886,45.47626752276449,46.700879574394435,37.80418869277702,38.20778803535297,43.417720180216456
pig_20,B1,8,B1_p8,2026-07-15 03:30:00,4,1,31.988107767288326,42.67854919353103,33.53747849255021,32.47498598533816,39.88932547250234,32.25796031109014,32.433392397902665,29.42223813701712,34.0455791875471
pig_20,B1,8,B1_p8,2026-07-15 04:00:00,4,1,31.382249299279756,42.55156710738176,34.68002945986059,33.26573452784364,39.09213313285298,30.757792620894662,32.96333858737519,30.38559875208107,34.072536276042925
pig_20,B1,8,B1_p8,2026-07-15 04:30:00,4,1,31.00426902134086,42.42444680588042,35.09733895712125,33.69981470889597,39.3484396515199,31.905084443843794,33.603786128843055,29.873837843082075,34.529201009584106
pig_20,B1,8,B1_p8,2026-07-15 05:00:00,4,1,31.310374627145087,42.297211197763914,33.971730482448606,32.2140535378579,39.531350457522386,31.969731536564908,32.8028389760928,28.969222167080247,34.86647958156156
pig_20,B1,8,B1_p8,2026-07-15 05:30:00,4,1,31.19240840711381,42.169836080852235,32.71028227196151,30.55544676402976,39.45328754592562,32.739188870517054,31.69074375967986,27.23711955264595,35.79877049767924
pig_20,B1,8,B1_p8,2026-07-15 06:00:00,4,1,31.37052951995385,42.04230896404684,32.17886774069229,34.01533315900676,39.686652876928804,38.894155769369455,31.461172657771467,25.93372766794486,34.491838661065536
pig_20,B1,8,B1_p8,2026-07-15 06:30:00,4,1,29.74959851434828,41.91471189268128,33.414099229292844,27.249690861707464,38.94082910589377,32.63778603310328,32.11209921603174,26.870188803891477,33.4439199645017
pig_20,B1,8,B1_p8,2026-07-15 07:00:00,4,1,30.343507061645873,41.78690236117508,38.590762430189784,34.4803449260572,38.77853109172473,30.757996299848134,36.73225257852638,30.03259368513755,33.96490438962671
