pig,chamber,period,experimental_unit,timestamp,phase_idx,outer_fold,observed_HP,predicted_HP__Sensor/context base,predicted_HP__+ planned feeding amount,predicted_HP__+ protocol meal timing
pig_01,A1,8,A1_p8,2026-07-12 09:30:00,2,3,56.837659498215,52.25150174253703,51.87148933361088,57.415605832918196
pig_01,A1,8,A1_p8,2026-07-12 10:00:00,2,3,42.642631299710125,45.07815492606411,45.204722239337414,43.741260371635086
pig_01,A1,8,A1_p8,2026-07-12 10:30:00,2,3,38.82517785236907,43.85176755363685,43.936732171836354,43.240980954071304
pig_01,A1,8,A1_p8,2026-07-12 11:00:00,2,3,36.6019086565782,42.84782868301506,43.03532847102734,40.75868276706221
pig_01,A1,8,A1_p8,2026-07-12 11:30:00,2,3,40.52209432916164,44.724100417518706,44.660687557786694,44.10214447737782
pig_01,A1,8,A1_p8,2026-07-12 12:00:00,2,3,37.443075752593266,42.011413818029816,41.86911536725259,41.39749049381032
pig_01,A1,8,A1_p8,2026-07-12 12:30:00,2,3,39.06421497365787,42.6867085297503,42.35687810738669,41.494403788134676
pig_01,A1,8,A1_p8,2026-07-12 13:00:00,2,3,36.40071266825475,42.135104086147265,42.15313292417331,40.6991512265156
pig_01,A1,8,A1_p8,2026-07-12 13:30:00,2,3,36.80431088759764,41.03386173097788,41.0256641255347,40.253207352837755
pig_01,A1,8,A1_p8,2026-07-12 14:00:00,2,3,46.97428188988183,43.24961009718276,43.430737926519456,45.05564827980642
pig_01,A1,8,A1_p8,2026-07-12 14:30:00,2,3,39.07255112481942,44.207258314569046,44.365217551267776,42.15524464425775
pig_01,A1,8,A1_p8,2026-07-12 15:00:00,2,3,44.69786181250292,47.80903726638577,47.77258167213745,50.415530776433364
pig_01,A1,8,A1_p8,2026-07-12 16:00:00,2,3,53.093653177005294,59.40199692621194,58.99062298535249,61.481146468877824
pig_01,A1,8,A1_p8,2026-07-14 16:00:00,4,3,19.77039480110436,23.009379578460415,22.90255301225731,27.406925271449182
pig_01,A1,8,A1_p8,2026-07-14 16:30:00,4,3,36.15420346453211,34.577304831365716,34.475898041489145,35.843512351439074
pig_01,A1,8,A1_p8,2026-07-14 17:00:00,4,3,34.21102144692175,34.089196362360724,34.10245139970873,35.74183450247317
pig_01,A1,8,A1_p8,2026-07-14 17:30:00,4,3,23.41239885468965,25.573237090507355,25.484544754125768,28.993766191386555
pig_01,A1,8,A1_p8,2026-07-14 18:00:00,4,3,31.468413705154926,33.30104401976955,33.17929699756846,33.70089434022129
pig_01,A1,8,A1_p8,2026-07-14 18:30:00,4,3,23.18134040038639,24.713964648088158,24.66785379747246,27.373838260910738
pig_01,A1,8,A1_p8,2026-07-14 19:00:00,4,3,23.914755444637844,26.502692606330513,26.481898046489583,27.871621094664402
pig_01,A1,8,A1_p8,2026-07-14 19:30:00,4,3,25.133169002193444,26.203134434131684,26.164648516927798,28.575175563791458
pig_01,A1,8,A1_p8,2026-07-14 20:00:00,4,3,21.661183682270675,24.675439611800012,24.69483426313691,26.890865841371493
pig_01,A1,8,A1_p8,2026-07-14 20:30:00,4,3,20.91256735513113,25.563300780396844,25.532811835500212,27.102648178463696
pig_01,A1,8,A1_p8,2026-07-14 21:00:00,4,3,22.445974346785594,25.69331981710235,25.622610351897077,28.294834480120954
pig_01,A1,8,A1_p8,2026-07-14 21:30:00,4,3,24.31707928840965,31.67016814504132,31.762895646820272,34.04609735013706
pig_01,A1,8,A1_p8,2026-07-14 22:00:00,4,3,27.544258063819406,26.029060166004996,26.07805485151738,29.06043694984189
pig_01,A1,8,A1_p8,2026-07-14 22:30:00,4,3,20.92831984225388,24.671760857953252,24.688913887440684,27.03429867130245
pig_01,A1,8,A1_p8,2026-07-14 23:00:00,4,3,21.08684779795635,23.65536298853325,23.578705465117757,26.47971662646249
pig_01,A1,8,A1_p8,2026-07-14 23:30:00,4,3,21.310099671840998,24.187608396040787,24.12035588382947,27.958667983094106
pig_01,A1,8,A1_p8,2026-07-15 00:00:00,4,3,22.707830318694917,25.141565990573298,25.125979285362767,27.482973884140833
pig_01,A1,8,A1_p8,2026-07-15 00:30:00,4,3,20.64567382726036,23.5711259279214,23.585859964666863,26.111310605454257
pig_01,A1,8,A1_p8,2026-07-15 01:00:00,4,3,21.405170664997303,24.23701595272749,24.29895364849996,27.01444330962863
pig_01,A1,8,A1_p8,2026-07-15 01:30:00,4,3,19.82215820172323,23.909009956387095,23.80618490975275,26.57150752735402
pig_01,A1,8,A1_p8,2026-07-15 02:00:00,4,3,20.00900583563264,25.754961687662203,25.887945553781005,27.23051696763732
pig_01,A1,8,A1_p8,2026-07-15 02:30:00,4,3,20.114666026415705,23.11947935811883,23.119055790037166,26.50483820320321
pig_01,A1,8,A1_p8,2026-07-15 03:00:00,4,3,21.146444806874076,24.974411038784154,24.98154000897851,27.417400482464203
pig_01,A1,8,A1_p8,2026-07-15 03:30:00,4,3,20.326813314451357,23.399796159622724,23.422711906665576,27.174078267743738
pig_01,A1,8,A1_p8,2026-07-15 04:00:00,4,3,19.94345669481224,24.45762978819485,24.44507903951243,26.75093572079099
pig_01,A1,8,A1_p8,2026-07-15 04:30:00,4,3,21.170237987796817,25.274374409321013,25.290435000547593,27.778715680491253
pig_01,A1,8,A1_p8,2026-07-15 05:00:00,4,3,19.980839710055022,23.208448091719866,23.209437198828144,27.65111672169489
pig_01,A1,8,A1_p8,2026-07-15 05:30:00,4,3,20.1657085810775,22.575222977392084,22.487006686510764,27.580327144913504
pig_01,A1,8,A1_p8,2026-07-15 06:00:00,4,3,20.848497557171818,25.592000999437737,25.563101501454945,27.53743917275872
pig_01,A1,8,A1_p8,2026-07-15 06:30:00,4,3,19.30574245876796,23.446826305375133,23.370511753733297,26.82233375681715
pig_01,A1,8,A1_p8,2026-07-15 07:00:00,4,3,20.95098683423005,24.248649598280974,24.178251264623448,27.515982477267254
pig_02,B2,7,B2_p7,2026-07-07 10:00:00,2,3,42.788168942812774,41.215866352717924,41.14852478411139,42.648850390730374
pig_02,B2,7,B2_p7,2026-07-07 10:30:00,2,3,41.08166579325375,38.78532765379114,38.92687680318181,40.836634849135876
pig_02,B2,7,B2_p7,2026-07-07 11:00:00,2,3,71.9563938879489,43.85565737996727,43.89276800540366,46.78089579694905
pig_02,B2,7,B2_p7,2026-07-07 11:30:00,2,3,42.30625029925693,42.36165330907442,42.4018852733694,42.60262864069165
pig_02,B2,7,B2_p7,2026-07-07 12:00:00,2,3,64.32183163588469,40.73336569383059,40.79116784166155,42.208188052292996
pig_02,B2,7,B2_p7,2026-07-07 12:30:00,2,3,43.667317078192326,47.466962610256715,47.663328166379756,48.64161616287693
pig_02,B2,7,B2_p7,2026-07-07 13:00:00,2,3,66.93410966913271,44.50933933548104,44.14183847955829,43.32748236712648
pig_02,B2,7,B2_p7,2026-07-07 13:30:00,2,3,35.62160489268382,43.67663263956153,43.6872523049536,43.517403932438484
pig_02,B2,7,B2_p7,2026-07-07 14:00:00,2,3,48.66567282450792,46.03791732082037,46.1321352192065,40.534705497945836
pig_02,B2,7,B2_p7,2026-07-07 14:30:00,2,3,37.71792346974007,39.09886846807621,38.95614170960633,39.309339844075566
pig_02,B2,7,B2_p7,2026-07-07 15:00:00,2,3,39.553439719825825,45.052168079927256,44.82083447706673,47.05655486188723
pig_02,B2,7,B2_p7,2026-07-07 16:00:00,2,3,68.75563435112994,61.129553436409665,61.083602973925565,64.4542192534249
pig_02,B2,7,B2_p7,2026-07-07 16:30:00,2,3,46.49491950447855,44.347443080512214,44.21656348742384,44.906411476160244
pig_02,B2,7,B2_p7,2026-07-07 17:00:00,2,3,51.840819376572846,46.98255114746834,47.07234321445777,48.91530984343582
pig_02,B2,7,B2_p7,2026-07-07 17:30:00,2,3,38.69716588123088,41.18456064960975,41.16035565096862,42.211149366760296
pig_02,B2,7,B2_p7,2026-07-07 18:00:00,2,3,40.19405527899745,40.0602993012956,39.9885242753383,39.51830753528037
pig_02,B2,7,B2_p7,2026-07-07 18:30:00,2,3,41.862638080430415,41.57928997532312,41.47065635865569,40.9676712812724
pig_02,B2,7,B2_p7,2026-07-07 19:00:00,2,3,44.76758532864107,40.81518183885797,40.789599849998424,41.14608151681842
pig_02,B2,7,B2_p7,2026-07-07 19:30:00,2,3,44.22468725294517,39.70569235759503,39.6170992130373,39.446878406521364
pig_02,B2,7,B2_p7,2026-07-07 20:00:00,2,3,43.07794587617681,39.902695011237384,39.585416373536916,39.54124062527212
pig_02,B2,7,B2_p7,2026-07-07 20:30:00,2,3,42.16213206663773,37.41120703307634,37.480025027471434,38.73236672933213
pig_02,B2,7,B2_p7,2026-07-07 21:00:00,2,3,43.19869679436717,40.35565507492947,40.290646647053805,39.44061036575165
pig_02,B2,7,B2_p7,2026-07-07 21:30:00,2,3,38.639814194135596,38.19866936332227,38.109952318215605,38.57097081091248
pig_02,B2,7,B2_p7,2026-07-07 22:00:00,2,3,40.32163795502999,39.46460766841576,39.43856304945616,39.721032586828734
pig_02,B2,7,B2_p7,2026-07-07 22:30:00,2,3,38.757075062409,37.944158823067625,38.0839846004697,38.29371700269983
pig_02,B2,7,B2_p7,2026-07-07 23:00:00,2,3,40.02301466839812,38.651011810295884,38.5553015096243,38.09631015527458
pig_02,B2,7,B2_p7,2026-07-07 23:30:00,2,3,38.25002075044859,36.01352998541284,36.0108060595829,35.44247868614273
pig_02,B2,7,B2_p7,2026-07-08 00:00:00,2,3,37.85242947022838,37.142020862261134,37.15771847964613,35.33827833697728
pig_02,B2,7,B2_p7,2026-07-08 00:30:00,2,3,35.21290037480348,36.30848492246388,36.30251666302403,36.32564781919435
pig_02,B2,7,B2_p7,2026-07-08 01:00:00,2,3,35.48918875091764,35.59871868806643,35.59994150792461,34.183427790298595
pig_02,B2,7,B2_p7,2026-07-08 01:30:00,2,3,37.62242137672706,37.292133788448304,37.487790404016,36.64260865219036
pig_02,B2,7,B2_p7,2026-07-08 02:00:00,2,3,35.64440145333812,35.58169960940063,35.65260561711064,36.23579266747562
pig_02,B2,7,B2_p7,2026-07-08 02:30:00,2,3,38.69463941111282,37.06252290317254,36.90913076114397,35.671992364045686
pig_02,B2,7,B2_p7,2026-07-08 03:00:00,2,3,34.983754450920706,35.14784750410192,35.43587728925408,35.023816543829994
pig_02,B2,7,B2_p7,2026-07-08 03:30:00,2,3,32.59679667811211,34.91670543831919,35.0786499102569,33.97368094162431
pig_02,B2,7,B2_p7,2026-07-08 04:00:00,2,3,33.724116323913485,35.81405085115279,36.01233449891487,35.95228006170342
pig_02,B2,7,B2_p7,2026-07-08 04:30:00,2,3,33.48456179378559,35.41087595094057,35.41815622766316,35.1674647490877
pig_02,B2,7,B2_p7,2026-07-08 05:00:00,2,3,35.68591912844774,35.75836800074042,35.769139746472966,34.6987037792076
pig_02,B2,7,B2_p7,2026-07-08 05:30:00,2,3,34.17565943613985,35.27437590562147,35.22281723688663,33.64669446318511
pig_02,B2,7,B2_p7,2026-07-08 06:00:00,2,3,32.66546466851061,34.443814691159055,34.27557290999048,33.37961139055437
pig_02,B2,7,B2_p7,2026-07-08 06:30:00,2,3,32.6717000085918,32.72400234788208,32.98271566479713,32.13529148648323
pig_02,B2,7,B2_p7,2026-07-08 07:00:00,2,3,43.762764905632714,40.59002049642199,40.57007595333566,38.75304332377554
pig_02,B2,7,B2_p7,2026-07-08 07:30:00,2,3,32.3862566791603,35.15145608861231,35.1206486705612,34.27251525904636
pig_02,B2,7,B2_p7,2026-07-08 08:00:00,2,3,41.80342439328572,47.816682919789216,47.75473452052644,42.37006462533308
pig_02,B2,7,B2_p7,2026-07-08 09:30:00,3,3,53.45585979131036,42.93653191695674,43.123383315813975,45.36883916907211
pig_02,B2,7,B2_p7,2026-07-08 10:00:00,3,3,46.40895105620419,39.757113086746216,40.0595988365597,42.158476067718894
pig_02,B2,7,B2_p7,2026-07-08 10:30:00,3,3,40.85752859328332,39.65788868488064,40.0315177482064,40.85991543987964
pig_02,B2,7,B2_p7,2026-07-08 11:00:00,3,3,45.719952788605106,44.38930385451408,44.31811039513882,46.01559539389427
pig_02,B2,7,B2_p7,2026-07-08 11:30:00,3,3,45.244458422745886,41.36940178835807,41.471557068963776,42.148371915718215
pig_02,B2,7,B2_p7,2026-07-08 12:00:00,3,3,42.62961587002091,41.69723881290253,41.93738989956792,43.281129393716235
pig_02,B2,7,B2_p7,2026-07-08 12:30:00,3,3,49.65783293293771,42.00616231344412,42.08387946397997,42.28666293715616
pig_02,B2,7,B2_p7,2026-07-08 13:00:00,3,3,49.40305922547941,40.627109057126134,40.694295871656784,38.9241874710435
pig_02,B2,7,B2_p7,2026-07-08 13:30:00,3,3,61.392407709863285,51.5470186432632,52.28738548498126,53.4743354408619
pig_02,B2,7,B2_p7,2026-07-08 14:00:00,3,3,49.80016141130531,42.2359740283449,42.482036681695455,39.985379892137544
pig_02,B2,7,B2_p7,2026-07-08 14:30:00,3,3,57.18703356176721,53.60465628759503,54.04467042941755,56.49782953619537
pig_02,B2,7,B2_p7,2026-07-08 15:30:00,3,3,60.163641680217495,48.82527344991921,49.36834991772687,51.22198550428927
pig_02,B2,7,B2_p7,2026-07-08 16:00:00,3,3,48.219668687747856,44.20877155632975,44.31980164653933,45.140481888975245
pig_02,B2,7,B2_p7,2026-07-08 16:30:00,3,3,43.84231126334378,42.42199066070085,42.458589161640674,42.92567542857929
pig_02,B2,7,B2_p7,2026-07-08 17:00:00,3,3,46.29894426764827,43.701661205555496,43.94113720806452,44.84793806102256
pig_02,B2,7,B2_p7,2026-07-08 17:30:00,3,3,39.94905128803195,41.97079290703228,42.01463182853176,42.06296822261912
pig_02,B2,7,B2_p7,2026-07-08 18:00:00,3,3,44.13197156627481,38.853749838866804,39.21951416251407,40.43459202868075
pig_02,B2,7,B2_p7,2026-07-08 18:30:00,3,3,51.42261449886277,45.634521526325614,45.76664102487237,45.1623615771321
pig_02,B2,7,B2_p7,2026-07-08 19:00:00,3,3,45.045521722157524,41.333494241478306,41.288046769298916,39.90281363015284
pig_02,B2,7,B2_p7,2026-07-08 19:30:00,3,3,39.874986272025644,39.93366516757852,40.10199514953371,39.5276425788243
pig_02,B2,7,B2_p7,2026-07-08 20:00:00,3,3,39.02683083802125,40.81125850264119,41.014925939160854,39.61348711114126
pig_02,B2,7,B2_p7,2026-07-08 20:30:00,3,3,40.84164310793261,40.51826944629752,40.44383841486433,39.91286711566157
pig_02,B2,7,B2_p7,2026-07-08 21:00:00,3,3,39.81094906408846,38.620744492649635,38.85329150218294,36.850932913624206
pig_02,B2,7,B2_p7,2026-07-08 21:30:00,3,3,36.37861540156563,38.65986254559804,38.92526453958034,38.44226895284697
pig_02,B2,7,B2_p7,2026-07-08 22:00:00,3,3,40.0984610539128,37.36184475801946,37.73330113808598,36.36612831701157
pig_02,B2,7,B2_p7,2026-07-08 22:30:00,3,3,42.597373387011714,39.94547175115055,40.01549508100505,39.37193344268239
pig_02,B2,7,B2_p7,2026-07-08 23:00:00,3,3,39.40256231916291,37.969678133933776,38.112975812913156,37.722132148049056
pig_02,B2,7,B2_p7,2026-07-08 23:30:00,3,3,47.535924974255735,40.18604633060711,40.21462293649645,38.3117553298
pig_02,B2,7,B2_p7,2026-07-09 00:00:00,3,3,44.6824154863092,39.74266075784473,39.9130988531129,38.3290784568521
pig_02,B2,7,B2_p7,2026-07-09 00:30:00,3,3,38.07168374510074,36.754991814399496,37.049828032093004,36.79516594640454
pig_02,B2,7,B2_p7,2026-07-09 01:00:00,3,3,36.57910060258817,37.28350185417568,37.406741782301324,36.35768018177063
pig_02,B2,7,B2_p7,2026-07-09 01:30:00,3,3,37.206625138914,34.91894473557253,35.08763693167425,35.02448816397793
pig_02,B2,7,B2_p7,2026-07-09 02:00:00,3,3,35.04836189331025,35.798002335506794,35.953419898950806,35.423092744656984
pig_02,B2,7,B2_p7,2026-07-09 02:30:00,3,3,40.22296865998025,36.23687362926242,36.306246451422616,36.35230911059773
pig_02,B2,7,B2_p7,2026-07-09 03:00:00,3,3,37.356277834911076,35.3359403296834,35.56583856808979,35.414293067222424
pig_02,B2,7,B2_p7,2026-07-09 03:30:00,3,3,32.81698212177591,36.27590569184365,36.346579077829404,36.252494799553304
pig_02,B2,7,B2_p7,2026-07-09 04:00:00,3,3,35.862537330476755,35.29774226078897,35.36466987322345,35.63662257109714
pig_02,B2,7,B2_p7,2026-07-09 04:30:00,3,3,34.08900735657379,37.638860627270674,37.51427647967664,36.49978472413221
pig_02,B2,7,B2_p7,2026-07-09 05:00:00,3,3,38.17527662428982,34.415135372637735,34.63519968928671,32.136393885688946
pig_02,B2,7,B2_p7,2026-07-09 05:30:00,3,3,34.650108910912785,34.91754587158833,34.977967481783935,33.000942357919065
pig_02,B2,7,B2_p7,2026-07-09 06:00:00,3,3,30.626478388665625,34.05384669217181,34.33004503125478,33.61727126452176
pig_02,B2,7,B2_p7,2026-07-09 06:30:00,3,3,33.57559021090026,34.97702888433424,35.15538714904436,32.03039799767872
pig_02,B2,7,B2_p7,2026-07-09 07:00:00,3,3,29.61702726044477,33.87942512350569,34.0320943755553,31.78432121563913
pig_02,B2,7,B2_p7,2026-07-09 07:30:00,3,3,40.956913240138576,42.86696550854013,43.11213890566947,41.50510403045665
pig_02,B2,7,B2_p7,2026-07-09 08:00:00,3,3,42.81124681321393,45.34112555236172,45.78671246602897,42.26097953731198
pig_02,B2,7,B2_p7,2026-07-09 09:30:00,4,3,48.00413888112747,40.17867253671089,39.96345146848388,45.527974633069405
pig_02,B2,7,B2_p7,2026-07-09 10:00:00,4,3,43.94649575877732,36.06430596200177,35.938026085981754,36.0367582076328
pig_02,B2,7,B2_p7,2026-07-09 10:30:00,4,3,41.69090818715708,33.54837498228313,33.56163276651117,33.51589702650055
pig_02,B2,7,B2_p7,2026-07-09 11:00:00,4,3,45.3602965951779,37.57615374481807,37.16075356778501,36.830308624719514
pig_02,B2,7,B2_p7,2026-07-09 11:30:00,4,3,47.44753429770044,39.29014390084685,38.87381662733439,38.04020679819105
pig_02,B2,7,B2_p7,2026-07-09 12:00:00,4,3,45.38044315162293,39.59515726727362,39.28909243518588,41.36251903098868
pig_02,B2,7,B2_p7,2026-07-09 12:30:00,4,3,43.440555665842076,39.40080987778489,38.87961535577595,39.18839051913965
pig_02,B2,7,B2_p7,2026-07-09 13:00:00,4,3,40.877378738491075,40.43795466213205,40.002137044033844,39.61228853994423
pig_02,B2,7,B2_p7,2026-07-09 13:30:00,4,3,42.38342484663775,39.481540623324804,39.192839789726364,39.06095043775777
pig_02,B2,7,B2_p7,2026-07-09 14:00:00,4,3,48.176995977553005,40.64456858891347,40.334960827097134,41.96360061318844
pig_02,B2,7,B2_p7,2026-07-09 14:30:00,4,3,35.85014428691943,33.98618099976934,33.90755896736808,34.70087568604108
pig_02,B2,7,B2_p7,2026-07-09 15:00:00,4,3,45.261852507861754,40.57211891343751,40.361644566007264,40.86332905800428
pig_02,B2,7,B2_p7,2026-07-09 15:30:00,4,3,43.81245545014592,40.90858239421592,40.74293251006445,42.88017402826145
pig_02,B2,7,B2_p7,2026-07-09 16:00:00,4,3,42.55548099276613,39.50274613687859,39.38144170144796,42.50944352432958
pig_02,B2,7,B2_p7,2026-07-09 16:30:00,4,3,31.288903320029988,31.85060467413237,31.76625774810195,30.74178681868358
pig_02,B2,7,B2_p7,2026-07-09 17:00:00,4,3,29.148418345046963,24.398980388723693,24.397586992547815,25.39704190437335
pig_02,B2,7,B2_p7,2026-07-09 17:30:00,4,3,40.21251349711686,37.72879051286932,37.44288874730824,36.40943140568725
pig_02,B2,7,B2_p7,2026-07-09 18:00:00,4,3,29.025345579928647,23.89166366823808,23.980972323564124,27.046187753241945
pig_02,B2,7,B2_p7,2026-07-09 18:30:00,4,3,28.23933122185312,25.355070935608722,25.369299142903195,27.810121698427654
pig_02,B2,7,B2_p7,2026-07-09 19:00:00,4,3,26.832544082659112,28.67472389098112,28.822565489267888,29.03608728078576
pig_02,B2,7,B2_p7,2026-07-09 19:30:00,4,3,29.791046635934464,23.69078729968891,23.770713127580088,25.101011320209594
pig_11,B2,2,B2_p2,2026-06-12 09:30:00,2,5,61.03746799413838,41.69844538295048,42.59549730710579,41.858612253760775
pig_11,B2,2,B2_p2,2026-06-12 10:00:00,2,5,53.26925364011849,38.214756822399124,39.69920600797572,38.9722114634855
pig_11,B2,2,B2_p2,2026-06-12 10:30:00,2,5,48.53653312584815,33.50731027463752,34.86920779760474,34.30683514619365
pig_11,B2,2,B2_p2,2026-06-12 11:00:00,2,5,45.203133444964664,31.5674978364422,32.38616629480309,32.804901048614525
pig_11,B2,2,B2_p2,2026-06-12 11:30:00,2,5,46.731647846403845,33.192508840690124,33.22122097407641,33.44121499441552
pig_11,B2,2,B2_p2,2026-06-12 12:00:00,2,5,47.710064603763215,31.96630491566912,32.90176899193575,33.24974374144119
pig_11,B2,2,B2_p2,2026-06-12 12:30:00,2,5,43.58420327405174,32.255939020283776,32.85438505267313,33.10708430900572
pig_11,B2,2,B2_p2,2026-06-12 13:00:00,2,5,56.40919044269047,39.54258877435734,39.17310499707842,38.623292044534
pig_11,B2,2,B2_p2,2026-06-12 13:30:00,2,5,47.356382866086335,33.89879286036982,33.851719441314415,33.041891001270784
pig_11,B2,2,B2_p2,2026-06-12 15:00:00,2,5,67.22115656892946,46.54570450773793,46.45758813384056,46.61013315761713
pig_11,B2,2,B2_p2,2026-06-12 15:30:00,2,5,50.93862529302301,33.83778323629053,33.56760354174271,34.33832917597408
pig_11,B2,2,B2_p2,2026-06-12 16:00:00,2,5,46.54012325822209,32.693158814944105,32.37133636258364,32.7829634437121
pig_11,B2,2,B2_p2,2026-06-12 16:30:00,2,5,47.845962180291046,32.00485882668145,32.00600003907122,32.6224317416638
pig_11,B2,2,B2_p2,2026-06-12 17:00:00,2,5,45.47176969979921,31.570039046438637,31.60346380885176,31.9684324293306
pig_11,B2,2,B2_p2,2026-06-12 17:30:00,2,5,44.57915039787066,32.82157620781404,31.964795232735554,32.35123460112922
pig_11,B2,2,B2_p2,2026-06-12 18:00:00,2,5,46.260516582632434,32.87687217514017,31.990755475024482,32.23086048806093
pig_11,B2,2,B2_p2,2026-06-12 18:30:00,2,5,47.12959782602856,32.24736539354876,31.70628031323909,31.91406757884746
pig_11,B2,2,B2_p2,2026-06-12 19:00:00,2,5,45.63425236484291,32.57193054490959,31.65648652291084,31.954827638472246
pig_11,B2,2,B2_p2,2026-06-12 19:30:00,2,5,45.6543064226191,32.01320020389763,30.322581872178965,31.104097192856123
pig_11,B2,2,B2_p2,2026-06-12 20:00:00,2,5,44.91317141018561,31.29545960150042,29.61693010018242,30.07744276601648
pig_11,B2,2,B2_p2,2026-06-12 20:30:00,2,5,46.4177020044705,31.37137317950326,31.098770211842698,30.590878429279492
pig_11,B2,2,B2_p2,2026-06-12 21:00:00,2,5,42.920323885788186,32.27973830180737,31.342250468153257,31.008373985880056
pig_11,B2,2,B2_p2,2026-06-12 21:30:00,2,5,44.694143999937936,30.876880833755756,30.11662844307395,29.920502413566624
pig_11,B2,2,B2_p2,2026-06-12 22:00:00,2,5,43.12581837603626,31.349385704507966,31.145163148995426,30.4504938038257
pig_11,B2,2,B2_p2,2026-06-12 22:30:00,2,5,44.18488855632735,30.544547739039416,30.374142141991406,29.715511652368242
pig_11,B2,2,B2_p2,2026-06-12 23:00:00,2,5,44.91859486156006,31.27637893847573,30.409099518165753,30.25390976905824
pig_11,B2,2,B2_p2,2026-06-12 23:30:00,2,5,42.10826526291178,30.93726398679307,29.898853261508435,30.17933667924065
pig_11,B2,2,B2_p2,2026-06-13 00:00:00,2,5,44.09162642124408,30.476276286819193,29.992553784406198,30.113193393557562
pig_11,B2,2,B2_p2,2026-06-13 00:30:00,2,5,42.01412291823608,30.25809253813773,29.507799589609302,29.25640384859799
pig_11,B2,2,B2_p2,2026-06-13 01:00:00,2,5,79.12674613281163,30.499975404272885,30.04831937854642,30.14174983667624
pig_11,B2,2,B2_p2,2026-06-13 01:30:00,2,5,41.43204818987891,30.28690425834954,29.49026129524388,29.625638213457602
pig_11,B2,2,B2_p2,2026-06-13 02:00:00,2,5,43.062236346228886,26.77313963337329,25.443404842571233,25.864013067164528
pig_11,B2,2,B2_p2,2026-06-13 02:30:00,2,5,40.02680596238727,27.394525043740753,26.28192403729198,26.250778010929547
pig_11,B2,2,B2_p2,2026-06-13 03:00:00,2,5,41.96859538849567,28.15491322454617,27.335449542686312,27.071058856689167
pig_11,B2,2,B2_p2,2026-06-13 03:30:00,2,5,39.77788304546743,27.483064483825654,26.74897291815278,27.14669375510149
pig_11,B2,2,B2_p2,2026-06-13 04:00:00,2,5,39.065807787323166,27.160352289321146,26.277476531593322,26.87795298144423
pig_11,B2,2,B2_p2,2026-06-13 04:30:00,2,5,37.52947595567735,28.237033067338583,27.24024836067165,27.418751789379897
pig_11,B2,2,B2_p2,2026-06-13 05:00:00,2,5,39.98879443723156,27.508440751772994,26.330076330135896,26.49930720872706
pig_11,B2,2,B2_p2,2026-06-13 05:30:00,2,5,40.49758283315739,26.683380995842604,25.935335497103097,26.50967070835499
pig_11,B2,2,B2_p2,2026-06-13 06:00:00,2,5,35.0036455078107,25.957826870699712,25.336769643138695,25.643109682371644
pig_11,B2,2,B2_p2,2026-06-13 06:30:00,2,5,42.131899734833766,25.771223849825418,25.24661133332178,25.602770916671737
pig_11,B2,2,B2_p2,2026-06-13 07:00:00,2,5,34.81570072282387,26.327299044916657,26.25641294760396,26.054126805531155
pig_11,B2,2,B2_p2,2026-06-13 10:00:00,3,5,51.60338864656191,33.87661842443526,32.823630724375114,34.07538981572312
pig_11,B2,2,B2_p2,2026-06-13 10:30:00,3,5,47.789444018435674,32.49347669607288,31.607306195224318,32.08380238144336
pig_11,B2,2,B2_p2,2026-06-13 11:00:00,3,5,59.3470658457354,41.80891452961514,40.01587728020547,39.99062952127128
pig_11,B2,2,B2_p2,2026-06-13 11:30:00,3,5,56.832397887561186,33.2425931700238,32.08823603502924,33.25138823379494
pig_11,B2,2,B2_p2,2026-06-13 12:00:00,3,5,46.70669099521602,31.159662049204833,30.858331868230255,31.871291495685046
pig_11,B2,2,B2_p2,2026-06-13 12:30:00,3,5,44.80977999163143,30.237445731660785,29.122929538467687,30.18044518563893
pig_11,B2,2,B2_p2,2026-06-13 13:00:00,3,5,46.44421318155386,33.51530636249667,32.70273363639957,32.721644574505916
pig_11,B2,2,B2_p2,2026-06-13 13:30:00,3,5,54.72900256421415,36.76903937598072,35.878598397485334,35.54809200477456
pig_11,B2,2,B2_p2,2026-06-13 14:00:00,3,5,44.417579234590136,34.39649216721486,32.95828502194992,32.80007326071574
pig_11,B2,2,B2_p2,2026-06-13 14:30:00,3,5,46.754877114081324,36.772463066282164,34.83331183947548,36.87269206677097
pig_11,B2,2,B2_p2,2026-06-13 15:30:00,3,5,68.32416187314375,49.38134962743377,46.42978515986728,48.03313778982483
pig_11,B2,2,B2_p2,2026-06-13 16:00:00,3,5,50.18194954193909,30.61227492761718,29.207501963283256,30.126327439796423
pig_11,B2,2,B2_p2,2026-06-13 17:30:00,3,5,28.2996210754689,32.210103098776216,30.88588422485423,31.91534491969941
pig_11,B2,2,B2_p2,2026-06-13 18:00:00,3,5,23.350613959450847,33.129905837445015,31.704968866783926,33.35868053403285
pig_11,B2,2,B2_p2,2026-06-13 18:30:00,3,5,24.768467624588002,31.826646645034398,30.694400316571407,30.810181457808447
pig_11,B2,2,B2_p2,2026-06-13 19:00:00,3,5,22.79185560165405,32.22651551396059,30.323142021338242,31.243647277737907
pig_11,B2,2,B2_p2,2026-06-13 19:30:00,3,5,31.600039612873736,31.143588038747744,29.13643383366265,30.23120487151354
pig_11,B2,2,B2_p2,2026-06-13 20:00:00,3,5,26.25732984942978,30.948492010692313,29.97490540239086,31.29827808610569
pig_11,B2,2,B2_p2,2026-06-13 21:00:00,3,5,23.342603729685933,29.719942473714834,27.762502662428634,29.16126875782812
pig_11,B2,2,B2_p2,2026-06-13 21:30:00,3,5,23.24607479827291,29.49390556219459,27.487996992773667,28.483754592561176
pig_11,B2,2,B2_p2,2026-06-13 22:00:00,3,5,23.99819174684819,28.992059787327722,27.214607004618916,27.600754883187058
pig_11,B2,2,B2_p2,2026-06-13 22:30:00,3,5,26.19158683313557,28.720769884759683,26.716540305585568,27.37080185491631
pig_11,B2,2,B2_p2,2026-06-13 23:00:00,3,5,22.360696886767073,28.464228511471234,26.43645360042092,27.310526028322347
pig_11,B2,2,B2_p2,2026-06-13 23:30:00,3,5,25.38640092445361,29.83193758253112,28.56878664229787,28.608284289850673
pig_11,B2,2,B2_p2,2026-06-14 00:00:00,3,5,27.95167971816278,30.22250798761816,29.900023719261817,29.903474455619186
pig_11,B2,2,B2_p2,2026-06-14 00:30:00,3,5,21.760112375108967,28.000538104744845,27.52879988406846,27.87960442664133
pig_11,B2,2,B2_p2,2026-06-14 01:00:00,3,5,25.03954073908942,29.047034044342922,28.59398396076982,28.219156158642946
pig_11,B2,2,B2_p2,2026-06-14 01:30:00,3,5,28.64373278919858,27.478454381302576,25.873365768066854,25.91677886648791
pig_11,B2,2,B2_p2,2026-06-14 02:00:00,3,5,25.01636704571196,29.726809377741997,28.556901775464844,28.364714088693056
pig_11,B2,2,B2_p2,2026-06-14 02:30:00,3,5,24.703033795271544,29.263349107567095,28.50148512569092,28.612992073265048
pig_11,B2,2,B2_p2,2026-06-14 03:00:00,3,5,26.580002129075552,29.813682543501507,29.378885883589398,29.311868801421497
pig_11,B2,2,B2_p2,2026-06-14 03:30:00,3,5,25.838837234045528,27.841795643932247,26.95039208874041,27.212748457850292
pig_11,B2,2,B2_p2,2026-06-14 04:00:00,3,5,23.53152092734844,26.44115740047318,25.66014730664284,26.01244208265689
pig_11,B2,2,B2_p2,2026-06-14 04:30:00,3,5,22.427529935776377,25.7871276027656,24.27159602356928,24.890183926188385
pig_11,B2,2,B2_p2,2026-06-14 14:30:00,4,5,42.41085254532635,39.55323958558894,39.45962094349151,39.19061240188997
pig_11,B2,2,B2_p2,2026-06-14 15:00:00,4,5,35.17367995337984,39.494094751496036,38.25872149192156,37.908258630560894
pig_11,B2,2,B2_p2,2026-06-14 15:30:00,4,5,34.847532680930506,38.3964369663273,37.13778438156699,37.64262333769283
pig_11,B2,2,B2_p2,2026-06-14 16:00:00,4,5,19.357112235297436,31.820837002117905,32.1054206817129,31.16408048725499
pig_11,B2,2,B2_p2,2026-06-14 16:30:00,4,5,9.688698910564884,27.18477831049861,27.116892944020297,25.95813006839264
pig_11,B2,2,B2_p2,2026-06-14 17:00:00,4,5,11.680925934722637,27.248491767371398,26.323465632028316,25.650843108994696
pig_11,B2,2,B2_p2,2026-06-14 17:30:00,4,5,13.1191748933743,25.74229503459855,24.667649987782802,24.459827614652465
pig_11,B2,2,B2_p2,2026-06-14 18:00:00,4,5,15.662861532229947,27.950726310884725,27.042759159112038,26.56692740664085
pig_11,B2,2,B2_p2,2026-06-14 18:30:00,4,5,13.406947939011737,26.398362571670468,25.53767829343351,25.335892501991278
pig_11,B2,2,B2_p2,2026-06-14 19:00:00,4,5,15.795291257274382,27.19812981286695,25.795289240655173,26.14444409577661
pig_11,B2,2,B2_p2,2026-06-14 19:30:00,4,5,14.646889197158178,27.53196059737375,26.231178736367827,25.435391519543128
pig_11,B2,2,B2_p2,2026-06-14 20:00:00,4,5,17.149165135862738,29.681638225425292,29.04755290101449,28.38306758920966
pig_11,B2,2,B2_p2,2026-06-14 20:30:00,4,5,14.355345992082977,25.609272316426512,25.30186830783173,24.410775110984595
pig_11,B2,2,B2_p2,2026-06-14 21:00:00,4,5,12.659611929348316,25.5007533256371,24.58210184453143,23.845872955707947
pig_11,B2,2,B2_p2,2026-06-14 21:30:00,4,5,14.392801332083977,26.150324610676627,26.006846781373994,24.811195200561347
pig_11,B2,2,B2_p2,2026-06-14 22:00:00,4,5,13.329629803514017,25.259984679100427,24.61371870123523,23.883993594842558
pig_11,B2,2,B2_p2,2026-06-14 22:30:00,4,5,13.558419809458265,24.852844336973305,24.61903927607407,24.25558078491045
pig_11,B2,2,B2_p2,2026-06-14 23:00:00,4,5,24.095679558935444,26.920484071757244,27.031202816050346,25.87687370885954
pig_11,B2,2,B2_p2,2026-06-14 23:30:00,4,5,13.716170307981162,25.73244841601681,26.188360435528388,25.585258365031297
pig_11,B2,2,B2_p2,2026-06-15 00:00:00,4,5,12.685598366182159,24.936108284663334,25.190790261725567,24.660683806068757
pig_11,B2,2,B2_p2,2026-06-15 00:30:00,4,5,14.829965658507007,24.917903339306527,24.775439281104838,24.3899163869509
pig_11,B2,2,B2_p2,2026-06-15 01:00:00,4,5,13.165906156742484,26.0213941201217,25.921139616891054,25.64650382793811
pig_11,B2,2,B2_p2,2026-06-15 01:30:00,4,5,13.611029354550642,26.68792628519888,26.052760314246594,25.667444709290503
pig_11,B2,2,B2_p2,2026-06-15 02:00:00,4,5,12.76957408977357,24.54453623695192,23.672971379440064,23.360470721138046
pig_11,B2,2,B2_p2,2026-06-15 02:30:00,4,5,14.230051613466514,23.78221170478647,23.957209981973946,23.821577873702253
pig_11,B2,2,B2_p2,2026-06-15 03:00:00,4,5,12.825647027762273,24.491768617081746,24.304251889005236,24.002238314653113
pig_11,B2,2,B2_p2,2026-06-15 03:30:00,4,5,13.124911277395489,24.164156514275692,23.488101944223693,23.556101284811444
pig_11,B2,2,B2_p2,2026-06-15 04:00:00,4,5,12.9723621027412,23.610066170528746,23.51140315152191,23.543230268157952
pig_11,B2,2,B2_p2,2026-06-15 04:30:00,4,5,12.572268404048856,23.464459923865157,23.232047113178893,23.49134043873363
pig_11,B2,2,B2_p2,2026-06-15 05:00:00,4,5,12.844766659542104,23.882517236626594,23.753276097287767,23.83051789998961
pig_11,B2,2,B2_p2,2026-06-15 05:30:00,4,5,13.041407050336783,24.425112127330458,24.444159513539134,24.380450066582476
pig_11,B1,4,B1_p4,2026-06-22 09:30:00,2,5,45.4551900878929,45.73694311217071,46.70096806209112,47.77660049621505
pig_11,B1,4,B1_p4,2026-06-22 10:00:00,2,5,48.1223008590641,43.78161172429147,45.4697723495549,45.475243601732316
pig_11,B1,4,B1_p4,2026-06-22 10:30:00,2,5,48.73008851759807,46.504191729902715,47.40879868117086,47.55739981653626
pig_11,B1,4,B1_p4,2026-06-22 11:00:00,2,5,47.67968409812188,45.51345113843324,46.50466096639401,46.81450016934972
pig_11,B1,4,B1_p4,2026-06-22 11:30:00,2,5,46.17073510560644,46.56406973430501,47.174428095695674,47.38760530255713
pig_11,B1,4,B1_p4,2026-06-22 12:00:00,2,5,60.37431322710049,52.727619640888136,53.6320006125801,54.09928140217497
pig_11,B1,4,B1_p4,2026-06-22 12:30:00,2,5,52.92238298025339,43.8601335605547,45.95797476456504,45.14795372930081
pig_11,B1,4,B1_p4,2026-06-22 13:00:00,2,5,45.65131250142679,45.832914088866616,46.89019434414668,47.06952786370832
pig_11,B1,4,B1_p4,2026-06-22 13:30:00,2,5,48.44093235113952,47.81364768987923,49.30873471865502,49.05023518410528
pig_11,B1,4,B1_p4,2026-06-22 14:00:00,2,5,45.27092366983753,45.82422320257841,47.08260548703441,46.56016504275916
pig_11,B1,4,B1_p4,2026-06-22 14:30:00,2,5,49.668143779846744,53.92164138702588,54.52358207751659,54.79345872973997
pig_11,B1,4,B1_p4,2026-06-23 09:30:00,3,5,54.55370135959667,43.24091363480245,46.4094133761395,46.419138947137974
pig_11,B1,4,B1_p4,2026-06-23 10:00:00,3,5,54.504326684122745,45.55641191785726,47.20800025042664,47.46420076860796
pig_11,B1,4,B1_p4,2026-06-23 10:30:00,3,5,50.84869522203512,47.27333191960479,48.801063875259246,48.779983372316124
pig_11,B1,4,B1_p4,2026-06-23 11:00:00,3,5,50.528241475194534,46.5955945787378,48.31753675969502,48.11898320777859
pig_11,B1,4,B1_p4,2026-06-23 11:30:00,3,5,49.268384195621195,49.33093780689917,50.312154784241486,50.51475973124319
pig_11,B1,4,B1_p4,2026-06-23 12:00:00,3,5,47.55621762309577,46.03847273436114,47.564002724596115,47.575868295893684
pig_11,B1,4,B1_p4,2026-06-23 12:30:00,3,5,47.77954445593687,46.15501772419638,47.99607863271325,48.011323188389326
pig_11,B1,4,B1_p4,2026-06-23 13:00:00,3,5,46.49247343647264,43.87769952002007,45.31797450870055,45.92490223210116
pig_11,B1,4,B1_p4,2026-06-23 13:30:00,3,5,43.348841623724574,43.758359025966556,44.965484164481325,45.20895584456737
pig_11,B1,4,B1_p4,2026-06-23 14:00:00,3,5,42.934163297551805,46.83649702175626,48.337930695893256,47.815684864857495
pig_11,B1,4,B1_p4,2026-06-23 15:30:00,3,5,53.47949941017471,46.394460172824694,48.5253009633966,49.131208902365245
pig_11,B1,4,B1_p4,2026-06-23 16:00:00,3,5,53.12229811718608,47.331087590214445,49.903384210167395,50.995097206444484
pig_11,B1,4,B1_p4,2026-06-23 16:30:00,3,5,53.33591382113718,41.39385736337411,44.68931050972649,44.44194449530504
pig_11,B1,4,B1_p4,2026-06-23 17:00:00,3,5,51.44477095919436,43.40791170782795,45.37092391662617,45.162981727877686
pig_11,B1,4,B1_p4,2026-06-23 17:30:00,3,5,72.5809301740486,58.282848370421284,60.81256436498512,60.843115910728756
pig_11,B1,4,B1_p4,2026-06-23 18:00:00,3,5,54.51258798291907,48.165099408433825,49.99287656373707,50.88468626697242
pig_11,B1,4,B1_p4,2026-06-23 18:30:00,3,5,48.616242793128116,45.63438772099575,47.23149079243013,47.1022993930282
pig_11,B1,4,B1_p4,2026-06-23 19:00:00,3,5,50.00626739612068,45.4997574424899,47.26442834593018,47.20512631986459
pig_11,B1,4,B1_p4,2026-06-23 19:30:00,3,5,49.600327506754745,45.29546533994428,47.205613079834436,47.331112884936445
pig_11,B1,4,B1_p4,2026-06-23 20:00:00,3,5,51.50323382527509,47.028131185030624,48.286950135340184,47.96054844966807
pig_11,B1,4,B1_p4,2026-06-23 20:30:00,3,5,52.567176252422456,49.11073508912445,50.86829252963078,50.657152486548284
pig_11,B1,4,B1_p4,2026-06-23 21:00:00,3,5,48.11953149816269,44.52160466823734,45.89175525662689,45.503075720753586
pig_11,B1,4,B1_p4,2026-06-23 21:30:00,3,5,45.830175631439616,45.32108396278126,46.486214548790585,46.55351262262246
pig_11,B1,4,B1_p4,2026-06-23 22:00:00,3,5,49.06307653624035,43.50816946008972,45.19400377309342,44.61272748326752
pig_11,B1,4,B1_p4,2026-06-24 14:30:00,4,5,30.414321444707035,32.48047870802071,32.48593290290187,32.73766388992073
pig_11,B1,4,B1_p4,2026-06-24 15:00:00,4,5,28.92343293864468,30.275807531777506,29.789517561533575,30.24615203141329
pig_11,B1,4,B1_p4,2026-06-24 15:30:00,4,5,31.786090888953723,36.0175217413602,36.399962840108365,36.75100414874707
pig_11,B1,4,B1_p4,2026-06-24 16:00:00,4,5,41.47415773763057,37.819468907961195,38.058460455270534,37.736766752897765
pig_11,B1,4,B1_p4,2026-06-24 16:30:00,4,5,51.14398193749041,48.39429736545982,46.8949334270376,46.87981530864228
pig_11,B1,4,B1_p4,2026-06-24 17:00:00,4,5,91.23927713896076,48.63131673119568,47.70808611932233,47.68429833604708
pig_11,B1,4,B1_p4,2026-06-24 17:30:00,4,5,36.311819959794555,35.17132906298799,35.190570951669294,34.77090921456639
pig_11,B1,4,B1_p4,2026-06-24 18:00:00,4,5,33.14911307692406,31.610281423720696,31.658658518695937,31.87240545036306
pig_11,B1,4,B1_p4,2026-06-24 18:30:00,4,5,31.874483269666158,29.90331413794113,29.920151619093794,30.139417942070263
pig_11,B1,4,B1_p4,2026-06-24 19:00:00,4,5,31.048963116623206,29.081086149140404,28.656573116442196,28.559024020865152
pig_11,B1,4,B1_p4,2026-06-24 19:30:00,4,5,31.705777467229982,30.192182649800426,30.412371298788507,29.84479083724652
pig_11,B1,4,B1_p4,2026-06-24 20:00:00,4,5,32.59430778225134,30.441000918768722,30.613632559317807,29.88566221056484
pig_11,B1,4,B1_p4,2026-06-24 20:30:00,4,5,28.690016807137845,27.261736032546366,27.616849428820352,27.2490012304567
pig_11,B1,4,B1_p4,2026-06-24 21:00:00,4,5,30.309147883823307,27.8428743283647,28.257036328479643,27.86871054803259
pig_11,B1,4,B1_p4,2026-06-24 21:30:00,4,5,30.86748235437495,28.224023591311212,28.641055378900518,28.68344719391437
pig_11,B1,4,B1_p4,2026-06-24 22:00:00,4,5,32.03185352487481,31.519906318280874,32.25645864846872,31.005211921202307
pig_11,B1,4,B1_p4,2026-06-24 22:30:00,4,5,29.52331733643959,27.557203388236854,28.026372628961294,28.113908918348304
pig_11,B1,4,B1_p4,2026-06-24 23:00:00,4,5,30.956699025633448,27.047443587679627,27.49813435443337,27.730228657190104
pig_11,B1,4,B1_p4,2026-06-24 23:30:00,4,5,27.90601956501168,27.617129614515235,27.79009244045543,27.1639372227128
pig_11,B1,4,B1_p4,2026-06-25 00:00:00,4,5,30.501991756311703,27.106604390633684,27.732575723018304,27.53366201542631
pig_11,B1,4,B1_p4,2026-06-25 00:30:00,4,5,29.339697508199208,27.057979655589335,27.3818619646485,27.4081201816666
pig_11,B1,4,B1_p4,2026-06-25 01:00:00,4,5,28.255218814244607,25.93332214709961,26.467003175373787,26.259762826433647
pig_11,B1,4,B1_p4,2026-06-25 01:30:00,4,5,30.309717875547463,27.685596686322306,28.05878758633346,28.083666435730137
pig_11,B1,4,B1_p4,2026-06-25 02:00:00,4,5,29.615105099042474,26.53765628346824,26.821307164514536,27.02333808500247
pig_11,B1,4,B1_p4,2026-06-25 02:30:00,4,5,27.715776182758177,26.000087721843634,26.348078980231037,26.241551717583725
pig_11,B1,4,B1_p4,2026-06-25 03:00:00,4,5,29.54911874752149,26.706738493432546,27.60573164952626,27.88198138072009
pig_11,B1,4,B1_p4,2026-06-25 03:30:00,4,5,29.371731557280906,26.353394047999267,27.04531659761393,26.840946026899235
pig_11,B1,4,B1_p4,2026-06-25 04:00:00,4,5,28.594655914403795,25.883328173221244,26.405172883225674,26.501126441859974
pig_11,B1,4,B1_p4,2026-06-25 04:30:00,4,5,30.585614251381337,27.409163684343785,27.811203322323827,28.20393358267662
pig_11,B1,4,B1_p4,2026-06-25 05:00:00,4,5,26.918992142604488,26.035577814900943,26.463618954953034,26.822272411493863
pig_11,B1,4,B1_p4,2026-06-25 05:30:00,4,5,29.044768321216537,27.452857265925925,27.781082120010993,28.344977065917902
pig_11,B1,4,B1_p4,2026-06-25 06:00:00,4,5,32.15192984531725,29.152525900707055,28.74982783654852,29.158103484811512
pig_11,B1,4,B1_p4,2026-06-25 06:30:00,4,5,26.900643344505788,26.750427458942795,26.1041942423993,26.49008768728191
pig_11,A1,6,A1_p6,2026-07-02 08:00:00,2,5,40.53930872110532,34.541498957992346,35.43315572486119,33.356778592086926
pig_11,A1,6,A1_p6,2026-07-02 08:30:00,2,5,34.429051463687685,33.70268273696031,34.1473736372855,36.45707546576641
pig_11,A1,6,A1_p6,2026-07-02 09:00:00,2,5,34.46229285432912,37.225123258885304,36.636763677455725,38.35893025344174
pig_11,A1,6,A1_p6,2026-07-02 09:30:00,2,5,32.00990984544879,34.87902308363788,34.704626252660724,35.414859220958235
pig_11,A1,6,A1_p6,2026-07-02 10:00:00,2,5,31.71961406556645,34.4710817339515,34.20227869654265,34.39281617030764
pig_11,A1,6,A1_p6,2026-07-02 10:30:00,2,5,28.95353428585821,33.74827275403427,33.51749297874413,33.84491203429819
pig_11,A1,6,A1_p6,2026-07-02 15:30:00,2,5,39.84604987393211,40.35719265053258,40.84021245426924,42.00596031324646
pig_11,A1,6,A1_p6,2026-07-02 16:00:00,2,5,35.45203095610483,36.83320633909022,37.4539324851863,37.81054170603397
pig_11,A1,6,A1_p6,2026-07-02 16:30:00,2,5,30.694541176941655,34.79570708659371,35.37244306001102,34.96096480350379
pig_11,A1,6,A1_p6,2026-07-02 17:00:00,2,5,34.92223951095358,37.973839253443714,38.023269085557374,38.92687839503477
pig_11,A1,6,A1_p6,2026-07-02 17:30:00,2,5,31.430952310231824,34.88812267781386,34.74501752114462,35.12389734634408
pig_11,A1,6,A1_p6,2026-07-02 18:00:00,2,5,33.571979726156464,37.676496948770165,37.89604675858743,38.50564074418199
pig_11,A1,6,A1_p6,2026-07-02 18:30:00,2,5,38.16832656115161,39.04453573193168,40.65767744602916,40.63491890739766
pig_11,A1,6,A1_p6,2026-07-02 19:00:00,2,5,33.12643179598656,36.009299320514245,36.053799934481695,35.76233429069645
pig_11,A1,6,A1_p6,2026-07-02 19:30:00,2,5,29.36952006040862,33.88422715884708,33.18750020386956,33.841669063770766
pig_11,A1,6,A1_p6,2026-07-02 20:00:00,2,5,28.63927048345155,33.10575753379533,32.760328409802845,33.393152854268536
pig_11,A1,6,A1_p6,2026-07-02 20:30:00,2,5,29.157625389894086,30.64850739383281,30.85806329939983,31.50129930366677
pig_11,A1,6,A1_p6,2026-07-02 21:00:00,2,5,25.78822933166076,32.585431731034355,32.571985180932806,32.64616078127446
pig_11,A1,6,A1_p6,2026-07-02 21:30:00,2,5,27.16802991504477,31.74429517691921,31.587076242363366,31.76788793622279
pig_11,A1,6,A1_p6,2026-07-02 22:00:00,2,5,26.559424941632727,30.48653420078629,31.03164889066128,31.026475733331658
pig_11,A1,6,A1_p6,2026-07-02 22:30:00,2,5,26.682227963257922,29.686731502947804,30.15787596287361,30.256938909289765
pig_11,A1,6,A1_p6,2026-07-02 23:00:00,2,5,25.79969817830557,31.337514117620316,31.603044924457272,31.475500233051356
pig_11,A1,6,A1_p6,2026-07-02 23:30:00,2,5,25.61818171125097,30.898989456927175,31.03019122022792,30.637586724045597
pig_11,A1,6,A1_p6,2026-07-03 00:00:00,2,5,27.559633067603365,30.586566478930923,30.751070699756283,30.87629680886482
pig_11,A1,6,A1_p6,2026-07-03 00:30:00,2,5,28.744557093575835,30.81225732718096,31.081228279722062,30.759361241441283
pig_11,A1,6,A1_p6,2026-07-03 01:00:00,2,5,26.511223121878835,30.912602855555463,30.947478563562882,30.773266285294014
pig_11,A1,6,A1_p6,2026-07-03 01:30:00,2,5,26.281680319799882,31.411099487894553,31.33467856357182,30.992719920322457
pig_11,A1,6,A1_p6,2026-07-03 02:00:00,2,5,30.92293566585586,31.490106507423594,31.550742282397497,31.06293131999231
pig_11,A1,6,A1_p6,2026-07-03 02:30:00,2,5,26.139729247261073,29.767158984522617,29.87409482310597,29.62902562067252
pig_11,A1,6,A1_p6,2026-07-03 03:00:00,2,5,24.542474117594537,28.42377845368503,28.74925078674721,28.576820472133768
pig_11,A1,6,A1_p6,2026-07-03 03:30:00,2,5,23.885676371903415,26.748548871629843,27.279021343322796,27.384617895056074
pig_11,A1,6,A1_p6,2026-07-03 04:00:00,2,5,22.730807341513163,26.62002814145525,26.76153853172174,27.142722126756446
pig_11,A1,6,A1_p6,2026-07-03 04:30:00,2,5,22.361407342913623,25.931458042511775,27.02440126144941,26.697129342601475
pig_11,A1,6,A1_p6,2026-07-03 05:00:00,2,5,22.393874311175843,24.754359136027386,25.330712451255934,25.37527509255087
pig_11,A1,6,A1_p6,2026-07-03 05:30:00,2,5,22.223702129060793,25.209576419338163,25.636836986336885,25.3079419179767
pig_11,A1,6,A1_p6,2026-07-03 06:00:00,2,5,25.078884191347868,28.599080625289183,28.700936882949158,29.243288612779786
pig_11,A1,6,A1_p6,2026-07-03 06:30:00,2,5,21.577203275875554,23.863126542853465,24.8432764096709,24.347799290019985
pig_11,A1,6,A1_p6,2026-07-03 07:00:00,2,5,21.602951386008783,24.26464017684316,25.074845949327518,24.465136750920713
pig_11,A1,6,A1_p6,2026-07-03 09:00:00,3,5,40.40324729737735,37.992612316648376,39.531244092597305,40.842167881198094
pig_11,A1,6,A1_p6,2026-07-03 09:30:00,3,5,33.1126833334503,34.039661417782014,34.66793540116818,34.95721880887545
pig_11,A1,6,A1_p6,2026-07-03 10:00:00,3,5,32.328392072345196,35.196283914766454,35.410611698517826,35.36946028785166
pig_11,A1,6,A1_p6,2026-07-03 10:30:00,3,5,30.280154720198354,33.71254432024507,33.52664015619051,33.798500109613315
pig_11,A1,6,A1_p6,2026-07-03 11:00:00,3,5,28.42856072782739,32.986394172964,33.42561297307299,33.7542334561642
pig_11,A1,6,A1_p6,2026-07-03 11:30:00,3,5,34.67938896677272,36.93098775403092,37.135081844806265,38.301529450214446
pig_11,A1,6,A1_p6,2026-07-03 12:00:00,3,5,29.001779781392045,33.8887623973166,34.14948330485499,34.17216087044093
pig_11,A1,6,A1_p6,2026-07-03 12:30:00,3,5,29.775523979190872,32.503017995284736,32.37329748595045,33.16190915920053
pig_11,A1,6,A1_p6,2026-07-03 13:00:00,3,5,34.823922155692934,41.637936428811784,42.05746371381623,41.973225339522415
pig_11,A1,6,A1_p6,2026-07-03 13:30:00,3,5,34.502126581055784,34.86518718010346,35.08410518536014,34.87554613732636
pig_11,A1,6,A1_p6,2026-07-03 14:00:00,3,5,29.13543080629776,34.37609490950706,34.334717019300015,33.958334296259174
pig_11,A1,6,A1_p6,2026-07-03 14:30:00,3,5,31.553749481312167,39.66198359961649,39.264732842411476,39.89204822652589
pig_11,A1,6,A1_p6,2026-07-03 15:30:00,3,5,39.86959860596887,40.10784794905142,40.33967265244677,40.52485397290743
pig_11,A1,6,A1_p6,2026-07-03 16:00:00,3,5,49.61249829026538,50.927948340955524,51.62496082988607,52.90802117812812
pig_11,A1,6,A1_p6,2026-07-03 16:30:00,3,5,38.000006131819426,39.50038951790131,40.191580120947364,39.76433574856883
pig_11,A1,6,A1_p6,2026-07-03 17:00:00,3,5,28.066111792156057,35.28379831599856,35.50371145686143,35.63810436761115
pig_11,A1,6,A1_p6,2026-07-03 17:30:00,3,5,27.29550088858678,36.265083623027294,36.06173299130572,36.05657235561938
pig_11,A1,6,A1_p6,2026-07-03 18:00:00,3,5,27.584721166295502,36.47911901832365,36.95051151615026,36.99478001262055
pig_11,A1,6,A1_p6,2026-07-03 18:30:00,3,5,40.24821625061145,42.53448259011606,42.52497550531057,43.828078234077516
pig_11,A1,6,A1_p6,2026-07-03 19:00:00,3,5,26.428597718507348,35.283691402245786,35.206678002413724,35.41808638949995
pig_11,A1,6,A1_p6,2026-07-03 19:30:00,3,5,28.126944736108882,35.09749004331064,34.687935394979434,34.9689882517074
pig_11,A1,6,A1_p6,2026-07-03 20:00:00,3,5,27.36788724735289,34.53918383549136,34.128883882050154,34.24760709004397
pig_11,A1,6,A1_p6,2026-07-03 20:30:00,3,5,25.8358396334145,32.314638343560226,32.82193900898003,32.34067355715017
pig_11,A1,6,A1_p6,2026-07-03 21:00:00,3,5,28.4259660899181,33.757554936637305,34.11046623591359,33.89003512844559
pig_11,A1,6,A1_p6,2026-07-03 21:30:00,3,5,27.005946123009196,32.029889904804854,32.24380782467726,31.966353210859968
pig_11,A1,6,A1_p6,2026-07-03 22:00:00,3,5,26.736551391556908,31.539690844691727,31.59343159712425,31.387267900932876
pig_11,A1,6,A1_p6,2026-07-03 22:30:00,3,5,25.388537188260276,31.72962970121049,31.891884422672987,31.666101917162315
pig_11,A1,6,A1_p6,2026-07-03 23:00:00,3,5,25.724005651327435,32.055752848141736,31.992040527753563,31.474748275293962
pig_11,A1,6,A1_p6,2026-07-03 23:30:00,3,5,26.54808847327385,31.5283941168117,31.490447436735224,31.014100347311945
pig_11,A1,6,A1_p6,2026-07-04 00:00:00,3,5,23.45892645391897,28.156687690358332,29.014968955357123,29.060640237345222
pig_11,A1,6,A1_p6,2026-07-04 00:30:00,3,5,22.836748355828284,27.254920122261627,28.629383144585614,28.978323520283134
pig_11,A1,6,A1_p6,2026-07-04 01:00:00,3,5,24.442812944511118,30.133707055234893,29.893752234362434,29.673513151661083
pig_11,A1,6,A1_p6,2026-07-04 01:30:00,3,5,27.306157721571395,32.55598053895375,32.47476632304354,32.12655742338603
pig_11,A1,6,A1_p6,2026-07-04 02:00:00,3,5,26.84987509956062,30.17270930006736,30.128403489650786,29.99994920899411
pig_11,A1,6,A1_p6,2026-07-04 02:30:00,3,5,24.33990343986997,30.295434961241952,30.23378224645166,29.844598117149634
pig_11,A1,6,A1_p6,2026-07-04 03:00:00,3,5,25.080504700837185,30.636716791401113,30.503993848990397,30.364224457801214
pig_11,A1,6,A1_p6,2026-07-04 03:30:00,3,5,25.746526237472683,29.443745374495208,29.42516946312425,28.97553536821269
pig_11,A1,6,A1_p6,2026-07-04 04:00:00,3,5,24.715327643615282,28.779169577798456,28.76171828904726,28.502429818347245
pig_11,A1,6,A1_p6,2026-07-04 04:30:00,3,5,23.285465931906263,29.434810456847266,29.567906986504656,28.883717590887116
pig_11,A1,6,A1_p6,2026-07-04 05:00:00,3,5,22.83336908248566,28.381375015277264,28.61851596331133,28.804553380879423
pig_11,A1,6,A1_p6,2026-07-04 05:30:00,3,5,24.184093547986684,29.38848681341448,29.540772554310532,29.027828071128077
pig_11,A1,6,A1_p6,2026-07-04 06:00:00,3,5,26.739871455854505,30.631059709690177,30.263832195447158,30.192819430942954
pig_11,A1,6,A1_p6,2026-07-04 06:30:00,3,5,20.241597922588728,25.836452581267487,26.778993136222574,26.018061396110983
pig_11,A1,6,A1_p6,2026-07-04 07:00:00,3,5,25.768555379328934,29.868408927099882,29.61311432338558,29.425960686909058
pig_11,A1,6,A1_p6,2026-07-04 10:00:00,4,5,19.785277442150694,22.652290573391063,22.074826659642138,22.7790731310024
pig_11,A1,6,A1_p6,2026-07-04 10:30:00,4,5,19.82886367462341,22.135195218976957,21.437683725462215,22.722904721663905
pig_11,A1,6,A1_p6,2026-07-04 11:00:00,4,5,20.614454290190164,23.171257839158592,22.44925893227746,23.284243955953887
pig_11,A1,6,A1_p6,2026-07-04 11:30:00,4,5,21.678659128278067,26.7414759607334,26.16473588727158,26.74329754951022
pig_11,A1,6,A1_p6,2026-07-04 12:00:00,4,5,25.12180477038634,31.17669835835963,30.733195514263905,30.71285836100982
pig_11,A1,6,A1_p6,2026-07-04 12:30:00,4,5,19.526914002789656,26.034104886867098,26.011631023662922,26.40676390556434
pig_11,A1,6,A1_p6,2026-07-04 13:00:00,4,5,20.49402213197845,24.77079734096816,24.3269197090202,24.934197037759475
pig_11,A1,6,A1_p6,2026-07-04 13:30:00,4,5,25.013949459347636,30.750980024695792,30.186151501063392,30.036904957048595
pig_11,A1,6,A1_p6,2026-07-04 15:30:00,4,5,38.4280971508272,36.80748381285008,35.929376355219276,36.03862915077726
pig_11,A1,6,A1_p6,2026-07-04 16:30:00,4,5,32.82056243991374,40.13665077413479,39.96311381145384,39.61359252111128
pig_11,A1,6,A1_p6,2026-07-04 17:00:00,4,5,26.86617216008177,29.882868132194787,29.006664490174806,29.607918649914666
pig_11,A1,6,A1_p6,2026-07-04 17:30:00,4,5,42.578142797039916,31.587513822011573,30.23272815699915,30.2400706249704
pig_12,B1,7,B1_p7,2026-07-07 10:00:00,2,2,55.85559289035291,50.969670248662,51.19538750005532,54.513666172656954
pig_12,B1,7,B1_p7,2026-07-07 10:30:00,2,2,59.69537241968645,50.76457408348996,50.84915308249467,53.37578988411937
pig_12,B1,7,B1_p7,2026-07-07 11:00:00,2,2,69.59064495506384,50.67970959319223,51.04263110687289,52.68135651605156
pig_12,B1,7,B1_p7,2026-07-07 11:30:00,2,2,57.51221283641391,50.85569849667731,50.88118878238825,51.45908077935586
pig_12,B1,7,B1_p7,2026-07-07 12:00:00,2,2,55.05658599577666,54.0057983089595,53.97327627003136,53.59638303019237
pig_12,B1,7,B1_p7,2026-07-07 12:30:00,2,2,66.48469006561716,56.41293979704307,57.117762700848246,56.65380216424408
pig_12,B1,7,B1_p7,2026-07-07 13:00:00,2,2,85.78391406175041,52.70978114924566,53.43991741373725,52.65637536105757
pig_12,B1,7,B1_p7,2026-07-07 13:30:00,2,2,52.98351484148442,53.42189507921218,53.76857643298035,52.266815518516324
pig_12,B1,7,B1_p7,2026-07-07 14:00:00,2,2,58.396021019885936,48.123824074754474,49.35579211051602,47.8931075959482
pig_12,B1,7,B1_p7,2026-07-07 14:30:00,2,2,57.3603480891241,49.887054786327695,50.73019679969974,45.883026374901846
pig_12,B1,7,B1_p7,2026-07-07 15:00:00,2,2,72.15308527917615,60.829174781932295,62.408979468934575,68.31809806446488
pig_12,B1,7,B1_p7,2026-07-07 16:30:00,2,2,55.89395211495025,52.72282487479495,52.959719596996166,55.62073976734489
pig_12,B1,7,B1_p7,2026-07-07 17:00:00,2,2,54.98709396703411,52.378594661776944,52.58125072421381,54.26021331362155
pig_12,B1,7,B1_p7,2026-07-07 17:30:00,2,2,63.38433886971691,54.04271705809553,54.62503525041765,55.53315364445793
pig_12,B1,7,B1_p7,2026-07-07 18:00:00,2,2,56.66459035400352,51.04846990588294,51.6078016963981,51.20967436636917
pig_12,B1,7,B1_p7,2026-07-07 18:30:00,2,2,58.50046301410363,52.144529902821716,52.27935373249995,51.6099795695239
pig_12,B1,7,B1_p7,2026-07-07 19:00:00,2,2,62.07807244249367,54.237363149915424,54.49910178047968,53.537476130963924
pig_12,B1,7,B1_p7,2026-07-07 19:30:00,2,2,60.76199595118513,52.90985695758185,53.12935812279538,51.82668360567437
pig_12,B1,7,B1_p7,2026-07-07 20:00:00,2,2,60.00278439369819,52.01108565296991,52.3204352254474,51.19803098216581
pig_12,B1,7,B1_p7,2026-07-07 20:30:00,2,2,54.613515865884565,46.743277420424555,47.83219750838963,47.26567489007587
pig_12,B1,7,B1_p7,2026-07-07 21:00:00,2,2,56.64061826576858,50.69536518604559,50.8910472708334,49.770723767915605
pig_12,B1,7,B1_p7,2026-07-07 21:30:00,2,2,58.36326152041867,52.18395433634599,52.71248830287105,52.07962497291851
pig_12,B1,7,B1_p7,2026-07-07 22:00:00,2,2,58.72265594325344,48.4330250123854,49.35369529956914,48.61573333597205
pig_12,B1,7,B1_p7,2026-07-07 22:30:00,2,2,57.036513480452356,49.52954697829763,49.96813732089409,49.555997766820326
pig_12,B1,7,B1_p7,2026-07-07 23:00:00,2,2,54.35921553353206,49.489383552568896,49.7659211501319,49.47417505794942
pig_12,B1,7,B1_p7,2026-07-07 23:30:00,2,2,54.77978299525154,49.43679791249643,49.86785400419639,49.514598071844226
pig_12,B1,7,B1_p7,2026-07-08 00:00:00,2,2,54.91389088004067,49.189116004234606,49.378663087314436,49.32234454098459
pig_12,B1,7,B1_p7,2026-07-08 00:30:00,2,2,53.84866883174125,47.16731555721626,47.49255297646822,47.39391942169329
pig_12,B1,7,B1_p7,2026-07-08 01:00:00,2,2,53.08905873776787,47.96016200740214,48.18811047798562,48.288284212344195
pig_12,B1,7,B1_p7,2026-07-08 01:30:00,2,2,52.92841947563663,47.28333480122428,47.7445005041458,47.628402713040494
pig_12,B1,7,B1_p7,2026-07-08 02:00:00,2,2,51.43799075385897,46.915707572053655,47.19185976506107,47.18315518338036
pig_12,B1,7,B1_p7,2026-07-08 02:30:00,2,2,53.402330335577645,48.33674583945655,48.28063793032446,48.09707962408885
pig_12,B1,7,B1_p7,2026-07-08 03:00:00,2,2,52.60640511379893,47.616074439387624,47.98367344374694,47.801973947420706
pig_12,B1,7,B1_p7,2026-07-08 03:30:00,2,2,52.49413834658445,47.84849787136331,48.108001661280674,48.187466035924984
pig_12,B1,7,B1_p7,2026-07-08 04:00:00,2,2,47.85836763248282,49.405949067417914,49.46117246217641,49.12041133236818
pig_12,B1,7,B1_p7,2026-07-08 04:30:00,2,2,53.55739216087531,46.00731328786134,46.38731229416615,45.63373951801833
pig_12,B1,7,B1_p7,2026-07-08 05:00:00,2,2,50.9538223828623,44.523074104928725,45.25241340170374,44.908468504696266
pig_12,B1,7,B1_p7,2026-07-08 05:30:00,2,2,47.49414327240664,46.197402830326595,46.67108824357042,45.802975508495855
pig_12,B1,7,B1_p7,2026-07-08 06:00:00,2,2,46.9439958183218,48.49609637758428,48.658152136885874,47.59208461998823
pig_12,B1,7,B1_p7,2026-07-08 06:30:00,2,2,52.14429439779471,48.61438648436399,49.72689837786396,48.87830753351464
pig_12,B1,7,B1_p7,2026-07-08 07:00:00,2,2,53.45524513473356,45.00079129148115,46.10673399928104,44.97009574785269
pig_12,B1,7,B1_p7,2026-07-08 07:30:00,2,2,44.21662537274538,47.673585245801966,48.128814858405164,46.1982335875411
pig_12,B1,7,B1_p7,2026-07-08 08:00:00,2,2,47.89516970191593,58.50972374303365,58.15429209622998,54.984156318748035
pig_12,B1,7,B1_p7,2026-07-08 09:30:00,3,2,80.14751538846005,60.14888555810954,60.966301967176676,64.74190174590319
pig_12,B1,7,B1_p7,2026-07-08 10:00:00,3,2,61.02893587015552,52.76377450623539,52.71715102419026,55.881378397019375
pig_12,B1,7,B1_p7,2026-07-08 10:30:00,3,2,66.31567079759434,56.886399584079,57.23212817802338,59.01683321916131
pig_12,B1,7,B1_p7,2026-07-08 11:00:00,3,2,64.2858111774659,53.80163004076582,54.03439255406748,55.357922568781504
pig_12,B1,7,B1_p7,2026-07-08 11:30:00,3,2,56.32340272612747,51.90028751206703,52.411380340327774,52.871333086596394
pig_12,B1,7,B1_p7,2026-07-08 12:00:00,3,2,60.44017880675816,50.860394207535734,51.505176169294906,51.59244118150259
pig_12,B1,7,B1_p7,2026-07-08 12:30:00,3,2,57.31406732347586,49.969363322792596,50.878539529549386,50.76060441923278
pig_12,B1,7,B1_p7,2026-07-08 13:00:00,3,2,57.04601096984727,51.318915758640074,52.14690558453407,51.34665860787372
pig_12,B1,7,B1_p7,2026-07-08 13:30:00,3,2,66.20159101492784,56.88847653021658,58.00972538743049,56.79170932827367
pig_12,B1,7,B1_p7,2026-07-08 14:00:00,3,2,60.41727372843184,51.29125920444966,52.32792549531402,50.04051832546428
pig_12,B1,7,B1_p7,2026-07-08 14:30:00,3,2,66.93995274126542,53.49255380121437,54.54735363988958,52.55326802854803
pig_12,B1,7,B1_p7,2026-07-08 15:30:00,3,2,71.2626413487865,55.46420061344966,56.245797286286255,53.205842964850675
pig_12,B1,7,B1_p7,2026-07-08 16:00:00,3,2,69.74608044260063,58.739138025024886,59.578020619065576,56.158389696290165
pig_12,B1,7,B1_p7,2026-07-08 16:30:00,3,2,59.915358065611045,52.33009167633062,53.03313822355516,50.3656135871141
pig_12,B1,7,B1_p7,2026-07-08 17:00:00,3,2,63.332468512735176,53.1718154560213,54.0095059320425,51.483840698758016
pig_12,B1,7,B1_p7,2026-07-08 17:30:00,3,2,58.079324666099936,50.91986566426733,51.85165786396816,49.759255410013395
pig_12,B1,7,B1_p7,2026-07-08 18:00:00,3,2,58.33139982111714,52.41288805625199,53.16752009410919,50.899279481054506
pig_12,B1,7,B1_p7,2026-07-08 18:30:00,3,2,56.55906091651349,51.53339000604308,52.419290960588675,50.310746444275104
pig_12,B1,7,B1_p7,2026-07-08 19:00:00,3,2,57.97983112056466,49.339928680731084,50.518649508740765,49.18652761589736
pig_12,B1,7,B1_p7,2026-07-08 19:30:00,3,2,57.55065125118162,52.315676450585,52.96922620252341,51.719732144678744
pig_12,B1,7,B1_p7,2026-07-08 20:00:00,3,2,55.83278509336428,50.18614559310741,51.04671811705276,49.95510798469152
pig_12,B1,7,B1_p7,2026-07-08 20:30:00,3,2,54.66948496850258,48.69230933679905,49.78329005503532,49.16644687893626
pig_12,B1,7,B1_p7,2026-07-08 21:00:00,3,2,53.84040718625357,49.68461735578296,50.270782436100134,49.64050896452113
pig_12,B1,7,B1_p7,2026-07-08 21:30:00,3,2,55.880035589360276,50.22374322474981,50.864334498488944,50.3520078285029
pig_12,B1,7,B1_p7,2026-07-08 22:00:00,3,2,54.9017211824228,46.42460300525378,47.74812747944635,47.211075787205985
pig_12,B1,7,B1_p7,2026-07-08 22:30:00,3,2,58.84285329935901,49.98309053784904,50.92049063402338,50.58345936764915
pig_12,B1,7,B1_p7,2026-07-08 23:00:00,3,2,53.21553849701003,47.068873736999976,48.361036249540994,48.09265955646065
pig_12,B1,7,B1_p7,2026-07-08 23:30:00,3,2,52.32718415702806,49.1007359153795,49.76576246464283,49.50774049129238
pig_12,B1,7,B1_p7,2026-07-09 00:00:00,3,2,57.96178453133119,48.83394173600486,49.87160031049777,50.34803685601152
pig_12,B1,7,B1_p7,2026-07-09 00:30:00,3,2,50.15462203744896,46.05045819374449,47.09625372507349,47.22686931071376
pig_12,B1,7,B1_p7,2026-07-09 01:00:00,3,2,51.48421350629708,47.631745723720094,48.43321710990405,48.43688884164962
pig_12,B1,7,B1_p7,2026-07-09 01:30:00,3,2,50.39914211579453,48.33480421686852,49.33546251682239,49.55540257042727
pig_12,B1,7,B1_p7,2026-07-09 02:00:00,3,2,51.75541197424502,46.705012028164425,47.40618050127708,47.60102618824028
pig_12,B1,7,B1_p7,2026-07-09 02:30:00,3,2,52.96344733563221,46.17992268114466,47.189204543895556,47.186949260128934
pig_12,B1,7,B1_p7,2026-07-09 03:00:00,3,2,49.18525676957951,45.720594249586576,46.93314552747553,47.14134182669882
pig_12,B1,7,B1_p7,2026-07-09 03:30:00,3,2,51.395453026100434,45.320288134628576,46.38522642544476,46.6588663470095
pig_12,B1,7,B1_p7,2026-07-09 04:00:00,3,2,44.823533744299404,45.14691024866503,46.26537183081102,46.10002679929233
pig_12,B1,7,B1_p7,2026-07-09 04:30:00,3,2,46.379875425168436,48.00981044575224,48.63650099026264,48.334092965490626
pig_12,B1,7,B1_p7,2026-07-09 05:00:00,3,2,49.84993977956627,45.174005135423684,46.12224456979051,45.608899180073415
pig_12,B1,7,B1_p7,2026-07-09 05:30:00,3,2,48.27544766920856,45.763214294453235,46.97460852035619,46.4952815945069
pig_12,B1,7,B1_p7,2026-07-09 06:00:00,3,2,46.15489220277078,44.7561936515166,45.91132624306235,45.39715224756828
pig_12,B1,7,B1_p7,2026-07-09 06:30:00,3,2,45.2939840594817,44.656950891264145,46.0216822027907,45.056351285141005
pig_12,B1,7,B1_p7,2026-07-09 07:00:00,3,2,55.98339797806214,52.953698160972074,54.8544289788162,53.94132051982353
pig_12,B1,7,B1_p7,2026-07-09 07:30:00,3,2,43.089510397434324,48.338096623658394,49.13400027334875,47.43818759063218
pig_12,B1,7,B1_p7,2026-07-09 08:00:00,4,2,52.85263650675623,48.745908780410716,47.38527785334013,47.22229876528444
pig_12,B1,7,B1_p7,2026-07-09 08:30:00,4,2,46.57064169425492,41.645202196545796,38.62764892085069,37.6429058114828
pig_12,B1,7,B1_p7,2026-07-09 09:30:00,4,2,43.89512768014322,39.52328691795143,37.231937242733004,35.22408291621686
pig_12,B1,7,B1_p7,2026-07-09 10:00:00,4,2,41.86456025496335,41.9727985871523,39.360345490522946,37.06307945131429
pig_12,B1,7,B1_p7,2026-07-09 10:30:00,4,2,47.508410343881806,45.603045592898006,43.432904633480426,41.49819661599337
pig_12,B1,7,B1_p7,2026-07-09 11:00:00,4,2,40.492660753452476,40.4501399541005,38.958387637285135,36.751214938513776
pig_12,B1,7,B1_p7,2026-07-09 11:30:00,4,2,40.25980682804904,41.4083581984245,39.485601676268075,37.127805919826095
pig_12,B1,7,B1_p7,2026-07-09 12:00:00,4,2,37.960592988627695,41.087708877791464,38.97775674884521,36.55100413400863
pig_12,B1,7,B1_p7,2026-07-09 12:30:00,4,2,37.362666885204334,40.40857201108646,38.67403463780949,36.296578936949295
pig_12,B1,7,B1_p7,2026-07-09 13:00:00,4,2,40.647637267448914,40.72287245928021,39.47397257118551,37.33005721827338
pig_12,B1,7,B1_p7,2026-07-09 13:30:00,4,2,47.5976617456516,47.789505498239066,46.69912762599152,45.030214855189925
pig_12,B1,7,B1_p7,2026-07-09 14:00:00,4,2,42.22299414954628,44.56656149436747,42.8002083175471,40.54339730695011
pig_12,B1,7,B1_p7,2026-07-09 14:30:00,4,2,57.029852382095875,57.49306270681802,56.07941521207178,54.856534670689854
pig_12,B1,7,B1_p7,2026-07-09 15:00:00,4,2,38.9733419304407,38.36435798302486,37.681356084614414,35.433268199547015
pig_12,B1,7,B1_p7,2026-07-09 15:30:00,4,2,41.82310859743515,38.84210650587984,38.03707140838035,36.592901511142145
pig_12,B1,7,B1_p7,2026-07-09 16:30:00,4,2,51.35475696944931,54.85450746467214,53.570760352673744,51.6948033931866
pig_12,B1,7,B1_p7,2026-07-09 17:00:00,4,2,32.93959210651012,37.15360932114706,36.527420610931166,35.198312725276516
pig_12,B1,7,B1_p7,2026-07-09 17:30:00,4,2,39.52503963987631,40.88899386552249,40.525239301149995,40.0431067944356
pig_12,B1,7,B1_p7,2026-07-09 18:00:00,4,2,32.31013167524262,32.7401652891668,32.770799174116945,32.434432189576604
pig_13,B2,1,B2_p1,2026-06-07 08:30:00,2,3,34.14646241751416,40.18039829919645,40.343317365064934,47.29636039715231
pig_13,B2,1,B2_p1,2026-06-07 09:00:00,2,3,27.0901985684945,40.19025225557358,40.28099316405976,44.97167340833063
pig_13,B2,1,B2_p1,2026-06-07 09:30:00,2,3,27.809176711465355,34.61067111946929,34.621390799189705,39.667513200610244
pig_13,B2,1,B2_p1,2026-06-07 10:30:00,2,3,27.171019485236684,31.76109846805451,31.787016204701036,33.31289288153211
pig_13,B2,1,B2_p1,2026-06-07 11:00:00,2,3,26.868843835785064,28.316260819044125,28.275754011825555,29.383140734586377
pig_13,B2,1,B2_p1,2026-06-07 11:30:00,2,3,27.065920028037503,27.785715312938045,27.79820734041931,28.713101519255275
pig_13,B2,1,B2_p1,2026-06-07 12:00:00,2,3,28.8396643723271,27.83257414332576,27.747188479649864,28.692343928582325
pig_13,B2,1,B2_p1,2026-06-07 12:30:00,2,3,30.69099736926952,31.998895087412812,31.86204561934089,32.48162731136495
pig_13,B2,1,B2_p1,2026-06-07 13:00:00,2,3,27.795807310164918,33.00199317525949,33.31533004336218,33.51028628901806
pig_13,B2,1,B2_p1,2026-06-07 13:30:00,2,3,26.024022264621006,33.63024507587136,33.78843448574446,34.90950385658728
pig_13,B2,1,B2_p1,2026-06-07 14:00:00,2,3,27.347248358505176,31.964179918386073,31.99503209272455,32.10917491971806
pig_13,B2,1,B2_p1,2026-06-07 16:00:00,2,3,28.753589936214667,32.78227672877614,33.004372163630975,34.96022428034808
pig_13,B2,1,B2_p1,2026-06-07 16:30:00,2,3,20.70705797021403,28.15471856383565,28.202604729574926,29.896705729150625
pig_13,B2,1,B2_p1,2026-06-07 17:00:00,2,3,21.23366430835613,32.85416705313077,33.06779438931228,34.14369928833745
pig_13,B2,1,B2_p1,2026-06-07 17:30:00,2,3,20.108781693999283,33.05318023044854,33.13565941103626,35.17590395137495
pig_13,B2,1,B2_p1,2026-06-07 18:00:00,2,3,26.2115551440212,28.1725300932794,28.28274575008114,30.162392706667138
pig_13,B2,1,B2_p1,2026-06-07 18:30:00,2,3,21.211886339013876,28.248791301822127,28.07878160817561,29.590246840445914
pig_13,B2,1,B2_p1,2026-06-07 19:00:00,2,3,21.686389030810275,25.714486849195204,25.781350278145126,26.956074552045614
pig_13,B2,1,B2_p1,2026-06-07 19:30:00,2,3,28.618958116480528,25.351121664639457,25.50955591295538,27.54833748231639
pig_13,B2,1,B2_p1,2026-06-07 20:00:00,2,3,29.066884812990267,25.659403720570268,25.596168154283234,26.763745338309732
pig_13,B2,1,B2_p1,2026-06-07 20:30:00,2,3,23.824460527101994,25.49394555897251,25.387224276399934,26.21137163688021
pig_13,B2,1,B2_p1,2026-06-07 21:00:00,2,3,19.876646367127265,25.093643439141005,25.147831347698578,26.995530582268856
pig_13,B2,1,B2_p1,2026-06-07 21:30:00,2,3,27.949034556392498,26.80764536607748,26.92723944600363,28.01336761741876
pig_13,B2,1,B2_p1,2026-06-07 22:00:00,2,3,29.849245834370002,25.366056297605972,25.301841527421665,27.657845742034652
pig_13,B2,1,B2_p1,2026-06-07 22:30:00,2,3,35.17032833494993,25.791913071411646,25.741302059277203,25.628867540532354
pig_13,B2,1,B2_p1,2026-06-07 23:00:00,2,3,22.017942491339358,25.203245338289683,24.92011993925189,25.50517404069214
pig_13,B2,1,B2_p1,2026-06-07 23:30:00,2,3,18.39151492568619,25.404932632035226,25.22691952064166,24.481477755886807
pig_13,B2,1,B2_p1,2026-06-08 00:00:00,2,3,21.87401541182006,23.863819301202774,23.711499056183833,23.623791279522585
pig_13,B2,1,B2_p1,2026-06-08 00:30:00,2,3,22.605250865147433,24.134288370694023,24.15475929378286,26.326233587298894
pig_13,B2,1,B2_p1,2026-06-08 01:00:00,2,3,21.44382353495334,24.30742220856579,24.456411958614922,26.39798792313249
pig_13,B2,1,B2_p1,2026-06-08 01:30:00,2,3,24.957137694337483,24.591181988984115,24.486615927579166,26.725499631606276
pig_13,B2,1,B2_p1,2026-06-08 02:00:00,2,3,23.600627466284916,24.106347327985844,24.047082011748852,25.53151763062045
pig_13,B2,1,B2_p1,2026-06-08 02:30:00,2,3,24.28197817552949,23.906264309132244,23.78249145967276,25.171273962303363
pig_13,B2,1,B2_p1,2026-06-08 03:00:00,2,3,24.440021812501367,25.165790632568125,24.870428406462985,28.216733041964766
pig_13,B2,1,B2_p1,2026-06-08 03:30:00,2,3,23.189757727943594,23.073740639510717,22.765871457547178,23.466791744769683
pig_13,B2,1,B2_p1,2026-06-08 04:00:00,2,3,27.990628623436617,22.870992735166798,22.558938452470436,23.78079323047901
pig_13,B2,1,B2_p1,2026-06-08 04:30:00,2,3,26.656923122763057,22.663528595490632,22.39355500067287,24.078654658786604
pig_13,B2,1,B2_p1,2026-06-08 05:00:00,2,3,24.62134058932437,21.66196268706751,21.536200442353433,23.606991443117334
pig_13,B2,1,B2_p1,2026-06-08 05:30:00,2,3,25.213425652610194,21.540237054349063,21.369277733878764,24.6500676679644
pig_13,B2,1,B2_p1,2026-06-08 06:00:00,2,3,23.24381738751406,21.82576849099184,21.536720903424964,24.685335264041278
pig_13,B2,1,B2_p1,2026-06-08 06:30:00,2,3,24.23010756401365,23.252719888209896,22.939552609062748,26.633170513867128
pig_13,B2,1,B2_p1,2026-06-08 07:00:00,2,3,22.13553650965671,21.484745683717396,21.139493425693715,22.482683831489574
pig_13,B2,1,B2_p1,2026-06-08 11:00:00,3,3,26.679355202547068,35.02303200338522,33.98130080975765,36.730755818250074
pig_13,B2,1,B2_p1,2026-06-08 11:30:00,3,3,25.35809011723332,32.95080651437908,31.845049539433802,35.65661432851445
pig_13,B2,1,B2_p1,2026-06-08 12:00:00,3,3,26.481273772160883,37.74968761726994,36.49550682279813,38.82624563095771
pig_13,B2,1,B2_p1,2026-06-08 12:30:00,3,3,25.65939290743917,35.50592910243658,34.27121125773175,37.05470524717267
pig_13,B2,1,B2_p1,2026-06-08 13:00:00,3,3,23.851110519768373,34.94908973795816,33.94061032998628,36.044359254108684
pig_13,B2,1,B2_p1,2026-06-08 13:30:00,3,3,29.31293500006103,44.82196234959599,44.196871572287016,46.29178678647336
pig_13,B2,1,B2_p1,2026-06-08 14:00:00,3,3,24.643521278967278,43.187324353586966,42.17110511417391,41.577076331298926
pig_13,B2,1,B2_p1,2026-06-08 15:30:00,3,3,36.20188761312671,47.9359003709352,47.910737033027026,50.73422030625875
pig_13,B2,1,B2_p1,2026-06-08 16:00:00,3,3,27.135722735558375,42.86323053356625,42.20495228552221,43.71091314435653
pig_13,B2,1,B2_p1,2026-06-08 16:30:00,3,3,30.075466487791005,38.0376959980258,37.35003686273258,37.98717551867922
pig_13,B2,1,B2_p1,2026-06-08 17:00:00,3,3,26.12564771579445,34.6862497315054,33.550891754712055,36.04044721027397
pig_13,B2,1,B2_p1,2026-06-08 17:30:00,3,3,32.29812906374885,45.69097808336299,45.5209951963446,50.01948792533109
pig_13,B2,1,B2_p1,2026-06-08 18:00:00,3,3,28.233127380881022,36.15874261909635,34.67384809988329,38.45245210512483
pig_13,B2,1,B2_p1,2026-06-08 18:30:00,3,3,28.41902434607752,35.995227830964375,34.610221734749004,37.06293530713374
pig_13,B2,1,B2_p1,2026-06-08 19:00:00,3,3,25.549360574119444,32.672077466207526,31.35695394840964,33.057446982560585
pig_13,B2,1,B2_p1,2026-06-08 19:30:00,3,3,26.15881460740973,34.6416026254046,33.50985465388229,36.98329328284521
pig_13,B2,1,B2_p1,2026-06-08 20:00:00,3,3,27.49596954562623,34.082903955860914,32.7324986827435,35.25518036032362
pig_13,B2,1,B2_p1,2026-06-08 20:30:00,3,3,26.19480127617644,32.91240910726791,31.617996471695236,32.15769202825163
pig_13,B2,1,B2_p1,2026-06-08 21:00:00,3,3,27.82683433035384,33.46980762220424,31.925081592966627,35.3229615687426
pig_13,B2,1,B2_p1,2026-06-08 21:30:00,3,3,27.46136998021617,31.94052823197326,30.089082145364507,31.59051323352783
pig_13,B2,1,B2_p1,2026-06-09 11:00:00,4,3,34.873457826980854,24.90582328735391,24.859503303879563,28.423290352396847
pig_13,B2,1,B2_p1,2026-06-09 11:30:00,4,3,49.601162840821715,36.863592654235816,36.93695245403639,40.20973259361058
pig_13,B2,1,B2_p1,2026-06-09 12:00:00,4,3,32.8611668345927,22.406706522075318,22.306081872977096,24.088965293949407
pig_13,B2,1,B2_p1,2026-06-09 12:30:00,4,3,42.802436147862956,32.323093204388485,32.52493378578883,35.30380255856474
pig_13,B2,1,B2_p1,2026-06-09 13:00:00,4,3,31.557879835728954,15.152456693189354,15.02559004495211,21.780798172310554
pig_13,B2,1,B2_p1,2026-06-09 13:30:00,4,3,43.181112539339516,31.22584034171009,31.465518373978675,35.858277591265896
pig_13,B2,1,B2_p1,2026-06-09 14:00:00,4,3,30.41211251166215,14.674551955229992,14.356648274293793,20.444009562456145
pig_13,B2,1,B2_p1,2026-06-09 14:30:00,4,3,32.65250872989233,18.25871647298132,18.08443768719352,23.333542301487782
pig_13,B2,1,B2_p1,2026-06-09 16:00:00,4,3,51.67286590519296,38.905842794547816,39.36156819153645,41.10594010208246
pig_13,B2,1,B2_p1,2026-06-09 16:30:00,4,3,40.90481290015972,27.860671705460604,28.069309709632073,31.123775648235586
pig_13,B2,1,B2_p1,2026-06-09 17:00:00,4,3,30.005639792665534,13.715861241921008,13.655564671510174,18.251144103509382
pig_13,B2,1,B2_p1,2026-06-09 17:30:00,4,3,31.048667115575505,13.701312099150421,13.651489520586935,17.630338889172524
pig_13,B2,1,B2_p1,2026-06-09 18:00:00,4,3,29.35772042986602,14.245677448017714,14.144619555456924,18.554306305824937
pig_13,B2,1,B2_p1,2026-06-09 18:30:00,4,3,30.485410698248835,13.349750998226426,13.434143579453849,17.5144966603734
pig_13,B2,1,B2_p1,2026-06-09 19:00:00,4,3,28.610905624020283,13.586642604986324,13.388766656497278,18.28532880132267
pig_13,B2,1,B2_p1,2026-06-09 19:30:00,4,3,35.632768763504856,31.679559375281826,31.929610719004202,35.88870106601354
pig_13,B2,1,B2_p1,2026-06-09 20:00:00,4,3,47.3269046286091,29.883500721196228,30.00443681852923,31.15703958633766
pig_13,B2,1,B2_p1,2026-06-09 20:30:00,4,3,29.28550648425194,13.842986812325286,13.808144601679029,17.68373082064235
pig_13,B2,1,B2_p1,2026-06-09 21:00:00,4,3,28.4775443408765,13.231871774554154,13.24551823273842,16.85039485959166
pig_13,B2,1,B2_p1,2026-06-09 21:30:00,4,3,29.342418526973987,13.41941831303602,13.346736035597077,17.257424439206876
pig_13,B2,1,B2_p1,2026-06-09 22:00:00,4,3,37.11595054125121,27.831767236408503,27.9067905158973,30.121596019471898
pig_13,B2,1,B2_p1,2026-06-09 22:30:00,4,3,33.34734008935289,13.346052126464084,13.340154918414857,17.107663786046746
pig_13,B2,1,B2_p1,2026-06-09 23:00:00,4,3,29.257683178059352,13.528699278375342,13.448133062930506,18.699644109403867
pig_13,B2,1,B2_p1,2026-06-09 23:30:00,4,3,28.184254492022646,14.288138562409205,14.171285998664766,18.41346463533036
pig_13,B2,1,B2_p1,2026-06-10 00:00:00,4,3,29.5063871768064,14.045248201577117,14.097204619749828,18.337561588810857
pig_13,B2,1,B2_p1,2026-06-10 00:30:00,4,3,28.571098628833656,14.143258499137692,14.182059885337832,17.783434531857377
pig_13,B2,1,B2_p1,2026-06-10 01:00:00,4,3,29.752496741390843,14.751584972437819,14.851060299507024,20.86966629543023
pig_13,B2,1,B2_p1,2026-06-10 01:30:00,4,3,27.78477781821343,14.089286600266107,14.146695898054372,19.124401600428243
pig_13,B2,1,B2_p1,2026-06-10 02:00:00,4,3,28.700563580087255,13.941237491117636,13.948574473312311,18.206542279328513
pig_13,B2,1,B2_p1,2026-06-10 02:30:00,4,3,28.24838035372439,13.851640270591584,13.904192453163398,19.486602613919224
pig_13,B2,1,B2_p1,2026-06-10 03:00:00,4,3,26.71723090188734,13.738083517454598,13.73813490720891,17.204651974733064
pig_13,B2,1,B2_p1,2026-06-10 03:30:00,4,3,27.635104544373164,13.56427648970847,13.525939402863212,17.609226070927306
pig_13,B2,1,B2_p1,2026-06-10 04:00:00,4,3,27.358070910447672,13.843126782433924,13.916300834311425,18.95452332859487
pig_13,B2,1,B2_p1,2026-06-10 04:30:00,4,3,27.57586574708343,13.69672519361595,13.65248569048498,17.970667773948083
pig_13,B2,1,B2_p1,2026-06-10 05:00:00,4,3,27.031847486832078,14.328055879558729,14.19987966708331,19.265657000087174
pig_13,B2,1,B2_p1,2026-06-10 05:30:00,4,3,27.168026848609337,17.050509737701347,17.299701263784815,23.45655526969862
pig_13,B2,1,B2_p1,2026-06-10 06:00:00,4,3,28.72089440284841,15.46767827930801,15.688856297512558,21.80571546974054
pig_13,B2,1,B2_p1,2026-06-10 06:30:00,4,3,29.798989188784724,18.804882635340622,19.008700069605574,24.838204624695717
pig_13,B2,1,B2_p1,2026-06-10 07:00:00,4,3,27.32863910466518,14.780954903110185,14.836092523949603,20.76532880956858
pig_13,B2,1,B2_p1,2026-06-10 07:30:00,4,3,27.377506351096407,13.657128266521026,13.393513822806614,18.98491891321066
pig_13,B2,1,B2_p1,2026-06-10 08:00:00,4,3,28.581634629623963,16.452888041186693,16.668191731820542,21.012862261100622
pig_13,B1,3,B1_p3,2026-06-17 09:30:00,2,3,48.18602978229609,35.88214128510269,35.12643800647373,40.14765582416546
pig_13,B1,3,B1_p3,2026-06-17 10:00:00,2,3,47.59889412957698,37.0775495068547,36.55976965881254,40.259742430600724
pig_13,B1,3,B1_p3,2026-06-17 10:30:00,2,3,48.25619761487461,36.62458693968295,36.28202011139103,40.31387974398422
pig_13,B1,3,B1_p3,2026-06-17 11:00:00,2,3,47.33017768368567,42.893633339252986,42.085309046778974,46.01234738445185
pig_13,B1,3,B1_p3,2026-06-17 11:30:00,2,3,46.961686008689796,38.66915859281724,38.32503998315005,42.55775021430563
pig_13,B1,3,B1_p3,2026-06-17 12:00:00,2,3,48.720374790737424,36.84832400894787,35.543824513340496,43.194986764736626
pig_13,B1,3,B1_p3,2026-06-17 12:30:00,2,3,50.76568583290084,46.97980654601391,46.1387913655246,49.61137951351358
pig_13,B1,3,B1_p3,2026-06-17 13:00:00,2,3,48.046397063426966,35.85443347492085,34.51421850841517,41.558404155300614
pig_13,B1,3,B1_p3,2026-06-17 13:30:00,2,3,46.58913402527452,34.68124892116234,34.07590846415057,38.416123865298225
pig_13,B1,3,B1_p3,2026-06-17 14:00:00,2,3,46.605760458678716,44.076513304861045,43.061232192651985,44.300557120557045
pig_13,B1,3,B1_p3,2026-06-17 14:30:00,2,3,52.82214024363054,43.458397948210745,41.9355471769748,44.010865657266585
pig_13,B1,3,B1_p3,2026-06-17 16:00:00,2,3,52.36324955874019,36.68986518271964,35.073217912701836,43.824539908084525
pig_13,B1,3,B1_p3,2026-06-17 16:30:00,2,3,52.63641889857844,39.902664537964036,38.089603611674654,46.0531134521308
pig_13,B1,3,B1_p3,2026-06-17 17:00:00,2,3,52.48068692941033,37.270912622943754,36.013946555876274,41.78205598880012
pig_13,B1,3,B1_p3,2026-06-17 17:30:00,2,3,50.559614477507516,39.539791868392946,38.206975874850414,44.375009756612364
pig_13,B1,3,B1_p3,2026-06-17 18:00:00,2,3,49.52366586238543,36.848649198549,36.45409536877928,40.70457774047218
pig_13,B1,3,B1_p3,2026-06-17 18:30:00,2,3,46.316624751716816,33.010234740151915,31.79288165831246,38.56756201097131
pig_13,B1,3,B1_p3,2026-06-17 19:00:00,2,3,52.94473426634187,40.148141042315316,38.69324444803861,46.0558443343702
pig_13,B1,3,B1_p3,2026-06-17 19:30:00,2,3,50.15519732556683,36.313773224691886,35.15943732190911,40.61164514547548
pig_13,B1,3,B1_p3,2026-06-17 20:00:00,2,3,50.48346508700345,39.27082906184552,37.41517962573948,42.2385635391626
pig_13,B1,3,B1_p3,2026-06-17 20:30:00,2,3,46.65067008923813,36.45776473576063,35.606382797844546,39.56276353079348
pig_13,B1,3,B1_p3,2026-06-17 21:00:00,2,3,49.96967402641252,37.22837120053309,35.47296325301491,42.08560367239837
pig_13,B1,3,B1_p3,2026-06-17 21:30:00,2,3,45.52244338843701,34.44240176357418,32.960451127633554,38.718989745452866
pig_13,B1,3,B1_p3,2026-06-17 22:00:00,2,3,45.13643058527258,36.97524279052835,35.33917482470562,40.940503751514214
pig_13,B1,3,B1_p3,2026-06-17 22:30:00,2,3,49.451547660052746,38.1178703346049,36.17753097755868,42.49827392402906
pig_13,B1,3,B1_p3,2026-06-17 23:00:00,2,3,42.14495302765014,36.60781575895137,34.0451121754863,39.55707498635937
pig_13,B1,3,B1_p3,2026-06-17 23:30:00,2,3,43.22160507763729,35.31910211783888,33.05982432131856,40.82734562570931
pig_13,B1,3,B1_p3,2026-06-18 00:00:00,2,3,46.706325171227085,37.84723361879773,36.23779181523791,42.82113332484881
pig_13,B1,3,B1_p3,2026-06-18 00:30:00,2,3,46.00362008544001,36.98598492032263,35.51663249106633,40.238038590408934
pig_13,B1,3,B1_p3,2026-06-18 01:00:00,2,3,45.351864635961526,34.21699854760839,32.63673780548233,38.923659025238706
pig_13,B1,3,B1_p3,2026-06-18 01:30:00,2,3,44.023165778615976,33.88746971507908,32.12599571505822,39.29838512331443
pig_13,B1,3,B1_p3,2026-06-18 02:00:00,2,3,47.452801182686144,33.94741893579946,32.36759963531398,38.90867754735251
pig_13,B1,3,B1_p3,2026-06-18 02:30:00,2,3,43.54446737885657,32.81424767348315,31.14492451567381,37.64934412883458
pig_13,B1,3,B1_p3,2026-06-18 03:00:00,2,3,42.762398459555165,38.48638446602628,37.58048789405768,40.13895544841828
pig_13,B1,3,B1_p3,2026-06-18 03:30:00,2,3,46.92498199992066,38.446481520220445,37.418699529972024,42.141026025717004
pig_13,B1,3,B1_p3,2026-06-18 04:00:00,2,3,40.829928299605044,38.71185140237394,37.8830077982694,40.39893622807772
pig_13,B1,3,B1_p3,2026-06-18 04:30:00,2,3,41.43141617068104,35.9770314290421,34.679388875700184,38.3664403440283
pig_13,B1,3,B1_p3,2026-06-18 05:00:00,2,3,39.14196857277477,36.033609607609066,34.8158901876705,34.54996733848658
pig_13,B1,3,B1_p3,2026-06-18 05:30:00,2,3,38.967886166978964,34.77616591534858,33.68799727224709,37.290531773556346
pig_13,B1,3,B1_p3,2026-06-18 06:00:00,2,3,44.13544006409555,38.25924922437625,37.27651618565748,40.146603920597244
pig_13,B1,3,B1_p3,2026-06-18 06:30:00,2,3,41.08155876007109,37.74596857294098,36.77962480967045,37.041897680684066
pig_13,B1,3,B1_p3,2026-06-18 07:00:00,2,3,38.27980121741622,35.781958976670914,34.32398359682588,36.92402847671303
pig_13,B1,3,B1_p3,2026-06-18 07:30:00,2,3,44.62945352621861,47.43917906835153,47.2914840930606,46.14700423084559
pig_13,B1,3,B1_p3,2026-06-18 08:00:00,2,3,39.915540377784254,43.78850060355888,42.83115380160006,41.52786316694922
pig_13,B1,3,B1_p3,2026-06-18 10:00:00,3,3,47.321296088981256,41.854724001090574,39.32281187273384,43.88862130347324
pig_13,B1,3,B1_p3,2026-06-18 10:30:00,3,3,47.22353636765143,41.58151949149037,39.098279696803566,43.189494147254635
pig_13,B1,3,B1_p3,2026-06-18 11:00:00,3,3,45.27470706381267,38.19141094391112,35.49125710211895,41.03025352680409
pig_13,B1,3,B1_p3,2026-06-18 11:30:00,3,3,44.86707334204125,39.0232585403224,37.93597047566156,40.74428873889925
pig_13,B1,3,B1_p3,2026-06-18 12:00:00,3,3,47.65416019733395,41.838837762540386,39.49083630105504,42.80133653163017
pig_13,B1,3,B1_p3,2026-06-18 12:30:00,3,3,44.08760528131109,42.62862254654537,40.638607938052395,42.963066798746055
pig_13,B1,3,B1_p3,2026-06-18 13:00:00,3,3,50.85160610807665,46.703616743920136,43.90605596997821,46.30901749195786
pig_13,B1,3,B1_p3,2026-06-18 13:30:00,3,3,49.5983552238356,43.591192254728696,40.64865945238086,43.42827681885659
pig_13,B1,3,B1_p3,2026-06-18 14:00:00,3,3,46.86637261046257,43.099980949251595,39.7547892018296,43.52721448875863
pig_13,B1,3,B1_p3,2026-06-18 19:00:00,3,3,48.60519176491286,42.271872750040934,38.19298769642458,45.41614992391953
pig_13,B1,3,B1_p3,2026-06-18 19:30:00,3,3,46.84782604283129,42.094251915479624,38.09820595325688,41.65161172058987
pig_13,B1,3,B1_p3,2026-06-18 20:00:00,3,3,49.73540987841132,42.65603245318614,38.36657072460305,44.796509620962766
pig_13,B1,3,B1_p3,2026-06-18 20:30:00,3,3,46.49919110568383,42.21460942136186,39.59902300549898,42.27972191066458
pig_13,B1,3,B1_p3,2026-06-18 21:00:00,3,3,45.62285318995704,41.347623664528655,38.558743141085884,42.10491939400778
pig_13,B1,3,B1_p3,2026-06-18 21:30:00,3,3,46.30959842107301,39.88317108627287,38.17946476290095,40.68863676618299
pig_13,B1,3,B1_p3,2026-06-18 22:00:00,3,3,44.05370154236292,40.839932177616134,38.68335230516098,40.89925329102989
pig_13,B1,3,B1_p3,2026-06-18 22:30:00,3,3,43.035426270137506,39.847316021725504,38.253117651346756,41.139219710036635
pig_13,B1,3,B1_p3,2026-06-18 23:00:00,3,3,43.746010065019206,38.90426703761545,36.75903175118483,38.89916190227299
pig_13,B1,3,B1_p3,2026-06-18 23:30:00,3,3,48.26369930060591,44.603944989353536,42.17626918389346,43.13304608539291
pig_13,B1,3,B1_p3,2026-06-19 00:00:00,3,3,43.94304891870686,40.962138765217176,39.23119272171376,42.474490816042206
pig_13,B1,3,B1_p3,2026-06-19 00:30:00,3,3,45.32642524701687,40.16890115565886,36.53111267828641,40.09539788290697
pig_13,B1,3,B1_p3,2026-06-19 01:00:00,3,3,44.10059553081879,40.84083410321844,38.71291185934682,40.82461361668811
pig_13,B1,3,B1_p3,2026-06-19 01:30:00,3,3,45.988104416194744,40.27440839281001,38.483767443184085,40.13228747961924
pig_13,B1,3,B1_p3,2026-06-19 02:00:00,3,3,43.90361264932633,40.80650540914181,39.64774470927364,40.73462731798208
pig_13,B1,3,B1_p3,2026-06-19 02:30:00,3,3,42.02735758909474,40.07549224902137,39.12489809112537,39.2130349849098
pig_13,B1,3,B1_p3,2026-06-19 03:00:00,3,3,45.87176992087979,41.06743901579928,39.924722530145026,41.685201571127195
pig_13,B1,3,B1_p3,2026-06-19 03:30:00,3,3,43.00467494621154,39.51055991125883,38.0434145609422,39.40718884050493
pig_13,B1,3,B1_p3,2026-06-19 04:00:00,3,3,42.10362083627526,40.13180939194566,38.77309028378657,40.17564982498706
pig_13,B1,3,B1_p3,2026-06-19 04:30:00,3,3,43.31150056015929,40.57152113150062,39.56938750513125,38.98468600365807
pig_13,B1,3,B1_p3,2026-06-19 05:00:00,3,3,40.125175955153715,40.10382350282879,39.09947199664599,39.744807687919455
pig_13,B1,3,B1_p3,2026-06-19 05:30:00,3,3,40.11222604618073,37.518947664771346,36.32718584481994,37.076121577951646
pig_13,B1,3,B1_p3,2026-06-19 06:00:00,3,3,39.16067855777018,36.76077616327815,35.59469488226322,35.360590372677564
pig_13,B1,3,B1_p3,2026-06-19 06:30:00,3,3,36.710700793767856,36.02424001294204,35.04301061168013,33.73783491436189
pig_13,B1,3,B1_p3,2026-06-19 07:00:00,3,3,41.86183337313857,39.34620715677067,37.9455495715124,37.39681643176351
pig_13,B1,3,B1_p3,2026-06-19 07:30:00,3,3,43.33290834107416,45.03687977256175,44.091734437977415,39.78079439977349
pig_13,B1,3,B1_p3,2026-06-19 08:00:00,3,3,42.33393508783259,40.89552400219113,39.19394833790139,37.33430551697981
pig_13,B1,3,B1_p3,2026-06-19 09:30:00,4,3,40.24647954753942,39.41105503550664,39.35754425595357,39.57999542893478
pig_13,B1,3,B1_p3,2026-06-19 10:30:00,4,3,35.55670867681126,36.66936700073924,36.66014949751028,33.97561243007741
pig_13,B1,3,B1_p3,2026-06-19 11:00:00,4,3,32.89470058174766,28.343718957323688,28.40330453468811,29.939535950968946
pig_13,B1,3,B1_p3,2026-06-19 12:30:00,4,3,32.5337577308495,33.24140412375158,32.9887323916641,30.715922301380974
pig_13,B1,3,B1_p3,2026-06-19 13:30:00,4,3,57.02931584985893,40.82081086095643,40.59823148321081,39.65042106384337
pig_13,B1,3,B1_p3,2026-06-19 14:00:00,4,3,33.08510188531802,28.594161508224303,28.636345757772325,29.74490059987496
pig_13,B1,3,B1_p3,2026-06-19 16:00:00,4,3,31.983222919975354,32.568708694049924,32.254238480755205,32.53170026991007
pig_13,B1,3,B1_p3,2026-06-19 16:30:00,4,3,37.92625607048238,38.886300752374815,38.85750654876043,39.741545767170024
pig_13,B1,3,B1_p3,2026-06-19 17:00:00,4,3,30.417242018297962,34.962254023994916,35.114347136069725,33.725587117888104
pig_13,B1,3,B1_p3,2026-06-19 17:30:00,4,3,40.91316304457844,40.13864327129464,40.26676107097134,40.59822585893414
pig_13,B1,3,B1_p3,2026-06-19 18:00:00,4,3,27.84012279514586,29.26709698746459,29.27000952041568,28.5786757880288
pig_13,B1,3,B1_p3,2026-06-19 18:30:00,4,3,29.481344779877315,32.447940092217564,32.39401693109259,29.3792863281125
pig_13,B1,3,B1_p3,2026-06-19 19:00:00,4,3,28.041573571737388,27.937391368657245,27.945969217628313,27.945307071733357
pig_13,B1,3,B1_p3,2026-06-19 19:30:00,4,3,26.712857746316914,27.29611309569105,27.28020825884998,26.810481286426793
pig_13,B1,3,B1_p3,2026-06-19 20:00:00,4,3,27.33934316656114,28.060035547191653,28.137390751494422,27.7762321545681
pig_13,B1,3,B1_p3,2026-06-19 20:30:00,4,3,32.410527471084166,31.734028994350105,31.7201265252624,31.112635830774536
pig_13,B1,3,B1_p3,2026-06-19 21:00:00,4,3,28.0313413609257,31.27578010136857,31.24285628570258,28.744985371506758
pig_13,B1,3,B1_p3,2026-06-19 21:30:00,4,3,27.302686234836003,29.074427216446335,29.094055360523704,27.99702973999637
pig_13,B1,3,B1_p3,2026-06-19 22:00:00,4,3,26.21187435947933,27.381679782268463,27.425220421421322,27.126130149070395
pig_13,B1,3,B1_p3,2026-06-19 22:30:00,4,3,27.918021852406497,30.870806242926232,30.747197270831414,28.832099942961293
pig_13,B1,3,B1_p3,2026-06-19 23:00:00,4,3,26.754342935578087,27.550703864155206,27.496640593319817,27.56710667990847
pig_13,B1,3,B1_p3,2026-06-19 23:30:00,4,3,26.168619257355957,28.344956578333292,28.296351847895167,26.439192725430267
pig_13,B1,3,B1_p3,2026-06-20 00:00:00,4,3,26.86998944518733,27.654048444164133,27.622566754667904,27.35323673119983
pig_13,B1,3,B1_p3,2026-06-20 00:30:00,4,3,26.004455155591614,28.379407546933116,28.369400217015666,28.29163461078988
pig_13,B1,3,B1_p3,2026-06-20 01:00:00,4,3,25.98472994050052,27.51701125946701,27.61290342968855,27.49599864450084
pig_13,B1,3,B1_p3,2026-06-20 01:30:00,4,3,27.155528361447686,28.62158592230182,28.595972066298025,29.052648653664768
pig_13,B1,3,B1_p3,2026-06-20 02:00:00,4,3,26.616976922615095,28.34352645976685,28.380584165771666,29.110337233165374
pig_13,B1,3,B1_p3,2026-06-20 02:30:00,4,3,27.47773602610816,29.108530960879364,29.133206058125232,28.461757467883388
pig_13,B1,3,B1_p3,2026-06-20 03:00:00,4,3,26.021975690676705,27.74695571431446,27.641310850743487,28.30476828886334
pig_13,B1,3,B1_p3,2026-06-20 03:30:00,4,3,26.157660532909482,28.142370301417287,28.071243058547932,28.021042855572674
pig_13,B1,3,B1_p3,2026-06-20 04:00:00,4,3,25.260395703710135,27.606619131102292,27.61717921063815,27.973378007560328
pig_13,B1,3,B1_p3,2026-06-20 04:30:00,4,3,25.878689083109577,28.994098545180854,28.827464196117475,29.70052522484792
pig_13,B1,3,B1_p3,2026-06-20 05:00:00,4,3,27.283371571547228,27.768754130874495,27.76683487475632,27.854960112911193
pig_13,B1,3,B1_p3,2026-06-20 05:30:00,4,3,26.719087225126557,28.52522444723934,28.5906055392508,29.59921592662102
pig_13,B1,3,B1_p3,2026-06-20 06:00:00,4,3,26.177542777502616,28.94334697214668,28.908385219134978,28.6939011865532
pig_13,B1,3,B1_p3,2026-06-20 06:30:00,4,3,27.31291845279182,30.26267639824648,30.239256920220356,30.30761056534486
pig_13,B1,3,B1_p3,2026-06-20 07:00:00,4,3,26.55066477256753,27.92026041988809,27.831385012174152,29.011233299661644
pig_13,B1,3,B1_p3,2026-06-20 07:30:00,4,3,32.410176299294534,31.86780194158171,31.855058448107663,31.728298618828003
pig_13,A1,5,A1_p5,2026-06-27 09:30:00,2,3,36.41880949100454,34.30143447850379,34.22846244384645,33.47674003835182
pig_13,A1,5,A1_p5,2026-06-27 10:00:00,2,3,34.779757248718724,32.8176071613638,32.70095270941766,31.93490173669494
pig_13,A1,5,A1_p5,2026-06-27 10:30:00,2,3,38.640360929972886,34.71644965002896,34.518646700717305,34.55909285167689
pig_13,A1,5,A1_p5,2026-06-27 11:00:00,2,3,34.96935432391133,33.50415777819987,33.37222445644772,33.22215454472501
pig_13,A1,5,A1_p5,2026-06-27 11:30:00,2,3,33.360841517153865,32.32924730715446,32.333071242676624,31.136417281585807
pig_13,A1,5,A1_p5,2026-06-27 12:00:00,2,3,34.403295990887905,32.48969347339035,32.553084717408666,31.770525160663393
pig_13,A1,5,A1_p5,2026-06-27 12:30:00,2,3,36.386696337528335,33.13516583706416,33.165251738028445,32.76370214494017
pig_13,A1,5,A1_p5,2026-06-27 13:00:00,2,3,40.258131585577864,35.70586870325491,35.865394397692654,35.650653916907736
pig_13,A1,5,A1_p5,2026-06-27 13:30:00,2,3,28.757088968294475,33.58527055916635,33.61311060345764,33.4195997351306
pig_13,A1,5,A1_p5,2026-06-27 14:00:00,2,3,38.03386288985389,36.245317476086555,36.18284356061461,35.413137041365765
pig_13,A1,5,A1_p5,2026-06-27 14:30:00,2,3,35.59620494627832,41.268438113806226,40.99496816162327,40.56989167306906
pig_13,A1,5,A1_p5,2026-06-27 15:30:00,2,3,39.08826166651038,34.71740424814848,34.61555131798464,35.93519057146782
pig_13,A1,5,A1_p5,2026-06-27 16:00:00,2,3,37.089578924792576,34.467268147191454,34.32623265243836,35.71425978830838
pig_13,A1,5,A1_p5,2026-06-27 16:30:00,2,3,34.981992787614125,33.93924710442316,33.948122330837336,35.8767126908198
pig_13,A1,5,A1_p5,2026-06-27 17:00:00,2,3,33.60353031400513,31.49220700314124,31.56423835673331,30.9093027379689
pig_13,A1,5,A1_p5,2026-06-27 17:30:00,2,3,35.28039350815594,33.68476397316624,33.585309553587294,34.01245336285666
pig_13,A1,5,A1_p5,2026-06-27 18:00:00,2,3,34.00852778535055,31.226486158369674,31.21599527918295,30.610267065540512
pig_13,A1,5,A1_p5,2026-06-27 18:30:00,2,3,34.79770121715933,30.987629837485557,31.00215560392187,30.868550560810363
pig_13,A1,5,A1_p5,2026-06-27 19:00:00,2,3,34.05539208054642,30.46757948404116,30.404314496526133,30.627133283360283
pig_13,A1,5,A1_p5,2026-06-27 19:30:00,2,3,32.85473718100013,29.938693494221326,30.169687009037595,30.69271070945109
pig_13,A1,5,A1_p5,2026-06-27 20:00:00,2,3,33.43897945858705,31.494806321715508,31.432303466043816,31.965733678008185
pig_13,A1,5,A1_p5,2026-06-27 20:30:00,2,3,27.566110323521713,29.455284381442038,29.527877928071486,29.607778153427347
pig_13,A1,5,A1_p5,2026-06-27 21:00:00,2,3,29.19730210812868,30.741901463466725,30.837524284494087,30.59111154686145
pig_13,A1,5,A1_p5,2026-06-27 21:30:00,2,3,29.198998965002026,29.902201231025845,29.96261583949616,29.132902898161667
pig_13,A1,5,A1_p5,2026-06-27 22:00:00,2,3,27.803491649524297,29.080020601592018,29.239768365834646,28.35760126291325
pig_13,A1,5,A1_p5,2026-06-27 22:30:00,2,3,28.282129487942022,28.659878804407526,28.862547389452715,28.4040680659771
pig_13,A1,5,A1_p5,2026-06-27 23:00:00,2,3,28.847852836752725,28.237525872349522,28.461429781409315,27.543838443689197
pig_13,A1,5,A1_p5,2026-06-27 23:30:00,2,3,29.159253619961305,28.222128788573997,28.351572528631642,28.058350337645017
pig_13,A1,5,A1_p5,2026-06-28 00:00:00,2,3,27.811492156270837,28.500078576173102,28.792254648500325,27.45557563150451
pig_13,A1,5,A1_p5,2026-06-28 00:30:00,2,3,28.614588938878093,30.28045772186646,30.388203510304614,28.960642590144868
pig_13,A1,5,A1_p5,2026-06-28 01:00:00,2,3,28.237073868949473,29.044401030813134,29.257878556447096,28.142820720932505
pig_13,A1,5,A1_p5,2026-06-28 01:30:00,2,3,28.982440820543374,29.60376759175637,29.647480424691928,29.027641070299083
pig_13,A1,5,A1_p5,2026-06-28 02:00:00,2,3,30.183897867964845,28.841828501736238,28.725883266204725,27.580425060711754
pig_13,A1,5,A1_p5,2026-06-28 02:30:00,2,3,28.511356024012716,28.025842771836473,28.111570714743166,27.260353698173056
pig_13,A1,5,A1_p5,2026-06-28 03:00:00,2,3,28.495295292828906,28.02980609217667,28.254384682291352,28.835844993797068
pig_13,A1,5,A1_p5,2026-06-28 03:30:00,2,3,28.83013458413744,28.037653950139063,28.279251167279533,27.01608374727982
pig_13,A1,5,A1_p5,2026-06-28 04:00:00,2,3,28.914637227450193,28.58971476401471,28.83225462900393,28.429059106237258
pig_13,A1,5,A1_p5,2026-06-28 04:30:00,2,3,26.161333182730786,27.315086070100406,27.293508239740955,27.22001588141152
pig_13,A1,5,A1_p5,2026-06-28 05:00:00,2,3,27.83721190120083,26.621903347667896,26.74049426860269,26.855795011748157
pig_13,A1,5,A1_p5,2026-06-28 05:30:00,2,3,26.59792653014,27.0643288973769,27.454577775091472,27.532155363500173
pig_13,A1,5,A1_p5,2026-06-28 06:00:00,2,3,28.629138692610503,28.40046986873451,28.642423197749856,27.580722480619812
pig_13,A1,5,A1_p5,2026-06-28 06:30:00,2,3,29.5169586320901,29.93150393328608,29.82835509834863,29.236756158109156
pig_13,A1,5,A1_p5,2026-06-28 07:00:00,2,3,28.48109320972094,26.681100555737927,26.61315933702583,26.256062458655876
pig_13,A1,5,A1_p5,2026-06-28 07:30:00,2,3,29.237669236913142,33.27995151285035,33.32296617582644,30.88261910730946
pig_13,A1,5,A1_p5,2026-06-28 08:00:00,2,3,29.911954166387453,32.05510756510813,31.96786125302198,27.451361216341517
pig_13,A1,5,A1_p5,2026-06-28 09:30:00,3,3,36.881498692875596,35.2257423318521,35.224941651717366,35.06584767626607
pig_13,A1,5,A1_p5,2026-06-28 10:00:00,3,3,38.03990352150216,34.6832550151575,34.67922862965439,34.82756242222583
pig_13,A1,5,A1_p5,2026-06-28 10:30:00,3,3,35.32213818610751,33.09011727025088,33.22721571330691,33.29849631454385
pig_13,A1,5,A1_p5,2026-06-28 11:00:00,3,3,37.46988917579021,32.507161058604424,32.54094210482212,31.746575785572738
pig_13,A1,5,A1_p5,2026-06-28 11:30:00,3,3,34.94759108480194,33.59379399790741,33.50833699727157,33.67372857461023
pig_13,A1,5,A1_p5,2026-06-28 12:00:00,3,3,33.27538658051116,31.6944660391425,31.746145327690456,32.08361192400393
pig_13,A1,5,A1_p5,2026-06-28 12:30:00,3,3,32.387310530344664,33.36594937462817,33.40513919591887,33.18118319942229
pig_13,A1,5,A1_p5,2026-06-28 13:00:00,3,3,33.90427698374976,32.31635630570688,32.44705514228719,31.540650454011054
pig_13,A1,5,A1_p5,2026-06-28 13:30:00,3,3,36.41388986554419,34.53917833582585,34.767702202143084,34.46431257771316
pig_13,A1,5,A1_p5,2026-06-28 14:00:00,3,3,32.57555390763254,34.49599612662318,34.409253438109445,32.865649443734824
pig_13,A1,5,A1_p5,2026-06-28 14:30:00,3,3,45.37442431884507,48.659231695316954,48.5029007389435,49.23146736180787
pig_13,A1,5,A1_p5,2026-06-28 15:30:00,3,3,42.03060852319514,36.017586815402645,35.83326677015779,36.883343093517766
pig_13,A1,5,A1_p5,2026-06-28 16:00:00,3,3,35.42208710981323,36.64251865460912,36.56362755939765,37.14794461065882
pig_13,A1,5,A1_p5,2026-06-28 16:30:00,3,3,36.14406636926424,33.46665055476617,33.49327793590313,32.836713563093774
pig_13,A1,5,A1_p5,2026-06-28 17:00:00,3,3,31.04060805331234,31.54758018390714,31.514262147339473,32.41750759686458
pig_13,A1,5,A1_p5,2026-06-28 17:30:00,3,3,32.02887618207939,30.314737149867426,30.32225210775884,30.89302743457255
pig_13,A1,5,A1_p5,2026-06-28 18:00:00,3,3,34.61082717867576,30.37852876939079,30.25829233614285,29.632764832673054
pig_13,A1,5,A1_p5,2026-06-28 18:30:00,3,3,35.266481035451584,30.531670177304466,30.385915562721937,31.085675227792443
pig_13,A1,5,A1_p5,2026-06-28 19:00:00,3,3,32.12080992345625,29.437203610518097,29.223133028053862,28.47629441722431
pig_13,A1,5,A1_p5,2026-06-28 19:30:00,3,3,32.37767568336437,29.75565210723573,29.539085067866594,28.994924944321728
pig_13,A1,5,A1_p5,2026-06-28 20:00:00,3,3,33.990170503068725,29.380859791818764,29.187344402003276,28.863592447114257
pig_13,A1,5,A1_p5,2026-06-28 20:30:00,3,3,30.694820805209645,29.083923523297948,28.872784974326027,28.498635780437198
pig_13,A1,5,A1_p5,2026-06-28 21:00:00,3,3,30.36474149667508,30.168588552214345,29.93041963768593,29.762362411602744
pig_13,A1,5,A1_p5,2026-06-28 21:30:00,3,3,30.70294463660244,29.202405098731226,28.798199451902903,28.109571834273112
pig_13,A1,5,A1_p5,2026-06-28 22:00:00,3,3,30.199104123958925,28.86161802296997,28.61397949827849,27.857348474689832
pig_13,A1,5,A1_p5,2026-06-28 22:30:00,3,3,30.898098641993293,29.077648766233203,29.10158660875456,28.68214871216606
pig_13,A1,5,A1_p5,2026-06-28 23:00:00,3,3,30.78503712191833,28.889948350507254,28.764619863265537,27.86689618046845
pig_13,A1,5,A1_p5,2026-06-28 23:30:00,3,3,30.27643113216735,29.14098531637209,29.07346083087269,28.331293073158406
pig_13,A1,5,A1_p5,2026-06-29 00:00:00,3,3,29.806499343024548,27.141171656900674,27.03025222698438,26.55062781891446
pig_13,A1,5,A1_p5,2026-06-29 00:30:00,3,3,29.218728357344283,27.73191325642174,27.59672814013379,27.698555181540858
pig_13,A1,5,A1_p5,2026-06-29 01:00:00,3,3,29.87837864523273,27.53249252859604,27.26219134454063,26.64470095937117
pig_13,A1,5,A1_p5,2026-06-29 01:30:00,3,3,29.92267242061717,27.811843192050716,27.644866205200657,25.94127980146557
pig_13,A1,5,A1_p5,2026-06-29 02:00:00,3,3,30.089060556890132,27.08535616531308,26.80290599672442,26.951396419555955
pig_13,A1,5,A1_p5,2026-06-29 02:30:00,3,3,29.465467778088687,27.117955293338518,27.021378034629734,26.830680916071938
pig_13,A1,5,A1_p5,2026-06-29 03:00:00,3,3,29.981715925613393,26.83375572312287,26.58751983073774,26.77730621186619
pig_13,A1,5,A1_p5,2026-06-29 03:30:00,3,3,31.26115345559704,26.499638137706306,26.356451387722757,26.08445580067605
pig_13,A1,5,A1_p5,2026-06-29 04:00:00,3,3,28.095880875255165,25.35427203919832,25.230853551938644,25.087168143002295
pig_13,A1,5,A1_p5,2026-06-29 04:30:00,3,3,28.15829504660451,25.294984097359574,25.31944885773602,25.398433337847656
pig_13,A1,5,A1_p5,2026-06-29 05:00:00,3,3,27.209791590893296,24.732926386256608,24.587476343968866,25.49636199704849
pig_13,A1,5,A1_p5,2026-06-29 05:30:00,3,3,29.18742727075502,24.501565851021798,24.499203845493373,25.334250744673774
pig_13,A1,5,A1_p5,2026-06-29 06:00:00,3,3,28.52688938859737,28.447858366898984,28.5367017993352,28.183748667615
pig_13,A1,5,A1_p5,2026-06-29 06:30:00,3,3,28.5676623024981,24.489528747030022,24.40895940067916,23.341515182796996
pig_13,A1,5,A1_p5,2026-06-29 07:00:00,3,3,26.24915871057855,27.03194972019987,26.769626038578018,26.593051986749913
pig_13,A1,5,A1_p5,2026-06-29 07:30:00,3,3,30.839446824768935,33.97827443676481,34.071940214574155,32.61911712752325
pig_13,A1,5,A1_p5,2026-06-29 08:00:00,3,3,44.16287555414371,40.184391467642456,40.43263043105544,39.179612828510244
pig_13,A1,5,A1_p5,2026-06-29 09:30:00,4,3,21.19940012925714,20.749680347159362,20.82578702615993,23.187684394084933
pig_13,A1,5,A1_p5,2026-06-29 10:00:00,4,3,22.443660588544457,22.922834024578975,22.906337642911232,24.364997378085814
pig_13,A1,5,A1_p5,2026-06-29 10:30:00,4,3,21.555600336372944,22.75834725545157,22.902615976488953,23.330735509434717
pig_13,A1,5,A1_p5,2026-06-29 11:00:00,4,3,21.951928165180686,27.445503982999178,27.456666848807025,26.81999620480182
pig_13,A1,5,A1_p5,2026-06-29 11:30:00,4,3,24.174015544028624,28.263861195244914,28.252193544726588,27.027900728849545
pig_13,A1,5,A1_p5,2026-06-29 12:00:00,4,3,19.068141375393967,22.75590429875727,22.769692514237594,23.15174470051099
pig_13,A1,5,A1_p5,2026-06-29 12:30:00,4,3,22.547235059791777,29.954369419030336,29.72949575423605,29.076728198439564
pig_13,A1,5,A1_p5,2026-06-29 13:00:00,4,3,20.831788449592732,26.83522825383221,26.91003581119258,25.5376395949763
pig_13,A1,5,A1_p5,2026-06-29 13:30:00,4,3,29.081706989816617,33.56686320929022,33.56419727245446,33.984338279217695
pig_13,A1,5,A1_p5,2026-06-29 14:00:00,4,3,25.702541049969575,30.654576160863968,30.464274425445723,31.8480300416683
pig_13,A1,5,A1_p5,2026-06-29 14:30:00,4,3,29.43521656303137,28.41140757188594,28.256740395831116,30.270277675823003
pig_13,A1,5,A1_p5,2026-06-29 15:00:00,4,3,28.151479120042765,31.24636972985829,31.173577284437847,32.24453575631215
pig_13,A1,5,A1_p5,2026-06-29 15:30:00,4,3,26.19934856867741,28.18655192505219,28.130447951341985,30.36831738146141
pig_13,A1,5,A1_p5,2026-06-29 16:00:00,4,3,27.32794516914889,30.516408880217302,30.652413614100055,31.6942531230801
pig_13,A1,5,A1_p5,2026-06-29 16:30:00,4,3,25.256214150328283,27.173431011942334,27.253487445771363,26.788567623813755
pig_13,A1,5,A1_p5,2026-06-29 17:00:00,4,3,20.856684984592594,22.379181325055843,22.31913553152819,23.082285476739358
pig_13,A1,5,A1_p5,2026-06-29 17:30:00,4,3,26.1417559557187,27.507190127527014,27.53371316930406,28.55719600180189
pig_13,A1,5,A1_p5,2026-06-29 18:00:00,4,3,20.584532647890985,21.02939597415897,21.06111054152938,20.659101998245756
pig_13,A1,5,A1_p5,2026-06-29 18:30:00,4,3,20.792160780706773,21.16838028552336,21.076428703066192,20.31947818959067
pig_13,A1,5,A1_p5,2026-06-29 19:00:00,4,3,20.24010065133657,17.818743552787296,17.951065658764755,18.96464094174271
pig_13,A1,5,A1_p5,2026-06-29 19:30:00,4,3,18.766169162971703,18.980434447849568,18.92717485758974,18.348866803375714
pig_13,A1,5,A1_p5,2026-06-29 20:00:00,4,3,19.576425334922096,19.479123053672975,19.547844470695566,18.66232767786827
pig_13,A1,5,A1_p5,2026-06-29 20:30:00,4,3,23.023922623286033,23.485094531259953,23.50483191617218,22.278513077820683
pig_13,A1,5,A1_p5,2026-06-29 21:00:00,4,3,25.83620969136526,26.37114902699968,26.46809783011099,23.833251718070564
pig_13,A1,5,A1_p5,2026-06-29 21:30:00,4,3,20.15869222373602,19.11383255934235,19.294987837543275,19.270484987028674
pig_13,A1,5,A1_p5,2026-06-29 22:00:00,4,3,19.32638554555051,17.938995561620317,17.90679027574827,18.646937498681325
pig_13,A1,5,A1_p5,2026-06-29 22:30:00,4,3,20.35740667396731,18.1247079370816,18.077039547000417,18.868380223498107
pig_13,A1,5,A1_p5,2026-06-29 23:00:00,4,3,20.104178059498775,19.557713694136574,19.574058992156942,19.065919419251642
pig_13,A1,5,A1_p5,2026-06-29 23:30:00,4,3,20.372693622627242,20.212266256125766,20.13671557546182,19.25084604150183
pig_13,A1,5,A1_p5,2026-06-30 00:00:00,4,3,20.321349145429004,20.052878792427602,20.103350701120696,18.667131157505587
pig_13,A1,5,A1_p5,2026-06-30 00:30:00,4,3,20.463751804387414,18.71370170436425,18.72368478584847,18.87031943356708
pig_13,A1,5,A1_p5,2026-06-30 01:00:00,4,3,19.32738545711318,19.304725413486867,19.22251073801077,19.205198678207655
pig_13,A1,5,A1_p5,2026-06-30 01:30:00,4,3,19.85893395971955,19.48664596125356,19.492078560766558,19.476691866600817
pig_13,A1,5,A1_p5,2026-06-30 02:00:00,4,3,18.667145895870746,18.609225064459636,18.476354351281586,19.55627682820336
pig_13,A1,5,A1_p5,2026-06-30 02:30:00,4,3,19.947952112061593,18.996991573294764,18.932762428381036,19.131856561990414
pig_13,A1,5,A1_p5,2026-06-30 03:00:00,4,3,18.6907943792062,19.159575800035903,19.19858892914609,19.158920574878856
pig_13,A1,5,A1_p5,2026-06-30 03:30:00,4,3,18.4253059850035,19.28592117250183,19.262361770872964,19.151004487268683
pig_13,A1,5,A1_p5,2026-06-30 04:00:00,4,3,19.983495124570105,19.75765222885974,19.660518902525833,19.474895742954047
pig_13,A1,5,A1_p5,2026-06-30 04:30:00,4,3,19.30835470665661,19.506334064467374,19.433497498573665,19.61471979414257
pig_13,A1,5,A1_p5,2026-06-30 05:00:00,4,3,19.467585360665716,22.091925661691775,22.201108934333448,20.027888264714544
pig_13,A1,5,A1_p5,2026-06-30 05:30:00,4,3,21.09474991851456,19.918836832238433,19.977136663948862,20.38319987647784
pig_13,A1,5,A1_p5,2026-06-30 06:00:00,4,3,20.82976625851247,18.72624149709097,18.76100619335769,18.84189402538832
pig_13,A1,5,A1_p5,2026-06-30 06:30:00,4,3,20.002456588648453,22.225798643536276,22.114244842595383,20.07352467501903
pig_13,A1,5,A1_p5,2026-06-30 07:00:00,4,3,19.063727883657574,21.74349896014423,21.51889985105751,19.211311464389798
pig_13,A1,5,A1_p5,2026-06-30 07:30:00,4,3,19.792573251648584,24.46363546882748,24.544885062908754,21.473634313537275
pig_14,B1,1,B1_p1,2026-06-07 10:00:00,2,1,31.298318167337555,46.55537214979333,46.04946727380295,45.95802996686412
pig_14,B1,1,B1_p1,2026-06-07 10:30:00,2,1,26.727921315783377,46.44116382850462,46.212613071300865,45.16254673837352
pig_14,B1,1,B1_p1,2026-06-07 11:00:00,2,1,28.85272231387423,44.851610428515144,44.86670169571031,44.469259023339326
pig_14,B1,1,B1_p1,2026-06-07 11:30:00,2,1,28.412637795600503,47.03118134212057,47.09235882558263,44.218803558309354
pig_14,B1,1,B1_p1,2026-06-07 12:00:00,2,1,29.158693920426362,45.825205695896116,46.370860256823214,44.17326726026078
pig_14,B1,1,B1_p1,2026-06-07 12:30:00,2,1,27.11998823371978,44.53859795854089,44.643102803885235,43.46974286444645
pig_14,B1,1,B1_p1,2026-06-07 13:00:00,2,1,28.108277059352382,46.24416641862788,45.91895337977863,43.56466198905156
pig_14,B1,1,B1_p1,2026-06-07 13:30:00,2,1,34.905397618905646,51.2232600944205,49.706636940371205,48.71517876309311
pig_14,B1,1,B1_p1,2026-06-07 14:00:00,2,1,27.03203248269721,46.462823501373975,46.64781542452649,44.8396287906869
pig_14,B1,1,B1_p1,2026-06-07 16:00:00,2,1,25.55822595169168,46.17549241212429,46.50227309609959,47.90532315068319
pig_14,B1,1,B1_p1,2026-06-07 16:30:00,2,1,27.439550324929932,44.75930012279415,45.187338062052,47.67080841012695
pig_14,B1,1,B1_p1,2026-06-07 17:00:00,2,1,28.615436469497865,48.051929011039036,47.81985609395314,47.556402790718515
pig_14,B1,1,B1_p1,2026-06-07 17:30:00,2,1,25.61084965703361,44.809938818004696,44.846353573100316,44.329677200318535
pig_14,B1,1,B1_p1,2026-06-07 18:00:00,2,1,24.8397101941433,44.46688002951238,44.40892207630387,43.90189363726534
pig_14,B1,1,B1_p1,2026-06-07 18:30:00,2,1,30.132785438577898,48.699970192413055,48.462081963652125,46.922580285402404
pig_14,B1,1,B1_p1,2026-06-07 19:00:00,2,1,25.858891989092662,45.16902917608734,45.24343106581998,44.42250575096521
pig_14,B1,1,B1_p1,2026-06-07 19:30:00,2,1,28.542305194957667,47.453273479014996,47.16487387964694,46.25208883051732
pig_14,B1,1,B1_p1,2026-06-07 20:00:00,2,1,26.04148145962138,45.832996551344635,46.12380016671859,44.35225294126289
pig_14,B1,1,B1_p1,2026-06-07 20:30:00,2,1,25.851075613584207,45.16493170847107,44.90489964905732,43.505346750816564
pig_14,B1,1,B1_p1,2026-06-07 21:00:00,2,1,24.818307352065876,45.57628694896203,45.89522347010796,42.186967087964334
pig_14,B1,1,B1_p1,2026-06-07 21:30:00,2,1,25.519160926481717,45.551002258989044,45.851170247214675,42.92606995387955
pig_14,B1,1,B1_p1,2026-06-07 22:00:00,2,1,25.253198075128502,46.224215729487476,46.50859531297336,43.5024354455489
pig_14,B1,1,B1_p1,2026-06-07 22:30:00,2,1,26.56058039372079,46.004591488156436,45.111348328989486,44.67108701567514
pig_14,B1,1,B1_p1,2026-06-07 23:00:00,2,1,24.937895081198853,43.51282681730572,43.78532124718735,41.08840827251032
pig_14,B1,1,B1_p1,2026-06-07 23:30:00,2,1,24.343188292626326,43.397217266659965,43.312062025736694,42.39416865146563
pig_14,B1,1,B1_p1,2026-06-08 00:00:00,2,1,25.000554870737417,42.729199328776204,42.98746251781476,41.51901520082558
pig_14,B1,1,B1_p1,2026-06-08 00:30:00,2,1,24.318995654442368,43.21016500055869,43.36565858905486,43.74716584375757
pig_14,B1,1,B1_p1,2026-06-08 01:00:00,2,1,24.07116589643475,42.174888638601246,42.42013503276962,41.77129755484241
pig_14,B1,1,B1_p1,2026-06-08 01:30:00,2,1,23.552262963646992,40.6682247460256,40.51629886150204,40.24294374830113
pig_14,B1,1,B1_p1,2026-06-08 02:00:00,2,1,22.314392539441812,41.31189149537305,41.94004149157925,40.06205069395867
pig_14,B1,1,B1_p1,2026-06-08 02:30:00,2,1,23.035300989391487,38.6410194499289,38.62030449757595,39.72154576498774
pig_14,B1,1,B1_p1,2026-06-08 03:00:00,2,1,23.275508493146404,37.19902428012886,36.72425836987289,38.81051626914822
pig_14,B1,1,B1_p1,2026-06-08 07:00:00,2,1,19.62837646897816,34.55504256603555,35.194084828373036,36.52075081340418
pig_14,B1,1,B1_p1,2026-06-08 07:30:00,2,1,22.350763899203617,37.13015446926674,37.71380909457674,38.93413844779929
pig_14,B1,1,B1_p1,2026-06-08 10:30:00,3,1,27.055339433858364,46.400975994929915,47.158590995886755,46.39216941686614
pig_14,B1,1,B1_p1,2026-06-08 11:00:00,3,1,26.976396003530834,45.680907970018865,46.045569976803066,45.31012863852082
pig_14,B1,1,B1_p1,2026-06-08 11:30:00,3,1,27.206996870176674,47.16605744339573,47.74712001727782,45.73660329569444
pig_14,B1,1,B1_p1,2026-06-08 12:00:00,3,1,25.495843803294477,42.054723489703186,41.871656590166324,41.554636256348175
pig_14,B1,1,B1_p1,2026-06-08 12:30:00,3,1,27.019655510825196,46.83521054340498,46.570840064839274,44.02033233122849
pig_14,B1,1,B1_p1,2026-06-08 13:00:00,3,1,28.267935898083202,47.833745456646604,48.22083406232014,45.50871662262162
pig_14,B1,1,B1_p1,2026-06-08 13:30:00,3,1,26.474024444166766,44.80184578718408,44.92519517417183,43.03739671077443
pig_14,B1,1,B1_p1,2026-06-08 14:00:00,3,1,34.694946947864324,50.864256473349336,51.14211604968404,50.5424376511784
pig_14,B1,1,B1_p1,2026-06-08 15:00:00,3,1,29.00705817572393,46.876384038050865,47.27362533515235,50.23835351771719
pig_14,B1,1,B1_p1,2026-06-08 15:30:00,3,1,28.796005258608346,47.27744036838418,47.19624204044684,50.34591494265423
pig_14,B1,1,B1_p1,2026-06-08 16:00:00,3,1,32.84995745737049,54.49281805166087,54.50685120349621,52.629445715154304
pig_14,B1,1,B1_p1,2026-06-08 16:30:00,3,1,29.08355352220289,47.07882403775978,46.28521870620574,45.715790884365575
pig_14,B1,1,B1_p1,2026-06-08 17:00:00,3,1,32.12563458463855,50.05004614267632,49.826171808507524,49.02942106557932
pig_14,B1,1,B1_p1,2026-06-08 17:30:00,3,1,26.242868440123942,44.75380977230442,44.1236249912114,44.347594493436006
pig_14,B1,1,B1_p1,2026-06-08 18:00:00,3,1,28.90515967228496,46.28874675511641,45.8026994099682,46.55666832823637
pig_14,B1,1,B1_p1,2026-06-08 18:30:00,3,1,29.15265374347426,47.18028943142814,47.21952827767678,45.12357831638794
pig_14,B1,1,B1_p1,2026-06-08 19:00:00,3,1,29.68594680307651,47.74635623508846,47.02762562062751,45.19527377279171
pig_14,B1,1,B1_p1,2026-06-08 19:30:00,3,1,29.7587147209386,47.037397709961425,47.29154256616025,43.70445631948626
pig_14,B1,1,B1_p1,2026-06-08 20:30:00,3,1,38.178632757717494,52.03243172845608,52.26831279357493,54.02951969996971
pig_14,B1,1,B1_p1,2026-06-08 21:00:00,3,1,26.7045283227363,43.057124563304285,42.282912447265204,42.685081325444926
pig_14,B1,1,B1_p1,2026-06-08 21:30:00,3,1,27.893605015042063,46.63041949146864,46.119420745441985,45.43015649447162
pig_14,B1,1,B1_p1,2026-06-09 10:00:00,4,1,42.941958666666665,31.197906829165035,31.027077560865337,31.66689114496535
pig_14,B1,1,B1_p1,2026-06-09 10:30:00,4,1,40.930728,33.52429497871971,33.46689727456194,33.357950778690466
pig_14,B1,1,B1_p1,2026-06-09 11:00:00,4,1,42.4134855,31.155459651589744,30.817717035416457,30.13926688245349
pig_14,B1,1,B1_p1,2026-06-09 11:30:00,4,1,42.203071333333334,30.29389817221481,30.171006951686984,29.602295154824922
pig_14,B1,1,B1_p1,2026-06-09 12:00:00,4,1,37.56973333333333,35.9652727935206,36.12241211514529,39.37663488375858
pig_14,B1,1,B1_p1,2026-06-09 12:30:00,4,1,38.280496,37.31801267271307,37.79445891267713,37.63574894788058
pig_14,B1,1,B1_p1,2026-06-09 13:00:00,4,1,37.7289165,33.82997715793984,34.60709160588042,32.88210851357314
pig_14,B1,1,B1_p1,2026-06-09 13:30:00,4,1,31.360722666666668,44.31685538805305,43.948066887740985,46.245120361409064
pig_14,B1,1,B1_p1,2026-06-09 14:00:00,4,1,34.99746866666667,38.85530804931976,38.32971265259499,41.07492555196246
pig_14,B1,1,B1_p1,2026-06-09 14:30:00,4,1,35.62647533333333,36.13310293703418,35.49931564589461,32.06519057344668
pig_14,B1,1,B1_p1,2026-06-09 15:00:00,4,1,39.606852,34.95783236501728,34.76565910316654,31.66167651457023
pig_14,B1,1,B1_p1,2026-06-09 15:30:00,4,1,43.58909657142857,33.0769014947171,32.80840087228303,31.12706249018367
pig_14,B1,1,B1_p1,2026-06-09 16:00:00,4,1,49.318348,32.04811601662922,31.711600425878096,29.977865844969198
pig_14,B1,1,B1_p1,2026-06-09 16:30:00,4,1,36.449728,28.51661615815658,28.467248808516256,27.122582968589263
pig_14,B1,1,B1_p1,2026-06-09 17:00:00,4,1,33.886709333333336,35.868060909251035,36.3319671240459,38.10873675617667
pig_14,B1,1,B1_p1,2026-06-09 17:30:00,4,1,29.66281133333333,25.93039386077593,26.030855218049403,26.277824791364424
pig_14,B1,1,B1_p1,2026-06-09 18:00:00,4,1,36.2330025,26.408794482949915,26.19271038878336,26.954966507244407
pig_14,B1,1,B1_p1,2026-06-09 18:30:00,4,1,32.01101933333333,36.47579890113541,36.70153821510919,44.52982495171209
pig_14,B1,1,B1_p1,2026-06-09 19:00:00,4,1,30.89152933333333,36.02350823196951,36.00280059662934,42.74159739990273
pig_14,B1,1,B1_p1,2026-06-09 19:30:00,4,1,37.169764666666666,32.10241484317193,31.95046431970428,33.648307868915296
pig_14,B1,1,B1_p1,2026-06-09 20:00:00,4,1,33.0588015,31.86814476940552,31.659609775033434,30.48874871403809
pig_14,B1,1,B1_p1,2026-06-09 20:30:00,4,1,30.254217333333337,27.074968160692038,27.52103585899551,27.4294564107831
pig_14,B1,1,B1_p1,2026-06-09 21:00:00,4,1,24.871449333333334,25.64088045795944,25.64416706116705,26.845402902833108
pig_14,B1,1,B1_p1,2026-06-09 21:30:00,4,1,28.34713733333333,31.903963496288704,31.965496829922454,32.359955607803286
pig_14,B1,1,B1_p1,2026-06-09 22:00:00,4,1,32.76816666666667,27.05930163304737,27.160053612521864,27.251468417705368
pig_14,B1,1,B1_p1,2026-06-09 22:30:00,4,1,28.2493845,26.399862401414396,26.93363254467224,28.114616220315828
pig_14,B1,1,B1_p1,2026-06-09 23:00:00,4,1,27.369950666666668,30.709617893701193,30.723111661694922,29.298676188645757
pig_14,B1,1,B1_p1,2026-06-09 23:30:00,4,1,32.493405333333335,27.479461711578168,27.3326650718846,26.651746289220178
pig_14,B1,1,B1_p1,2026-06-10 00:00:00,4,1,27.854390666666667,26.191256632167097,26.47659247174706,25.15568527803689
pig_14,B1,1,B1_p1,2026-06-10 00:30:00,4,1,27.29817375,26.32476983133615,26.06942028402016,26.092608713823463
pig_14,B1,1,B1_p1,2026-06-10 01:00:00,4,1,27.143262,25.865604469975572,25.74260698083761,25.786323016381957
pig_14,B1,1,B1_p1,2026-06-10 01:30:00,4,1,29.229236,25.410866643238897,25.854454432109755,25.01794101980178
pig_14,B1,1,B1_p1,2026-06-10 02:00:00,4,1,26.605168,25.286520096824685,25.70043543949361,25.966739477967785
pig_14,B1,1,B1_p1,2026-06-10 02:30:00,4,1,27.017856666666667,24.455454803793558,24.93934727435216,25.201863334159594
pig_14,B1,1,B1_p1,2026-06-10 03:00:00,4,1,25.495357500000004,24.75976396069258,25.23610971181436,25.571420621554715
pig_14,B1,1,B1_p1,2026-06-10 03:30:00,4,1,26.65403333333333,24.158057385879378,24.362770939579445,24.591397549416733
pig_14,B1,1,B1_p1,2026-06-10 04:00:00,4,1,30.10496,25.43520438039868,25.51090755018607,25.963462679380804
pig_14,B1,1,B1_p1,2026-06-10 04:30:00,4,1,28.152691333333333,23.547698789447594,23.893956026207228,23.352396932990104
pig_14,B1,1,B1_p1,2026-06-10 05:00:00,4,1,27.5079375,23.831078280735394,23.646278458408034,24.229783504817036
pig_14,B1,1,B1_p1,2026-06-10 05:30:00,4,1,27.50320466666667,24.135403899144293,24.006287261802523,25.185667038982544
pig_14,B1,1,B1_p1,2026-06-10 06:00:00,4,1,26.423441333333333,29.9808356461566,29.542540383412884,30.324178988601403
pig_14,B1,1,B1_p1,2026-06-10 06:30:00,4,1,24.610029333333337,27.501091838845092,27.979293950297112,28.188366155289806
pig_14,B1,1,B1_p1,2026-06-10 07:00:00,4,1,23.891790666666665,29.276313740587014,29.212401803139194,27.931695878984783
pig_14,B1,1,B1_p1,2026-06-10 07:30:00,4,1,31.333197000000002,25.267328220582264,25.274324092023054,25.114088712667133
pig_14,B1,1,B1_p1,2026-06-10 08:00:00,4,1,33.66753733333333,31.483593164615044,31.123001252225915,31.641920224977355
pig_14,A1,3,A1_p3,2026-06-17 09:30:00,2,1,35.55506909600872,34.007371761397536,33.963214371342,36.64290695308715
pig_14,A1,3,A1_p3,2026-06-17 10:00:00,2,1,35.420360537972755,36.41129660161464,36.515581405463664,38.864765623990905
pig_14,A1,3,A1_p3,2026-06-17 10:30:00,2,1,39.40926853842289,39.35663968575057,39.85310486657019,40.27326172308002
pig_14,A1,3,A1_p3,2026-06-17 11:00:00,2,1,33.31910851889865,32.798292473790795,32.738350518496304,34.34493810307653
pig_14,A1,3,A1_p3,2026-06-17 11:30:00,2,1,32.375529296237474,33.28089047352782,33.1177879337249,34.429133538788825
pig_14,A1,3,A1_p3,2026-06-17 12:00:00,2,1,34.59989933408356,33.37399471805516,33.178541333220906,35.27759540009363
pig_14,A1,3,A1_p3,2026-06-17 12:30:00,2,1,31.919654289453057,33.85273468304256,33.645422654635006,35.192044821217515
pig_14,A1,3,A1_p3,2026-06-17 13:00:00,2,1,36.53996241372385,33.54963081430207,33.76409483577576,33.9640040558322
pig_14,A1,3,A1_p3,2026-06-17 13:30:00,2,1,34.445005629020606,34.19375593266393,34.03856567047984,32.97208910180514
pig_14,A1,3,A1_p3,2026-06-17 14:00:00,2,1,38.95734832329386,37.12335589793295,37.29511321320098,35.993816950330555
pig_14,A1,3,A1_p3,2026-06-17 14:30:00,2,1,28.168114348311207,38.75487394068561,39.21183610662049,36.15993315795228
pig_14,A1,3,A1_p3,2026-06-17 15:30:00,2,1,53.200846516279476,48.63369340981761,48.84664377397268,43.856652466075964
pig_14,A1,3,A1_p3,2026-06-17 16:00:00,2,1,39.72230218780113,39.794192342653375,39.75928783702558,42.22983690679402
pig_14,A1,3,A1_p3,2026-06-17 16:30:00,2,1,35.25838799143431,36.48365195570276,36.32707346964824,38.409540854145256
pig_14,A1,3,A1_p3,2026-06-17 17:00:00,2,1,40.525418781379585,35.90922523662246,35.91157794136612,37.85782416093918
pig_14,A1,3,A1_p3,2026-06-17 17:30:00,2,1,38.45905294654366,35.45041800365266,35.56691985061584,37.25505989170681
pig_14,A1,3,A1_p3,2026-06-17 18:00:00,2,1,31.23693054805571,32.647889440789434,32.70459636403717,34.849637874323726
pig_14,A1,3,A1_p3,2026-06-17 18:30:00,2,1,32.1444174829858,32.5653552216768,32.57708195737548,33.983916403579215
pig_14,A1,3,A1_p3,2026-06-17 19:00:00,2,1,32.410987513700356,33.1893463959517,33.44665352073681,34.64736122535997
pig_14,A1,3,A1_p3,2026-06-17 19:30:00,2,1,34.344131114221675,31.854598326827226,31.808225699446346,33.795494876234855
pig_14,A1,3,A1_p3,2026-06-17 20:00:00,2,1,31.81291737411035,33.17101826760367,33.41995704166289,33.65492623018334
pig_14,A1,3,A1_p3,2026-06-17 20:30:00,2,1,33.643158916788266,33.40367113960938,33.74390271071515,34.5109442778399
pig_14,A1,3,A1_p3,2026-06-17 21:00:00,2,1,33.49619470011764,32.85751676994123,33.15956723464695,32.9925564377071
pig_14,A1,3,A1_p3,2026-06-17 21:30:00,2,1,30.212504408738354,33.593342605743935,33.790089854457506,33.47926514098859
pig_14,A1,3,A1_p3,2026-06-17 22:00:00,2,1,32.461170454740234,33.320035663040926,33.629716653812174,34.529988436342734
pig_14,A1,3,A1_p3,2026-06-17 22:30:00,2,1,34.32700590813974,35.38609824465225,35.689008609741414,35.73947750615955
pig_14,A1,3,A1_p3,2026-06-17 23:00:00,2,1,32.71203080568421,32.13302196912358,32.10626458602816,32.008605121426285
pig_14,A1,3,A1_p3,2026-06-17 23:30:00,2,1,30.182408314808818,30.680126598551173,30.96412513963162,31.982387516594294
pig_14,A1,3,A1_p3,2026-06-18 00:00:00,2,1,29.751571615565734,30.724339261120782,30.646342752917494,32.47433817657432
pig_14,A1,3,A1_p3,2026-06-18 00:30:00,2,1,30.723131916349768,30.953273523146866,31.33431890364979,32.36790165960626
pig_14,A1,3,A1_p3,2026-06-18 01:00:00,2,1,30.9035598039658,30.131353885073565,30.395397908204828,31.11803313713302
pig_14,A1,3,A1_p3,2026-06-18 01:30:00,2,1,30.212908931097548,29.447106229917495,29.86520695997472,30.582488503162164
pig_14,A1,3,A1_p3,2026-06-18 02:00:00,2,1,31.087797029888453,29.584449099257164,29.522546611975628,30.211100285142216
pig_14,A1,3,A1_p3,2026-06-18 02:30:00,2,1,30.615634094525397,30.389889748789606,30.15852986879391,30.583404954788154
pig_14,A1,3,A1_p3,2026-06-18 03:00:00,2,1,31.199778792288658,29.031090394363076,29.181043721361743,30.398189014053415
pig_14,A1,3,A1_p3,2026-06-18 03:30:00,2,1,32.82964011977162,28.28381297775527,28.2616535531712,29.447084015635582
pig_14,A1,3,A1_p3,2026-06-18 04:00:00,2,1,32.049682652397635,29.004509753995855,29.203111652185385,29.131246575754822
pig_14,A1,3,A1_p3,2026-06-18 04:30:00,2,1,27.75054052402708,27.856065758678362,28.109811100823627,28.296875351918615
pig_14,A1,3,A1_p3,2026-06-18 05:00:00,2,1,29.145381191908967,29.253956056259828,29.265437618497543,28.478252671997012
pig_14,A1,3,A1_p3,2026-06-18 05:30:00,2,1,30.170930124119444,28.816614701619237,28.955493353423627,29.78849799222368
pig_14,A1,3,A1_p3,2026-06-18 06:00:00,2,1,29.82822848680523,28.796513249911087,28.8662144649461,27.884529209208814
pig_14,A1,3,A1_p3,2026-06-18 06:30:00,2,1,29.96034574833206,29.133959447935922,29.463754752603016,28.391397699147205
pig_14,A1,3,A1_p3,2026-06-18 07:00:00,2,1,29.812532875892334,29.787258573299404,29.954959302501898,28.626000041447377
pig_14,A1,3,A1_p3,2026-06-18 07:30:00,2,1,28.497393159151308,31.540074164728082,30.912829064186237,31.715349626805157
pig_14,A1,3,A1_p3,2026-06-18 08:00:00,2,1,29.585430098644885,32.844390928311036,33.64195944438568,34.27111444613654
pig_14,A1,3,A1_p3,2026-06-18 09:00:00,3,1,38.99008890582014,34.88110405113268,35.87890115699388,37.31286798392539
pig_14,A1,3,A1_p3,2026-06-18 09:30:00,3,1,35.76364633531673,34.871159310111665,35.019158799473864,37.34648176570352
pig_14,A1,3,A1_p3,2026-06-18 10:00:00,3,1,31.620839140653867,37.26014313918504,37.76068403579948,37.623765305838425
pig_14,A1,3,A1_p3,2026-06-18 10:30:00,3,1,34.740702378592815,37.64392181103504,37.6875182931509,38.678536000452205
pig_14,A1,3,A1_p3,2026-06-18 11:00:00,3,1,33.21602506637522,34.29667970137674,34.43121320024187,36.81733099345997
pig_14,A1,3,A1_p3,2026-06-18 11:30:00,3,1,33.969566881312915,35.125651258283995,35.10496441700331,35.7183148031033
pig_14,A1,3,A1_p3,2026-06-18 12:00:00,3,1,38.24799557210331,35.228931866972545,35.49207600980992,36.359172911410134
pig_14,A1,3,A1_p3,2026-06-18 12:30:00,3,1,35.2947259460257,34.02481331248691,34.34717177137668,36.08778649264558
pig_14,A1,3,A1_p3,2026-06-18 13:00:00,3,1,30.65790256166691,32.57684575476841,32.89529184696092,33.250973750159886
pig_14,A1,3,A1_p3,2026-06-18 13:30:00,3,1,33.57334922654511,37.37605913264942,37.89888163893515,36.29908987891305
pig_14,A1,3,A1_p3,2026-06-18 14:00:00,3,1,35.40994963463922,38.88201880592172,39.21530352521447,36.45843497573209
pig_14,A1,3,A1_p3,2026-06-18 15:30:00,3,1,55.92444105841706,43.177954632344814,43.210488683220575,44.706926408048815
pig_14,A1,3,A1_p3,2026-06-18 16:00:00,3,1,35.040856609649005,46.70427222562177,46.68643739710201,44.67588268178357
pig_14,A1,3,A1_p3,2026-06-18 16:30:00,3,1,36.81725182844995,35.89466329261498,36.652466736073066,37.71292578399638
pig_14,A1,3,A1_p3,2026-06-18 17:00:00,3,1,30.992826300520363,37.21815581302427,37.53095862354725,37.2062199613483
pig_14,A1,3,A1_p3,2026-06-18 17:30:00,3,1,36.693299638725044,33.66838019949613,33.948254177995125,33.320423584769536
pig_14,A1,3,A1_p3,2026-06-18 19:00:00,3,1,37.18900341397912,34.636291611412545,35.430190318567945,35.66412382273698
pig_14,A1,3,A1_p3,2026-06-18 19:30:00,3,1,33.659447534789685,33.054705775473,33.28206963670708,33.45207019448166
pig_14,A1,3,A1_p3,2026-06-18 20:00:00,3,1,30.760186319833537,33.032894146143235,33.54163339616616,34.11593329704041
pig_14,A1,3,A1_p3,2026-06-18 20:30:00,3,1,30.62007245967532,31.917150930707344,32.385341262734194,31.944050928677957
pig_14,A1,3,A1_p3,2026-06-18 21:00:00,3,1,31.043443770227945,32.87432744406583,33.71952369832927,32.92591345336364
pig_14,A1,3,A1_p3,2026-06-18 21:30:00,3,1,32.5733051983146,32.44624846718653,32.613541216998186,33.538680669252905
pig_14,A1,3,A1_p3,2026-06-18 22:00:00,3,1,36.038448736708986,31.53418957794645,31.705374700525176,32.95305128678821
pig_14,A1,3,A1_p3,2026-06-18 22:30:00,3,1,27.69805027807203,32.41540725491528,32.31002661214699,33.04963357574341
pig_14,A1,3,A1_p3,2026-06-18 23:00:00,3,1,32.51001898571898,32.43363324294001,33.074381814238635,32.73460230622588
pig_14,A1,3,A1_p3,2026-06-18 23:30:00,3,1,31.138422234296513,32.56392096895232,33.30761685521379,33.44194971355887
pig_14,A1,3,A1_p3,2026-06-19 00:00:00,3,1,28.302165875584567,30.73107951603521,31.255916930898355,32.43001910502615
pig_14,A1,3,A1_p3,2026-06-19 00:30:00,3,1,32.41560559468084,30.150747585215086,30.577964926672323,30.870076247433673
pig_14,A1,3,A1_p3,2026-06-19 01:00:00,3,1,28.735590681073155,30.251459791283885,30.61179189826167,30.201459688774918
pig_14,A1,3,A1_p3,2026-06-19 01:30:00,3,1,28.42138082538525,30.195835238929135,30.745857809390294,30.885149680323533
pig_14,A1,3,A1_p3,2026-06-19 02:00:00,3,1,30.309003953548874,31.40746222187449,31.624099967231558,32.11145926333732
pig_14,A1,3,A1_p3,2026-06-19 02:30:00,3,1,26.965666493616745,29.314735538576556,29.182175687843106,29.78566141517556
pig_14,A1,3,A1_p3,2026-06-19 03:00:00,3,1,28.564810311474126,30.292954016308883,30.7994939750403,31.06064341799611
pig_14,A1,3,A1_p3,2026-06-19 03:30:00,3,1,30.198215886821526,30.15584325586302,30.340096655985214,30.66985368958352
pig_14,A1,3,A1_p3,2026-06-19 04:00:00,3,1,30.250461612411492,28.615342162731302,28.659805400325816,29.415285749800795
pig_14,A1,3,A1_p3,2026-06-19 04:30:00,3,1,28.462220487455525,28.719372726400984,28.923193041409306,29.06266473197647
pig_14,A1,3,A1_p3,2026-06-19 05:00:00,3,1,28.916347329783054,29.030530094757175,29.006922328679426,29.21082765210447
pig_14,A1,3,A1_p3,2026-06-19 05:30:00,3,1,29.50159373805817,28.77802062026194,29.088031269778874,28.26735108121216
pig_14,A1,3,A1_p3,2026-06-19 06:00:00,3,1,27.72954396198441,29.27927254681554,29.61304259599693,28.602101998237345
pig_14,A1,3,A1_p3,2026-06-19 06:30:00,3,1,29.265575679369867,29.231032876589673,29.589670644351244,29.852596242700674
pig_14,A1,3,A1_p3,2026-06-19 07:00:00,3,1,29.636648471962307,29.49509142384796,29.509459032892323,27.670652993839052
pig_14,A1,3,A1_p3,2026-06-19 07:30:00,3,1,29.749282280356063,28.590880285617473,28.82998148912089,30.277919287922934
pig_14,A1,3,A1_p3,2026-06-19 08:00:00,3,1,35.58981984573919,38.757471341047605,38.07602131814754,38.23213764766025
pig_14,A1,3,A1_p3,2026-06-19 09:30:00,4,1,28.14835669053721,29.820393869329074,29.28785594762007,26.70186884518572
pig_14,A1,3,A1_p3,2026-06-19 10:00:00,4,1,33.47251090929272,30.309965781033,29.78381720493821,28.20888034075609
pig_14,A1,3,A1_p3,2026-06-19 10:30:00,4,1,23.291581998188043,27.279507099882363,27.033043914390902,27.017972054294614
pig_14,A1,3,A1_p3,2026-06-19 11:00:00,4,1,25.282919562033836,26.380783723191264,26.32730552332946,25.54393618403714
pig_14,A1,3,A1_p3,2026-06-19 11:30:00,4,1,23.802015347195496,26.85527695301919,26.505591014174655,25.266995633070145
pig_14,A1,3,A1_p3,2026-06-19 12:00:00,4,1,23.893319068042924,25.55298157322516,24.70473432838611,23.267625736461817
pig_14,A1,3,A1_p3,2026-06-19 12:30:00,4,1,25.7568950997331,27.480469961151982,26.934674403421912,26.90665955343293
pig_14,A1,3,A1_p3,2026-06-19 13:00:00,4,1,28.76214729444946,26.795018930875283,26.299369748173334,24.009980661955254
pig_14,A1,3,A1_p3,2026-06-19 13:30:00,4,1,25.226084209689546,27.93141886843319,27.921501826805574,24.864357577561098
pig_14,A1,3,A1_p3,2026-06-19 14:00:00,4,1,24.846825003033707,25.971094312071855,25.626224643896503,22.93908767936619
pig_14,A1,3,A1_p3,2026-06-19 14:30:00,4,1,24.383661794129907,30.14156049543346,30.02235311924923,30.199091801288183
pig_14,A1,3,A1_p3,2026-06-19 15:00:00,4,1,30.44851464847639,28.687380200918657,27.89284384387694,29.005305733062592
pig_14,A1,3,A1_p3,2026-06-19 15:30:00,4,1,31.404958657243142,27.802756368437187,27.756493929697566,28.379732110886906
pig_14,A1,3,A1_p3,2026-06-19 16:00:00,4,1,27.956609249395207,28.121724239484962,27.57922543439684,25.222108109749964
pig_14,A1,3,A1_p3,2026-06-19 16:30:00,4,1,27.305072474524515,28.8222231560078,28.107121780475516,23.408913875455177
pig_14,A1,3,A1_p3,2026-06-19 17:00:00,4,1,27.030880490706046,28.766601262589035,28.007833208394988,25.710505074073758
pig_14,A1,3,A1_p3,2026-06-19 17:30:00,4,1,24.030946856562274,23.78878092666988,23.99574364926903,22.536247853774288
pig_14,A1,3,A1_p3,2026-06-19 18:00:00,4,1,21.708406578754474,22.937774281905916,22.489515537932242,21.609586215753744
pig_14,A1,3,A1_p3,2026-06-19 18:30:00,4,1,26.492860261369444,23.67006675176613,23.255661029591717,22.895340795812977
pig_14,A1,3,A1_p3,2026-06-19 19:00:00,4,1,24.39324070808373,24.732213612313288,24.99102569291376,23.167453941910253
pig_14,A1,3,A1_p3,2026-06-19 19:30:00,4,1,20.76302378113683,21.244356128171233,21.1645883189328,21.71707589725493
pig_14,A1,3,A1_p3,2026-06-19 20:00:00,4,1,21.138935559653586,21.733071196403387,21.73435169472308,21.86043753066893
pig_14,A1,3,A1_p3,2026-06-19 20:30:00,4,1,20.345892536882296,22.24206949500207,22.122288815089817,20.77501918066454
pig_14,A1,3,A1_p3,2026-06-19 21:00:00,4,1,20.134217111873042,21.836606481962363,21.53831123676695,21.244628068654308
pig_14,A1,3,A1_p3,2026-06-19 21:30:00,4,1,23.44307751989523,21.107732150156846,20.720776338474117,20.921491935423482
pig_14,A1,3,A1_p3,2026-06-19 22:00:00,4,1,20.570640506866226,20.455423248895094,19.77431349442445,19.345513497330266
pig_14,A1,3,A1_p3,2026-06-19 22:30:00,4,1,19.942834857567178,19.68531448489908,19.383269599692724,20.686452047239342
pig_14,A1,3,A1_p3,2026-06-19 23:00:00,4,1,20.540152488543036,19.700961133832614,19.91987397129795,20.501032523577123
pig_14,A1,3,A1_p3,2026-06-19 23:30:00,4,1,21.467313632994294,19.753553821295476,19.298171857128725,19.489927876199346
pig_14,A1,3,A1_p3,2026-06-20 00:00:00,4,1,20.52786681969652,20.358775521736185,20.239569908321698,18.937318810471254
pig_14,A1,3,A1_p3,2026-06-20 00:30:00,4,1,19.873324531760495,19.5114348491418,19.560908583902776,19.123625825881263
pig_14,A1,3,A1_p3,2026-06-20 01:00:00,4,1,20.005266994031345,19.22355429637264,19.252029580861002,18.640090162820087
pig_14,A1,3,A1_p3,2026-06-20 01:30:00,4,1,18.498174209693886,18.729630198581642,18.616397373779737,17.882755874619924
pig_14,A1,3,A1_p3,2026-06-20 02:00:00,4,1,19.622792665241377,19.135270733497972,18.882133784773387,18.69967857252953
pig_14,A1,3,A1_p3,2026-06-20 02:30:00,4,1,20.309255685927944,20.16564588205329,19.91646778831552,18.259905359204677
pig_14,A1,3,A1_p3,2026-06-20 03:00:00,4,1,19.76619025086319,19.513291818755636,20.011176014363237,18.29654341225949
pig_14,A1,3,A1_p3,2026-06-20 03:30:00,4,1,19.55189573538841,19.34604002112443,19.287019794439523,17.941292803699998
pig_14,A1,3,A1_p3,2026-06-20 04:00:00,4,1,18.793465911997266,19.883032556954692,19.62858418624404,17.562128777504558
pig_14,A1,3,A1_p3,2026-06-20 04:30:00,4,1,21.977133901045235,20.94060863995545,20.729004648831292,19.148867778205393
pig_14,A1,3,A1_p3,2026-06-20 05:00:00,4,1,20.666071866928455,18.323548849524833,18.485732239186852,17.467063048913417
pig_14,A1,3,A1_p3,2026-06-20 05:30:00,4,1,18.667341050170755,18.486097016145774,18.314889178335747,17.70219036748739
pig_14,A1,3,A1_p3,2026-06-20 06:00:00,4,1,23.18336432386695,21.725233360964435,21.92123282940494,20.049528235470518
pig_14,A1,3,A1_p3,2026-06-20 06:30:00,4,1,24.17317951433261,23.97239921743808,23.726361298120338,20.593920567092752
pig_14,A1,3,A1_p3,2026-06-20 07:00:00,4,1,22.898349911690993,23.064197679435082,22.72126679145103,19.868940097750446
pig_14,A1,3,A1_p3,2026-06-20 07:30:00,4,1,23.71408834698417,22.20642634549358,22.35749301982008,21.49708404802483
pig_14,A1,3,A1_p3,2026-06-20 08:00:00,4,1,26.781213676097828,31.808472197860496,31.861719413723137,30.80993153565758
pig_14,B2,5,B2_p5,2026-06-27 09:30:00,2,1,49.74978262793066,47.061042347574215,47.540272047483526,45.443107963453585
pig_14,B2,5,B2_p5,2026-06-27 10:00:00,2,1,43.051848034759246,41.95633596990402,41.46488466365647,46.21994848173969
pig_14,B2,5,B2_p5,2026-06-27 10:30:00,2,1,45.120200946816766,46.47409951389307,46.678777120396994,44.6640732361598
pig_14,B2,5,B2_p5,2026-06-27 11:00:00,2,1,42.89537192228153,42.70098618081856,42.70847974794551,47.161201893916676
pig_14,B2,5,B2_p5,2026-06-27 11:30:00,2,1,42.555865860513535,40.315469257072515,39.6525384349669,41.91894007062549
pig_14,B2,5,B2_p5,2026-06-27 12:00:00,2,1,40.04107057123679,40.25037116454181,40.256469059443006,40.79577594587463
pig_14,B2,5,B2_p5,2026-06-27 12:30:00,2,1,48.03714140339866,44.16444702381034,44.21210570259868,42.77997939070016
pig_14,B2,5,B2_p5,2026-06-27 13:00:00,2,1,48.13312829153176,44.66392078441586,44.19092580324525,41.65181159719039
pig_14,B2,5,B2_p5,2026-06-27 13:30:00,2,1,51.22333861187721,40.36322625045602,40.2561540980153,40.71389051469729
pig_14,B2,5,B2_p5,2026-06-27 14:00:00,2,1,50.3968051967982,47.09883851571675,47.23226827686951,42.504722361198745
pig_14,B2,5,B2_p5,2026-06-27 14:30:00,2,1,56.79202178610698,51.40146968990176,50.93976036126315,46.070312156134605
pig_14,B2,5,B2_p5,2026-06-27 15:30:00,2,1,50.181344955217384,42.13066368677363,41.8083066772719,47.26402858685748
pig_14,B2,5,B2_p5,2026-06-27 16:00:00,2,1,44.54022170768506,44.332989474506775,44.48579563733679,47.43686774555094
pig_14,B2,5,B2_p5,2026-06-27 16:30:00,2,1,47.97573111109334,47.90334080369563,47.804431943016645,47.95558697697856
pig_14,B2,5,B2_p5,2026-06-27 17:00:00,2,1,49.64142904376983,46.48132517559485,45.48401731190317,45.45210739007866
pig_14,B2,5,B2_p5,2026-06-27 17:30:00,2,1,46.182248157080544,43.97960317252966,43.498689582009625,45.030163684966034
pig_14,B2,5,B2_p5,2026-06-27 18:00:00,2,1,46.82899333202732,41.36969864457093,40.79441649540374,45.36922479769604
pig_14,B2,5,B2_p5,2026-06-27 18:30:00,2,1,41.170111014688,41.54521172065795,41.5452306680977,43.186402002316186
pig_14,B2,5,B2_p5,2026-06-27 19:00:00,2,1,37.96729750577649,38.739816060887364,38.46278568553928,42.05024956317159
pig_14,B2,5,B2_p5,2026-06-27 19:30:00,2,1,39.037649437201374,42.10232207619171,42.187098388691076,41.28113653278078
pig_14,B2,5,B2_p5,2026-06-27 20:00:00,2,1,41.56586566680805,45.675954383610886,45.752643947129485,44.59714414347955
pig_14,B2,5,B2_p5,2026-06-27 20:30:00,2,1,36.114531444128836,37.82424306314067,37.49454203219315,40.74942530732837
pig_14,B2,5,B2_p5,2026-06-27 21:00:00,2,1,35.59149768081173,37.0809316879542,35.72781882159999,39.65636291397744
pig_14,B2,5,B2_p5,2026-06-27 21:30:00,2,1,39.10500054236246,37.811402208618595,36.732498825657196,39.210447143934196
pig_14,B2,5,B2_p5,2026-06-27 22:00:00,2,1,36.534854114449104,36.90434743922488,36.67195129855457,38.259305617558525
pig_14,B2,5,B2_p5,2026-06-27 22:30:00,2,1,38.67277272357744,40.3129995432283,40.41511288039587,40.95054502268198
pig_14,B2,5,B2_p5,2026-06-27 23:00:00,2,1,37.223778040324376,38.32266203146165,37.385582135374996,40.73561850596668
pig_14,B2,5,B2_p5,2026-06-27 23:30:00,2,1,36.897025583204915,37.424735866776246,36.72877238441133,37.45073379159451
pig_14,B2,5,B2_p5,2026-06-28 00:00:00,2,1,36.019049556963196,37.46133046932931,36.99085549480725,38.38571014749385
pig_14,B2,5,B2_p5,2026-06-28 00:30:00,2,1,32.849424283904845,35.61534040520499,35.195604576052176,37.043738952385375
pig_14,B2,5,B2_p5,2026-06-28 01:00:00,2,1,35.119164866774085,38.108964196657965,37.26127416288869,38.18549275806683
pig_14,B2,5,B2_p5,2026-06-28 01:30:00,2,1,33.885069269513885,38.20896550887028,37.817043862415574,39.54415526381304
pig_14,B2,5,B2_p5,2026-06-28 02:00:00,2,1,32.544902489157,35.65289007046672,34.705212838940135,34.91805791894038
pig_14,B2,5,B2_p5,2026-06-28 02:30:00,2,1,35.847696703140286,36.35017029505865,36.29520382202306,36.45622762462372
pig_14,B2,5,B2_p5,2026-06-28 03:00:00,2,1,33.33420303287286,35.00616987917719,34.62962348488237,38.02125138630127
pig_14,B2,5,B2_p5,2026-06-28 03:30:00,2,1,32.61462628941462,35.27828246667905,35.01929569990045,35.969431259831566
pig_14,B2,5,B2_p5,2026-06-28 04:00:00,2,1,33.04651941312718,32.77648297600056,32.566667578503186,35.6119449628977
pig_14,B2,5,B2_p5,2026-06-28 04:30:00,2,1,33.29318723735022,32.87664347773189,32.18229908512736,35.56775827643869
pig_14,B2,5,B2_p5,2026-06-28 05:00:00,2,1,29.620680710334664,31.747594193166847,30.95116843659661,33.68793712813521
pig_14,B2,5,B2_p5,2026-06-28 05:30:00,2,1,29.458362640740752,32.723443708629965,32.636350423358756,34.49767864932845
pig_14,B2,5,B2_p5,2026-06-28 06:00:00,2,1,30.99532714696083,34.618715859513486,34.435396566921824,34.37554768639834
pig_14,B2,5,B2_p5,2026-06-28 06:30:00,2,1,30.030550882877378,32.77957085411348,32.38168515188221,34.48407630946551
pig_14,B2,5,B2_p5,2026-06-28 07:00:00,2,1,30.256731756840658,32.34130628016854,32.15401574575794,33.49105505371826
pig_14,B2,5,B2_p5,2026-06-28 07:30:00,2,1,28.48341522537315,33.82521426206439,33.32663268102907,34.83157564178624
pig_14,B2,5,B2_p5,2026-06-28 08:00:00,2,1,36.445591275869944,36.45089516873848,36.99054601707223,35.614215187150165
pig_14,B2,5,B2_p5,2026-06-28 10:30:00,3,1,42.56507607409671,47.058164050440666,47.44103828346137,47.4706020079868
pig_14,B2,5,B2_p5,2026-06-28 11:00:00,3,1,39.64203092280331,45.107804498941725,45.2094004194451,46.30930215890065
pig_14,B2,5,B2_p5,2026-06-28 11:30:00,3,1,37.0826133047816,37.77716810534861,38.106704107793036,42.86042728235386
pig_14,B2,5,B2_p5,2026-06-28 12:00:00,3,1,36.3359762305876,37.28523778596782,37.31515740111125,42.32064597460948
pig_14,B2,5,B2_p5,2026-06-28 12:30:00,3,1,40.891336529138165,40.78099816349034,40.850495605706186,42.410921306099404
pig_14,B2,5,B2_p5,2026-06-28 13:00:00,3,1,40.279654740345634,44.97150515935728,44.61051807883632,44.45783694161018
pig_14,B2,5,B2_p5,2026-06-28 13:30:00,3,1,49.0338002608881,52.06927625674351,52.537976251960586,45.37910805076223
pig_14,B2,5,B2_p5,2026-06-28 14:00:00,3,1,43.51099644870531,48.60938874687664,48.6773529021857,43.132371146182535
pig_14,B2,5,B2_p5,2026-06-28 14:30:00,3,1,46.0106430005582,54.5558677083737,55.272292054044904,47.69146485534772
pig_14,B2,5,B2_p5,2026-06-28 15:30:00,3,1,71.48339501931915,66.55244315078298,66.8632648605662,62.95493186845763
pig_14,B2,5,B2_p5,2026-06-28 16:00:00,3,1,48.05395270482553,49.16905248508246,49.3611174584085,48.76928024289783
pig_14,B2,5,B2_p5,2026-06-28 16:30:00,3,1,42.365321666211265,46.346120948858506,46.465669128095584,46.950626734086434
pig_14,B2,5,B2_p5,2026-06-28 17:00:00,3,1,46.580710115539866,43.29145864605434,43.9212869596916,45.45147567715801
pig_14,B2,5,B2_p5,2026-06-28 17:30:00,3,1,47.98540945345824,41.16861750716136,41.06547543784824,43.854564368194794
pig_14,B2,5,B2_p5,2026-06-28 18:00:00,3,1,42.26636522143731,39.93649598691409,40.44755911085464,42.47858844850799
pig_14,B2,5,B2_p5,2026-06-28 18:30:00,3,1,50.051305953894996,51.54726286937334,51.81501281514095,47.94546241409939
pig_14,B2,5,B2_p5,2026-06-28 19:00:00,3,1,46.50708661625618,43.06387932116768,42.926266602082734,42.92772242561975
pig_14,B2,5,B2_p5,2026-06-28 19:30:00,3,1,40.75311297243298,39.64541051617486,40.86166566464914,42.59148490055597
pig_14,B2,5,B2_p5,2026-06-28 20:00:00,3,1,35.843147136644774,37.01875038802988,36.85717880022067,42.637329880670165
pig_14,B2,5,B2_p5,2026-06-28 20:30:00,3,1,34.88164573623271,37.611430514219094,37.83143839806054,42.084671635529176
pig_14,B2,5,B2_p5,2026-06-28 21:00:00,3,1,40.774037106901126,43.12131449980831,43.787429050926995,43.79496985678184
pig_14,B2,5,B2_p5,2026-06-28 22:30:00,3,1,34.77763387960752,36.975149758227936,37.229150673542605,37.66312228441253
pig_14,B2,5,B2_p5,2026-06-28 23:00:00,3,1,36.15958512038795,38.489028068421334,38.697934004181015,39.31626286484066
pig_14,B2,5,B2_p5,2026-06-28 23:30:00,3,1,36.56722942744466,39.53476956428311,39.207454888900735,40.47453538411244
pig_14,B2,5,B2_p5,2026-06-29 00:00:00,3,1,35.0308552065534,37.97758754592483,37.174506169980354,39.91492953698025
pig_14,B2,5,B2_p5,2026-06-29 00:30:00,3,1,34.54178113336653,34.852230204117646,35.08986015818369,37.33734583230297
pig_14,B2,5,B2_p5,2026-06-29 01:00:00,3,1,40.189520773326905,38.793736160327,38.42149452026288,41.37347887332743
pig_14,B2,5,B2_p5,2026-06-29 01:30:00,3,1,34.60750587847406,34.70388697522961,34.89390497128029,39.51711390345466
pig_14,B2,5,B2_p5,2026-06-29 02:00:00,3,1,36.89719262959016,35.71384416173892,36.10056013127182,37.27827792044209
pig_14,B2,5,B2_p5,2026-06-29 02:30:00,3,1,30.88448719372588,35.184606426163185,34.79443125252325,39.42572199585956
pig_14,B2,5,B2_p5,2026-06-29 03:00:00,3,1,33.598464088337224,34.66680321312302,34.764324032012304,34.70042811420004
pig_14,B2,5,B2_p5,2026-06-29 03:30:00,3,1,34.722458730766185,34.85921848036218,34.583983349321095,36.41218959198656
pig_14,B2,5,B2_p5,2026-06-29 04:00:00,3,1,30.728818555203183,33.03122018936702,33.20168677576464,36.72710004933553
pig_14,B2,5,B2_p5,2026-06-29 04:30:00,3,1,30.238897224177023,31.928874576712023,32.35751453313326,37.721596708344634
pig_14,B2,5,B2_p5,2026-06-29 05:00:00,3,1,31.085013398121525,32.098983672095684,31.982692753461194,36.156807935783746
pig_14,B2,5,B2_p5,2026-06-29 05:30:00,3,1,34.70147511733141,32.134576459148654,32.096441418018145,36.6696554129687
pig_14,B2,5,B2_p5,2026-06-29 06:00:00,3,1,32.66842929632578,31.06617508139454,31.07388145637794,35.13875274622813
pig_14,B2,5,B2_p5,2026-06-29 06:30:00,3,1,33.47748390540309,31.734998622552222,31.750871886121207,34.79825163873973
pig_14,B2,5,B2_p5,2026-06-29 07:00:00,3,1,35.17681321806361,33.066176372351016,33.30340830600227,36.96043328405062
pig_14,B2,5,B2_p5,2026-06-29 07:30:00,3,1,30.9580684656124,33.98607098224835,33.63029954170789,35.3513462173448
pig_14,B2,5,B2_p5,2026-06-29 08:00:00,3,1,37.37104554946757,46.199131618258576,46.67696953047315,43.692987732237384
pig_14,B2,5,B2_p5,2026-06-29 10:00:00,4,1,35.33274724692446,35.152239228607186,34.40234205628554,35.24326860790204
pig_14,B2,5,B2_p5,2026-06-29 10:30:00,4,1,28.627557182860635,27.693031271575386,28.214339935793333,30.76886471741239
pig_14,B2,5,B2_p5,2026-06-29 11:00:00,4,1,30.22608495343207,31.822682994521365,31.82492457869445,33.748567259642144
pig_14,B2,5,B2_p5,2026-06-29 11:30:00,4,1,31.445928813355202,34.4716536751193,34.26552380164265,33.45441876580141
pig_14,B2,5,B2_p5,2026-06-29 12:00:00,4,1,29.657027473575766,33.55987927825584,33.14116498590377,32.74860276178819
pig_14,B2,5,B2_p5,2026-06-29 12:30:00,4,1,28.17509376459512,31.737609265490278,31.217888128704985,32.29710485436737
pig_14,B2,5,B2_p5,2026-06-29 13:00:00,4,1,27.75779329817273,31.940788562116378,31.882475589984374,33.900863049949265
pig_14,B2,5,B2_p5,2026-06-29 13:30:00,4,1,30.695584911444577,36.21615439472203,36.31895383513472,34.316792533624024
pig_14,B2,5,B2_p5,2026-06-29 14:00:00,4,1,62.21355661704493,53.39050253074069,53.374784873890405,45.29466807994267
pig_14,B2,5,B2_p5,2026-06-29 14:30:00,4,1,33.51685364819747,50.65843609870568,50.401727294845955,47.322315152464114
pig_14,B2,5,B2_p5,2026-06-29 15:00:00,4,1,26.67064573875971,36.02760750985655,34.19725000704089,31.564420297322016
pig_14,B2,5,B2_p5,2026-06-29 15:30:00,4,1,28.806183285682593,35.108849005728295,35.04152517303038,33.80875884044967
pig_14,B2,5,B2_p5,2026-06-29 16:00:00,4,1,27.336454522108333,33.933469592758264,33.49319380219029,33.15916796396526
pig_14,B2,5,B2_p5,2026-06-29 16:30:00,4,1,33.693700414812255,32.36054235306027,31.882706864051144,32.15395037892165
pig_14,B2,5,B2_p5,2026-06-29 17:00:00,4,1,51.62797339079003,31.874153319617115,31.956081243933408,33.05614855179706
pig_14,B2,5,B2_p5,2026-06-29 17:30:00,4,1,25.030925993259103,29.05359352661488,28.497115673635612,29.30867647168079
pig_14,B2,5,B2_p5,2026-06-29 18:00:00,4,1,29.560204838472124,29.43117101114953,28.74309360875253,30.040737819785193
pig_14,B2,5,B2_p5,2026-06-29 18:30:00,4,1,23.140916959272452,23.446776208274525,23.057345085326173,26.302161831130334
pig_14,B2,5,B2_p5,2026-06-29 19:00:00,4,1,23.101899672266633,22.708276537248253,21.918121759107173,26.381869025784034
pig_14,B2,5,B2_p5,2026-06-29 19:30:00,4,1,22.285078584823,21.634783615291738,21.38840826179745,26.37934564885289
pig_14,B2,5,B2_p5,2026-06-29 20:00:00,4,1,21.979173690417035,22.406166521072123,22.129385894856206,25.49623806725056
pig_14,B2,5,B2_p5,2026-06-29 20:30:00,4,1,22.754366492347344,23.883052264138566,23.37321841018101,27.107908070711
pig_14,B2,5,B2_p5,2026-06-29 21:00:00,4,1,25.490325135682127,23.695272999940713,23.809340913725983,26.41539289454729
pig_14,B2,5,B2_p5,2026-06-29 21:30:00,4,1,22.20345045304606,23.87052796898868,23.710993022988276,26.59324618340596
pig_14,B2,5,B2_p5,2026-06-29 22:00:00,4,1,24.169568776509607,24.313021968702355,24.043664523013852,26.36270505846703
pig_14,B2,5,B2_p5,2026-06-29 22:30:00,4,1,23.168636975379457,23.03463125806023,23.38762041959227,25.63292808716322
pig_14,B2,5,B2_p5,2026-06-29 23:00:00,4,1,32.25652504209589,33.386624450770626,33.11973866193018,34.0951482366073
pig_14,B2,5,B2_p5,2026-06-29 23:30:00,4,1,36.039706659966114,31.4316054353624,30.64575458876194,31.248914923245863
pig_14,B2,5,B2_p5,2026-06-30 00:00:00,4,1,24.072739858394357,23.401705445629545,23.07189602547455,25.112056484991175
pig_14,B2,5,B2_p5,2026-06-30 00:30:00,4,1,22.6595339812787,21.013158037033712,20.78958297069366,24.76064394837147
pig_14,B2,5,B2_p5,2026-06-30 01:00:00,4,1,22.995504174902965,22.302929179538207,21.893013530451388,24.806408564815253
pig_14,B2,5,B2_p5,2026-06-30 01:30:00,4,1,22.42830798803159,23.05403272653569,22.734966480143118,25.866956182827817
pig_14,B2,5,B2_p5,2026-06-30 02:00:00,4,1,22.041021843762685,21.71945911769192,21.384814278778855,24.986058791553127
pig_14,B2,5,B2_p5,2026-06-30 02:30:00,4,1,26.890187084408616,21.234523081936608,21.14596625131087,24.405164842632562
pig_14,B2,5,B2_p5,2026-06-30 03:00:00,4,1,25.687078287332128,26.286374324414822,25.980528551075864,27.478532726725113
pig_14,B2,5,B2_p5,2026-06-30 03:30:00,4,1,23.453738028272472,23.73114744994956,24.481891011662107,25.12624512355262
pig_14,B2,5,B2_p5,2026-06-30 04:00:00,4,1,21.760194002077206,23.7463399125431,24.547708118140026,25.58031337827377
pig_14,B2,5,B2_p5,2026-06-30 04:30:00,4,1,21.947288915266213,21.813149769155963,21.845286707481073,25.757660894009103
pig_14,B2,5,B2_p5,2026-06-30 05:00:00,4,1,23.96317079941463,21.804839852817032,21.857672827967296,23.570488881637623
pig_14,B2,5,B2_p5,2026-06-30 05:30:00,4,1,22.964040003620703,24.106597003052514,24.60445783071122,24.317144803910118
pig_14,B2,5,B2_p5,2026-06-30 06:00:00,4,1,23.10873523454429,24.250635789036092,24.39633123545969,24.360634690696337
pig_14,B2,5,B2_p5,2026-06-30 06:30:00,4,1,22.502447770376666,26.321413357764914,25.927474086228862,26.090616900907925
pig_14,B2,5,B2_p5,2026-06-30 07:00:00,4,1,28.697900148272687,26.787422438236426,26.368791693272094,26.99052915345439
pig_14,B2,5,B2_p5,2026-06-30 07:30:00,4,1,28.821232972958747,31.837474493633938,31.390985275819254,28.319009825025574
pig_15,A1,1,A1_p1,2026-06-07 08:30:00,2,5,34.14646241751416,34.464747383619105,34.16562307253891,37.69985437528174
pig_15,A1,1,A1_p1,2026-06-07 09:00:00,2,5,26.63411312177922,32.97635904818965,32.70213700193455,33.64542958042921
pig_15,A1,1,A1_p1,2026-06-07 09:30:00,2,5,28.311881811976725,33.82417519490905,33.00171524871603,33.74512889899409
pig_15,A1,1,A1_p1,2026-06-07 10:00:00,2,5,26.10916612558755,31.416320857014384,30.882570298443085,30.944397578523013
pig_15,A1,1,A1_p1,2026-06-07 10:30:00,2,5,27.171019485236684,31.862323610012403,30.965074786960948,31.36575848939711
pig_15,A1,1,A1_p1,2026-06-07 11:00:00,2,5,26.868843835785064,31.793173711805466,30.953445029216915,31.593083668190594
pig_15,A1,1,A1_p1,2026-06-07 11:30:00,2,5,27.065920028037503,33.23867418983966,33.01117680877672,32.87710841787632
pig_15,A1,1,A1_p1,2026-06-07 12:00:00,2,5,28.8396643723271,33.21090386785869,33.07171621865019,33.32021341400274
pig_15,A1,1,A1_p1,2026-06-07 12:30:00,2,5,30.69099736926952,31.190149041271503,30.619547288196102,30.348130294653263
pig_15,A1,1,A1_p1,2026-06-07 13:00:00,2,5,27.388221020438714,31.300999403942647,31.3348039167088,31.124368026298235
pig_15,A1,1,A1_p1,2026-06-07 13:30:00,2,5,25.858907701931436,29.60126515705732,29.194958553228773,29.036495167806624
pig_15,A1,1,A1_p1,2026-06-07 14:00:00,2,5,27.347248358505176,32.742553323910705,31.903751390569454,30.756307355903935
pig_15,A1,1,A1_p1,2026-06-07 15:30:00,2,5,30.206624149957943,34.889524958170504,34.186472533762604,35.616849063563365
pig_15,A1,1,A1_p1,2026-06-07 16:00:00,2,5,28.753589936214667,35.40773259336301,33.998994344842224,35.35664898048481
pig_15,A1,1,A1_p1,2026-06-07 16:30:00,2,5,20.70705797021403,33.07431478128366,32.10365592270315,32.85243361290087
pig_15,A1,1,A1_p1,2026-06-07 17:00:00,2,5,21.23366430835613,30.60520696294474,30.07640450886624,31.131484144106018
pig_15,A1,1,A1_p1,2026-06-07 17:30:00,2,5,20.108781693999283,33.6511138965583,32.56414360222239,33.31473379153327
pig_15,A1,1,A1_p1,2026-06-07 18:00:00,2,5,26.2115551440212,35.42942360233745,34.67996959167435,36.05712543962719
pig_15,A1,1,A1_p1,2026-06-07 18:30:00,2,5,21.211886339013876,33.061365322284196,31.882421540895532,33.292298106731536
pig_15,A1,1,A1_p1,2026-06-07 19:00:00,2,5,21.686389030810275,33.03729766195521,32.30801324046977,32.95797344023377
pig_15,A1,1,A1_p1,2026-06-07 19:30:00,2,5,28.618958116480528,35.40571867825908,34.45984712867769,34.892868142267766
pig_15,A1,1,A1_p1,2026-06-07 20:00:00,2,5,29.066884812990267,34.49054908004729,33.65797703799823,33.84445107272503
pig_15,A1,1,A1_p1,2026-06-07 20:30:00,2,5,23.824460527101994,32.755673445846156,31.678867055333306,32.37152206943033
pig_15,A1,1,A1_p1,2026-06-07 21:00:00,2,5,19.876646367127265,32.425672703037186,31.70796560080524,32.05301967643842
pig_15,A1,1,A1_p1,2026-06-07 21:30:00,2,5,27.949034556392498,32.80919963594757,32.29281891111276,32.740881823366585
pig_15,A1,1,A1_p1,2026-06-07 22:00:00,2,5,29.849245834370002,32.58689680853225,32.36153734661327,32.32353947771183
pig_15,A1,1,A1_p1,2026-06-07 22:30:00,2,5,35.17032833494993,32.625543360527146,31.849191575919818,31.68152057669361
pig_15,A1,1,A1_p1,2026-06-07 23:00:00,2,5,22.017942491339358,31.885384421996392,32.29394821107906,31.325544693266274
pig_15,A1,1,A1_p1,2026-06-07 23:30:00,2,5,18.39151492568619,31.855923866027112,31.370347023017363,31.177406044827293
pig_15,A1,1,A1_p1,2026-06-08 00:00:00,2,5,20.227557988268394,32.86103362810436,32.203085675012424,31.941812205203632
pig_15,A1,1,A1_p1,2026-06-08 10:30:00,3,5,32.55308402033758,37.575965151635884,36.24195256941949,36.53894727611967
pig_15,A1,1,A1_p1,2026-06-08 11:00:00,3,5,27.34815632137741,33.109487827042315,31.856573586046988,32.18106962732291
pig_15,A1,1,A1_p1,2026-06-08 11:30:00,3,5,27.689206036764084,33.59294594531875,32.312166917051385,32.67076846210075
pig_15,A1,1,A1_p1,2026-06-08 12:00:00,3,5,28.618890674217617,33.2798423645727,32.083937823818886,32.598808950371634
pig_15,A1,1,A1_p1,2026-06-08 12:30:00,3,5,33.00559381817327,36.92836780416707,35.36764700270382,35.67037614765411
pig_15,A1,1,A1_p1,2026-06-08 13:00:00,3,5,32.37797359187705,34.62213045524555,33.54492943165803,33.11355545018233
pig_15,A1,1,A1_p1,2026-06-08 13:30:00,3,5,31.99192900498027,32.646961849307516,31.252882744282864,31.526994722599476
pig_15,A1,1,A1_p1,2026-06-08 14:00:00,3,5,35.65502097041086,38.196094751986756,36.47443418059602,35.948228721232034
pig_15,A1,1,A1_p1,2026-06-08 15:00:00,3,5,36.29035344439089,38.71491745630083,36.804271726810555,38.33842761662393
pig_15,A1,1,A1_p1,2026-06-08 15:30:00,3,5,33.73156081707985,34.63615475161662,32.87877811818046,34.215646179607305
pig_15,A1,1,A1_p1,2026-06-08 16:00:00,3,5,35.501192118736476,36.16510980830559,34.478933651462796,35.48259619003717
pig_15,A1,1,A1_p1,2026-06-08 16:30:00,3,5,35.18053115629364,37.45381008038774,35.54001694281111,36.39368745181772
pig_15,A1,1,A1_p1,2026-06-08 17:00:00,3,5,31.707466313578436,38.31961633839158,36.65721739327557,37.70199744885626
pig_15,A1,1,A1_p1,2026-06-08 17:30:00,3,5,28.25895774293922,36.80811893891083,35.1686081754175,34.87123407580955
pig_15,A1,1,A1_p1,2026-06-08 18:00:00,3,5,20.45446501461227,34.901180661419545,33.691445394461354,34.30713849552178
pig_15,A1,1,A1_p1,2026-06-08 18:30:00,3,5,21.51482861508373,34.74575241291111,33.2107982025632,33.71752072302898
pig_15,A1,1,A1_p1,2026-06-08 19:00:00,3,5,20.86497722078746,31.65299244365088,30.258938685290484,31.059502941497712
pig_15,A1,1,A1_p1,2026-06-08 19:30:00,3,5,25.19277463504207,29.207644862069934,27.44304793804326,29.174534438127377
pig_15,A1,1,A1_p1,2026-06-08 20:00:00,3,5,25.917211139318013,30.743186566404994,28.841648137025082,29.719350000605033
pig_15,A1,1,A1_p1,2026-06-08 20:30:00,3,5,31.110128615409696,31.580924921802808,30.600715155280007,31.03199821489971
pig_15,A1,1,A1_p1,2026-06-08 21:00:00,3,5,32.771230421805214,35.24706957059975,34.16404721421324,33.49826413689765
pig_15,A1,1,A1_p1,2026-06-08 21:30:00,3,5,29.58009445761789,31.89601402079112,31.066874698592912,30.540951453838886
pig_15,A1,1,A1_p1,2026-06-09 10:30:00,4,5,25.287064,24.70468574159706,24.10699186763415,23.315459427491543
pig_15,A1,1,A1_p1,2026-06-09 11:00:00,4,5,27.134265749999997,25.21458708631787,25.04983366571788,24.576290147276815
pig_15,A1,1,A1_p1,2026-06-09 11:30:00,4,5,27.053951333333337,27.661784444617922,27.271289527058215,26.54513999837713
pig_15,A1,1,A1_p1,2026-06-09 12:00:00,4,5,23.957173333333337,25.848610138632576,25.500646309684747,25.031966891976438
pig_15,A1,1,A1_p1,2026-06-09 12:30:00,4,5,24.432864,24.89448563776785,24.439884533852933,24.09299648850704
pig_15,A1,1,A1_p1,2026-06-09 13:00:00,4,5,24.078411000000003,25.256312708188865,24.929301028485067,25.01925102839312
pig_15,A1,1,A1_p1,2026-06-09 13:30:00,4,5,19.82866,21.95957340589525,21.343596923761254,22.00116398279026
pig_15,A1,1,A1_p1,2026-06-09 14:00:00,4,5,22.327078666666665,23.118753505135984,23.274326493221274,23.317237715445803
pig_15,A1,1,A1_p1,2026-06-09 14:30:00,4,5,22.908094666666667,22.608213109724744,22.585155285104932,22.813092014057567
pig_15,A1,1,A1_p1,2026-06-09 15:00:00,4,5,25.37241375,22.369157905594026,22.952598905559356,22.828352905392006
pig_15,A1,1,A1_p1,2026-06-09 15:30:00,4,5,28.014555428571427,25.195870290245644,25.04904136716678,24.50878728148721
pig_15,A1,1,A1_p1,2026-06-09 16:00:00,4,5,31.866097999999997,27.125608153876442,27.593944124674877,26.49141240089787
pig_15,A1,1,A1_p1,2026-06-09 16:30:00,4,5,23.25939133333334,21.587828086418646,21.81225247088274,21.342149176149213
pig_15,A1,1,A1_p1,2026-06-09 17:00:00,4,5,21.521731333333335,23.18766242017486,22.834284243039956,22.3642830380078
pig_15,A1,1,A1_p1,2026-06-09 17:30:00,4,5,18.876423333333335,20.55906407027751,21.23502866525842,20.051841932838705
pig_15,A1,1,A1_p1,2026-06-09 18:00:00,4,5,23.14666425,24.343647515443465,23.90979925884027,22.95258723407789
pig_15,A1,1,A1_p1,2026-06-09 18:30:00,4,5,20.388521333333333,22.255834393956544,21.89402602937134,20.512427240157006
pig_15,A1,1,A1_p1,2026-06-09 19:00:00,4,5,19.576962,20.766834996286875,20.592128107388906,19.000953735163257
pig_15,A1,1,A1_p1,2026-06-09 19:30:00,4,5,23.654742,24.897529053345046,24.407797713568947,22.61277824984093
pig_15,A1,1,A1_p1,2026-06-09 20:00:00,4,5,20.90147175,24.030551277518615,23.986326373953318,21.308671484049334
pig_15,A1,1,A1_p1,2026-06-09 20:30:00,4,5,19.029158666666664,21.720101359592334,21.61006033385779,20.06598253705337
pig_15,A1,1,A1_p1,2026-06-09 21:00:00,4,5,15.590451999999999,20.883090457094475,20.56466426254796,19.20165711183716
pig_15,A1,1,A1_p1,2026-06-09 21:30:00,4,5,17.841659999999997,21.530117008936855,21.324774908352353,19.729094994230703
pig_15,A1,1,A1_p1,2026-06-09 22:00:00,4,5,20.835221333333333,22.37899808053085,21.74251276272411,20.95965380312947
pig_15,A1,1,A1_p1,2026-06-09 22:30:00,4,5,17.74488225,22.38805720978441,21.669038367476652,20.70621104917955
pig_15,A1,1,A1_p1,2026-06-09 23:00:00,4,5,17.191698,18.84175459265291,18.72619243956413,17.99766561321663
pig_15,A1,1,A1_p1,2026-06-09 23:30:00,4,5,20.58431266666667,21.93072560770409,21.957726914047043,20.78142699358592
pig_15,A1,1,A1_p1,2026-06-10 00:00:00,4,5,17.514749333333334,19.21948727513567,19.371941323432043,18.78004959083653
pig_15,A1,1,A1_p1,2026-06-10 00:30:00,4,5,17.09345775,19.014725299513486,18.89826650214135,18.541973501996928
pig_15,A1,1,A1_p1,2026-06-10 01:00:00,4,5,17.039564000000002,19.129259143316414,19.329642049791904,18.85890452340079
pig_15,A1,1,A1_p1,2026-06-10 01:30:00,4,5,18.447524666666666,18.19315081004716,18.150862856708933,17.62111758550671
pig_15,A1,1,A1_p1,2026-06-10 02:00:00,4,5,16.635157999999997,19.32399583426929,19.343780424458846,18.742294110918476
pig_15,A1,1,A1_p1,2026-06-10 02:30:00,4,5,16.875729333333336,21.29144118871318,21.488205526643537,21.186137475158088
pig_15,A1,1,A1_p1,2026-06-10 03:00:00,4,5,15.8767935,23.226237351632715,23.442754023271547,23.383371050346078
pig_15,A1,1,A1_p1,2026-06-10 03:30:00,4,5,16.714888,22.34572451855736,22.183395924880084,21.832471312818047
pig_15,A1,1,A1_p1,2026-06-10 04:00:00,4,5,18.96274,21.21467644266518,21.209106090271657,21.065332186405055
pig_15,A1,1,A1_p1,2026-06-10 04:30:00,4,5,17.695329333333333,22.563732738564095,22.263491668719887,22.435220655655783
pig_15,A1,1,A1_p1,2026-06-10 05:00:00,4,5,17.326941,21.667713816587625,21.468447062219322,21.096370643306408
pig_15,A1,1,A1_p1,2026-06-10 05:30:00,4,5,17.296902666666668,21.176223518459025,20.410508960937406,20.126152185738107
pig_15,A1,1,A1_p1,2026-06-10 06:00:00,4,5,16.54455,21.46693847809012,20.499356162532212,20.28370547248321
pig_15,A1,1,A1_p1,2026-06-10 06:30:00,4,5,15.422127333333336,22.466270168674384,22.34282186450789,21.511225488513173
pig_15,A1,1,A1_p1,2026-06-10 07:00:00,4,5,14.933421333333332,23.149710321927742,23.077833374973018,22.508158405552162
pig_15,A1,1,A1_p1,2026-06-10 07:30:00,4,5,19.8636345,23.2809369326568,23.41387823014066,22.288912653247735
pig_15,A1,1,A1_p1,2026-06-10 08:00:00,4,5,21.2321,25.363417559610063,25.595058229861962,24.969194065717982
pig_15,B2,3,B2_p3,2026-06-17 09:30:00,2,5,51.77718106787295,47.884677326367836,47.61193945516334,47.81278369960701
pig_15,B2,3,B2_p3,2026-06-17 10:00:00,2,5,30.347029510937922,34.93529541264343,34.773016020476874,35.2082158192552
pig_15,B2,3,B2_p3,2026-06-17 10:30:00,2,5,32.014393330314476,35.08916728899473,34.95675835414489,35.01559114891255
pig_15,B2,3,B2_p3,2026-06-17 11:00:00,2,5,31.265320164854245,34.44675378185795,34.61609980271082,35.27208755933251
pig_15,B2,3,B2_p3,2026-06-17 11:30:00,2,5,32.02030223616185,35.32825413835717,35.486826844738594,36.0062246745594
pig_15,B2,3,B2_p3,2026-06-17 12:00:00,2,5,30.677985312748646,32.81437447517217,33.1568951043333,33.4131985875115
pig_15,B2,3,B2_p3,2026-06-17 12:30:00,2,5,28.87870828583094,32.87176522717806,33.44992242122213,34.198874620358325
pig_15,B2,3,B2_p3,2026-06-17 13:00:00,2,5,28.2322332224485,35.45873875182253,36.3163672971437,36.25417901981586
pig_15,B2,3,B2_p3,2026-06-17 13:30:00,2,5,45.7261449678827,42.66150552078206,43.429255937686,43.83275850088501
pig_15,B2,3,B2_p3,2026-06-17 14:00:00,2,5,27.431759755258188,33.97964416469824,33.70921462739955,34.41927191656408
pig_15,B2,3,B2_p3,2026-06-17 14:30:00,2,5,29.980274626123364,41.70449664966389,41.36110496494022,43.059734878009515
pig_15,B2,3,B2_p3,2026-06-17 15:30:00,2,5,58.40888601194092,57.961289937790845,57.59506509097755,59.12628425163942
pig_15,B2,3,B2_p3,2026-06-17 16:00:00,2,5,46.819835211449735,47.108761521454156,46.15774893329414,47.794365360372225
pig_15,B2,3,B2_p3,2026-06-17 16:30:00,2,5,29.915904219290915,36.613130149930896,36.369460731241645,37.19714581407174
pig_15,B2,3,B2_p3,2026-06-17 17:00:00,2,5,28.149168117954268,35.58370754325234,35.519011694998454,35.77054352692345
pig_15,B2,3,B2_p3,2026-06-17 17:30:00,2,5,32.58265740570784,35.56761423070211,35.38595509787153,35.834079483993975
pig_15,B2,3,B2_p3,2026-06-17 18:00:00,2,5,32.86667033765242,34.68156114314324,34.207132747882454,34.83207940494927
pig_15,B2,3,B2_p3,2026-06-17 18:30:00,2,5,35.10700577807964,34.033512242040594,33.93791960383989,34.82531087094059
pig_15,B2,3,B2_p3,2026-06-17 19:00:00,2,5,34.835417085652864,34.61669615682078,34.58008132423315,35.05527203467888
pig_15,B2,3,B2_p3,2026-06-17 19:30:00,2,5,30.8011711751017,33.55727279162297,33.30540694017237,33.741368693996826
pig_15,B2,3,B2_p3,2026-06-17 20:00:00,2,5,32.99910737466067,33.28919498808178,33.154047280739036,33.19289997986607
pig_15,B2,3,B2_p3,2026-06-17 20:30:00,2,5,32.35317220850319,33.02010618438672,33.14378814595294,33.521159178141666
pig_15,B2,3,B2_p3,2026-06-17 21:00:00,2,5,31.64992319881062,33.52150754366499,34.15948926144767,34.08535567114173
pig_15,B2,3,B2_p3,2026-06-17 21:30:00,2,5,27.879860845570363,32.938165036245145,33.311643296220105,32.81336994446013
pig_15,B2,3,B2_p3,2026-06-17 22:00:00,2,5,28.40684851168701,34.318492154077546,34.34183327696704,33.81330171612177
pig_15,B2,3,B2_p3,2026-06-17 22:30:00,2,5,30.11875166367706,34.337532534352434,34.65456267568921,34.08577806476146
pig_15,B2,3,B2_p3,2026-06-17 23:00:00,2,5,28.018752410169093,34.468256175095554,34.71244795804316,34.149729262834335
pig_15,B2,3,B2_p3,2026-06-17 23:30:00,2,5,33.61485951229548,34.70701378390761,34.45007301104768,33.84734516140767
pig_15,B2,3,B2_p3,2026-06-18 00:00:00,2,5,31.032746595671185,32.73626432846159,32.954751182180594,32.68242092809025
pig_15,B2,3,B2_p3,2026-06-18 00:30:00,2,5,30.927532085320266,30.84247749525905,31.006892255681493,31.344399267053397
pig_15,B2,3,B2_p3,2026-06-18 01:00:00,2,5,30.2992610278892,30.653618400541802,30.854806418802774,30.849534802938756
pig_15,B2,3,B2_p3,2026-06-18 01:30:00,2,5,27.110318236074917,30.611110609413323,30.862614268250066,30.81211411928113
pig_15,B2,3,B2_p3,2026-06-18 02:00:00,2,5,26.688452463638278,31.495035284213976,31.583287477169893,31.449697749533122
pig_15,B2,3,B2_p3,2026-06-18 02:30:00,2,5,29.49538296855264,30.909075243303654,31.266577955144356,31.043517272325673
pig_15,B2,3,B2_p3,2026-06-18 03:00:00,2,5,24.871979111705585,30.01050469975729,30.01193757708864,30.189205653677014
pig_15,B2,3,B2_p3,2026-06-18 03:30:00,2,5,25.924644271235692,28.865988548260837,29.33348465513995,29.49256628409214
pig_15,B2,3,B2_p3,2026-06-18 04:00:00,2,5,26.47687895759404,28.6923777351507,29.321471446703647,29.54130461179036
pig_15,B2,3,B2_p3,2026-06-18 04:30:00,2,5,25.213243551406826,27.24773928405787,27.91996376156682,27.885016940091948
pig_15,B2,3,B2_p3,2026-06-18 05:00:00,2,5,24.063212893225046,27.323136828965538,27.675018719750096,27.6065660583197
pig_15,B2,3,B2_p3,2026-06-18 05:30:00,2,5,27.896076723992905,30.31241303014817,30.662001756976828,30.77476593615961
pig_15,B2,3,B2_p3,2026-06-18 06:00:00,2,5,38.46664203628595,38.11204431264649,39.303042588196185,39.14982540477315
pig_15,B2,3,B2_p3,2026-06-18 06:30:00,2,5,28.177742978355056,25.417914910638668,25.66629258795988,25.98875947798249
pig_15,B2,3,B2_p3,2026-06-18 07:00:00,2,5,23.54727374079394,25.877116033721634,26.064043568926216,26.12401518672058
pig_15,B2,3,B2_p3,2026-06-18 07:30:00,2,5,24.336196890033726,29.315531058236825,29.66162173432292,28.989246757030195
pig_15,B2,3,B2_p3,2026-06-18 08:00:00,2,5,26.449520142353222,32.61974214932832,32.252794250579726,31.273683928203937
pig_15,B2,3,B2_p3,2026-06-18 09:00:00,3,5,57.52827419763918,54.14494341841183,53.28790650835784,55.05148591668638
pig_15,B2,3,B2_p3,2026-06-18 09:30:00,3,5,38.70713275090824,38.978590262026415,38.39269715862527,39.280832044313556
pig_15,B2,3,B2_p3,2026-06-18 10:00:00,3,5,30.52762677296964,35.692232132063296,35.53092168753695,35.8249260390978
pig_15,B2,3,B2_p3,2026-06-18 10:30:00,3,5,32.00472028335251,33.93648331261943,33.734176285076074,34.45022514681751
pig_15,B2,3,B2_p3,2026-06-18 11:00:00,3,5,33.486549306941164,46.01022981237976,45.47942601224487,45.58525059204211
pig_15,B2,3,B2_p3,2026-06-18 11:30:00,3,5,31.46229484105909,37.59301849669561,37.77213176540291,38.18425269443228
pig_15,B2,3,B2_p3,2026-06-18 12:00:00,3,5,28.20732399493896,33.687850469214936,33.73809869605464,34.32254547011598
pig_15,B2,3,B2_p3,2026-06-18 12:30:00,3,5,27.964772711913092,31.649081823324003,31.7733098397498,32.74130456357172
pig_15,B2,3,B2_p3,2026-06-18 13:00:00,3,5,33.352840671289016,37.21006513981151,37.085136149135955,37.600699912947256
pig_15,B2,3,B2_p3,2026-06-18 13:30:00,3,5,34.22775573459884,34.43334051540528,34.728967496146716,35.44653002484128
pig_15,B2,3,B2_p3,2026-06-18 14:00:00,3,5,31.942780042977766,38.34557416301859,37.94687668321761,38.16428462007918
pig_15,B2,3,B2_p3,2026-06-18 19:00:00,3,5,29.733368085791383,34.65148793322618,33.960377391288624,34.925845066867495
pig_15,B2,3,B2_p3,2026-06-18 19:30:00,3,5,30.016760767792213,35.005897293070845,34.50842069129494,34.81421976469321
pig_15,B2,3,B2_p3,2026-06-18 20:00:00,3,5,33.392299230307316,34.87050460950829,33.86364713122563,34.508755762681886
pig_15,B2,3,B2_p3,2026-06-18 20:30:00,3,5,32.049923121908016,35.01404842734168,34.11877251983389,34.380637307684346
pig_15,B2,3,B2_p3,2026-06-18 21:00:00,3,5,32.831875440958136,34.54269767294164,33.677540470268085,34.00254880954782
pig_15,B2,3,B2_p3,2026-06-18 21:30:00,3,5,33.897945446616404,34.96538103064131,34.06606266695614,34.255740641661944
pig_15,B2,3,B2_p3,2026-06-18 22:00:00,3,5,30.434443640012248,35.71045227334621,34.56217126845237,34.295935183480715
pig_15,B2,3,B2_p3,2026-06-18 22:30:00,3,5,29.24297116978802,33.642454954093004,32.223328272056506,32.793533498844695
pig_15,B2,3,B2_p3,2026-06-18 23:00:00,3,5,30.325605607720547,34.30093425089051,33.103518490387856,33.294118692483195
pig_15,B2,3,B2_p3,2026-06-18 23:30:00,3,5,32.04309488188471,35.29558869721059,33.677439909603855,33.202521326374196
pig_15,B2,3,B2_p3,2026-06-19 00:00:00,3,5,30.998249106172125,31.24306039839341,30.61564407956255,30.625344472897307
pig_15,B2,3,B2_p3,2026-06-19 00:30:00,3,5,27.598541948034992,32.405414207161115,31.960317874051068,31.873400429646686
pig_15,B2,3,B2_p3,2026-06-19 01:00:00,3,5,28.78249622542454,32.012935976446876,31.562287531723086,31.531558985177075
pig_15,B2,3,B2_p3,2026-06-19 01:30:00,3,5,25.27826064752817,30.824434913096383,30.800578918127627,30.85489442312427
pig_15,B2,3,B2_p3,2026-06-19 02:00:00,3,5,25.96640433382308,30.859138902461996,30.581929805103833,30.618066140793893
pig_15,B2,3,B2_p3,2026-06-19 02:30:00,3,5,27.074580078059544,31.022090262008753,30.800955845149318,30.649891779155016
pig_15,B2,3,B2_p3,2026-06-19 03:00:00,3,5,25.631490613994544,28.88052048613665,28.82870025571009,28.915185878408508
pig_15,B2,3,B2_p3,2026-06-19 03:30:00,3,5,23.368123531263514,28.757808792799324,28.434448420495862,28.63748949777415
pig_15,B2,3,B2_p3,2026-06-19 04:00:00,3,5,25.644176674930975,27.816330550446263,27.159263503319863,27.09616091219529
pig_15,B2,3,B2_p3,2026-06-19 04:30:00,3,5,25.67059084092594,27.536326481837136,27.075627235890856,26.985790509521568
pig_15,B2,3,B2_p3,2026-06-19 05:00:00,3,5,22.847745442962154,27.083802767435593,26.399555456389677,26.266424611548118
pig_15,B2,3,B2_p3,2026-06-19 05:30:00,3,5,23.35927941904063,26.412986318331136,25.829861891749182,25.907707195995147
pig_15,B2,3,B2_p3,2026-06-19 06:00:00,3,5,25.38134150860273,32.29301305534944,31.984372967930703,31.617110969876386
pig_15,B2,3,B2_p3,2026-06-19 06:30:00,3,5,31.94533288281697,31.04810214298266,30.660869974839144,30.860346149278516
pig_15,B2,3,B2_p3,2026-06-19 07:00:00,3,5,23.25262451122842,25.721132848193044,24.978465989040565,25.209307308852743
pig_15,B2,3,B2_p3,2026-06-19 07:30:00,3,5,24.83738950932907,30.15240033011313,30.491556046737404,30.292612258199753
pig_15,B2,3,B2_p3,2026-06-19 08:00:00,3,5,37.91569931447545,37.71891140827466,36.18321994582062,35.431648613274696
pig_15,B2,3,B2_p3,2026-06-19 08:30:00,3,5,33.17250966753779,30.845334144235682,29.80564076362185,35.40706374953301
pig_15,B2,3,B2_p3,2026-06-19 09:00:00,4,5,26.30684122182188,28.565884603488428,28.482786625142612,29.135088623911386
pig_15,B2,3,B2_p3,2026-06-19 09:30:00,4,5,29.919002321889977,41.971063981454236,41.37912116082744,41.45130121491875
pig_15,B2,3,B2_p3,2026-06-19 10:00:00,4,5,35.04375507883324,29.16731064021195,28.754225131902775,29.068873289631206
pig_15,B2,3,B2_p3,2026-06-19 10:30:00,4,5,24.34197748205103,25.16154577134857,25.014409059305976,25.464877169584597
pig_15,B2,3,B2_p3,2026-06-19 11:00:00,4,5,23.779614531076515,25.72980915783859,25.662039381660165,25.838774185628242
pig_15,B2,3,B2_p3,2026-06-19 11:30:00,4,5,22.702928270425915,23.57835451428506,23.282225794250905,23.392441773353767
pig_15,B2,3,B2_p3,2026-06-19 12:00:00,4,5,22.84517454219827,24.79875396832133,24.517629014710778,24.73638689060475
pig_15,B2,3,B2_p3,2026-06-19 12:30:00,4,5,27.83080806917096,27.82423224513164,27.78240338111076,28.382287922122618
pig_15,B2,3,B2_p3,2026-06-19 13:00:00,4,5,31.070727274970885,28.418307699249034,28.015925321331295,28.175662918693497
pig_15,B2,3,B2_p3,2026-06-19 13:30:00,4,5,33.90263028602118,35.438461811359296,35.09611911519651,34.9625641737008
pig_15,B2,3,B2_p3,2026-06-19 14:00:00,4,5,36.8444214714547,30.61901772647377,30.018826741245654,30.782801857064996
pig_15,B1,5,B1_p5,2026-06-27 10:30:00,2,5,59.18703962459325,49.304434113467,50.373879039094604,50.93724515302658
pig_15,B1,5,B1_p5,2026-06-27 11:00:00,2,5,55.86357353896443,49.19981545164562,49.368168443405814,49.91125987201157
pig_15,B1,5,B1_p5,2026-06-27 11:30:00,2,5,56.2953956674545,50.16259965150914,50.35734293031841,51.44967122592157
pig_15,B1,5,B1_p5,2026-06-27 12:00:00,2,5,52.91995986955318,51.080083336498014,51.656212417274006,52.13551441201672
pig_15,B1,5,B1_p5,2026-06-27 12:30:00,2,5,58.69691999180476,54.082545761805044,54.32880757621375,54.66519640847122
pig_15,B1,5,B1_p5,2026-06-27 13:00:00,2,5,57.22260886300931,55.357079473227486,55.79629547027647,55.97055975118428
pig_15,B1,5,B1_p5,2026-06-27 13:30:00,2,5,56.791288842847194,50.315286178984515,51.18592517543167,51.082799778508544
pig_15,B1,5,B1_p5,2026-06-27 14:00:00,2,5,58.35285838712798,49.941212907764076,50.736545332412994,50.892318269579576
pig_15,B1,5,B1_p5,2026-06-27 14:30:00,2,5,64.9362685140566,56.61844015215358,57.334663748834146,58.403800843528174
pig_15,B1,5,B1_p5,2026-06-27 16:00:00,2,5,56.92811223240477,52.88001226128875,54.48812565336871,55.42837305970909
pig_15,B1,5,B1_p5,2026-06-27 16:30:00,2,5,52.47135634633551,49.329116325926975,49.96759745295491,50.22641333810009
pig_15,B1,5,B1_p5,2026-06-27 17:00:00,2,5,52.41605105000981,48.865228515470605,49.61994037374345,49.694346237276775
pig_15,B1,5,B1_p5,2026-06-27 17:30:00,2,5,52.67844470209246,50.16354396756144,50.47249932643918,51.19998209029514
pig_15,B1,5,B1_p5,2026-06-27 18:00:00,2,5,48.78134721964119,48.60041908199612,48.6718767523806,49.26055233115133
pig_15,B1,5,B1_p5,2026-06-27 18:30:00,2,5,45.38670521698082,48.308157140750815,49.5813469505036,50.36216471525783
pig_15,B1,5,B1_p5,2026-06-27 19:00:00,2,5,45.54088145588531,48.063967191424396,48.92348393217894,49.46492875797793
pig_15,B1,5,B1_p5,2026-06-27 19:30:00,2,5,45.401612107684095,47.323601246546104,48.24221514111661,48.94733480542669
pig_15,B1,5,B1_p5,2026-06-27 20:00:00,2,5,58.30002483648431,52.97488073027502,55.17123109679099,55.60478895362189
pig_15,B1,5,B1_p5,2026-06-27 20:30:00,2,5,41.98008877980314,47.115945065602666,47.35236496067366,47.168880135668736
pig_15,B1,5,B1_p5,2026-06-27 21:00:00,2,5,40.498070540859906,46.716212137460225,47.335538985143984,47.46456386077937
pig_15,B1,5,B1_p5,2026-06-27 21:30:00,2,5,43.27333213706932,46.57111014979105,47.32923087808732,47.44957400582197
pig_15,B1,5,B1_p5,2026-06-27 22:00:00,2,5,43.33186857502975,46.91829974758489,47.4554678748691,47.36045766055108
pig_15,B1,5,B1_p5,2026-06-27 22:30:00,2,5,43.01258507899934,45.61430789258786,46.59367270590449,46.80187128772622
pig_15,B1,5,B1_p5,2026-06-27 23:00:00,2,5,41.51259768052847,45.56430595116464,46.446020843519385,46.56062378183677
pig_15,B1,5,B1_p5,2026-06-27 23:30:00,2,5,39.93205371926537,46.32478149981861,47.32658544507697,46.442158647150514
pig_15,B1,5,B1_p5,2026-06-28 00:00:00,2,5,41.42964612982827,45.16282596346833,45.79994461329052,45.77173326830841
pig_15,B1,5,B1_p5,2026-06-28 00:30:00,2,5,37.2906481352857,43.38993816078398,44.18827706738038,43.813704797554564
pig_15,B1,5,B1_p5,2026-06-28 01:00:00,2,5,41.561633737666725,44.72422566874694,45.2095829227237,44.93015333588495
pig_15,B1,5,B1_p5,2026-06-28 01:30:00,2,5,43.146562982958386,43.81335284721945,44.73696176773834,44.39786821194804
pig_15,B1,5,B1_p5,2026-06-28 02:00:00,2,5,40.852004479345425,44.610650630392975,45.003890778010934,44.7629838997662
pig_15,B1,5,B1_p5,2026-06-28 02:30:00,2,5,42.30356874350795,45.298020034212534,45.850887443001255,45.43256960166585
pig_15,B1,5,B1_p5,2026-06-28 03:00:00,2,5,45.492212924694364,44.51532306178645,45.38702779583922,45.47487458629686
pig_15,B1,5,B1_p5,2026-06-28 03:30:00,2,5,39.17249322236122,43.98853222118318,44.777266125158214,44.537565219581296
pig_15,B1,5,B1_p5,2026-06-28 04:00:00,2,5,42.661917415147,46.19288084915823,47.06476029672927,47.03243415348501
pig_15,B1,5,B1_p5,2026-06-28 04:30:00,2,5,41.002857699115395,42.247393473562546,43.01715387616438,43.004864544427605
pig_15,B1,5,B1_p5,2026-06-28 05:00:00,2,5,36.302089533946294,41.86153489005628,42.5092105875224,42.36087877627678
pig_15,B1,5,B1_p5,2026-06-28 05:30:00,2,5,37.40835306550782,41.84604228131525,42.38725110667233,42.46698178529934
pig_15,B1,5,B1_p5,2026-06-28 06:00:00,2,5,36.806424037837346,41.14637598489748,41.716854554533484,41.82592876428423
pig_15,B1,5,B1_p5,2026-06-28 06:30:00,2,5,34.429804063472375,37.74314956555847,39.00443314732661,39.24481546764915
pig_15,B1,5,B1_p5,2026-06-28 07:00:00,2,5,36.808063328614715,43.59100200701606,44.2495498634374,44.35929841958824
pig_15,B1,5,B1_p5,2026-06-28 07:30:00,2,5,43.76355289753562,45.942249663352484,46.80583748087568,46.53940157649957
pig_15,B1,5,B1_p5,2026-06-28 08:00:00,2,5,39.10537287727935,43.35091875093687,44.5885357345115,43.96496157524239
pig_15,B1,5,B1_p5,2026-06-28 10:30:00,3,5,59.498081299048536,49.67010892743316,50.67544415247848,51.12173508250647
pig_15,B1,5,B1_p5,2026-06-28 11:00:00,3,5,52.24163296466266,47.86671243911733,48.93547343851871,49.0009610999045
pig_15,B1,5,B1_p5,2026-06-28 11:30:00,3,5,51.283293995533654,49.214554088873925,50.11864719708906,50.967031292983265
pig_15,B1,5,B1_p5,2026-06-28 12:00:00,3,5,53.28925367631754,50.194133070395495,51.57297840169471,52.30834090853955
pig_15,B1,5,B1_p5,2026-06-28 12:30:00,3,5,49.67407453198415,47.45482085060026,49.09880640658974,49.31194654121272
pig_15,B1,5,B1_p5,2026-06-28 13:00:00,3,5,52.068776102460944,48.23395164431763,49.65121739656317,49.98966314241515
pig_15,B1,5,B1_p5,2026-06-28 13:30:00,3,5,50.694285966761925,49.38641499174615,51.13553422103111,51.02215585459338
pig_15,B1,5,B1_p5,2026-06-28 14:00:00,3,5,54.133363727872705,50.304101904120195,51.73533657493901,51.608135111874944
pig_15,B1,5,B1_p5,2026-06-28 14:30:00,3,5,58.05686655734095,56.2072264285927,56.960022384506345,57.54505185123101
pig_15,B1,5,B1_p5,2026-06-28 16:00:00,3,5,57.309697205771734,57.76550883005166,58.21753945520251,59.87963573722641
pig_15,B1,5,B1_p5,2026-06-28 16:30:00,3,5,52.650616477637044,53.816711189111714,53.916346067059905,54.63786885712213
pig_15,B1,5,B1_p5,2026-06-28 17:00:00,3,5,53.573682917836365,49.7612473236782,50.87901004555934,51.400576447056615
pig_15,B1,5,B1_p5,2026-06-28 17:30:00,3,5,58.12572175577376,52.394783200307614,53.34345377575902,54.20630193595275
pig_15,B1,5,B1_p5,2026-06-28 18:00:00,3,5,51.85198447304337,49.71933936532089,50.164136015511346,50.514538660459294
pig_15,B1,5,B1_p5,2026-06-28 18:30:00,3,5,52.03590332904789,48.88761664518303,49.62770734399743,50.45243691486004
pig_15,B1,5,B1_p5,2026-06-28 19:00:00,3,5,51.67551366714967,49.81336768099628,50.717995657924284,51.73970936687712
pig_15,B1,5,B1_p5,2026-06-28 19:30:00,3,5,51.86142120976508,48.93088234789968,49.462192511197884,50.108856385557175
pig_15,B1,5,B1_p5,2026-06-28 20:00:00,3,5,47.69008918544088,47.652501523085164,48.5653122810232,48.69258080561394
pig_15,B1,5,B1_p5,2026-06-28 20:30:00,3,5,44.7243040478776,48.78289234876863,49.59141541424546,49.79311745349469
pig_15,B1,5,B1_p5,2026-06-28 21:00:00,3,5,45.71978644586422,43.374702867951314,44.02245104427767,44.55705282143393
pig_15,B1,5,B1_p5,2026-06-29 07:30:00,3,5,36.51806903821227,41.41210989802895,42.06977523707571,41.78976427798293
pig_15,B1,5,B1_p5,2026-06-29 08:00:00,3,5,57.01445077353304,49.92530212030776,51.2129127478808,51.31789818826034
pig_15,B1,5,B1_p5,2026-06-29 09:30:00,4,5,40.693456195549935,40.81997990660591,40.65882458043183,41.35788698707475
pig_15,B1,5,B1_p5,2026-06-29 10:00:00,4,5,45.87591721733702,45.987025046914134,45.56833615426963,46.04854431912477
pig_15,B1,5,B1_p5,2026-06-29 10:30:00,4,5,38.870946689006175,38.97343060544871,38.6806376678156,38.63958533184958
pig_15,B1,5,B1_p5,2026-06-29 11:00:00,4,5,34.673315327753315,35.28220568469089,34.79227861254407,35.03478822629907
pig_15,B1,5,B1_p5,2026-06-29 11:30:00,4,5,42.63663203584886,39.44294660505284,39.18918120349127,39.25323455015799
pig_15,B1,5,B1_p5,2026-06-29 14:30:00,4,5,52.395711877879734,45.28049945985845,45.25112147800916,44.89794242131458
pig_15,B1,5,B1_p5,2026-06-29 15:00:00,4,5,43.155585932042925,40.94705466709643,41.964145587216876,41.48796624250111
pig_15,B1,5,B1_p5,2026-06-29 16:00:00,4,5,40.18856272244405,41.517056932848696,41.18736097117562,41.20747319257848
pig_15,B1,5,B1_p5,2026-06-29 16:30:00,4,5,41.17098743391513,39.27828768864819,38.58336760471159,39.31653264598907
pig_15,B1,5,B1_p5,2026-06-29 17:00:00,4,5,38.37185719196734,37.933285863242595,38.22503191946434,37.4418017673483
pig_15,B1,5,B1_p5,2026-06-29 17:30:00,4,5,35.664920865942236,31.174330246090356,31.610141115833848,31.326372315258276
pig_15,B1,5,B1_p5,2026-06-29 18:00:00,4,5,32.82153331929264,30.998423587966897,31.129897223651618,30.500863977737247
pig_15,B1,5,B1_p5,2026-06-29 18:30:00,4,5,32.46612239371142,32.26833812089011,31.99325684469043,31.90356078243814
pig_15,B1,5,B1_p5,2026-06-29 19:00:00,4,5,33.656925332665224,31.611163394720144,31.509541884976006,31.889086593043345
pig_15,B1,5,B1_p5,2026-06-29 19:30:00,4,5,35.00059669914452,35.33135694977076,34.309696666806936,34.19145101838053
pig_15,B1,5,B1_p5,2026-06-29 20:00:00,4,5,32.31515725557469,35.86884302063684,34.66661638611078,34.30201992999186
pig_15,B1,5,B1_p5,2026-06-29 20:30:00,4,5,34.07731789358351,37.247816330598795,36.44899425924007,35.56322735698245
pig_15,B1,5,B1_p5,2026-06-29 21:00:00,4,5,35.77249251779204,38.77473916806936,37.88488635805689,37.19525602282863
pig_15,B1,5,B1_p5,2026-06-29 21:30:00,4,5,34.80565332228808,36.4556473818987,34.64972807556838,34.71381712868383
pig_15,B1,5,B1_p5,2026-06-29 22:00:00,4,5,34.85998971128435,37.368958895870485,36.963196218638416,36.48806434515596
pig_15,B1,5,B1_p5,2026-06-29 22:30:00,4,5,34.73517302563554,36.65667560785251,36.3340687331887,36.28756040692342
pig_15,B1,5,B1_p5,2026-06-29 23:00:00,4,5,33.28325476852813,37.57569036029048,36.59371221687232,36.51874700995348
pig_15,B1,5,B1_p5,2026-06-29 23:30:00,4,5,34.13114318808574,36.03854658317939,35.724748318791306,35.91335674811147
pig_15,B1,5,B1_p5,2026-06-30 00:00:00,4,5,35.688625372618596,31.6867659218833,31.519055732584718,32.19281539359277
pig_15,B1,5,B1_p5,2026-06-30 00:30:00,4,5,30.972891245234507,33.21924559747937,32.48387115314084,32.70887125331024
pig_15,B1,5,B1_p5,2026-06-30 01:00:00,4,5,34.153678219567844,32.07257925557842,31.88829108269205,32.59800999122357
pig_15,B1,5,B1_p5,2026-06-30 01:30:00,4,5,31.32295213190787,30.384366652268803,30.496219135876345,30.80728278052736
pig_15,B1,5,B1_p5,2026-06-30 02:00:00,4,5,31.075653315459846,29.363452345744186,29.524601841166714,29.84487089460564
pig_15,B1,5,B1_p5,2026-06-30 02:30:00,4,5,32.87024715515413,28.71775345216241,29.49371600917621,29.453890091975097
pig_15,B1,5,B1_p5,2026-06-30 03:00:00,4,5,30.160349588764987,28.06995973614726,28.722377653176245,29.283657459997734
pig_15,B1,5,B1_p5,2026-06-30 03:30:00,4,5,31.19250826108602,30.746121180537706,30.85270806265676,31.071314069555417
pig_15,B1,5,B1_p5,2026-06-30 04:00:00,4,5,30.996931786520406,30.664404527640986,30.802635973467744,31.46578436076112
pig_15,B1,5,B1_p5,2026-06-30 04:30:00,4,5,29.282524643098846,31.29569693910843,30.998447354854697,31.40305387184496
pig_15,B1,5,B1_p5,2026-06-30 05:00:00,4,5,30.628426237990787,31.080763228204976,30.920905830367182,30.95347139625168
pig_15,B1,5,B1_p5,2026-06-30 05:30:00,4,5,31.33186721082729,31.93727537776514,31.651428572034984,31.921240540923996
pig_15,B1,5,B1_p5,2026-06-30 06:00:00,4,5,29.71009833945845,29.51366816813436,29.886669791606536,30.16392208417043
pig_15,B1,5,B1_p5,2026-06-30 06:30:00,4,5,29.837176499385905,29.088390518267904,29.682359922346528,29.785411697682022
pig_15,B1,5,B1_p5,2026-06-30 07:00:00,4,5,34.574408914578065,31.61069748343435,31.732627178049714,32.01000049225603
pig_15,B1,5,B1_p5,2026-06-30 07:30:00,4,5,34.44672223096106,33.934022235790586,34.11291929581604,34.418784384817776
pig_16,A1,2,A1_p2,2026-06-12 09:00:00,2,4,32.49903806176964,30.064831111259913,28.073083680355865,29.580541293477566
pig_16,A1,2,A1_p2,2026-06-12 09:30:00,2,4,34.604544534322514,30.92436722627079,29.369210641178395,29.378093547818054
pig_16,A1,2,A1_p2,2026-06-12 10:00:00,2,4,35.961004633431784,33.652640876186766,30.85980934261126,32.30759763681778
pig_16,A1,2,A1_p2,2026-06-12 10:30:00,2,4,33.661458129304904,31.6456569511371,29.780830196090015,30.374178572689477
pig_16,A1,2,A1_p2,2026-06-12 11:00:00,2,4,32.172292837210684,33.03244401778695,30.908017152301134,31.25100250382583
pig_16,A1,2,A1_p2,2026-06-12 11:30:00,2,4,31.1104033028518,30.87073269373571,29.58746168110929,29.134309542510938
pig_16,A1,2,A1_p2,2026-06-12 12:00:00,2,4,31.894554751607217,31.53060403712371,30.018730615606373,30.605325719949438
pig_16,A1,2,A1_p2,2026-06-12 12:30:00,2,4,30.034765502682223,31.88077704644678,29.688410115289155,30.256401452363747
pig_16,A1,2,A1_p2,2026-06-12 13:00:00,2,4,29.227122157871438,28.623800786345562,28.654480292830875,27.83547863291766
pig_16,A1,2,A1_p2,2026-06-12 13:30:00,2,4,32.00466311416171,31.367003436225737,29.048229714955227,29.193471834109438
pig_16,A1,2,A1_p2,2026-06-12 14:30:00,2,4,33.896159198811276,36.66553143299003,34.14601526348231,36.1232494433516
pig_16,A1,2,A1_p2,2026-06-12 15:00:00,2,4,36.357175718816976,32.595096530633974,29.95915897079842,33.44489466357399
pig_16,A1,2,A1_p2,2026-06-12 15:30:00,2,4,36.07965030733368,31.47320944205464,30.741762401899813,31.886827354301673
pig_16,A1,2,A1_p2,2026-06-12 16:00:00,2,4,39.291192606178015,33.55185276554998,31.952334877246045,33.392169285188494
pig_16,A1,2,A1_p2,2026-06-12 16:30:00,2,4,36.67682855548121,33.09813557571822,30.696671106026088,31.443139226851635
pig_16,A1,2,A1_p2,2026-06-12 17:00:00,2,4,34.06303217530891,33.36845087321781,32.92183167242207,33.2210927715731
pig_16,A1,2,A1_p2,2026-06-12 17:30:00,2,4,37.94517810099052,31.61665986187461,30.188259860152538,31.506328777967877
pig_16,A1,2,A1_p2,2026-06-12 18:00:00,2,4,40.333982033024284,33.87522982072849,32.97003735579847,33.63120906598072
pig_16,A1,2,A1_p2,2026-06-12 18:30:00,2,4,30.690596719792126,29.61104324707933,29.087089935194783,31.281585491772574
pig_16,A1,2,A1_p2,2026-06-12 19:00:00,2,4,29.680271686451277,27.21897745455204,26.892403693190836,28.43553209220923
pig_16,A1,2,A1_p2,2026-06-12 19:30:00,2,4,32.10172199676938,26.21725125585209,27.823271005849627,27.227831068271477
pig_16,A1,2,A1_p2,2026-06-12 20:00:00,2,4,24.21696449043928,25.849606360167606,25.555050261710285,25.958730523093372
pig_16,A1,2,A1_p2,2026-06-12 20:30:00,2,4,24.42813352447486,28.279394009455288,28.05273994985466,28.57864308749476
pig_16,A1,2,A1_p2,2026-06-12 21:00:00,2,4,37.18778794486688,28.621177212162586,28.687898244739948,28.849747387044946
pig_16,A1,2,A1_p2,2026-06-12 21:30:00,2,4,21.933442612357737,29.92872773023803,30.106911677804387,28.592308391385522
pig_16,A1,2,A1_p2,2026-06-12 22:00:00,2,4,31.320359076092842,30.816543351678156,31.877020161097,29.590062691445283
pig_16,A1,2,A1_p2,2026-06-12 22:30:00,2,4,33.72463817645699,25.48096170364373,26.64094646332429,26.664855391363282
pig_16,A1,2,A1_p2,2026-06-12 23:00:00,2,4,20.44852671209724,28.937559926819596,27.104123397903393,28.087841249368836
pig_16,A1,2,A1_p2,2026-06-12 23:30:00,2,4,19.078924666441793,26.09091177415632,26.22645794863579,26.252159768744697
pig_16,A1,2,A1_p2,2026-06-13 00:00:00,2,4,23.74886102207702,26.980418647655213,26.33939864504042,27.64209443196458
pig_16,A1,2,A1_p2,2026-06-13 00:30:00,2,4,21.301781434778665,26.919376923429585,26.12439771484412,27.059420999355982
pig_16,A1,2,A1_p2,2026-06-13 01:00:00,2,4,27.242598624838337,30.241119371950848,28.853180702038024,29.130117924674686
pig_16,A1,2,A1_p2,2026-06-13 01:30:00,2,4,31.674794926697572,28.891697786660377,27.8872736503658,28.13608309204788
pig_16,A1,2,A1_p2,2026-06-13 02:00:00,2,4,24.232858553695472,28.038916742286517,26.850153907634173,27.174847353033893
pig_16,A1,2,A1_p2,2026-06-13 02:30:00,2,4,17.590728623151787,27.166772156840338,25.598374834767558,26.24463799412525
pig_16,A1,2,A1_p2,2026-06-13 03:00:00,2,4,18.349395268252003,27.861726187348534,26.570696516332585,26.556016451396523
pig_16,A1,2,A1_p2,2026-06-13 03:30:00,2,4,17.319473115919738,26.203078265411527,24.977445763919853,25.3703330513284
pig_16,A1,2,A1_p2,2026-06-13 04:00:00,2,4,18.117226259700743,26.464110122545215,26.899369375505174,25.498955686114574
pig_16,A1,2,A1_p2,2026-06-13 04:30:00,2,4,17.554325300056732,24.661560640148032,24.223169046019777,24.250414141222535
pig_16,A1,2,A1_p2,2026-06-13 05:00:00,2,4,16.321089739924368,25.469877966272808,24.460758950336455,23.997177465135888
pig_16,A1,2,A1_p2,2026-06-13 05:30:00,2,4,16.94668612221266,25.354250691643536,24.705032511233753,23.662488404087814
pig_16,A1,2,A1_p2,2026-06-13 06:00:00,2,4,23.18690860733262,24.162092769318996,24.873529213821264,22.9637742044154
pig_16,A1,2,A1_p2,2026-06-13 06:30:00,2,4,27.112024371706084,26.056512763071005,24.427671635937422,23.562689938330415
pig_16,A1,2,A1_p2,2026-06-13 07:00:00,2,4,26.804782331172383,26.510381833462944,26.577708179885782,24.566990397791685
pig_16,A1,2,A1_p2,2026-06-13 09:00:00,3,4,36.68200057652931,33.54489949475189,30.789749282156794,31.312121691016728
pig_16,A1,2,A1_p2,2026-06-13 09:30:00,3,4,34.92094036845491,30.656107235031676,30.108742096192188,29.416231599121172
pig_16,A1,2,A1_p2,2026-06-13 10:00:00,3,4,30.804368530339204,31.590494573567394,29.721919284051356,29.019145628633773
pig_16,A1,2,A1_p2,2026-06-13 10:30:00,3,4,31.554638117581092,30.52395233217093,30.625915313004683,29.260150751010123
pig_16,A1,2,A1_p2,2026-06-13 11:00:00,3,4,34.726716681990005,30.430980314948112,30.527349499338072,28.56003987106802
pig_16,A1,2,A1_p2,2026-06-13 11:30:00,3,4,33.57426582288863,31.319393152183245,30.339829021699174,29.103417089818592
pig_16,A1,2,A1_p2,2026-06-13 12:00:00,3,4,36.886882163505135,31.625765847257508,30.99638414686175,28.82691121397439
pig_16,A1,2,A1_p2,2026-06-13 12:30:00,3,4,33.85447425884997,30.132470713520497,30.257615502800064,28.256625960950796
pig_16,A1,2,A1_p2,2026-06-13 13:00:00,3,4,34.80353771517396,31.7035395853331,30.62229445704137,28.66218068896454
pig_16,A1,2,A1_p2,2026-06-13 13:30:00,3,4,34.607108085796774,32.31571221977812,32.055196302833146,29.645700822565253
pig_16,A1,2,A1_p2,2026-06-13 14:00:00,3,4,34.66317875686863,32.64423065351623,32.010276386255214,29.594422092423628
pig_16,A1,2,A1_p2,2026-06-13 14:30:00,3,4,57.16210301002933,37.55873494699323,36.80980474455158,36.19854028118955
pig_16,A1,2,A1_p2,2026-06-13 15:00:00,3,4,29.500000755667088,32.33903466486889,31.300503331774642,29.83717973253387
pig_16,A1,2,A1_p2,2026-06-13 15:30:00,3,4,37.67759030298955,31.888846811436707,31.32012543098019,30.47059788961991
pig_16,A1,2,A1_p2,2026-06-13 16:00:00,3,4,35.06504776701515,31.58677483519464,29.854314749737185,30.85798253725423
pig_16,A1,2,A1_p2,2026-06-13 16:30:00,3,4,36.52384113064619,30.02375833285496,30.083745557142887,27.37279622703104
pig_16,A1,2,A1_p2,2026-06-13 17:00:00,3,4,34.36401205838374,28.635278226383114,29.32717971838752,28.01328527421417
pig_16,A1,2,A1_p2,2026-06-13 17:30:00,3,4,34.737238114934826,30.30886824754452,30.002399304118146,28.810587600598282
pig_16,A1,2,A1_p2,2026-06-13 18:00:00,3,4,35.04237922852296,30.559159688401614,30.139715100846672,28.98284620896068
pig_16,A1,2,A1_p2,2026-06-13 18:30:00,3,4,38.80697844101946,30.687449989304035,30.070350841425768,30.359593585632645
pig_16,A1,2,A1_p2,2026-06-13 19:00:00,3,4,38.34881210534318,29.208136731217134,27.63408755933274,24.149778326285375
pig_16,A1,2,A1_p2,2026-06-13 19:30:00,3,4,39.416048262104894,31.101007389550162,29.552523033187423,29.668370146830426
pig_16,A1,2,A1_p2,2026-06-13 20:00:00,3,4,32.06738960896684,29.81145920075644,29.012878265012116,28.435200719499843
pig_16,A1,2,A1_p2,2026-06-13 20:30:00,3,4,30.212449477294584,28.720482549984165,28.827225215040468,27.00022507646843
pig_16,A1,2,A1_p2,2026-06-13 21:00:00,3,4,37.89138030791945,32.44447355362702,33.934695926319264,29.28412298182258
pig_16,A1,2,A1_p2,2026-06-13 21:30:00,3,4,33.53746901492359,29.700985258524412,29.613872838250046,27.623495603543496
pig_16,A1,2,A1_p2,2026-06-13 22:00:00,3,4,30.339417858013704,30.725448296896747,31.854627503073985,28.07982198668448
pig_16,A1,2,A1_p2,2026-06-13 22:30:00,3,4,27.654801833167916,28.11476383486751,28.73233798484818,26.14382568264626
pig_16,A1,2,A1_p2,2026-06-13 23:00:00,3,4,27.18026277286258,27.797439695746665,28.28527254353395,26.34183653811676
pig_16,A1,2,A1_p2,2026-06-13 23:30:00,3,4,27.294749942712023,29.226753731416395,29.845046009305193,27.133161494420385
pig_16,A1,2,A1_p2,2026-06-14 00:00:00,3,4,25.961432851459346,25.88342438586194,26.321961525659994,25.23452631266134
pig_16,A1,2,A1_p2,2026-06-14 00:30:00,3,4,26.101963020463963,25.8940400286469,27.051091044982112,25.708999083411264
pig_16,A1,2,A1_p2,2026-06-14 01:00:00,3,4,24.822581804388342,25.97858839314491,25.96389955744708,25.101863398719736
pig_16,A1,2,A1_p2,2026-06-14 01:30:00,3,4,26.239268283491953,25.502556489571923,26.25048751202916,24.019081785273595
pig_16,A1,2,A1_p2,2026-06-14 02:00:00,3,4,23.58631960489229,24.663005944262004,25.827724690638284,23.07863550139268
pig_16,A1,2,A1_p2,2026-06-14 02:30:00,3,4,25.15698720838259,26.03091332790595,26.544855938037088,26.00399438231748
pig_16,A1,2,A1_p2,2026-06-14 03:00:00,3,4,25.497054250429372,23.69000880437614,24.977920179859403,23.340997307565278
pig_16,A1,2,A1_p2,2026-06-14 03:30:00,3,4,23.816143419906776,23.646115908723534,24.33390099836796,22.689432715696434
pig_16,A1,2,A1_p2,2026-06-14 04:00:00,3,4,23.21061415247193,24.504806933089633,24.484448839447513,24.41644441160367
pig_16,A1,2,A1_p2,2026-06-14 04:30:00,3,4,24.01936957503937,27.266264127730594,27.944601184268087,26.09728628551204
pig_16,A1,2,A1_p2,2026-06-14 05:00:00,3,4,25.556332197234823,26.023635804434115,26.039941447231506,26.27243264071122
pig_16,A1,2,A1_p2,2026-06-14 05:30:00,3,4,23.7494214532409,25.564259093659345,26.912408110347698,25.47358568433984
pig_16,A1,2,A1_p2,2026-06-14 06:00:00,3,4,24.958720231467947,23.20599660578244,24.4228174246527,22.026220679719323
pig_16,A1,2,A1_p2,2026-06-14 06:30:00,3,4,26.252725797571806,22.408242980180233,24.08330832373958,22.084289968860965
pig_16,A1,2,A1_p2,2026-06-14 07:00:00,3,4,27.88888982925623,25.42002185376662,26.772125938744566,25.289835587489012
pig_16,A1,2,A1_p2,2026-06-14 15:00:00,4,4,40.60855904546047,32.34284044672799,28.912130691306423,29.18931149554687
pig_16,A1,2,A1_p2,2026-06-14 15:30:00,4,4,23.183651749121385,24.22096918517947,23.641531782826316,22.507529212729356
pig_16,A1,2,A1_p2,2026-06-14 16:00:00,4,4,21.385677648213,22.59764321338378,19.888287628781587,23.25944676759216
pig_16,A1,2,A1_p2,2026-06-14 16:30:00,4,4,28.544090416237612,30.177076130755868,28.91315764845217,30.154537361623397
pig_16,A1,2,A1_p2,2026-06-14 17:00:00,4,4,34.31073766064286,28.38839718049298,27.37235785044765,27.928094208532997
pig_16,A1,2,A1_p2,2026-06-14 17:30:00,4,4,34.408276224545844,30.616631357864183,31.37259705087188,28.457022042801974
pig_16,A1,2,A1_p2,2026-06-14 18:00:00,4,4,7.830140721066641,20.383972550248632,18.288692571203217,21.55223715079474
pig_16,A1,2,A1_p2,2026-06-14 18:30:00,4,4,17.546938401708417,30.04497488703265,27.70836892971203,28.7566290896249
pig_16,A1,2,A1_p2,2026-06-14 19:00:00,4,4,29.704386202281047,21.71888019292125,20.417013384470483,21.47349296067415
pig_16,A1,2,A1_p2,2026-06-14 19:30:00,4,4,26.677363932420462,29.668849631045443,29.145179388628257,28.755021827295142
pig_16,A1,2,A1_p2,2026-06-14 20:00:00,4,4,24.79051845537934,30.036805043552707,28.366440178226,28.1616833356903
pig_16,A1,2,A1_p2,2026-06-14 20:30:00,4,4,9.499108743341878,18.39795573879599,18.748062212741473,19.359178778246925
pig_16,A1,2,A1_p2,2026-06-14 21:00:00,4,4,11.587483979218828,18.87810275800318,18.31338599559174,19.367722021496853
pig_16,A1,2,A1_p2,2026-06-14 21:30:00,4,4,21.309245317356876,27.5896554547038,25.89025569224041,27.89520985172235
pig_16,A1,2,A1_p2,2026-06-14 22:00:00,4,4,21.711815190605694,19.06520512113826,18.00096819686646,19.02481310164906
pig_16,A1,2,A1_p2,2026-06-14 22:30:00,4,4,11.752746244648488,19.086337641637733,19.880928348061143,21.213577796604383
pig_16,A1,2,A1_p2,2026-06-14 23:00:00,4,4,12.746727596664407,18.748104919677417,17.738557387329198,18.49876040779152
pig_16,A1,2,A1_p2,2026-06-14 23:30:00,4,4,15.158532827712913,18.084014988104496,18.122810014972934,18.297617931725128
pig_16,A1,2,A1_p2,2026-06-15 00:00:00,4,4,21.708574203933637,24.75417265743856,24.090593252831788,25.81840446454011
pig_16,A1,2,A1_p2,2026-06-15 00:30:00,4,4,16.000633413559875,18.25564579419245,17.459081827040563,18.338121083170947
pig_16,A1,2,A1_p2,2026-06-15 01:00:00,4,4,15.342354618156122,20.947851608685944,21.96489461097275,21.774365581536596
pig_16,A1,2,A1_p2,2026-06-15 01:30:00,4,4,16.736984068346292,17.008953411353446,17.45768930912753,17.356760292793716
pig_16,A1,2,A1_p2,2026-06-15 02:00:00,4,4,14.045257362664108,19.58331709219367,19.137731645489385,19.263820262917637
pig_16,A1,2,A1_p2,2026-06-15 02:30:00,4,4,13.336983174942544,17.635138516069787,18.03653823249796,17.477077465236583
pig_16,A1,2,A1_p2,2026-06-15 03:00:00,4,4,13.341566423402888,18.381957539038314,17.635158352344718,18.42328155193739
pig_16,A1,2,A1_p2,2026-06-15 03:30:00,4,4,12.446822039848072,17.42632785381886,17.733938617031406,17.312990327201753
pig_16,A1,2,A1_p2,2026-06-15 04:00:00,4,4,13.840951251060432,17.288597201674733,18.249688955398902,17.709061272592958
pig_16,A1,2,A1_p2,2026-06-15 04:30:00,4,4,14.953409376410825,17.70331101411793,18.635436910286685,17.92480958949539
pig_16,A1,2,A1_p2,2026-06-15 05:00:00,4,4,16.876447671570283,17.670347760444272,17.997822176793168,17.790970018184872
pig_16,A1,2,A1_p2,2026-06-15 05:30:00,4,4,12.193373952418408,17.880816785091476,17.829726981877997,17.963997734493784
pig_16,B2,4,B2_p4,2026-06-22 09:30:00,2,4,32.088862806318474,35.70979505565461,35.149888188231756,37.6935167552848
pig_16,B2,4,B2_p4,2026-06-22 10:00:00,2,4,32.1363705940941,35.60165068772981,34.831563175706144,37.15264151575779
pig_16,B2,4,B2_p4,2026-06-22 10:30:00,2,4,37.77628557656129,37.739606617491106,36.86466315799798,39.174026606328695
pig_16,B2,4,B2_p4,2026-06-22 11:00:00,2,4,35.72136197982704,36.729935763051344,38.58825552352795,38.8001478978933
pig_16,B2,4,B2_p4,2026-06-22 11:30:00,2,4,29.539988781444002,37.087595398934624,37.74297318640128,38.2019147593457
pig_16,B2,4,B2_p4,2026-06-22 12:00:00,2,4,30.879172482372176,34.92149458530365,36.63823714409718,35.801662860900855
pig_16,B2,4,B2_p4,2026-06-22 12:30:00,2,4,29.850146117850834,33.66211526565992,34.986290355817516,34.810081013066764
pig_16,B2,4,B2_p4,2026-06-22 13:00:00,2,4,34.372584043045116,35.64050773467441,35.85348593298451,36.30272386445118
pig_16,B2,4,B2_p4,2026-06-22 13:30:00,2,4,29.1815241937165,30.284344636455177,31.037960405209432,31.970916308699444
pig_16,B2,4,B2_p4,2026-06-22 14:00:00,2,4,36.373031729531625,34.394244176518015,35.27601841259832,34.37984347979703
pig_16,B2,4,B2_p4,2026-06-22 14:30:00,2,4,36.53423159352491,38.139465639725934,38.22665696077007,41.13711792584728
pig_16,B2,4,B2_p4,2026-06-22 15:30:00,2,4,62.66666482715514,55.02005849829929,50.95487668360282,57.94789042114984
pig_16,B2,4,B2_p4,2026-06-22 16:00:00,2,4,42.04782589492418,35.10025301390571,34.065982796339284,36.83974041571065
pig_16,B2,4,B2_p4,2026-06-22 16:30:00,2,4,39.12698143104604,36.35643158766885,36.50592985402737,38.75183978956191
pig_16,B2,4,B2_p4,2026-06-22 17:00:00,2,4,41.8486320792568,39.66940952476755,42.7854966754268,41.80230920421138
pig_16,B2,4,B2_p4,2026-06-22 17:30:00,2,4,35.01713363288874,32.372832537416116,37.09739450767762,34.61205696755822
pig_16,B2,4,B2_p4,2026-06-22 18:00:00,2,4,32.66449256550936,33.17797572103391,37.47223712936213,36.078950163289164
pig_16,B2,4,B2_p4,2026-06-22 18:30:00,2,4,32.92172317339013,35.5265551532993,37.49696107999246,36.60402607404983
pig_16,B2,4,B2_p4,2026-06-22 19:00:00,2,4,43.34145921993128,35.771430582709755,36.771234065257666,36.62168158294397
pig_16,B2,4,B2_p4,2026-06-22 19:30:00,2,4,43.01805874428952,34.41397817048357,35.98951888134547,35.150037133501726
pig_16,B2,4,B2_p4,2026-06-22 20:00:00,2,4,36.40969111730312,37.62019816273498,38.74383386688114,37.89974162539847
pig_16,B2,4,B2_p4,2026-06-22 20:30:00,2,4,48.10918326796407,38.286121529319175,40.807639068560064,38.4723435055079
pig_16,B2,4,B2_p4,2026-06-22 21:00:00,2,4,34.26858973977939,35.55038747731696,37.80646236578508,37.30112948201479
pig_16,B2,4,B2_p4,2026-06-22 21:30:00,2,4,30.270347281322664,33.38267084307701,34.44166720341013,32.746704200648175
pig_16,B2,4,B2_p4,2026-06-22 22:00:00,2,4,30.871781089805186,32.643383600740215,32.72978317657295,32.289802001436726
pig_16,B2,4,B2_p4,2026-06-22 22:30:00,2,4,31.457609164267197,32.50534747777249,33.34010205914833,32.423480800003304
pig_16,B2,4,B2_p4,2026-06-22 23:00:00,2,4,32.01713859767777,32.764322382736815,33.69683102752256,31.631915751094397
pig_16,B2,4,B2_p4,2026-06-22 23:30:00,2,4,30.204595623198745,33.033928843492006,35.35524208586236,33.12489291695059
pig_16,B2,4,B2_p4,2026-06-23 00:00:00,2,4,35.491249339558784,34.223257066641,36.15611682955394,35.951992990994114
pig_16,B2,4,B2_p4,2026-06-23 00:30:00,2,4,34.05537489759355,32.43648440588616,32.486010563028046,33.39243174021109
pig_16,B2,4,B2_p4,2026-06-23 01:00:00,2,4,32.93838922188545,30.767636393273605,31.00681375549965,31.705734817557243
pig_16,B2,4,B2_p4,2026-06-23 01:30:00,2,4,32.718603919142744,30.75553990469024,32.498788324020026,31.257798070160035
pig_16,B2,4,B2_p4,2026-06-23 02:00:00,2,4,28.064863263315075,29.51184003974876,30.20264880996202,29.93994774386797
pig_16,B2,4,B2_p4,2026-06-23 02:30:00,2,4,27.898420875603918,28.361115142171833,30.199962326752754,28.971874088438728
pig_16,B2,4,B2_p4,2026-06-23 03:00:00,2,4,30.62270897920633,29.283361780132292,30.917995972349225,30.38006934032472
pig_16,B2,4,B2_p4,2026-06-23 03:30:00,2,4,27.193445028433878,28.89658858013359,29.77495094940661,30.17665203420695
pig_16,B2,4,B2_p4,2026-06-23 04:00:00,2,4,26.843257345054184,28.302330063914532,31.210903770749084,29.575266292789962
pig_16,B2,4,B2_p4,2026-06-23 04:30:00,2,4,25.99472467763143,27.29925881846217,29.273543968196314,28.28310537541421
pig_16,B2,4,B2_p4,2026-06-23 05:00:00,2,4,24.574269433260845,27.804080576885475,29.98396530724989,28.74592953532691
pig_16,B2,4,B2_p4,2026-06-23 05:30:00,2,4,26.877105484402676,24.013895176271888,27.060871858663088,24.472642893845148
pig_16,B2,4,B2_p4,2026-06-23 06:00:00,2,4,27.738521694127748,27.540270559262343,29.296038164895077,28.921917659805107
pig_16,B2,4,B2_p4,2026-06-23 06:30:00,2,4,24.230812802111195,24.019326528727518,27.314178282362562,23.671868407672548
pig_16,B2,4,B2_p4,2026-06-23 07:00:00,2,4,24.758198918375676,25.23392136675982,28.962703513274228,25.25821312222095
pig_16,B2,4,B2_p4,2026-06-23 07:30:00,2,4,28.32570335695913,31.68801764412314,30.82810908491341,32.26309516987955
pig_16,B2,4,B2_p4,2026-06-23 08:00:00,2,4,28.300150477685847,29.9254183125322,32.201458143777785,28.414232532227874
pig_16,B2,4,B2_p4,2026-06-23 09:30:00,3,4,41.82420155848706,36.992108475195955,38.023696504444395,38.75228780335803
pig_16,B2,4,B2_p4,2026-06-23 10:00:00,3,4,44.8015319514767,43.480404544677405,41.79360087601541,45.91537870917719
pig_16,B2,4,B2_p4,2026-06-23 10:30:00,3,4,37.06478985613416,37.98728668792914,39.533576929308154,38.691747604879545
pig_16,B2,4,B2_p4,2026-06-23 11:00:00,3,4,32.5500941792564,36.32937219836437,37.12575360370667,37.577138027464784
pig_16,B2,4,B2_p4,2026-06-23 11:30:00,3,4,34.86453042029049,36.72081516372766,38.70038441305196,37.91267714612069
pig_16,B2,4,B2_p4,2026-06-23 12:00:00,3,4,36.11882058492842,36.58804816971952,37.15084465768817,36.681141091558125
pig_16,B2,4,B2_p4,2026-06-23 12:30:00,3,4,34.980553973442134,36.769635126510614,36.56981868355203,36.719745125391945
pig_16,B2,4,B2_p4,2026-06-23 13:00:00,3,4,32.61146354168437,34.10150220289672,33.708869885645406,35.19001836893486
pig_16,B2,4,B2_p4,2026-06-23 13:30:00,3,4,33.67246136446632,37.93588626540597,38.75654528783963,38.119007316897864
pig_16,B2,4,B2_p4,2026-06-23 14:00:00,3,4,35.63884405142302,39.07434630653751,40.689519906490744,38.81035081318084
pig_16,B2,4,B2_p4,2026-06-23 15:00:00,3,4,47.6977694890177,54.44198143111305,53.65871783783503,58.437051958392146
pig_16,B2,4,B2_p4,2026-06-23 15:30:00,3,4,45.41094357268329,44.08485160430977,43.860157049548405,46.16253592421611
pig_16,B2,4,B2_p4,2026-06-23 16:00:00,3,4,34.574639633686104,38.93171251372901,40.410599027344325,40.09847732670716
pig_16,B2,4,B2_p4,2026-06-23 16:30:00,3,4,31.49424938335636,35.64588805120194,38.23153483178426,39.44208886935883
pig_16,B2,4,B2_p4,2026-06-23 17:00:00,3,4,33.26188936153413,34.09097902045679,34.880518923940144,37.01278666826358
pig_16,B2,4,B2_p4,2026-06-23 17:30:00,3,4,35.76930033073574,37.37999949050628,38.939279183837044,39.95791576564682
pig_16,B2,4,B2_p4,2026-06-23 18:00:00,3,4,38.84963885156779,33.2268513745041,37.7370320717938,35.81617911494829
pig_16,B2,4,B2_p4,2026-06-24 06:00:00,3,4,37.803767029336484,38.67663717554172,39.32383045488441,38.650626640032684
pig_16,B2,4,B2_p4,2026-06-24 08:00:00,3,4,42.62745271370591,33.83626532338525,36.642753700016186,32.56875425368959
pig_16,B2,4,B2_p4,2026-06-24 14:30:00,4,4,28.812186764191374,29.027315243555083,27.561016714840544,28.58893911854014
pig_16,B2,4,B2_p4,2026-06-24 15:00:00,4,4,42.19974931714361,35.24090312605812,36.14720975143968,34.59391139980886
pig_16,B2,4,B2_p4,2026-06-24 15:30:00,4,4,23.760818722277328,24.39938389174722,23.405435004034427,25.383785067935253
pig_16,B1,6,B1_p6,2026-07-02 08:30:00,2,4,69.26489061178017,51.96853035956995,51.22509335732757,54.21551019609217
pig_16,B1,6,B1_p6,2026-07-02 09:00:00,2,4,54.30542987291542,51.485163765711235,50.56756866161726,52.530120514248964
pig_16,B1,6,B1_p6,2026-07-02 09:30:00,2,4,51.46725470820296,50.703777923737064,51.50883476504495,50.42053495143189
pig_16,B1,6,B1_p6,2026-07-02 10:00:00,2,4,62.171163664918936,59.208957687343016,57.52816006632298,57.869556258672986
pig_16,B1,6,B1_p6,2026-07-02 10:30:00,2,4,52.755071154892335,54.812384838941846,53.81900609798389,53.59512841138336
pig_16,B1,6,B1_p6,2026-07-02 11:00:00,2,4,50.385010849044406,49.38833626443566,50.59954912910823,48.877004442248904
pig_16,B1,6,B1_p6,2026-07-02 14:00:00,2,4,67.76765548344372,56.74866037445446,58.47521981306068,54.83367231742568
pig_16,B1,6,B1_p6,2026-07-02 14:30:00,2,4,70.08826932387436,60.23805382156092,58.16087934833024,60.39291138161765
pig_16,B1,6,B1_p6,2026-07-02 15:30:00,2,4,78.96532878739947,66.3944983592808,61.498337354243915,68.15146836473856
pig_16,B1,6,B1_p6,2026-07-02 16:00:00,2,4,55.703254277748236,52.18988101221781,52.27351577109546,52.6436046352986
pig_16,B1,6,B1_p6,2026-07-02 16:30:00,2,4,51.84984541245082,50.759553443502725,50.810684523951956,50.72123137438696
pig_16,B1,6,B1_p6,2026-07-02 17:00:00,2,4,50.20103556408799,47.57191222471756,51.329019556343084,47.45043750673004
pig_16,B1,6,B1_p6,2026-07-02 17:30:00,2,4,50.41158315386315,47.37336533060718,49.06367552122336,48.97872967599746
pig_16,B1,6,B1_p6,2026-07-02 18:00:00,2,4,54.84390093108926,49.41793494996559,49.587302312718066,49.80451199573844
pig_16,B1,6,B1_p6,2026-07-02 18:30:00,2,4,51.249134394239334,50.42427364649516,51.65782943498941,50.37457258133004
pig_16,B1,6,B1_p6,2026-07-02 19:00:00,2,4,53.12420380421338,50.31490115896014,51.72006467784269,50.67812499065059
pig_16,B1,6,B1_p6,2026-07-02 19:30:00,2,4,52.77381221632717,51.935792045428144,52.58903548925428,51.19781806508071
pig_16,B1,6,B1_p6,2026-07-02 20:00:00,2,4,52.20034213188363,51.63283640734993,52.28359733378737,51.050009110390754
pig_16,B1,6,B1_p6,2026-07-02 20:30:00,2,4,52.21343738853888,52.16027523448328,52.43415797355049,51.97994029789761
pig_16,B1,6,B1_p6,2026-07-02 21:00:00,2,4,50.01942186634969,49.630429350011525,49.86744893879339,50.5084687392666
pig_16,B1,6,B1_p6,2026-07-02 21:30:00,2,4,52.4792274727949,50.0630679933601,49.638251973825675,49.86994994073287
pig_16,B1,6,B1_p6,2026-07-02 22:00:00,2,4,50.004549527538906,46.899115089167594,47.60981112380291,47.87107667021265
pig_16,B1,6,B1_p6,2026-07-02 22:30:00,2,4,50.495581280467476,44.12329729283079,48.01834280208388,43.23301524248507
pig_16,B1,6,B1_p6,2026-07-02 23:00:00,2,4,52.02836713532854,48.45769603884635,48.642528497769064,48.18862371549561
pig_16,B1,6,B1_p6,2026-07-02 23:30:00,2,4,46.55522224242828,47.57899694844964,46.475462925859006,47.187498954701404
pig_16,B1,6,B1_p6,2026-07-03 00:00:00,2,4,54.51450667290919,45.206385349932596,46.05170566172443,45.44951966288514
pig_16,B1,6,B1_p6,2026-07-03 00:30:00,2,4,46.99650231607153,44.94434020826332,44.1176205896041,45.54206557778073
pig_16,B1,6,B1_p6,2026-07-03 01:00:00,2,4,49.374241581143025,47.531836799187815,45.95699227804351,47.29058464264386
pig_16,B1,6,B1_p6,2026-07-03 01:30:00,2,4,51.089413034448796,44.18575952260065,46.10487151835526,43.637718620345964
pig_16,B1,6,B1_p6,2026-07-03 02:00:00,2,4,48.34888353340659,45.232307990566376,44.186081197168036,46.281451767540084
pig_16,B1,6,B1_p6,2026-07-03 02:30:00,2,4,49.10766428212008,45.53616590396289,44.91306625178946,45.51777993202943
pig_16,B1,6,B1_p6,2026-07-03 03:00:00,2,4,45.58379287133887,45.24024022139805,43.674544890779394,43.53543525887921
pig_16,B1,6,B1_p6,2026-07-03 03:30:00,2,4,43.658821646519336,43.32998377958101,44.30185155208774,43.67426607494545
pig_16,B1,6,B1_p6,2026-07-03 04:00:00,2,4,45.285875673604416,43.20782645906069,44.27767249736354,42.45876956568664
pig_16,B1,6,B1_p6,2026-07-03 04:30:00,2,4,43.8299009905062,42.07675909506594,42.85933495200742,40.938645302922545
pig_16,B1,6,B1_p6,2026-07-03 05:00:00,2,4,42.17000938587053,40.472994167950596,42.60460655598005,38.69290111313488
pig_16,B1,6,B1_p6,2026-07-03 07:30:00,2,4,37.82409220276787,36.9505473795288,41.19512436247264,35.563703807370636
pig_16,B1,6,B1_p6,2026-07-03 09:30:00,3,4,62.129012237288904,55.889013117944785,53.61398799879447,56.02590337100498
pig_16,B1,6,B1_p6,2026-07-03 10:00:00,3,4,59.36702497558143,55.31886294195536,53.76793194815615,56.31231305897066
pig_16,B1,6,B1_p6,2026-07-03 10:30:00,3,4,54.30334104079831,53.28804228072991,54.96911197111061,51.95080278799221
pig_16,B1,6,B1_p6,2026-07-03 11:00:00,3,4,51.31917933896882,52.03077953812813,52.58161634353928,51.747433390507574
pig_16,B1,6,B1_p6,2026-07-03 11:30:00,3,4,51.97526964419666,47.42592339444616,51.279540318167605,46.16493271597919
pig_16,B1,6,B1_p6,2026-07-03 12:00:00,3,4,54.71778551341226,51.24795691591955,52.43893330447395,51.397890909440626
pig_16,B1,6,B1_p6,2026-07-03 12:30:00,3,4,52.800201445894956,51.81274954030397,52.57836328620719,51.118773627649254
pig_16,B1,6,B1_p6,2026-07-03 13:00:00,3,4,62.70542640758444,55.23060938299052,58.388379169708216,53.7876981813547
pig_16,B1,6,B1_p6,2026-07-03 13:30:00,3,4,61.08822317385305,55.05370998445659,57.636115105871326,53.118812313298555
pig_16,B1,6,B1_p6,2026-07-03 14:00:00,3,4,63.87288155795913,62.43655461315271,61.6531478727039,60.7173777710766
pig_16,B1,6,B1_p6,2026-07-03 14:30:00,3,4,70.66553018297517,63.19444661170695,62.76217818008177,63.353304679125806
pig_16,B1,6,B1_p6,2026-07-03 15:00:00,3,4,77.44474758201338,53.223025159286976,62.33586598953517,57.210496116895996
pig_16,B1,6,B1_p6,2026-07-03 15:30:00,3,4,82.61684528295349,64.79610255098757,65.05619884916938,69.23229818685124
pig_16,B1,6,B1_p6,2026-07-03 16:00:00,3,4,75.25144151903683,57.61317542416579,56.03528322683373,58.385660416284225
pig_16,B1,6,B1_p6,2026-07-03 16:30:00,3,4,50.74313728063288,50.13779932075009,53.08842213829119,50.28689268330799
pig_16,B1,6,B1_p6,2026-07-03 17:00:00,3,4,63.092330439021836,58.61657336389932,59.26133438368226,59.09197524812707
pig_16,B1,6,B1_p6,2026-07-03 17:30:00,3,4,49.83981181543612,48.964673639689806,52.22029484584415,49.53690230637649
pig_16,B1,6,B1_p6,2026-07-03 18:00:00,3,4,51.57701780753886,51.2482962664196,52.75373824415129,50.77942981561954
pig_16,B1,6,B1_p6,2026-07-03 18:30:00,3,4,64.70712997341496,52.18057426734392,54.79322089145438,52.25176192302288
pig_16,B1,6,B1_p6,2026-07-03 19:00:00,3,4,57.8058656043513,53.47281018742675,55.77170045100806,53.043064176847636
pig_16,B1,6,B1_p6,2026-07-03 19:30:00,3,4,54.5196744552197,50.29519256514632,52.22742241924496,50.44625721417124
pig_16,B1,6,B1_p6,2026-07-03 20:00:00,3,4,61.838815666586164,52.89720588402142,54.03231888597109,52.379786709116374
pig_16,B1,6,B1_p6,2026-07-03 20:30:00,3,4,50.81003100223947,50.93776103411596,51.65239641431839,51.23434147154151
pig_16,B1,6,B1_p6,2026-07-03 21:00:00,3,4,50.8316080447283,45.94837739189264,49.306415388712765,46.63169625425641
pig_16,B1,6,B1_p6,2026-07-03 21:30:00,3,4,47.952693211109306,50.852935926682534,51.94097114545782,51.669458510398925
pig_16,B1,6,B1_p6,2026-07-03 22:00:00,3,4,50.2816506101922,48.79954138185299,50.64162183055756,50.043709753923444
pig_16,B1,6,B1_p6,2026-07-03 22:30:00,3,4,48.77334128560502,48.741065133328725,49.91622367217005,49.64881493165541
pig_16,B1,6,B1_p6,2026-07-03 23:00:00,3,4,55.44234218059589,53.50300857000741,54.92652320854863,54.077129929630686
pig_16,B1,6,B1_p6,2026-07-03 23:30:00,3,4,46.220694212906224,45.69102426013879,48.68095866921618,46.81325540622103
pig_16,B1,6,B1_p6,2026-07-04 00:00:00,3,4,47.08405047242801,47.41039848773074,47.29025891738908,48.71172520012267
pig_16,B1,6,B1_p6,2026-07-04 00:30:00,3,4,51.55646286105586,48.043459873727755,48.820310267662975,48.51973028323148
pig_16,B1,6,B1_p6,2026-07-04 01:00:00,3,4,46.51694253513578,43.66672254237222,46.25328500641913,42.053934811069766
pig_16,B1,6,B1_p6,2026-07-04 01:30:00,3,4,47.133673759357066,48.69647620346031,47.5806034298449,48.98633894367667
pig_16,B1,6,B1_p6,2026-07-04 02:00:00,3,4,53.17527530493952,45.20368374716929,46.6049160965424,48.91485020192078
pig_16,B1,6,B1_p6,2026-07-04 02:30:00,3,4,45.9334326912064,46.77347620423684,47.2194532437529,46.59530925875777
pig_16,B1,6,B1_p6,2026-07-04 03:00:00,3,4,45.61982032367875,47.14599239234439,47.725057915230515,48.45081260319667
pig_16,B1,6,B1_p6,2026-07-04 03:30:00,3,4,48.997686600376554,43.434272838286915,46.201408799534924,41.40138499525137
pig_16,B1,6,B1_p6,2026-07-04 04:00:00,3,4,48.007599481729955,46.16087951477192,46.26921856090384,46.457729288020985
pig_16,B1,6,B1_p6,2026-07-04 04:30:00,3,4,43.16119111994852,44.67816866096551,45.875074363433114,45.12059460775234
pig_16,B1,6,B1_p6,2026-07-04 05:00:00,3,4,45.893779287767295,44.38350100386283,45.590278084436946,43.43330419739651
pig_16,B1,6,B1_p6,2026-07-04 05:30:00,3,4,42.35308654401049,39.70885248610548,43.75390814008801,38.16847728685657
pig_16,B1,6,B1_p6,2026-07-04 06:00:00,3,4,39.90682181480671,44.10969574911768,43.85016698394763,44.812353794918366
pig_16,B1,6,B1_p6,2026-07-04 06:30:00,3,4,50.85610267246237,47.120707430348354,48.3215947445435,47.47932996503963
pig_16,B1,6,B1_p6,2026-07-04 07:00:00,3,4,42.577273886649444,39.4220162892415,43.10911760850299,38.13519126378115
pig_16,B1,6,B1_p6,2026-07-04 07:30:00,3,4,39.679176661923776,40.362142335895676,43.2243842831182,39.5263113454594
pig_16,B1,6,B1_p6,2026-07-04 10:00:00,4,4,33.53593787288672,36.78744021006347,36.53510178484577,37.23958236725557
pig_16,B1,6,B1_p6,2026-07-04 10:30:00,4,4,37.518590466000205,40.614387700406624,40.50554300868508,42.56520845189081
pig_16,B1,6,B1_p6,2026-07-04 11:00:00,4,4,32.05844884298822,36.648725213143564,36.27885578899078,36.697726996008306
pig_16,B1,6,B1_p6,2026-07-04 11:30:00,4,4,35.39834454384439,40.56062809147811,40.24612352859361,42.213699056129826
pig_16,B1,6,B1_p6,2026-07-04 12:00:00,4,4,32.22761924602678,37.218148632649395,35.861689886229826,36.38063954140804
pig_16,B1,6,B1_p6,2026-07-04 12:30:00,4,4,51.90138453489578,50.702366246875016,49.553203403961405,51.32317693368992
pig_16,B1,6,B1_p6,2026-07-04 13:00:00,4,4,40.47222742679854,41.83131048714507,42.74751170824766,42.771324910476565
pig_16,B1,6,B1_p6,2026-07-04 13:30:00,4,4,43.1885834459573,49.93897363997379,49.651838660677925,49.20253936879571
pig_16,B1,6,B1_p6,2026-07-04 14:00:00,4,4,38.296795751445906,40.25290028243931,42.927341374853455,41.984554929513656
pig_16,B1,6,B1_p6,2026-07-04 14:30:00,4,4,43.48216575972127,46.027199101984614,45.328268501178634,48.52966662530448
pig_16,B1,6,B1_p6,2026-07-04 15:00:00,4,4,35.94706672404092,41.545108494097505,45.87390790774549,42.19969535751852
pig_16,B1,6,B1_p6,2026-07-04 15:30:00,4,4,37.67000855343118,37.26836993552929,37.514326317760975,37.65534047058539
pig_16,B1,6,B1_p6,2026-07-04 16:00:00,4,4,33.42494139577174,33.91536672130407,34.57389932527686,33.614412553050386
pig_16,B1,6,B1_p6,2026-07-04 16:30:00,4,4,41.82982889960137,47.05554807246549,44.87824850806044,47.12072856021993
pig_16,B1,6,B1_p6,2026-07-04 17:00:00,4,4,53.85598596346918,45.79456183163167,46.63030350041011,44.78712673055015
pig_16,B1,6,B1_p6,2026-07-04 19:00:00,4,4,34.82714282676993,33.76571848648499,34.3244872477255,31.7325225561044
pig_16,B1,6,B1_p6,2026-07-04 19:30:00,4,4,30.765069822693746,32.435524216710334,33.187453255690116,30.061848601917003
pig_16,B1,6,B1_p6,2026-07-04 20:00:00,4,4,32.764412872208396,32.723114318320924,33.99260503720424,30.078380428689442
pig_16,B1,6,B1_p6,2026-07-04 20:30:00,4,4,30.741685436344707,32.43507151977636,33.36690674633624,30.193042385734433
pig_16,B1,6,B1_p6,2026-07-04 21:00:00,4,4,32.49963718001569,31.960611478893476,33.373751171623425,30.034386806306955
pig_16,B1,6,B1_p6,2026-07-04 21:30:00,4,4,29.72850336362513,31.55928964730675,33.42228297373391,29.618585298099113
pig_16,B1,6,B1_p6,2026-07-04 22:00:00,4,4,30.889103133377326,32.1116484374424,33.48766922626948,30.525306917200307
pig_16,B1,6,B1_p6,2026-07-04 22:30:00,4,4,30.47647586670538,31.432270252291083,33.13921463017873,29.841097062596475
pig_16,B1,6,B1_p6,2026-07-04 23:00:00,4,4,36.565499551939375,38.015456774819924,38.682928666148996,38.62953410339469
pig_16,B1,6,B1_p6,2026-07-04 23:30:00,4,4,34.52602870152913,32.84022946481842,35.33128249808132,31.900874403163108
pig_16,B1,6,B1_p6,2026-07-05 00:00:00,4,4,29.23604282026266,30.926786216471566,32.88074992084866,29.651462577057146
pig_16,B1,6,B1_p6,2026-07-05 00:30:00,4,4,31.617471544728673,32.931069725796654,36.08657545057979,32.11772911133968
pig_16,B1,6,B1_p6,2026-07-05 01:00:00,4,4,31.3930552649354,31.153297688088283,32.56805102114725,30.092648960224775
pig_16,B1,6,B1_p6,2026-07-05 01:30:00,4,4,28.56572075222278,30.947665019001334,32.5447155692672,29.976760416981037
pig_16,B1,6,B1_p6,2026-07-05 02:00:00,4,4,33.54942497596823,32.33161020066184,34.30334861944205,31.013967401476453
pig_16,B1,6,B1_p6,2026-07-05 02:30:00,4,4,30.695242357589485,31.099491743927352,32.04467579786858,30.08232544267336
pig_16,B1,6,B1_p6,2026-07-05 03:00:00,4,4,31.01653559650574,31.385347738870326,32.86407514061526,30.577609092641858
pig_16,B1,6,B1_p6,2026-07-05 03:30:00,4,4,32.11760331564306,30.597263469621296,33.461234952869006,29.767084904433727
pig_16,B1,6,B1_p6,2026-07-05 04:00:00,4,4,30.85008301483742,30.913718864188876,33.553490499547976,30.087968004283617
pig_16,B1,6,B1_p6,2026-07-05 04:30:00,4,4,30.69101852783291,30.198888565571835,32.86290748252054,28.82132080390174
pig_16,B1,6,B1_p6,2026-07-05 05:00:00,4,4,28.946417221374993,30.560786180187353,32.71980793809249,29.09884821041628
pig_16,B1,6,B1_p6,2026-07-05 05:30:00,4,4,29.50454302566476,30.11348325575259,32.274759549602436,28.605345324420497
pig_16,B1,6,B1_p6,2026-07-05 06:00:00,4,4,29.25814478195781,30.41319530478143,32.56899550551549,28.805022678365052
pig_16,B1,6,B1_p6,2026-07-05 06:30:00,4,4,28.816509032363733,30.16757584283003,32.466019262030244,29.04208650186501
pig_16,B1,6,B1_p6,2026-07-05 07:00:00,4,4,30.17672939093633,30.921517494759705,32.34431316251559,30.976758077788496
pig_16,B1,6,B1_p6,2026-07-05 07:30:00,4,4,28.843207649652165,31.398591796450845,32.97488491509205,31.279186756460682
pig_17,A1,7,A1_p7,2026-07-07 09:00:00,2,4,72.75327319296099,44.38575791083399,42.97452020617829,49.11687003651236
pig_17,A1,7,A1_p7,2026-07-07 09:30:00,2,4,55.9783887949785,38.16196430075136,37.516682647642,38.67348334230453
pig_17,A1,7,A1_p7,2026-07-07 10:00:00,2,4,41.72705765903681,35.50822422378699,35.03483782650859,36.96776801527549
pig_17,A1,7,A1_p7,2026-07-07 10:30:00,2,4,44.11502222073929,34.486951340663765,34.68138154319184,35.60263579558559
pig_17,A1,7,A1_p7,2026-07-07 11:00:00,2,4,34.11536362184497,34.61818839931276,34.63251985790189,36.75918438041745
pig_17,A1,7,A1_p7,2026-07-07 11:30:00,2,4,39.960198046338974,33.322239998018375,34.57915955550477,33.95872025692974
pig_17,A1,7,A1_p7,2026-07-07 12:00:00,2,4,27.154678261185847,39.71536293404217,41.22182038500775,40.87287413077427
pig_17,A1,7,A1_p7,2026-07-07 12:30:00,2,4,43.14995764851231,33.52558746318587,34.904173133187875,35.95302162167333
pig_17,A1,7,A1_p7,2026-07-07 13:00:00,2,4,44.1464008772219,30.547269821674384,32.15535209529061,33.21622821213246
pig_17,A1,7,A1_p7,2026-07-07 13:30:00,2,4,26.26427715019502,36.13514110056354,38.188440428167056,38.55514295705684
pig_17,A1,7,A1_p7,2026-07-07 14:00:00,2,4,60.11047113978722,44.453134140632194,44.79397637742595,43.80398928562636
pig_17,A1,7,A1_p7,2026-07-07 14:30:00,2,4,43.31364702386006,45.25784368427814,44.931065509001236,46.92914818418154
pig_17,A1,7,A1_p7,2026-07-07 15:00:00,2,4,44.328831225529086,46.88803976726568,45.15423056274453,48.722326467774224
pig_17,A1,7,A1_p7,2026-07-07 16:30:00,2,4,35.55520937477332,39.70796348716044,38.25633684183604,40.617913334662404
pig_17,A1,7,A1_p7,2026-07-07 17:00:00,2,4,36.18620516094352,39.12215012798324,37.78617672718432,39.51255001459556
pig_17,A1,7,A1_p7,2026-07-07 17:30:00,2,4,35.363853598621084,35.70725329511381,36.07076559307701,36.33879089674541
pig_17,A1,7,A1_p7,2026-07-07 18:00:00,2,4,32.78456355826988,35.5357958137759,36.10582764140671,37.03265328053948
pig_17,A1,7,A1_p7,2026-07-07 18:30:00,2,4,31.245265175745075,34.61230766174167,35.40447207686458,36.0934912447825
pig_17,A1,7,A1_p7,2026-07-07 19:00:00,2,4,31.22687741057391,33.144957894753404,33.93345433993768,33.65912888581963
pig_17,A1,7,A1_p7,2026-07-07 19:30:00,2,4,31.850622261069926,31.69084896336495,32.78624931335309,32.04286029244871
pig_17,A1,7,A1_p7,2026-07-07 20:00:00,2,4,32.06064802380063,31.378668725887785,32.11472692671208,31.69466147763064
pig_17,A1,7,A1_p7,2026-07-07 20:30:00,2,4,34.412405887677835,33.046545545864504,33.1109861420928,33.37131910086249
pig_17,A1,7,A1_p7,2026-07-07 21:00:00,2,4,33.29037410985333,33.076159286389135,32.986752943418495,29.373389083955285
pig_17,A1,7,A1_p7,2026-07-07 21:30:00,2,4,33.146079816810364,33.43815404191044,33.52943443271241,32.889569671471975
pig_17,A1,7,A1_p7,2026-07-07 22:00:00,2,4,31.936393697045503,32.25102041837694,32.16438037421136,30.423636552945418
pig_17,A1,7,A1_p7,2026-07-07 22:30:00,2,4,29.847056777672883,31.366504269899927,32.27990581029812,30.28502269768321
pig_17,A1,7,A1_p7,2026-07-07 23:00:00,2,4,30.433717239955552,32.59905421589456,32.563976541680624,31.828703329569386
pig_17,A1,7,A1_p7,2026-07-07 23:30:00,2,4,29.922798147918556,30.726954529913375,31.864627889536234,28.959684098421565
pig_17,A1,7,A1_p7,2026-07-08 00:00:00,2,4,28.262838764508096,30.610911910734167,31.658566871519866,29.651634917907423
pig_17,A1,7,A1_p7,2026-07-08 00:30:00,2,4,28.606363651271288,31.35785145720471,31.442432650035073,31.65714350249317
pig_17,A1,7,A1_p7,2026-07-08 01:00:00,2,4,28.192590810207342,28.115303832561146,30.229298995248925,26.840888294579106
pig_17,A1,7,A1_p7,2026-07-08 01:30:00,2,4,29.648707410809276,30.39832049110754,31.158153655596294,29.42839966551034
pig_17,A1,7,A1_p7,2026-07-08 02:00:00,2,4,28.06376246646251,30.08347765315918,30.60637645312537,29.71457966506032
pig_17,A1,7,A1_p7,2026-07-08 02:30:00,2,4,27.39144102064695,29.11360425266807,28.68280731348549,29.29422379715176
pig_17,A1,7,A1_p7,2026-07-08 03:00:00,2,4,27.12769320757109,28.310184632563164,27.78086142722723,28.321663371197392
pig_17,A1,7,A1_p7,2026-07-08 03:30:00,2,4,27.637365550368564,26.233403418862157,25.570262951567905,27.107835643155852
pig_17,A1,7,A1_p7,2026-07-08 04:00:00,2,4,25.425109001047947,26.26071130792122,26.70489270612192,26.159206724054894
pig_17,A1,7,A1_p7,2026-07-08 04:30:00,2,4,25.84212346870256,25.022676269007643,27.31230928688514,24.246622744934278
pig_17,A1,7,A1_p7,2026-07-08 05:00:00,2,4,25.00118998654498,25.846988516773415,26.91109259534047,25.465211870608556
pig_17,A1,7,A1_p7,2026-07-08 05:30:00,2,4,25.742863302996632,26.718232472951954,28.096581717009165,26.348387058267996
pig_17,A1,7,A1_p7,2026-07-08 06:00:00,2,4,24.645366015130882,24.37485397980005,24.911682872030184,24.769997821117286
pig_17,A1,7,A1_p7,2026-07-08 06:30:00,2,4,27.33802174873933,28.74270162721305,29.897410221711322,29.44462202713409
pig_17,A1,7,A1_p7,2026-07-08 07:00:00,2,4,25.239642653328655,27.53328050789343,28.039363150829168,28.752675349302017
pig_17,A1,7,A1_p7,2026-07-08 07:30:00,2,4,33.824973000976996,38.76637149830058,38.84493036713544,35.705119594475306
pig_17,A1,7,A1_p7,2026-07-08 08:00:00,2,4,39.96341270192461,52.81626303984524,52.40073803955248,51.97336419598384
pig_17,A1,7,A1_p7,2026-07-08 09:30:00,3,4,35.990514233458924,37.06821466936799,37.9450476480787,38.87784704135374
pig_17,A1,7,A1_p7,2026-07-08 10:00:00,3,4,36.77607140510967,36.15087884447473,36.40829994254229,37.40310166895169
pig_17,A1,7,A1_p7,2026-07-08 10:30:00,3,4,34.72589641741666,34.42654915602677,35.03567232318554,36.6407669918527
pig_17,A1,7,A1_p7,2026-07-08 11:00:00,3,4,34.29672475537033,33.85295008078068,35.12824943815984,36.43285173289995
pig_17,A1,7,A1_p7,2026-07-08 11:30:00,3,4,32.24775862029111,31.84021128937955,34.424784317659565,34.58890680251959
pig_17,A1,7,A1_p7,2026-07-08 12:00:00,3,4,31.31561242636075,30.315401344841447,32.834456001926874,32.7694715709557
pig_17,A1,7,A1_p7,2026-07-08 12:30:00,3,4,34.09206863247867,34.25846885114406,35.80681570620577,35.95001935878038
pig_17,A1,7,A1_p7,2026-07-08 13:00:00,3,4,50.21178247405524,45.645497609547064,45.501175322371246,44.26629981497897
pig_17,A1,7,A1_p7,2026-07-08 13:30:00,3,4,34.82959750289977,34.75447712735431,37.68499032510743,37.71121089076816
pig_17,A1,7,A1_p7,2026-07-08 14:00:00,3,4,38.87196473455256,36.982043978070074,39.71086665473426,39.0748445034698
pig_17,A1,7,A1_p7,2026-07-08 14:30:00,3,4,31.77556732897153,46.74048048650421,44.85369408513392,47.86285937667361
pig_17,A1,7,A1_p7,2026-07-08 15:30:00,3,4,45.333825167130335,43.83557930482025,42.23341649626407,45.483704158823855
pig_17,A1,7,A1_p7,2026-07-08 16:00:00,3,4,39.05262957363129,37.56648928636287,37.9863396616672,39.6497735667827
pig_17,A1,7,A1_p7,2026-07-08 16:30:00,3,4,37.557721262493594,36.295446679107144,37.27002008641257,37.20357883628898
pig_17,A1,7,A1_p7,2026-07-08 17:00:00,3,4,39.64466097432047,39.45328495588819,41.525663539078735,41.15492722974512
pig_17,A1,7,A1_p7,2026-07-08 17:30:00,3,4,33.931830265745624,32.41599659088809,35.455796713290454,35.17550621924573
pig_17,A1,7,A1_p7,2026-07-08 18:00:00,3,4,36.13161591872128,34.46644899733881,34.219844019663626,36.670950847422944
pig_17,A1,7,A1_p7,2026-07-08 18:30:00,3,4,39.41867929382877,35.454308512121635,35.68452065001564,36.651415467040934
pig_17,A1,7,A1_p7,2026-07-08 19:00:00,3,4,35.53785897151597,33.36777522683562,34.51341154142931,34.297398267464516
pig_17,A1,7,A1_p7,2026-07-08 19:30:00,3,4,35.865922246211234,33.63221298529678,34.1826204346748,33.87175251710264
pig_17,A1,7,A1_p7,2026-07-08 20:00:00,3,4,35.012172130533,32.89621244103693,33.51966104741907,32.97037882108383
pig_17,A1,7,A1_p7,2026-07-08 20:30:00,3,4,32.27077695969573,33.060361537600386,32.9949949750923,33.14178103958446
pig_17,A1,7,A1_p7,2026-07-08 21:00:00,3,4,33.75137579130257,32.07960484837386,32.896646805136406,31.708519706246285
pig_17,A1,7,A1_p7,2026-07-08 21:30:00,3,4,34.55306655336817,31.490917225694425,32.28323013250782,31.466063668051333
pig_17,A1,7,A1_p7,2026-07-08 22:00:00,3,4,35.039968572553896,31.948732705696585,32.29503672997427,31.405451103698717
pig_17,A1,7,A1_p7,2026-07-08 22:30:00,3,4,36.70945141521491,32.64051647542601,33.608171755257594,31.383424485486636
pig_17,A1,7,A1_p7,2026-07-08 23:00:00,3,4,31.97530933477493,29.271393495318392,30.873706164427084,28.032580488882296
pig_17,A1,7,A1_p7,2026-07-08 23:30:00,3,4,32.997845337949315,29.279746591288223,31.283267772502846,28.251501010645146
pig_17,A1,7,A1_p7,2026-07-09 00:00:00,3,4,32.181298149661785,29.118298442657654,30.13892082327373,30.460948433561356
pig_17,A1,7,A1_p7,2026-07-09 00:30:00,3,4,29.057980796944683,26.756316240300833,28.897064697793404,27.68147610047221
pig_17,A1,7,A1_p7,2026-07-09 01:00:00,3,4,30.779874160692266,27.843380657855068,29.49092645204618,27.340721859993806
pig_17,A1,7,A1_p7,2026-07-09 01:30:00,3,4,30.33301514947225,28.784539057681464,29.6721602986785,28.79946126246104
pig_17,A1,7,A1_p7,2026-07-09 02:00:00,3,4,32.913787159872214,30.720774397299387,31.534212867085195,30.283996218549724
pig_17,A1,7,A1_p7,2026-07-09 02:30:00,3,4,29.933408620614614,28.98850731329277,29.34239631842786,29.300111458844164
pig_17,A1,7,A1_p7,2026-07-09 03:00:00,3,4,26.889109619983145,26.559723009413787,27.135276154459593,26.660622833610184
pig_17,A1,7,A1_p7,2026-07-09 03:30:00,3,4,28.804891635635286,26.214587565798034,27.85425209107084,26.590243396153014
pig_17,A1,7,A1_p7,2026-07-09 04:00:00,3,4,28.262206637351536,25.20560049471606,28.45705651817729,24.853616209072225
pig_17,A1,7,A1_p7,2026-07-09 04:30:00,3,4,28.93202197700095,25.934128785399963,26.423729458299007,25.649160702661305
pig_17,A1,7,A1_p7,2026-07-09 05:00:00,3,4,31.13440246522139,30.413316565103052,30.748955924485045,29.981490052280833
pig_17,A1,7,A1_p7,2026-07-09 05:30:00,3,4,30.11823951060203,30.472288705925695,31.567885350157546,31.32894534920841
pig_17,A1,7,A1_p7,2026-07-09 06:00:00,3,4,25.833756853589627,25.209805645803623,27.698985148988235,25.003301641112714
pig_17,A1,7,A1_p7,2026-07-09 06:30:00,3,4,27.75054524705996,27.57205363328711,29.82881858080889,28.93225009242161
pig_17,A1,7,A1_p7,2026-07-09 07:00:00,3,4,24.35576346041865,25.122606513405394,26.169955935499026,25.137367322150624
pig_17,A1,7,A1_p7,2026-07-09 07:30:00,3,4,27.354736181483748,30.725606356312902,33.1641190872684,29.522872372326027
pig_17,A1,7,A1_p7,2026-07-09 08:00:00,3,4,44.52124309597915,41.27797833707771,43.99738554550393,41.40179597237438
pig_17,A1,7,A1_p7,2026-07-09 09:30:00,4,4,28.376864916686674,31.687769063584774,31.528129245660267,30.814647513833677
pig_17,A1,7,A1_p7,2026-07-09 10:00:00,4,4,29.092196790600102,31.96528245660115,30.662770498713805,31.15696196144799
pig_17,A1,7,A1_p7,2026-07-09 10:30:00,4,4,24.568150548130426,25.889838916723882,25.66339382765476,26.034418580274995
pig_17,A1,7,A1_p7,2026-07-09 11:00:00,4,4,29.746095397095296,32.58919959409337,31.951639854251646,31.10415000264988
pig_17,A1,7,A1_p7,2026-07-09 11:30:00,4,4,31.632938735503743,30.707724687035984,30.618074936310407,29.525817770263394
pig_17,A1,7,A1_p7,2026-07-09 12:00:00,4,4,29.521298956529947,29.229286608873736,30.310300299256383,27.49706773441165
pig_17,A1,7,A1_p7,2026-07-09 12:30:00,4,4,34.78907931730518,34.37112455685054,34.140112590991464,31.678225574321964
pig_17,A1,7,A1_p7,2026-07-09 13:00:00,4,4,36.25522081947637,38.48726296358875,36.323205035292176,36.00366711471037
pig_17,A1,7,A1_p7,2026-07-09 13:30:00,4,4,35.450140171627154,37.48573961822909,35.5393560289343,35.94942714622141
pig_17,A1,7,A1_p7,2026-07-09 14:00:00,4,4,38.222000131554076,39.376527415142576,36.466310775202615,39.22774140636002
pig_17,A1,7,A1_p7,2026-07-09 14:30:00,4,4,38.12686339972196,40.65201469809695,36.35231594398648,38.43868486786093
pig_17,A1,7,A1_p7,2026-07-09 15:00:00,4,4,30.651106682193753,37.71933238337033,34.48214408310322,37.37838731706483
pig_17,A1,7,A1_p7,2026-07-09 15:30:00,4,4,27.198554492950443,33.7988957877254,32.011193211276684,33.762411783543286
pig_17,A1,7,A1_p7,2026-07-09 16:00:00,4,4,55.125690658552514,37.19745440234842,36.070674832349496,34.33570240116588
pig_17,A1,7,A1_p7,2026-07-09 16:30:00,4,4,29.067353023563157,30.743997027494125,30.918615392740673,29.791142478443977
pig_17,A1,7,A1_p7,2026-07-09 17:00:00,4,4,28.317171198402306,32.638224368347124,31.203896819263285,33.52888930784279
pig_17,A1,7,A1_p7,2026-07-09 17:30:00,4,4,28.309887522005063,31.668619466517768,33.75073664486727,29.054296400128873
pig_17,A1,7,A1_p7,2026-07-09 18:00:00,4,4,32.562543291819196,34.488595004678714,33.63443636573663,33.50694631979919
pig_17,A1,7,A1_p7,2026-07-09 18:30:00,4,4,20.01744389171796,27.426265426708667,27.54600731081039,27.627702768588456
pig_17,A1,7,A1_p7,2026-07-09 19:00:00,4,4,27.634695033988052,31.133121850692454,30.847686972388324,31.818113925023596
pig_17,A1,7,A1_p7,2026-07-09 19:30:00,4,4,26.664137858306738,34.65400844614665,33.83622639602319,34.27927361525971
pig_17,A1,7,A1_p7,2026-07-09 20:00:00,4,4,22.8412188383013,22.599090392658034,22.09068124410859,22.926313234263333
pig_17,A1,7,A1_p7,2026-07-09 20:30:00,4,4,19.462140296978607,20.725358985358888,21.903357356391943,21.041294972288163
pig_17,A1,7,A1_p7,2026-07-09 21:00:00,4,4,20.870705756526842,20.171807314714048,22.442768609868153,21.19905214382906
pig_17,A1,7,A1_p7,2026-07-09 21:30:00,4,4,20.4083842884261,21.16156749923607,22.525411231342265,21.954315737389393
pig_17,A1,7,A1_p7,2026-07-09 22:00:00,4,4,20.557997740533626,20.768778255136247,22.009368291864067,20.603664762184
pig_17,A1,7,A1_p7,2026-07-09 22:30:00,4,4,20.9363129937475,19.93825539532866,22.690967393824703,21.272683530593984
pig_17,A1,7,A1_p7,2026-07-09 23:00:00,4,4,21.329347001665333,20.166518301878206,22.789370100606902,20.423493869019406
pig_17,A1,7,A1_p7,2026-07-09 23:30:00,4,4,20.82009215344059,21.160882507874344,21.868391468998986,21.083332464132276
pig_17,A1,7,A1_p7,2026-07-10 00:00:00,4,4,21.675031485063318,20.6156396271315,22.525524461040554,21.630685080543003
pig_17,A1,7,A1_p7,2026-07-10 00:30:00,4,4,20.87329586212961,19.735938480866366,23.15080514906952,20.240430724872084
pig_17,A1,7,A1_p7,2026-07-10 01:00:00,4,4,21.385848432795832,19.683893518249832,22.29380562631034,19.485282317762362
pig_17,A1,7,A1_p7,2026-07-10 01:30:00,4,4,20.004770928928636,20.193879618850833,21.961707525416834,20.128626509697774
pig_17,A1,7,A1_p7,2026-07-10 02:00:00,4,4,20.175120386414903,19.7923738941374,21.75501723072822,20.05056713607437
pig_17,A1,7,A1_p7,2026-07-10 02:30:00,4,4,20.11766724779118,18.7153369127659,21.114373318050838,18.752407645723103
pig_17,A1,7,A1_p7,2026-07-10 03:00:00,4,4,20.256273459936654,19.25000376775806,22.0056522998428,19.01193564658292
pig_17,A1,7,A1_p7,2026-07-10 03:30:00,4,4,19.74009404599373,20.210672293548214,23.29742724667713,19.961334330697387
pig_17,A1,7,A1_p7,2026-07-10 04:00:00,4,4,21.253418215822137,19.24873226795721,21.145213187708446,19.834640739730812
pig_17,A1,7,A1_p7,2026-07-10 04:30:00,4,4,19.65966958487423,19.549293001709376,21.47654218974945,20.471116110085493
pig_17,A1,7,A1_p7,2026-07-10 05:00:00,4,4,19.714989885924837,19.363615600276955,21.64878003207003,19.854977083351237
pig_17,A1,7,A1_p7,2026-07-10 05:30:00,4,4,19.99543423223097,19.306514138121976,21.462951644306905,19.29367670944159
pig_17,A1,7,A1_p7,2026-07-10 06:00:00,4,4,20.397649730324414,19.355732476642416,21.84334285121225,18.917771022266194
pig_17,A1,7,A1_p7,2026-07-10 06:30:00,4,4,22.74595363404996,22.32672832465881,24.579930795678372,22.424834641548305
pig_17,A1,7,A1_p7,2026-07-10 07:00:00,4,4,20.02732475661605,23.064312449234315,25.032781437845422,23.920380309569524
pig_18,B2,8,B2_p8,2026-07-12 10:00:00,2,1,52.07190272141604,53.811198909942576,53.98612753498615,50.53998087877106
pig_18,B2,8,B2_p8,2026-07-12 10:30:00,2,1,35.71774991645794,44.7480211744588,45.48757966196587,45.92674170513904
pig_18,B2,8,B2_p8,2026-07-12 11:00:00,2,1,51.48848004629828,56.39499699306096,56.71664838896422,52.8212547080803
pig_18,B2,8,B2_p8,2026-07-12 11:30:00,2,1,47.153587287742255,55.28637311471446,54.05913017853953,52.41332364126178
pig_18,B2,8,B2_p8,2026-07-12 12:00:00,2,1,42.95440381463808,49.17245303868651,48.94672579697027,47.44463491833228
pig_18,B2,8,B2_p8,2026-07-12 12:30:00,2,1,38.27698571686808,44.24118530306431,44.290401777452516,45.33222731297565
pig_18,B2,8,B2_p8,2026-07-12 13:00:00,2,1,41.38879591545938,52.54339985825573,52.06284578963417,47.126194229642635
pig_18,B2,8,B2_p8,2026-07-12 13:30:00,2,1,42.11440250683405,46.72322169484876,46.09522317657951,44.60102355265895
pig_18,B2,8,B2_p8,2026-07-12 14:00:00,2,1,41.45990896776969,49.00604420037988,49.94175462601268,47.088173490733226
pig_18,B2,8,B2_p8,2026-07-12 14:30:00,2,1,39.73127739765141,41.063573622268095,40.61894347723852,41.368255889286736
pig_18,B2,8,B2_p8,2026-07-12 15:00:00,2,1,54.127106819827155,59.93192387453476,59.31653543027922,63.394312457552665
pig_18,B2,8,B2_p8,2026-07-12 16:30:00,2,1,40.95456348120471,46.71095104568148,45.580772558696715,47.446337440201546
pig_18,B2,8,B2_p8,2026-07-12 17:00:00,2,1,42.25896716973274,56.1142563183826,55.47775836038177,51.13455176110014
pig_18,B2,8,B2_p8,2026-07-12 17:30:00,2,1,43.335758849704604,45.800480974321815,46.17618685730607,46.103734650770264
pig_18,B2,8,B2_p8,2026-07-12 18:00:00,2,1,41.05285645120382,45.454983823969805,44.856084623996615,46.049428480603495
pig_18,B2,8,B2_p8,2026-07-12 18:30:00,2,1,44.0487392906214,47.495290501833026,47.01584348960995,45.69806657741951
pig_18,B2,8,B2_p8,2026-07-12 19:00:00,2,1,39.496730137374705,41.838912530632705,41.52411410350217,41.61215586720111
pig_18,B2,8,B2_p8,2026-07-12 19:30:00,2,1,43.374129050792604,47.62296574445059,49.001821649902254,45.37121689474133
pig_18,B2,8,B2_p8,2026-07-12 20:00:00,2,1,40.11089515154371,44.89311557651787,44.25598163017194,44.84043571938385
pig_18,B2,8,B2_p8,2026-07-12 20:30:00,2,1,38.567355431256495,39.28483773893297,39.14324354837148,40.4833813744828
pig_18,B2,8,B2_p8,2026-07-12 21:00:00,2,1,40.48728168809794,39.45195192249409,39.11462386974951,39.65531945296638
pig_18,B2,8,B2_p8,2026-07-12 21:30:00,2,1,40.60132654910893,38.37974030367005,38.18842713750004,39.93690897721487
pig_18,B2,8,B2_p8,2026-07-12 22:00:00,2,1,37.92097817172065,39.630450559511274,39.27730583034641,39.74523636525168
pig_18,B2,8,B2_p8,2026-07-12 22:30:00,2,1,38.244028243098775,41.22745206442543,40.636912169666154,41.82504781379154
pig_18,B2,8,B2_p8,2026-07-13 10:00:00,3,1,47.40363420564856,51.818648259022,51.97771026280395,50.561769053912215
pig_18,B2,8,B2_p8,2026-07-13 10:30:00,3,1,56.629041743715476,57.75058917424648,56.90573986611507,54.708938508568345
pig_18,B2,8,B2_p8,2026-07-13 11:00:00,3,1,41.982087689636785,42.91188548393527,42.85286033835454,44.962836578102745
pig_18,B2,8,B2_p8,2026-07-13 11:30:00,3,1,38.24407980188844,42.73794350307349,42.94200891863446,44.06215349826874
pig_18,B2,8,B2_p8,2026-07-13 12:00:00,3,1,44.004364344304946,46.279711107645,45.7138227358958,46.424167799849236
pig_18,B2,8,B2_p8,2026-07-13 12:30:00,3,1,45.87163256452215,50.53395069727547,50.33641377954227,47.864925214731315
pig_18,B2,8,B2_p8,2026-07-13 13:00:00,3,1,41.76755030569203,43.05895716368171,42.64693248665279,42.236653654846876
pig_18,B2,8,B2_p8,2026-07-13 13:30:00,3,1,37.79647504503223,43.428015210734365,43.34258809499379,43.73298196270358
pig_18,B2,8,B2_p8,2026-07-13 14:00:00,3,1,53.28426771685338,54.40135070873312,54.332882751361545,52.18312079099101
pig_18,B2,8,B2_p8,2026-07-13 14:30:00,3,1,55.04646780613337,59.91908115087523,59.58852931319938,52.245591481696806
pig_18,B2,8,B2_p8,2026-07-13 15:00:00,3,1,42.562022783141614,48.97595382387075,48.765935363241674,52.383397387603296
pig_18,B2,8,B2_p8,2026-07-13 16:00:00,3,1,63.08174628402336,66.98718207597936,65.82817398517551,62.201509526778366
pig_18,B2,8,B2_p8,2026-07-13 16:30:00,3,1,50.11065540763583,58.653844625965704,57.443071485174194,54.109991278438
pig_18,B2,8,B2_p8,2026-07-13 17:00:00,3,1,41.29826238592945,50.417283042267925,50.41776186299231,49.59836961359025
pig_18,B2,8,B2_p8,2026-07-13 17:30:00,3,1,42.46888090645659,53.02561463043892,52.30622612195978,49.64537552907392
pig_18,B2,8,B2_p8,2026-07-13 18:00:00,3,1,39.47537085550516,42.691838629416516,42.281301125468914,41.938371945703224
pig_18,B2,8,B2_p8,2026-07-13 18:30:00,3,1,40.52073055466481,43.73851262318918,43.41662731629368,42.85859201930494
pig_18,B2,8,B2_p8,2026-07-13 19:00:00,3,1,44.12805837326922,44.47431454560892,44.273011322769804,44.58385473767616
pig_18,B2,8,B2_p8,2026-07-13 19:30:00,3,1,47.47557323884188,43.16651007134723,42.74238009624632,45.891860279582446
pig_18,B2,8,B2_p8,2026-07-13 20:00:00,3,1,41.90859405612076,40.36080753267301,40.742480902857345,41.510433784889905
pig_18,B2,8,B2_p8,2026-07-13 20:30:00,3,1,42.6680419651286,41.279539365560545,40.58715270596879,40.837051256835366
pig_18,B2,8,B2_p8,2026-07-13 21:00:00,3,1,38.45537371427676,40.24385651742032,40.09762719748514,40.09924974054778
pig_18,B2,8,B2_p8,2026-07-13 21:30:00,3,1,40.38887989669837,39.2957624852273,39.10978082522113,40.38333730033027
pig_18,B2,8,B2_p8,2026-07-13 22:00:00,3,1,44.25305870021724,42.03598302637501,41.35865136293502,41.44315507303268
pig_18,B2,8,B2_p8,2026-07-13 22:30:00,3,1,40.90863275607974,39.54794651020488,39.43841526263787,40.00958238980797
pig_18,B2,8,B2_p8,2026-07-13 23:00:00,3,1,43.86661358389783,43.13244315470895,42.48269243045357,43.68190170944583
pig_18,B2,8,B2_p8,2026-07-13 23:30:00,3,1,43.27563481813516,40.09670446344527,39.72447788150936,39.67933349714349
pig_18,B2,8,B2_p8,2026-07-14 00:00:00,3,1,41.98087041157625,40.58181139799427,40.15599814687036,40.41830495208897
pig_18,B2,8,B2_p8,2026-07-14 00:30:00,3,1,45.82425382643492,42.63838863842409,42.662000445867605,43.1038179873912
pig_18,B2,8,B2_p8,2026-07-14 01:00:00,3,1,45.92642350516497,41.118190448321926,41.321680525192335,40.901517330754146
pig_18,B2,8,B2_p8,2026-07-14 01:30:00,3,1,42.75883175383271,41.27913278388169,41.029384940137945,41.758098388641145
pig_18,B2,8,B2_p8,2026-07-14 02:00:00,3,1,39.37362863015542,38.85371765961685,38.49272671786892,38.51467617585732
pig_18,B2,8,B2_p8,2026-07-14 02:30:00,3,1,36.85505305303786,37.831488791925146,37.044089604995435,38.495765883891906
pig_18,B2,8,B2_p8,2026-07-14 03:00:00,3,1,34.284257039098286,36.55854500705751,36.23143027836725,37.68241891234076
pig_18,B2,8,B2_p8,2026-07-14 03:30:00,3,1,35.680867229373725,38.82609607272893,37.805960788427754,39.086314317753654
pig_18,B2,8,B2_p8,2026-07-14 04:00:00,3,1,38.33363800496653,35.73567687265195,35.771521889805726,36.96391372178204
pig_18,B2,8,B2_p8,2026-07-14 04:30:00,3,1,35.67907636818482,39.53731978162649,38.78009001572411,39.48188117653397
pig_18,B2,8,B2_p8,2026-07-14 05:00:00,3,1,36.91519162481146,41.00268184938045,40.910098192199484,42.95234517076322
pig_18,B2,8,B2_p8,2026-07-14 05:30:00,3,1,47.16685011601872,36.00490291367572,36.19436154496204,37.762717535726466
pig_18,B2,8,B2_p8,2026-07-14 06:00:00,3,1,35.213733900637735,31.221436107410558,31.751004010228158,34.304845170810395
pig_18,B2,8,B2_p8,2026-07-14 16:30:00,4,1,28.60602068045972,39.57042946100895,39.056080323156735,38.896040928004005
pig_18,B2,8,B2_p8,2026-07-14 17:00:00,4,1,29.520148477349988,32.50990797293652,31.998053587422202,31.351992608189164
pig_18,B2,8,B2_p8,2026-07-14 17:30:00,4,1,23.986803050226357,31.948018700858434,31.13358135437509,31.20099478053667
pig_18,B2,8,B2_p8,2026-07-14 18:00:00,4,1,32.757807563807816,36.06506808588102,35.29847954186537,35.13168125377208
pig_18,B2,8,B2_p8,2026-07-14 18:30:00,4,1,24.05993730620859,24.760745196701855,24.94150219493328,26.74290861794654
pig_18,B2,8,B2_p8,2026-07-14 19:00:00,4,1,22.385772991382687,26.502918842839534,27.314236024321016,28.199850008669706
pig_18,B2,8,B2_p8,2026-07-14 19:30:00,4,1,24.7816645057748,27.18922312798321,27.472726712927113,28.94267426306522
pig_18,B2,8,B2_p8,2026-07-14 20:00:00,4,1,26.60635780549363,27.9377573625056,28.16121675082739,29.75345932138653
pig_18,B2,8,B2_p8,2026-07-14 20:30:00,4,1,23.649253604493456,28.50865373157172,28.047872956620292,29.26734299647989
pig_18,B2,8,B2_p8,2026-07-14 21:00:00,4,1,23.040250444719558,27.969573080344006,27.938351462344983,27.899619818853523
pig_18,B2,8,B2_p8,2026-07-14 21:30:00,4,1,24.648284115195032,25.25372099902745,25.36566592876724,27.760441431045383
pig_18,B2,8,B2_p8,2026-07-14 22:00:00,4,1,23.005873568224654,24.32297305576826,24.248269747438833,27.17626653466681
pig_18,B2,8,B2_p8,2026-07-14 22:30:00,4,1,23.125503263205072,23.8951682587864,24.207827780346236,26.696832584664946
pig_18,B2,8,B2_p8,2026-07-14 23:00:00,4,1,23.839907935592418,23.750875819852162,23.479968520515726,26.669538266872465
pig_18,B2,8,B2_p8,2026-07-14 23:30:00,4,1,24.27186124680356,23.925144383011453,24.24306073167609,26.051442633921553
pig_18,B2,8,B2_p8,2026-07-15 00:00:00,4,1,25.003273084477307,25.11715946687014,25.115375164378833,27.64803033672832
pig_18,B2,8,B2_p8,2026-07-15 00:30:00,4,1,23.955147253984638,24.840637443852913,24.729305708277977,25.557934162644173
pig_18,B2,8,B2_p8,2026-07-15 01:00:00,4,1,21.547024875011406,23.243717131499302,23.468269172104556,25.268460312410454
pig_18,B2,8,B2_p8,2026-07-15 01:30:00,4,1,22.619490017322228,23.03294883993084,23.408961236592052,25.612615324604292
pig_19,B1,2,B1_p2,2026-06-12 10:00:00,2,2,31.55528284577283,36.30109716904167,36.735935634290996,39.91540145573334
pig_19,B1,2,B1_p2,2026-06-12 10:30:00,2,2,32.53969988140253,36.8969426015389,37.15213673296554,39.44982943106854
pig_19,B1,2,B1_p2,2026-06-12 11:00:00,2,2,37.267547054406386,40.200613879967364,40.51494495048698,41.5289414087494
pig_19,B1,2,B1_p2,2026-06-12 11:30:00,2,2,42.361753648280754,42.817417259559946,43.25800764212796,43.207407222481365
pig_19,B1,2,B1_p2,2026-06-12 12:00:00,2,2,35.368710604596195,39.04293649907043,39.09704918842687,39.036508675958174
pig_19,B1,2,B1_p2,2026-06-12 12:30:00,2,2,35.871545393443924,42.6329478118606,42.515475192763205,41.678738243778405
pig_19,B1,2,B1_p2,2026-06-12 13:00:00,2,2,41.40984624582736,42.20634992965335,42.58400056514907,41.20548684329321
pig_19,B1,2,B1_p2,2026-06-12 13:30:00,2,2,40.912080600420566,41.42482702230223,41.90492275106035,40.54181201195972
pig_19,B1,2,B1_p2,2026-06-12 15:30:00,2,2,33.29011520760241,37.1845121929862,37.873352625287204,42.47044454844228
pig_19,B1,2,B1_p2,2026-06-12 16:00:00,2,2,35.60146949675299,38.96527645832615,39.455987032459035,42.66528290419426
pig_19,B1,2,B1_p2,2026-06-12 16:30:00,2,2,38.957981299559385,41.939441899418725,42.50053285665584,44.1117582271109
pig_19,B1,2,B1_p2,2026-06-12 17:00:00,2,2,48.21514651911663,44.895392992361835,45.91440553203831,47.043126375898126
pig_19,B1,2,B1_p2,2026-06-12 17:30:00,2,2,35.50535925940465,37.6835091041704,38.056358709010574,38.560023460425526
pig_19,B1,2,B1_p2,2026-06-12 18:00:00,2,2,34.83227586417896,38.40262278071714,38.4860623299625,38.633883727371796
pig_19,B1,2,B1_p2,2026-06-12 18:30:00,2,2,43.32995949636165,44.28469686150726,45.12478660101151,44.557766583532725
pig_19,B1,2,B1_p2,2026-06-12 19:00:00,2,2,39.259030640687314,37.64950785640107,38.12598066501343,37.69754129857851
pig_19,B1,2,B1_p2,2026-06-12 19:30:00,2,2,36.05923542456037,38.80646680800163,39.23036367296014,38.49640963858363
pig_19,B1,2,B1_p2,2026-06-12 20:00:00,2,2,37.10806222217623,38.63192457689897,39.040969214718984,37.93940832165086
pig_19,B1,2,B1_p2,2026-06-12 20:30:00,2,2,36.58157106083843,39.029914238799066,39.23321837075855,38.19385811014303
pig_19,B1,2,B1_p2,2026-06-12 21:00:00,2,2,38.18989198975536,38.400153585447,38.9446542909685,38.01023885277617
pig_19,B1,2,B1_p2,2026-06-12 21:30:00,2,2,34.616553089489216,38.29522817617643,38.69234121289171,37.74004589092138
pig_19,B1,2,B1_p2,2026-06-12 22:00:00,2,2,41.43246997660102,40.2166112824701,40.51676990165374,40.009141724214956
pig_19,B1,2,B1_p2,2026-06-12 22:30:00,2,2,37.654753623904554,37.35684651247491,37.72680423558273,37.03745722157784
pig_19,B1,2,B1_p2,2026-06-12 23:00:00,2,2,34.622409490245744,36.970446739210566,37.30577989953507,37.01104084482086
pig_19,B1,2,B1_p2,2026-06-12 23:30:00,2,2,37.333620252617266,38.42928753284308,38.55153496056539,37.737047838501915
pig_19,B1,2,B1_p2,2026-06-13 00:00:00,2,2,43.83922608257991,44.864189159311806,44.98674015111803,43.96801641794298
pig_19,B1,2,B1_p2,2026-06-13 00:30:00,2,2,40.39422050070188,37.313420298001276,37.40534313541186,37.10278011655213
pig_19,B1,2,B1_p2,2026-06-13 01:00:00,2,2,35.534845070304144,36.05195161795075,36.33644701943686,35.9100232467227
pig_19,B1,2,B1_p2,2026-06-13 01:30:00,2,2,36.31163509334796,37.36880438729699,37.44959358827028,37.0640415071386
pig_19,B1,2,B1_p2,2026-06-13 02:00:00,2,2,37.18617453122245,36.26727293818873,36.5346166176193,36.165240051726435
pig_19,B1,2,B1_p2,2026-06-13 02:30:00,2,2,35.345498723312865,36.99318519245629,36.79632577753358,36.64808434365543
pig_19,B1,2,B1_p2,2026-06-13 03:00:00,2,2,37.87309826396351,37.524675131883626,37.400996412309595,36.88044041914277
pig_19,B1,2,B1_p2,2026-06-13 03:30:00,2,2,35.69876336155545,39.22514482070024,38.90925120351634,38.25610171619106
pig_19,B1,2,B1_p2,2026-06-13 04:00:00,2,2,36.33168865317766,37.6587073385285,37.33801574049624,36.89956989572734
pig_19,B1,2,B1_p2,2026-06-13 04:30:00,2,2,36.43794229841252,36.994393162071724,36.73753664157168,36.279573326440314
pig_19,B1,2,B1_p2,2026-06-13 05:00:00,2,2,35.34304447613727,36.33702678377213,36.397524590811855,35.703106527741
pig_19,B1,2,B1_p2,2026-06-13 05:30:00,2,2,36.47699317759276,36.93199852486712,36.954735508831426,36.26007273287789
pig_19,B1,2,B1_p2,2026-06-13 06:00:00,2,2,35.482123390992484,38.455958287157884,38.10935604204242,37.330569309197195
pig_19,B1,2,B1_p2,2026-06-13 06:30:00,2,2,38.28150379390147,34.784569570592055,34.68583813092811,35.08516403994433
pig_19,B1,2,B1_p2,2026-06-13 10:30:00,3,2,37.277793828973266,39.870339322278184,39.9959916468594,41.97422427032494
pig_19,B1,2,B1_p2,2026-06-13 11:00:00,3,2,36.72372578945334,38.83410101082214,39.270299060471814,40.65474235292783
pig_19,B1,2,B1_p2,2026-06-13 11:30:00,3,2,47.66471095813658,44.23457924025722,44.74013032366517,44.77922518112169
pig_19,B1,2,B1_p2,2026-06-13 12:00:00,3,2,50.18760177443018,45.48614370573653,46.30135002545482,45.60416297915689
pig_19,B1,2,B1_p2,2026-06-13 12:30:00,3,2,39.023650900669466,41.78061345055036,41.75083091555851,41.3278414864146
pig_19,B1,2,B1_p2,2026-06-13 13:00:00,3,2,40.61671034866612,42.90982998614025,42.87462331491869,42.12145447459653
pig_19,B1,2,B1_p2,2026-06-13 13:30:00,3,2,37.442474060857286,40.60893129749083,40.74005370455297,39.478770554338574
pig_19,B1,2,B1_p2,2026-06-13 14:00:00,3,2,39.02798837215847,40.240108902312116,40.8967644942344,39.354185404590645
pig_19,B1,2,B1_p2,2026-06-13 14:30:00,3,2,41.20402181358509,43.749832228703426,44.622558003909724,48.09957568525638
pig_19,B1,2,B1_p2,2026-06-13 16:00:00,3,2,39.46685058363588,42.22962899758608,42.38999796479689,45.50798258550201
pig_19,B1,2,B1_p2,2026-06-13 16:30:00,3,2,46.96379940534469,45.52549176785226,46.49787394838731,48.80385054124233
pig_19,B1,2,B1_p2,2026-06-13 17:00:00,3,2,42.75355466177529,42.50314291745718,43.16985447956968,43.569162301275036
pig_19,B1,2,B1_p2,2026-06-13 17:30:00,3,2,53.0969267379764,52.71659733790446,53.91863056117566,54.22790316575801
pig_19,B1,2,B1_p2,2026-06-13 18:00:00,3,2,38.62991971324619,37.75147776564545,38.683641679283156,38.79858687232806
pig_19,B1,2,B1_p2,2026-06-13 18:30:00,3,2,34.08591913032252,38.870751843997326,39.47493735051694,39.34139407228684
pig_19,B1,2,B1_p2,2026-06-13 19:00:00,3,2,33.214069627935594,38.32605852950055,38.816019445850976,38.87938798803059
pig_19,B1,2,B1_p2,2026-06-13 19:30:00,3,2,34.88694640344768,36.75678203588434,37.886547501968494,37.503065203201835
pig_19,B1,2,B1_p2,2026-06-13 20:00:00,3,2,34.28917693998237,35.88526833941273,37.141974414613415,36.86979006295305
pig_19,B1,2,B1_p2,2026-06-13 20:30:00,3,2,34.93536347148543,38.179213024610235,38.71013940540371,38.28850835213484
pig_19,B1,2,B1_p2,2026-06-13 21:00:00,3,2,36.72167955249945,37.58264203298059,38.21350426688973,37.857890072389736
pig_19,B1,2,B1_p2,2026-06-13 21:30:00,3,2,33.07814183481854,38.49042020421914,38.853666976983675,38.643091842694886
pig_19,B1,2,B1_p2,2026-06-13 22:00:00,3,2,36.00262001051688,38.17532848599482,38.70602766618356,38.37736782925961
pig_19,B1,2,B1_p2,2026-06-13 22:30:00,3,2,34.994007236133456,38.43818799012041,39.02608379627482,38.69980173332476
pig_19,B1,2,B1_p2,2026-06-13 23:00:00,3,2,34.99849231071141,35.618698178169524,36.617428548292665,36.61126136928774
pig_19,B1,2,B1_p2,2026-06-13 23:30:00,3,2,35.70460158174357,35.326787061073134,36.26459195387902,36.624274245320365
pig_19,B1,2,B1_p2,2026-06-14 00:00:00,3,2,35.27326176920234,40.440137504246735,40.47189151261936,40.146142325786535
pig_19,B1,2,B1_p2,2026-06-14 00:30:00,3,2,52.29675531027543,43.695394319721586,44.85532355671185,43.9388498054221
pig_19,B1,2,B1_p2,2026-06-14 01:00:00,3,2,35.34882964398414,36.45126477682744,36.84448634092217,36.99279091005317
pig_19,B1,2,B1_p2,2026-06-14 01:30:00,3,2,36.96244924941734,36.7458805784001,37.073341323887064,37.36227298123182
pig_19,B1,2,B1_p2,2026-06-14 02:00:00,3,2,35.566171396312555,36.18911067462124,36.397051623291965,36.737575691205905
pig_19,B1,2,B1_p2,2026-06-14 02:30:00,3,2,36.72135127331775,37.48310588854531,37.82069433351356,37.79288232801473
pig_19,B1,2,B1_p2,2026-06-14 03:00:00,3,2,35.985989284944864,36.681293715955185,37.09135662580898,37.22260212804007
pig_19,B1,2,B1_p2,2026-06-14 03:30:00,3,2,33.03043161253154,36.791223775368856,37.2163216311024,37.47830893889023
pig_19,B1,2,B1_p2,2026-06-14 04:00:00,3,2,38.76893297465629,37.275397337348565,37.61604513929896,37.00147684001921
pig_19,B1,2,B1_p2,2026-06-14 04:30:00,3,2,44.646512223696284,41.61231615574376,42.060372173892645,40.99669248503388
pig_19,B1,2,B1_p2,2026-06-14 05:00:00,3,2,41.04533751784769,37.941131373637106,37.844996686711724,37.375283296706236
pig_19,B1,2,B1_p2,2026-06-14 05:30:00,3,2,38.995930555787965,38.068868365799176,37.92052215060863,37.460220099391776
pig_19,B1,2,B1_p2,2026-06-14 06:00:00,3,2,37.5053332179593,40.053393838683974,40.023467008827936,39.026895139298226
pig_19,B1,2,B1_p2,2026-06-14 06:30:00,3,2,40.28721761102856,38.348396242551814,38.37321177690114,37.23887756627971
pig_19,B1,2,B1_p2,2026-06-14 07:00:00,3,2,37.621760507346245,38.56771211968327,38.80577059349778,37.350763573680865
pig_19,B1,2,B1_p2,2026-06-14 10:30:00,4,2,41.199442252109485,38.32390477701765,36.048192735292794,38.19338780222378
pig_19,B1,2,B1_p2,2026-06-14 11:00:00,4,2,36.38455054853927,35.36218772370506,33.30318784644678,34.99400255040779
pig_19,B1,2,B1_p2,2026-06-14 11:30:00,4,2,38.89838012372654,35.15955498915997,33.448956678601704,34.339035009108976
pig_19,B1,2,B1_p2,2026-06-14 12:00:00,4,2,40.914442628631626,39.7817027106367,37.77434121727573,37.48751003443541
pig_19,B1,2,B1_p2,2026-06-14 12:30:00,4,2,36.946090542955346,36.97466278281279,35.352407539823346,34.97216772249051
pig_19,B1,2,B1_p2,2026-06-14 13:00:00,4,2,43.54359393437002,38.001419430350325,36.64826293608749,35.97437284483432
pig_19,B1,2,B1_p2,2026-06-14 13:30:00,4,2,36.37782404080346,36.37482344204356,34.54424022560155,33.937734446942514
pig_19,B1,2,B1_p2,2026-06-14 14:00:00,4,2,39.74127949334674,39.5606204959551,38.371973117525165,37.35607207673422
pig_19,B1,2,B1_p2,2026-06-14 15:00:00,4,2,41.82985576573521,37.622506394564326,36.86464475049037,35.875558887014456
pig_19,B1,2,B1_p2,2026-06-14 15:30:00,4,2,33.91852744625845,35.383978107645284,34.92271990669341,33.83404664562688
pig_19,B1,2,B1_p2,2026-06-14 16:00:00,4,2,38.989753332591626,44.535276479195495,43.90666776594522,43.62799782019138
pig_19,A1,4,A1_p4,2026-06-22 09:30:00,2,2,36.43783521855096,35.36062462061396,35.278818181749315,38.51139975848149
pig_19,A1,4,A1_p4,2026-06-22 10:00:00,2,2,35.647904167543174,34.84722982095406,34.87101064304872,37.67635968331735
pig_19,A1,4,A1_p4,2026-06-22 10:30:00,2,2,33.96039398781687,33.44071458674591,33.49038319834524,35.19687464279505
pig_19,A1,4,A1_p4,2026-06-22 11:00:00,2,2,35.486721762516964,34.355040177824684,34.39308354111306,35.53309875409879
pig_19,A1,4,A1_p4,2026-06-22 11:30:00,2,2,32.643835845632,35.306095357836966,35.45271631138053,35.98621032050052
pig_19,A1,4,A1_p4,2026-06-22 12:00:00,2,2,40.255173671725466,38.44443187482291,39.299875491286926,38.95125639962653
pig_19,A1,4,A1_p4,2026-06-22 12:30:00,2,2,37.15596777639399,35.41497502396031,35.5743083413243,34.68396203115609
pig_19,A1,4,A1_p4,2026-06-22 13:00:00,2,2,35.41595402412889,34.00171273084646,34.222955169597256,33.22795903999125
pig_19,A1,4,A1_p4,2026-06-22 13:30:00,2,2,38.82366049613376,34.91860067096034,36.04327560345149,34.75624047776074
pig_19,A1,4,A1_p4,2026-06-22 14:00:00,2,2,35.14738214382393,32.72222127684623,33.8456909239154,32.414670103752016
pig_19,A1,4,A1_p4,2026-06-22 14:30:00,2,2,40.32337944009383,37.623068808097464,38.20655503424608,36.04496070497513
pig_19,A1,4,A1_p4,2026-06-22 15:30:00,2,2,40.68546519795451,39.12085158897861,39.79684040690809,44.146124234701794
pig_19,A1,4,A1_p4,2026-06-22 16:00:00,2,2,39.25645631919763,34.83280644502517,35.650259154933146,39.26870226537717
pig_19,A1,4,A1_p4,2026-06-22 16:30:00,2,2,32.12212962605354,34.6399171327203,35.12237006460683,37.29217302528527
pig_19,A1,4,A1_p4,2026-06-22 17:00:00,2,2,37.835700067451576,37.052569118758626,37.63298819453945,38.90661153902496
pig_19,A1,4,A1_p4,2026-06-22 17:30:00,2,2,33.314911538297146,32.67674917019005,33.72101558028982,34.238463766323754
pig_19,A1,4,A1_p4,2026-06-22 18:00:00,2,2,36.6951682412402,34.20171079923485,34.967042235436324,34.814343431213395
pig_19,A1,4,A1_p4,2026-06-22 18:30:00,2,2,33.02851530603934,33.15789187047813,33.966583912285266,33.62991750443939
pig_19,A1,4,A1_p4,2026-06-22 19:00:00,2,2,33.15368143237806,32.11642294054822,33.0320208369466,32.4341625103299
pig_19,A1,4,A1_p4,2026-06-22 19:30:00,2,2,33.45693206917532,33.11994670017221,33.70553119410248,32.50331797197877
pig_19,A1,4,A1_p4,2026-06-22 20:00:00,2,2,32.58700042091113,32.815730160583996,33.34839042790167,32.535082955668415
pig_19,A1,4,A1_p4,2026-06-22 20:30:00,2,2,33.26547481959791,30.25554686048005,31.14617300624882,30.346470266343488
pig_19,A1,4,A1_p4,2026-06-22 21:00:00,2,2,30.98371755907703,30.939665125854017,31.442013952684,30.754824927772166
pig_19,A1,4,A1_p4,2026-06-22 21:30:00,2,2,32.964962661943034,32.63074527303259,33.0489312426793,32.47300881335309
pig_19,A1,4,A1_p4,2026-06-22 22:00:00,2,2,33.36577383619839,30.82566369124892,31.545606644213244,30.787568017141815
pig_19,A1,4,A1_p4,2026-06-22 22:30:00,2,2,36.177168377557464,34.19604938522852,35.15317083390181,34.743578516390144
pig_19,A1,4,A1_p4,2026-06-22 23:00:00,2,2,32.039257668085675,31.062746953971217,31.34151310432901,30.973758277960076
pig_19,A1,4,A1_p4,2026-06-22 23:30:00,2,2,31.523354058654828,30.272652780876086,30.77093564698489,30.74033014143875
pig_19,A1,4,A1_p4,2026-06-23 00:00:00,2,2,31.8364544577109,33.06199654294703,32.83525633037376,32.42967826562507
pig_19,A1,4,A1_p4,2026-06-23 00:30:00,2,2,34.06954832522955,31.955906190754,32.211134331314256,31.843616899774133
pig_19,A1,4,A1_p4,2026-06-23 01:00:00,2,2,35.935428317952876,33.089520651306835,33.28372473521838,33.08284723032724
pig_19,A1,4,A1_p4,2026-06-23 01:30:00,2,2,31.77228478650877,31.89434361521591,31.89818419355896,31.88342688440082
pig_19,A1,4,A1_p4,2026-06-23 02:00:00,2,2,32.07926698271719,28.744768146702242,29.26719401926151,29.22926276509412
pig_19,A1,4,A1_p4,2026-06-23 02:30:00,2,2,33.63403901428369,29.436845432322766,29.71901366415087,29.76630151648382
pig_19,A1,4,A1_p4,2026-06-23 03:00:00,2,2,33.73035680373961,29.480437150132683,29.838690712429973,29.253862854009007
pig_19,A1,4,A1_p4,2026-06-23 03:30:00,2,2,32.86515832259219,31.228410192174266,31.18526761790566,30.583287002864843
pig_19,A1,4,A1_p4,2026-06-23 04:00:00,2,2,32.21139168566726,31.45697509454886,31.41850828567125,30.83614086769903
pig_19,A1,4,A1_p4,2026-06-23 04:30:00,2,2,31.015788262178837,28.45143423148089,28.921523600569103,28.37058102078926
pig_19,A1,4,A1_p4,2026-06-23 05:00:00,2,2,31.162994630680252,30.305031444179292,30.44035334245612,29.59960141352883
pig_19,A1,4,A1_p4,2026-06-23 05:30:00,2,2,29.851190147552884,28.476478572570322,29.185521655369275,28.70575139680549
pig_19,A1,4,A1_p4,2026-06-23 06:00:00,2,2,32.20034552000862,31.693932153663518,31.717436262461298,30.519050398760402
pig_19,A1,4,A1_p4,2026-06-23 06:30:00,2,2,34.49410531742478,36.36328906767813,37.36907111924782,35.88659707051626
pig_19,A1,4,A1_p4,2026-06-23 07:00:00,2,2,38.37891936881009,33.43492430559823,34.80220273066257,33.623388562202315
pig_19,A1,4,A1_p4,2026-06-23 07:30:00,2,2,28.594428317016202,32.91367828641538,33.464243361477486,31.188987934747423
pig_19,A1,4,A1_p4,2026-06-23 08:00:00,2,2,42.44387556582073,54.1295261713591,55.40023305042662,52.792885030509694
pig_19,A1,4,A1_p4,2026-06-23 09:30:00,3,2,38.2050398937119,32.924476925563084,33.7129889431161,37.39153314603937
pig_19,A1,4,A1_p4,2026-06-23 10:00:00,3,2,39.46342043185548,35.259092882237134,36.13395123860784,39.111888239083676
pig_19,A1,4,A1_p4,2026-06-23 10:30:00,3,2,33.96341967181119,34.47875860561529,34.848099321772764,36.90361890594374
pig_19,A1,4,A1_p4,2026-06-23 11:00:00,3,2,35.60950704432143,34.0694238213716,34.267974617070905,35.36232495511888
pig_19,A1,4,A1_p4,2026-06-23 11:30:00,3,2,34.61855510168671,34.91849110818214,35.65069069574881,36.40267608947235
pig_19,A1,4,A1_p4,2026-06-23 12:00:00,3,2,34.158360626043965,32.610609185532425,33.507662702163486,33.31346955223443
pig_19,A1,4,A1_p4,2026-06-23 12:30:00,3,2,32.617597541012444,33.89015396856759,34.59491010500132,33.850021812682925
pig_19,A1,4,A1_p4,2026-06-23 13:00:00,3,2,40.929267838613725,37.56772560350477,38.86733126257515,37.92195809577301
pig_19,A1,4,A1_p4,2026-06-23 13:30:00,3,2,35.54151684903772,33.84106479290454,34.794574443067845,33.160495666485076
pig_19,A1,4,A1_p4,2026-06-23 14:00:00,3,2,40.58801416451939,41.69097722983051,42.651141688792315,40.81230691948403
pig_19,A1,4,A1_p4,2026-06-23 15:00:00,3,2,46.616685264666174,38.42445088238315,39.7669986040635,43.94854715156958
pig_19,A1,4,A1_p4,2026-06-23 15:30:00,3,2,37.273706835030254,33.806736686476576,34.94925296495856,39.663958019516045
pig_19,A1,4,A1_p4,2026-06-23 16:00:00,3,2,35.34081565278086,34.54907383565974,35.66251083790064,38.89382329744122
pig_19,A1,4,A1_p4,2026-06-23 16:30:00,3,2,37.04446531473682,34.41628133988978,35.65217472144118,37.87597900102004
pig_19,A1,4,A1_p4,2026-06-23 17:00:00,3,2,38.26173232432802,33.351212123451866,35.13954696463642,36.356897826487554
pig_19,A1,4,A1_p4,2026-06-23 17:30:00,3,2,38.21136950651824,35.00622822180551,36.40640642646785,36.8662831900633
pig_19,A1,4,A1_p4,2026-06-23 18:00:00,3,2,33.5917498998597,30.256825105496667,31.943448086274802,32.05251736540143
pig_19,A1,4,A1_p4,2026-06-23 18:30:00,3,2,31.29151411388365,31.322165452555556,32.64877097938017,32.324084606635864
pig_19,A1,4,A1_p4,2026-06-23 19:00:00,3,2,34.1168004661896,32.4372699817592,33.52055686738646,33.03742148181694
pig_19,A1,4,A1_p4,2026-06-23 19:30:00,3,2,35.18980765021044,32.05528183434099,33.21751833144532,32.563773888500876
pig_19,A1,4,A1_p4,2026-06-23 20:00:00,3,2,31.08894085713833,31.388839074430216,32.53658803853491,31.844537115846478
pig_19,A1,4,A1_p4,2026-06-23 20:30:00,3,2,31.03523634281418,30.880915642748185,32.02678353443052,31.486836880915067
pig_19,A1,4,A1_p4,2026-06-23 21:00:00,3,2,31.893555061282537,31.021007220425656,32.25129430762151,31.67232735416583
pig_19,A1,4,A1_p4,2026-06-23 21:30:00,3,2,33.32712470208014,31.536644765704388,32.6873151551445,32.27398232755915
pig_19,A1,4,A1_p4,2026-06-23 22:00:00,3,2,32.702469255489994,31.857568329520923,32.70481741101197,32.37238178711993
pig_19,A1,4,A1_p4,2026-06-23 22:30:00,3,2,32.22359159837667,31.7776595926144,32.59829875087354,32.29182421386504
pig_19,A1,4,A1_p4,2026-06-23 23:00:00,3,2,31.391657462268,29.936951220601138,31.05879950055875,30.82336467410244
pig_19,A1,4,A1_p4,2026-06-23 23:30:00,3,2,31.945096033123974,31.326205235635772,32.01956024624901,31.73405069960065
pig_19,A1,4,A1_p4,2026-06-24 00:00:00,3,2,33.272389747527534,32.02915674830865,32.696497513060365,32.57770349857145
pig_19,A1,4,A1_p4,2026-06-24 00:30:00,3,2,31.812122372525458,29.968188499585033,30.92485669239271,30.966416876664788
pig_19,A1,4,A1_p4,2026-06-24 01:00:00,3,2,33.22036039311835,31.70290427102595,32.26255347818333,32.514243886662214
pig_19,A1,4,A1_p4,2026-06-24 01:30:00,3,2,33.56839646710145,28.548371123240656,29.500267512409746,29.70302204131479
pig_19,A1,4,A1_p4,2026-06-24 02:00:00,3,2,33.92081406468041,30.839485984236727,31.498380377236202,31.267380082974515
pig_19,A1,4,A1_p4,2026-06-24 02:30:00,3,2,33.5749101860883,31.007566133158605,31.520916529368424,31.625812124182644
pig_19,A1,4,A1_p4,2026-06-24 03:00:00,3,2,28.93994112086649,27.896309328070046,29.056814172238823,28.872540548519893
pig_19,A1,4,A1_p4,2026-06-24 03:30:00,3,2,29.069276887759795,28.892602444643302,29.666844833692977,29.4796036081078
pig_19,A1,4,A1_p4,2026-06-24 04:00:00,3,2,31.247027102472813,31.12477420973692,31.687940389199127,31.386067564870373
pig_19,A1,4,A1_p4,2026-06-24 04:30:00,3,2,31.02423280048817,31.317751556113887,31.966525031221323,31.488360488791514
pig_19,A1,4,A1_p4,2026-06-24 05:00:00,3,2,29.99961402248406,28.5204573152948,29.321268259785246,28.909583858736376
pig_19,A1,4,A1_p4,2026-06-24 05:30:00,3,2,28.45988739005048,29.12104742988972,30.070581696526382,29.335553939622276
pig_19,A1,4,A1_p4,2026-06-24 06:00:00,3,2,32.02811445144192,31.869367922147177,32.81672594733878,31.734258329454832
pig_19,A1,4,A1_p4,2026-06-24 06:30:00,3,2,39.80488581378138,42.637071008326785,44.19612528723001,41.71977672411427
pig_19,A1,4,A1_p4,2026-06-24 07:00:00,3,2,41.06044394953301,33.66652888641243,35.69096004562111,34.842785652421746
pig_19,A1,4,A1_p4,2026-06-24 07:30:00,3,2,32.42853856625781,32.54917630769984,33.73414001560531,32.06981160420469
pig_19,A1,4,A1_p4,2026-06-24 08:00:00,3,2,41.90300181305638,46.82694440152594,49.99196763760357,49.24493874630911
pig_19,A1,4,A1_p4,2026-06-24 14:30:00,4,2,31.352172176645908,34.359333331512104,34.17824271433374,33.37512670304713
pig_19,A1,4,A1_p4,2026-06-24 15:00:00,4,2,34.24869894877504,29.939329999048844,29.832525351182888,28.776421572595105
pig_19,A1,4,A1_p4,2026-06-24 15:30:00,4,2,27.733949941175204,29.32063733846126,28.72687114612877,26.757840787586915
pig_19,A1,4,A1_p4,2026-06-24 16:00:00,4,2,28.372231202778824,30.78310263192784,30.292649261688215,28.439074105339092
pig_19,A1,4,A1_p4,2026-06-24 16:30:00,4,2,27.32073618826789,29.02664989335683,28.736325616056234,27.198184366253972
pig_19,A1,4,A1_p4,2026-06-24 17:00:00,4,2,31.300215585866454,33.78526211613708,33.254330369693434,31.676282635839662
pig_19,A1,4,A1_p4,2026-06-24 17:30:00,4,2,26.086486806806896,27.304299781610005,26.6896561895199,25.28003593949896
pig_19,A1,4,A1_p4,2026-06-24 18:00:00,4,2,28.53829435418202,30.464613093298148,30.026711229017206,28.850845973491666
pig_19,A1,4,A1_p4,2026-06-24 18:30:00,4,2,22.112079805830245,21.633365611323544,21.634715748860224,20.55215597777414
pig_19,A1,4,A1_p4,2026-06-24 19:00:00,4,2,21.79306576879893,21.116848181795262,21.5082500793279,20.467352901746334
pig_19,A1,4,A1_p4,2026-06-24 19:30:00,4,2,23.078310153892076,20.76168179696988,21.01579668835442,20.376149282570015
pig_19,A1,4,A1_p4,2026-06-24 20:00:00,4,2,20.658528501295812,20.474237070560072,20.60155453096676,20.235740500703677
pig_19,A1,4,A1_p4,2026-06-24 20:30:00,4,2,24.311849110548252,24.533668443085496,23.89768726754237,23.47751789232691
pig_19,A1,4,A1_p4,2026-06-24 21:00:00,4,2,20.666923370226986,21.293149468757285,20.894617873049157,20.779189697697387
pig_19,A1,4,A1_p4,2026-06-24 21:30:00,4,2,22.225133435353197,22.020131094952518,21.670954582296698,21.740913863923613
pig_19,A1,4,A1_p4,2026-06-24 22:00:00,4,2,20.2894310850771,19.60740835363975,19.82107386967654,19.987869697788025
pig_19,A1,4,A1_p4,2026-06-24 22:30:00,4,2,21.722081405009323,19.96734158320168,19.722567304800187,20.122187865511535
pig_19,A1,4,A1_p4,2026-06-24 23:00:00,4,2,20.69923582691931,20.444110188077214,19.98737385576947,20.640296360265374
pig_19,A1,4,A1_p4,2026-06-24 23:30:00,4,2,20.73222164778075,19.351692232021037,19.101279580980105,19.729424608806088
pig_19,A1,4,A1_p4,2026-06-25 00:00:00,4,2,20.34326416830569,18.33328038753418,18.204890778002746,19.084132005989275
pig_19,A1,4,A1_p4,2026-06-25 00:30:00,4,2,19.969313515570423,18.69620573882336,18.288648823199757,19.116077066165065
pig_19,A1,4,A1_p4,2026-06-25 01:00:00,4,2,19.8565938675966,18.078299758223807,17.730647616318308,18.70372845822159
pig_19,A1,4,A1_p4,2026-06-25 01:30:00,4,2,20.870785728474946,17.95153846121292,17.813776029456015,18.736254822389995
pig_19,A1,4,A1_p4,2026-06-25 02:00:00,4,2,23.473677145029495,21.761447911816465,20.493834978157,21.303209764648344
pig_19,A1,4,A1_p4,2026-06-25 02:30:00,4,2,21.618309081389008,18.56501115023581,18.247244940162375,18.940423778089613
pig_19,A1,4,A1_p4,2026-06-25 03:00:00,4,2,20.27826106580654,19.843065016036256,19.088160814514133,19.994882964079977
pig_19,A1,4,A1_p4,2026-06-25 03:30:00,4,2,20.23612820320518,18.588143890703535,18.25595222033488,18.882006062364372
pig_19,A1,4,A1_p4,2026-06-25 04:00:00,4,2,20.40095511340635,17.738976561658443,17.40400859316576,17.857530443602826
pig_19,A1,4,A1_p4,2026-06-25 04:30:00,4,2,19.5662635965207,17.76007223877142,17.281700280757775,17.65649123657368
pig_19,A1,4,A1_p4,2026-06-25 05:00:00,4,2,19.090687980986097,18.899911611321595,18.124323196192826,18.36136681420908
pig_19,A1,4,A1_p4,2026-06-25 05:30:00,4,2,22.447535057837314,20.382262089536972,19.370045589390145,19.413953028841004
pig_19,A1,4,A1_p4,2026-06-25 06:00:00,4,2,24.562421845310595,22.837907269003207,22.00159087568821,21.95295973603886
pig_19,A1,4,A1_p4,2026-06-25 06:30:00,4,2,24.89850088712412,24.606160126447467,24.160794187904724,23.80570164041809
pig_19,A1,4,A1_p4,2026-06-25 07:00:00,4,2,24.06508385239337,23.11080656531301,22.704530488319136,22.42243623240124
pig_19,A1,4,A1_p4,2026-06-25 07:30:00,4,2,23.468115948873297,19.52786967715558,18.6780054912012,18.459895399612236
pig_19,B2,6,B2_p6,2026-07-02 09:00:00,2,2,38.86639295698977,38.90084067362562,38.337867297315235,43.450313223100785
pig_19,B2,6,B2_p6,2026-07-02 09:30:00,2,2,39.407830622222335,43.200035591556,42.28549256898003,46.60142662028504
pig_19,B2,6,B2_p6,2026-07-02 10:00:00,2,2,37.616480293489296,39.07647864150607,39.133414331680655,43.29464810644387
pig_19,B2,6,B2_p6,2026-07-02 10:30:00,2,2,34.40631277882802,38.93034811305286,38.55361395486941,41.383010780287016
pig_19,B2,6,B2_p6,2026-07-02 11:00:00,2,2,37.43107592374766,39.74590367867273,39.3180094178178,40.97921603871431
pig_19,B2,6,B2_p6,2026-07-02 11:30:00,2,2,51.89551899720267,44.89540407402883,45.64150206442292,47.1959623304996
pig_19,B2,6,B2_p6,2026-07-02 12:00:00,2,2,39.12375109504246,39.697061631001176,39.82068463708772,40.23759048034781
pig_19,B2,6,B2_p6,2026-07-02 12:30:00,2,2,37.5215968230077,42.56418542752299,42.25946696176926,41.840729130478564
pig_19,B2,6,B2_p6,2026-07-02 13:00:00,2,2,40.47073681219786,43.19650341768215,43.374029138653334,43.06719362335102
pig_19,B2,6,B2_p6,2026-07-02 13:30:00,2,2,53.04969595621928,54.16546400826353,54.59775232712765,53.76545724968066
pig_19,B2,6,B2_p6,2026-07-02 14:00:00,2,2,49.79495058463087,50.80038065489648,51.23415496951335,49.83096450124047
pig_19,B2,6,B2_p6,2026-07-02 14:30:00,2,2,60.721402185967975,49.109167650123325,50.78793997485139,51.1226805838919
pig_19,B2,6,B2_p6,2026-07-02 15:30:00,2,2,49.35482011238568,42.943866457731076,42.531187719831905,47.47092270970508
pig_19,B2,6,B2_p6,2026-07-02 16:00:00,2,2,48.80526747482672,45.9335467414354,45.207079115953206,48.8895354443648
pig_19,B2,6,B2_p6,2026-07-02 16:30:00,2,2,44.0118024513921,42.01274427413508,41.92316356195032,44.51378047301525
pig_19,B2,6,B2_p6,2026-07-02 17:00:00,2,2,41.746809935126485,43.81449888372233,43.14477187932716,44.66337075394159
pig_19,B2,6,B2_p6,2026-07-02 17:30:00,2,2,38.928407607612186,41.801841026501066,41.71446893437566,42.350623949174484
pig_19,B2,6,B2_p6,2026-07-02 18:00:00,2,2,39.09597456991071,42.01677229420788,41.33900771701899,41.516054622860125
pig_19,B2,6,B2_p6,2026-07-02 18:30:00,2,2,40.140772758017974,43.75416830900127,43.09797942250368,42.96045590075639
pig_19,B2,6,B2_p6,2026-07-02 19:00:00,2,2,38.95985088118918,42.40469478789852,41.9090539516042,41.36011795754024
pig_19,B2,6,B2_p6,2026-07-02 19:30:00,2,2,38.88916644662394,41.5984507876673,41.12771439727671,40.35794418721967
pig_19,B2,6,B2_p6,2026-07-02 20:00:00,2,2,33.891519090648075,39.1590570121287,39.12680266391002,38.696672316978066
pig_19,B2,6,B2_p6,2026-07-02 20:30:00,2,2,33.498329999337635,41.64378227700817,41.391034963766174,41.10427294934837
pig_19,B2,6,B2_p6,2026-07-02 21:00:00,2,2,36.05892665669013,41.02770388148292,40.383641398847104,39.29807577631658
pig_19,B2,6,B2_p6,2026-07-02 21:30:00,2,2,35.978869511766625,42.72196331226284,42.522186313799544,42.11339562058791
pig_19,B2,6,B2_p6,2026-07-02 22:00:00,2,2,40.03031850883343,36.78313515305518,36.49865770101365,36.4109752976494
pig_19,B2,6,B2_p6,2026-07-02 22:30:00,2,2,35.21738084504119,37.134970527183015,36.890968222264505,37.005601595781144
pig_19,B2,6,B2_p6,2026-07-02 23:00:00,2,2,30.531540248883914,36.343446827621115,36.602423707001535,36.67600519033058
pig_19,B2,6,B2_p6,2026-07-02 23:30:00,2,2,33.46723897492158,35.656225360064965,35.989358437805215,36.16812864579534
pig_19,B2,6,B2_p6,2026-07-03 00:00:00,2,2,39.2417096765939,36.213009129194546,36.24785165501889,36.189285356598624
pig_19,B2,6,B2_p6,2026-07-03 00:30:00,2,2,34.44854011118602,37.40159329484481,37.28359415881386,37.61063135532343
pig_19,B2,6,B2_p6,2026-07-03 01:00:00,2,2,31.883139349173966,36.96240044353735,36.76186819583722,36.81656602586444
pig_19,B2,6,B2_p6,2026-07-03 01:30:00,2,2,37.26975110168554,38.296700724988554,37.89689295031195,38.318636890970105
pig_19,B2,6,B2_p6,2026-07-03 02:00:00,2,2,34.34214874282889,33.189220747611245,33.669029142596045,33.93298111322727
pig_19,B2,6,B2_p6,2026-07-03 02:30:00,2,2,33.423061018922894,34.74133457532645,34.93127596751253,35.32223905517046
pig_19,B2,6,B2_p6,2026-07-03 03:00:00,2,2,32.15206820805844,32.37436377671112,33.10082729365345,33.633529894510204
pig_19,B2,6,B2_p6,2026-07-03 03:30:00,2,2,30.298798491918298,32.28960147817989,32.91887594267414,33.41254037845211
pig_19,B2,6,B2_p6,2026-07-03 04:00:00,2,2,29.4917526963746,32.93029155338559,33.26309501473893,33.389438994789344
pig_19,B2,6,B2_p6,2026-07-03 04:30:00,2,2,31.40190140516887,35.52503239274326,35.70805550043467,35.86576584497258
pig_19,B2,6,B2_p6,2026-07-03 05:00:00,2,2,29.075931577420533,35.59019489397097,35.42998662570101,35.45044660994929
pig_19,B2,6,B2_p6,2026-07-03 05:30:00,2,2,34.29447964272801,39.41583910939042,39.51025382440837,38.838940615414955
pig_19,B2,6,B2_p6,2026-07-03 06:00:00,2,2,31.521589567654054,34.08779281847769,34.14471902232093,33.6214997745971
pig_19,B2,6,B2_p6,2026-07-03 06:30:00,2,2,36.571714959558975,36.128998750937974,37.545833838165436,37.454937913739364
pig_19,B2,6,B2_p6,2026-07-03 07:00:00,2,2,29.797650708496896,34.1492471628601,34.93580115147736,33.92938848510235
pig_19,B2,6,B2_p6,2026-07-03 07:30:00,2,2,38.98823524973167,52.62188739653304,53.02456105576106,50.48519346706078
pig_19,B2,6,B2_p6,2026-07-03 08:00:00,2,2,45.06065114927587,39.61393716023575,40.95295333990968,41.3856079890799
pig_19,B2,6,B2_p6,2026-07-03 09:30:00,3,2,46.780110872599145,41.52825330569253,41.88547835079197,46.33574358055951
pig_19,B2,6,B2_p6,2026-07-03 10:00:00,3,2,41.703119465324484,41.74436301954524,41.64723704594921,45.23118237244528
pig_19,B2,6,B2_p6,2026-07-03 10:30:00,3,2,40.46612853063903,41.44164494544848,41.43670815137388,44.297129864318165
pig_19,B2,6,B2_p6,2026-07-03 11:00:00,3,2,31.380696728769216,40.15621151532913,40.824517597755886,43.22863540700055
pig_19,B2,6,B2_p6,2026-07-03 11:30:00,3,2,48.15318580566127,36.35687952909916,38.34195907719423,42.68125777531616
pig_19,B2,6,B2_p6,2026-07-03 16:00:00,3,2,72.80372985237892,46.88432697371695,47.28565115654213,50.895510333093725
pig_19,B2,6,B2_p6,2026-07-03 16:30:00,3,2,44.92280418298598,44.77773008052397,44.47064669256807,47.143520031451466
pig_19,B2,6,B2_p6,2026-07-03 17:00:00,3,2,42.108809829369314,47.235613018330234,46.71376219553214,47.85384580381284
pig_19,B2,6,B2_p6,2026-07-03 17:30:00,3,2,39.36706006038135,44.503591486966904,44.04899466964892,44.244887772426765
pig_19,B2,6,B2_p6,2026-07-03 18:00:00,3,2,41.02188722331255,42.673324170900216,42.563990802164945,42.711373807590945
pig_19,B2,6,B2_p6,2026-07-03 18:30:00,3,2,52.058045806105035,42.157779055945596,41.80175039001483,41.469100886227785
pig_19,B2,6,B2_p6,2026-07-03 19:00:00,3,2,34.93053532005813,42.16629441759385,41.96658824602373,41.533841532950575
pig_19,B2,6,B2_p6,2026-07-03 19:30:00,3,2,45.29600671273526,42.66724238631869,42.94375268667554,42.094429819310356
pig_19,B2,6,B2_p6,2026-07-03 20:00:00,3,2,36.41986756846894,40.39291278462731,40.5003411727871,39.9324753380749
pig_19,B2,6,B2_p6,2026-07-03 20:30:00,3,2,44.54015388271736,38.690546687249146,39.20509138298614,38.735606181584956
pig_19,B2,6,B2_p6,2026-07-03 21:00:00,3,2,32.19204475201208,36.87095622124567,37.74855065903546,37.62571416345865
pig_19,B2,6,B2_p6,2026-07-03 21:30:00,3,2,32.72914347686297,38.60266554185601,38.95886613280613,38.6296252311961
pig_19,B2,6,B2_p6,2026-07-03 22:00:00,3,2,34.29343880522399,38.76601464709067,38.65407047865838,38.48678129393116
pig_19,B2,6,B2_p6,2026-07-03 22:30:00,3,2,29.527000201391154,38.19074586278724,38.27615858798208,38.2293823361722
pig_19,B2,6,B2_p6,2026-07-03 23:00:00,3,2,32.911450223563726,37.08073597036894,37.36109217600888,37.61725042803371
pig_19,B2,6,B2_p6,2026-07-03 23:30:00,3,2,33.62063059631194,37.25038243946062,37.592052929169526,37.91304473168628
pig_19,B2,6,B2_p6,2026-07-04 00:00:00,3,2,30.77634156403993,37.031992773931904,37.38491832033787,37.27165091102824
pig_19,B2,6,B2_p6,2026-07-04 00:30:00,3,2,33.94740992332152,38.09013887884434,37.97834649090547,37.931797755666025
pig_19,B2,6,B2_p6,2026-07-04 01:00:00,3,2,34.21398568771201,36.90273879803259,36.976139166858246,37.48788671733039
pig_19,B2,6,B2_p6,2026-07-04 01:30:00,3,2,32.989353182307674,35.45155515937249,35.8392704715648,36.197025268035844
pig_19,B2,6,B2_p6,2026-07-04 02:00:00,3,2,34.13097146536839,34.448885421948546,34.98864103363959,35.520024029034765
pig_19,B2,6,B2_p6,2026-07-04 02:30:00,3,2,31.256359311108646,34.32326950057887,34.8677118936471,35.37328124890351
pig_19,B2,6,B2_p6,2026-07-04 03:00:00,3,2,31.533375926823673,35.87040874792082,36.28343514079253,36.81153385509201
pig_19,B2,6,B2_p6,2026-07-04 03:30:00,3,2,32.131094060941386,35.64450397764673,35.94374153238771,36.189348688135404
pig_19,B2,6,B2_p6,2026-07-04 04:00:00,3,2,30.30120523674144,33.63673120598329,34.37972243130568,34.71948272460304
pig_19,B2,6,B2_p6,2026-07-04 04:30:00,3,2,34.50178403760067,39.403281155365086,39.22439360318055,39.202407715612814
pig_19,B2,6,B2_p6,2026-07-04 05:00:00,3,2,32.90981730921903,36.69357854321045,36.80703749031396,36.514610138578036
pig_19,B2,6,B2_p6,2026-07-04 05:30:00,3,2,37.59612545478314,40.7862253929137,41.41931405410057,40.29453534949627
pig_19,B2,6,B2_p6,2026-07-04 06:00:00,3,2,43.69626543617989,40.73089884503295,41.46606478150538,39.96186101300212
pig_19,B2,6,B2_p6,2026-07-04 06:30:00,3,2,44.29171936729448,44.44450011994024,46.157823506043115,45.11232521688366
pig_19,B2,6,B2_p6,2026-07-04 07:00:00,3,2,34.09699485211476,38.575810557516846,39.33631582933697,38.80195057557056
pig_19,B2,6,B2_p6,2026-07-04 07:30:00,3,2,28.531074784519276,40.66102295908368,41.39123767624671,40.18055008197662
pig_19,B2,6,B2_p6,2026-07-04 10:00:00,4,2,33.34426975600741,33.94562605482788,31.593589593818063,35.695209727032605
pig_19,B2,6,B2_p6,2026-07-04 10:30:00,4,2,37.099198481738426,37.23968736141782,35.14335392279984,38.07593215479911
pig_19,B2,6,B2_p6,2026-07-04 11:00:00,4,2,42.75611221567889,40.610467465650764,38.19315438684724,39.89867953781752
pig_19,B2,6,B2_p6,2026-07-04 11:30:00,4,2,33.666934901491686,37.897798587231776,35.29953103447974,35.87617450583239
pig_19,B2,6,B2_p6,2026-07-04 12:00:00,4,2,38.42214410507182,37.88791330624619,35.85564586852854,35.562761046011445
pig_19,B2,6,B2_p6,2026-07-04 12:30:00,4,2,40.467083616597556,42.4643555270029,40.72292714303015,40.455226393615405
pig_19,B2,6,B2_p6,2026-07-04 13:00:00,4,2,28.271672425610596,29.649868861773875,28.469409350583902,27.879743102490366
pig_19,B2,6,B2_p6,2026-07-04 13:30:00,4,2,29.004374309687208,34.96981191382456,33.00158344513359,32.015576589571104
pig_19,B2,6,B2_p6,2026-07-04 14:00:00,4,2,25.02302898891897,35.081535544554,33.29286388700848,32.20538921584522
pig_19,B2,6,B2_p6,2026-07-04 14:30:00,4,2,25.339012935259312,35.504569768969816,32.689656528621306,30.953005626857454
pig_19,B2,6,B2_p6,2026-07-04 15:00:00,4,2,30.632384657756308,38.801207156985505,35.650391366340976,33.95113817826719
pig_19,B2,6,B2_p6,2026-07-04 15:30:00,4,2,35.949429430943944,39.52928089670769,37.02422803126583,35.27889688249661
pig_19,B2,6,B2_p6,2026-07-04 16:00:00,4,2,33.493221973409035,35.329787707036424,33.41871725950929,31.631418021338654
pig_19,B2,6,B2_p6,2026-07-04 16:30:00,4,2,36.39725061846705,41.25721341506869,39.750155750233766,38.496248868546616
pig_19,B2,6,B2_p6,2026-07-04 17:00:00,4,2,32.876546038187286,31.878027681219493,30.759002905718322,29.59400837833707
pig_19,B2,6,B2_p6,2026-07-04 17:30:00,4,2,24.109672766810522,26.31862780134935,25.542920446075968,24.85557124440604
pig_19,B2,6,B2_p6,2026-07-04 18:00:00,4,2,23.183713869194868,29.142697041870353,28.564845509024078,27.97758412373221
pig_19,B2,6,B2_p6,2026-07-04 18:30:00,4,2,23.093698927443,28.79938694287356,28.236284932105075,27.940449467263065
pig_19,B2,6,B2_p6,2026-07-04 19:00:00,4,2,24.222034292857007,26.961459892482047,26.740351377205627,26.216944006056075
pig_19,B2,6,B2_p6,2026-07-04 19:30:00,4,2,22.441059301000234,28.97797377357585,28.01705288634475,27.713216405717024
pig_19,B2,6,B2_p6,2026-07-04 20:00:00,4,2,24.19976848898363,29.30496818884608,27.916145822196707,27.914778409817306
pig_19,B2,6,B2_p6,2026-07-04 20:30:00,4,2,25.484234665741827,29.401549395879826,28.5113128894759,28.388942415231163
pig_19,B2,6,B2_p6,2026-07-04 21:00:00,4,2,23.743202783464977,24.98387713598023,24.7926546881454,24.961916048067238
pig_19,B2,6,B2_p6,2026-07-04 21:30:00,4,2,21.217901933600434,25.406201222895714,24.505038540570666,24.994487943355132
pig_19,B2,6,B2_p6,2026-07-04 22:00:00,4,2,24.138819374344592,25.004716875761048,24.384410583773338,25.13987858378717
pig_19,B2,6,B2_p6,2026-07-04 22:30:00,4,2,21.703679586592337,23.515217448940824,23.471634299589624,24.31074255264722
pig_19,B2,6,B2_p6,2026-07-04 23:00:00,4,2,26.30020226438107,23.88342473823981,23.432679249321865,24.51305971201736
pig_19,B2,6,B2_p6,2026-07-04 23:30:00,4,2,22.352018622333944,23.43100584657703,22.705346170476854,23.818746148683704
pig_19,B2,6,B2_p6,2026-07-05 00:00:00,4,2,19.744356949530065,22.02582515053717,21.721137464901066,22.90863827050719
pig_19,B2,6,B2_p6,2026-07-05 00:30:00,4,2,20.075392098645313,21.89705583248352,21.452029189649146,22.601574405586334
pig_19,B2,6,B2_p6,2026-07-05 01:00:00,4,2,21.248453171834832,20.790481911788245,20.743626259222488,22.160410846291278
pig_19,B2,6,B2_p6,2026-07-05 01:30:00,4,2,20.695101053853953,21.15245638957105,21.207389906833825,22.421234112045628
pig_19,B2,6,B2_p6,2026-07-05 02:00:00,4,2,22.250118665252746,21.23665046651713,21.385006639451955,22.699365139341115
pig_19,B2,6,B2_p6,2026-07-05 02:30:00,4,2,20.67782787663531,20.661892445808775,20.481316629104192,21.680105905604893
pig_19,B2,6,B2_p6,2026-07-05 03:00:00,4,2,19.751831937471618,20.67340579281302,20.579948494362295,21.81132253835587
pig_19,B2,6,B2_p6,2026-07-05 03:30:00,4,2,20.919888577021396,22.663968915050262,22.418580970444857,23.68705530263865
pig_19,B2,6,B2_p6,2026-07-05 04:00:00,4,2,19.67462161913321,23.33395489194339,22.601557454521085,23.646929229673557
pig_19,B2,6,B2_p6,2026-07-05 04:30:00,4,2,21.968094786437113,26.86023497852304,25.16408175438597,25.89243882038315
pig_20,B1,8,B1_p8,2026-07-13 09:30:00,3,1,61.383335533824024,65.80979167281339,65.47037978222943,59.07173655904562
pig_20,B1,8,B1_p8,2026-07-13 10:00:00,3,1,54.55851369887143,59.23346769854864,59.68122101607218,52.831718864375816
pig_20,B1,8,B1_p8,2026-07-13 10:30:00,3,1,53.59316566298044,59.291168013164764,59.96142957886776,52.10239480592321
pig_20,B1,8,B1_p8,2026-07-13 11:00:00,3,1,55.64126100979932,58.78601656410497,59.13497335862904,52.457607752636136
pig_20,B1,8,B1_p8,2026-07-13 11:30:00,3,1,51.24627749064712,62.034392856034785,61.91989801899608,53.388918908461555
pig_20,B1,8,B1_p8,2026-07-13 12:00:00,3,1,53.61036940588844,64.22187380729733,64.29381869326328,55.6841355769857
pig_20,B1,8,B1_p8,2026-07-13 12:30:00,3,1,54.21290800335787,66.75525162832028,66.93006928833117,57.925654058458974
pig_20,B1,8,B1_p8,2026-07-13 13:00:00,3,1,77.3634153328536,82.95497362992828,83.36173497984913,72.08114248581678
pig_20,B1,8,B1_p8,2026-07-13 13:30:00,3,1,67.06995910127269,73.44718762424593,72.88490553004418,60.801742579754304
pig_20,B1,8,B1_p8,2026-07-13 14:00:00,3,1,55.545682631555394,60.25474527563772,60.40299324011055,53.53538537485085
pig_20,B1,8,B1_p8,2026-07-13 14:30:00,3,1,57.71436030377967,67.89398197471786,68.70355533534988,59.67674858951849
pig_20,B1,8,B1_p8,2026-07-13 20:00:00,3,1,57.50288683392017,60.74849873307092,60.779493675274786,56.71015156598554
pig_20,B1,8,B1_p8,2026-07-13 20:30:00,3,1,54.26358071585813,62.34927376672788,62.58736645421678,55.741044548367476
pig_20,B1,8,B1_p8,2026-07-13 21:00:00,3,1,52.69378212302528,60.154666289355696,60.579373492971754,55.68690357517315
pig_20,B1,8,B1_p8,2026-07-13 21:30:00,3,1,52.789135764622,58.25897632743629,58.56659528775842,55.34687957454818
pig_20,B1,8,B1_p8,2026-07-13 22:00:00,3,1,56.00755055766552,60.41791483777922,60.17658145724781,56.06610647154267
pig_20,B1,8,B1_p8,2026-07-13 22:30:00,3,1,61.37840462296661,66.90857553067586,66.88795259937399,59.88317937957629
pig_20,B1,8,B1_p8,2026-07-13 23:00:00,3,1,54.160888342381995,61.44147066641436,61.69288538846424,57.982500003973286
pig_20,B1,8,B1_p8,2026-07-13 23:30:00,3,1,51.332182466209105,58.26860669859768,58.6450823560967,53.43743359431608
pig_20,B1,8,B1_p8,2026-07-14 00:00:00,3,1,50.78780626577655,57.278239965049465,57.33050682458983,53.574613621637525
pig_20,B1,8,B1_p8,2026-07-14 00:30:00,3,1,51.64016310178869,54.730825678227866,55.39300908167023,53.04686685047218
pig_20,B1,8,B1_p8,2026-07-14 01:00:00,3,1,50.1567205504748,53.31436419307537,54.391698644965444,52.22013963780095
pig_20,B1,8,B1_p8,2026-07-14 01:30:00,3,1,57.191210999700495,60.05652839335131,59.36988243336319,57.199871663383064
pig_20,B1,8,B1_p8,2026-07-14 02:00:00,3,1,53.13831063487025,57.67388215777473,57.81859541982007,53.11204837988508
pig_20,B1,8,B1_p8,2026-07-14 02:30:00,3,1,48.96262162887177,55.48705449097555,55.29148395085619,52.51033423379815
pig_20,B1,8,B1_p8,2026-07-14 03:00:00,3,1,48.133502908200285,52.76530363022717,53.149883769101734,52.162912022619
pig_20,B1,8,B1_p8,2026-07-14 03:30:00,3,1,50.17733104542316,53.9726733311692,53.459490550788914,52.609252120660216
pig_20,B1,8,B1_p8,2026-07-14 04:00:00,3,1,51.64600692913501,59.84602779280486,60.58534687140064,59.3688290164727
pig_20,B1,8,B1_p8,2026-07-14 04:30:00,3,1,72.93018769806679,68.92893816021298,70.75098062507506,62.03269543295286
pig_20,B1,8,B1_p8,2026-07-14 05:00:00,3,1,51.80625391375412,51.473523409722006,51.43552239569091,50.522270012980265
pig_20,B1,8,B1_p8,2026-07-14 05:30:00,3,1,51.49768936259541,50.1197130131375,50.141748784757624,50.03374420286302
pig_20,B1,8,B1_p8,2026-07-14 06:00:00,3,1,47.97834779707938,49.49439127943611,50.12222936836016,49.662612199954694
pig_20,B1,8,B1_p8,2026-07-14 06:30:00,3,1,49.57738270940206,50.485844810939284,50.70909695351947,49.54667784697082
pig_20,B1,8,B1_p8,2026-07-14 07:00:00,3,1,52.66805763217798,54.604102904866295,54.93980347158221,56.76098977161499
pig_20,B1,8,B1_p8,2026-07-14 16:00:00,4,1,38.40545114214678,48.38562894038712,46.89894342322064,47.21876738571227
pig_20,B1,8,B1_p8,2026-07-14 16:30:00,4,1,43.164581916819735,49.57431187054556,49.54010975038221,49.326060689240066
pig_20,B1,8,B1_p8,2026-07-14 17:00:00,4,1,45.937263084659286,54.34159998058711,54.43236984244221,54.847955276509055
pig_20,B1,8,B1_p8,2026-07-14 17:30:00,4,1,53.900865860659664,66.56180446198164,65.22857545957811,64.15193598420124
pig_20,B1,8,B1_p8,2026-07-14 18:00:00,4,1,43.115258139482364,48.18145566265481,47.96343789066546,47.41100045377941
pig_20,B1,8,B1_p8,2026-07-14 18:30:00,4,1,49.86896542440408,64.71357271174826,64.29176193096583,64.13158984570511
pig_20,B1,8,B1_p8,2026-07-14 19:00:00,4,1,38.618589628541315,43.74643224193067,43.95600647733274,41.90160996128246
pig_20,B1,8,B1_p8,2026-07-14 19:30:00,4,1,34.44525896664267,38.706877204524694,38.73705109884228,40.61042944347227
pig_20,B1,8,B1_p8,2026-07-14 20:00:00,4,1,33.97894293156287,35.38886077270158,35.32138031256689,39.44801926883003
pig_20,B1,8,B1_p8,2026-07-14 20:30:00,4,1,34.4162890972887,35.985903868010524,36.54784543433601,38.938160872731466
pig_20,B1,8,B1_p8,2026-07-14 21:00:00,4,1,34.00021381630537,36.46865929986446,36.43848868737565,37.63204184380573
pig_20,B1,8,B1_p8,2026-07-14 21:30:00,4,1,34.56243747692274,36.180970562619315,36.70482131607468,40.51267789448524
pig_20,B1,8,B1_p8,2026-07-14 22:00:00,4,1,34.323648494462795,36.891763553875464,36.25502292836246,40.42891886583492
pig_20,B1,8,B1_p8,2026-07-14 22:30:00,4,1,33.597140806417144,36.33296182925289,36.87222457688016,38.82354332277088
pig_20,B1,8,B1_p8,2026-07-14 23:00:00,4,1,32.43063754632844,36.23006653465032,36.64087776699169,38.241832525486515
pig_20,B1,8,B1_p8,2026-07-14 23:30:00,4,1,33.271591324295564,37.42658462018926,37.95798143476205,39.792630832453696
pig_20,B1,8,B1_p8,2026-07-15 00:00:00,4,1,34.09305864826538,36.24253621190349,36.88370145942197,38.381557206026635
pig_20,B1,8,B1_p8,2026-07-15 00:30:00,4,1,31.899455280987134,35.9900692936629,36.4388819854188,37.626916757549424
pig_20,B1,8,B1_p8,2026-07-15 01:00:00,4,1,33.04951121877143,36.49141825632806,36.56833953095032,39.657079813480614
pig_20,B1,8,B1_p8,2026-07-15 01:30:00,4,1,33.08786397061153,36.52487499481839,36.501563627776164,39.860286850273226
pig_20,B1,8,B1_p8,2026-07-15 02:00:00,4,1,32.87084724848351,34.24371817124221,34.279867189974496,35.098240870298184
pig_20,B1,8,B1_p8,2026-07-15 02:30:00,4,1,31.055509925482376,36.16458535037147,36.36407181074985,36.39327020501264
pig_20,B1,8,B1_p8,2026-07-15 03:00:00,4,1,38.674616455600784,43.33558830987486,43.347496241910335,41.85467628210127
pig_20,B1,8,B1_p8,2026-07-15 03:30:00,4,1,31.988107767288326,33.85734165562603,34.148671002070124,34.22431226805432
pig_20,B1,8,B1_p8,2026-07-15 04:00:00,4,1,31.382249299279756,33.866460477388095,33.99616310425131,34.378546071051005
pig_20,B1,8,B1_p8,2026-07-15 04:30:00,4,1,31.00426902134086,34.09133794980576,34.41464913559265,35.00043631744697
pig_20,B1,8,B1_p8,2026-07-15 05:00:00,4,1,31.310374627145087,33.70992579555603,33.79815021077212,35.8421255798838
pig_20,B1,8,B1_p8,2026-07-15 05:30:00,4,1,31.19240840711381,34.01514298694254,34.29703180029773,36.278744994344265
pig_20,B1,8,B1_p8,2026-07-15 06:00:00,4,1,31.37052951995385,34.551286415508116,34.39111389322516,34.905586488912824
pig_20,B1,8,B1_p8,2026-07-15 06:30:00,4,1,29.74959851434828,33.28289325013686,33.298693145523565,33.70553639665463
pig_20,B1,8,B1_p8,2026-07-15 07:00:00,4,1,30.343507061645873,34.179052552042045,34.03582583589128,34.81391736797474
