pig,chamber,period,experimental_unit,timestamp,phase_idx,outer_fold,observed_HP,predicted_HP_raw,predicted_HP_calibrated,is_initial_2d,is_followup_evaluation
pig_01,A1,8,A1_p8,2026-07-10 16:30:00,0,3,40.16288842436387,40.95069911028417,40.95069911028417,True,False
pig_01,A1,8,A1_p8,2026-07-10 17:00:00,0,3,36.311496896999024,38.167163984175104,38.167163984175104,True,False
pig_01,A1,8,A1_p8,2026-07-10 17:30:00,0,3,33.16205131065508,35.66873623270982,35.66873623270982,True,False
pig_01,A1,8,A1_p8,2026-07-10 18:00:00,0,3,35.31219704620142,36.98012921089396,36.98012921089396,True,False
pig_01,A1,8,A1_p8,2026-07-10 18:30:00,0,3,38.480012614458744,37.9421665670136,37.9421665670136,True,False
pig_01,A1,8,A1_p8,2026-07-10 19:00:00,0,3,36.448341515000365,36.30995050144161,36.30995050144161,True,False
pig_01,A1,8,A1_p8,2026-07-10 19:30:00,0,3,37.29024392936549,37.11613101280449,37.11613101280449,True,False
pig_01,A1,8,A1_p8,2026-07-10 20:00:00,0,3,33.18709410119805,34.93080374625906,34.93080374625906,True,False
pig_01,A1,8,A1_p8,2026-07-10 20:30:00,0,3,35.139083746810584,35.896702318037654,35.896702318037654,True,False
pig_01,A1,8,A1_p8,2026-07-10 21:00:00,0,3,33.00742436362662,34.637589774222974,34.637589774222974,True,False
pig_01,A1,8,A1_p8,2026-07-10 21:30:00,0,3,33.137360417830095,35.94868336138799,35.94868336138799,True,False
pig_01,A1,8,A1_p8,2026-07-10 22:00:00,0,3,32.517946373479084,33.94409052819146,33.94409052819146,True,False
pig_01,A1,8,A1_p8,2026-07-10 22:30:00,0,3,31.96815008286433,32.14137523810683,32.14137523810683,True,False
pig_01,A1,8,A1_p8,2026-07-10 23:00:00,0,3,32.15696111823738,32.557941845778345,32.557941845778345,True,False
pig_01,A1,8,A1_p8,2026-07-10 23:30:00,0,3,33.21771972819724,33.5312851043738,33.5312851043738,True,False
pig_01,A1,8,A1_p8,2026-07-11 00:00:00,0,3,31.254048082712753,33.36208906079712,33.36208906079712,True,False
pig_01,A1,8,A1_p8,2026-07-11 00:30:00,0,3,33.72320752134804,33.578047204724726,33.578047204724726,True,False
pig_01,A1,8,A1_p8,2026-07-11 01:00:00,0,3,31.39894400934027,32.971378489036525,32.971378489036525,True,False
pig_01,A1,8,A1_p8,2026-07-11 09:30:00,1,3,46.79140439875981,50.81206143540721,50.81206143540721,True,False
pig_01,A1,8,A1_p8,2026-07-11 10:00:00,1,3,46.8761188007528,47.07518908091483,47.07518908091483,True,False
pig_01,A1,8,A1_p8,2026-07-11 10:30:00,1,3,37.324471858625294,41.9473877325027,41.9473877325027,True,False
pig_01,A1,8,A1_p8,2026-07-11 11:00:00,1,3,37.837373400929316,40.420089987608485,40.420089987608485,True,False
pig_01,A1,8,A1_p8,2026-07-11 11:30:00,1,3,36.940455475499746,40.51407322216738,40.51407322216738,True,False
pig_01,A1,8,A1_p8,2026-07-11 12:00:00,1,3,34.19019106163366,39.09284266438379,39.09284266438379,True,False
pig_01,A1,8,A1_p8,2026-07-11 12:30:00,1,3,34.850247623540504,38.775234659468865,38.775234659468865,True,False
pig_01,A1,8,A1_p8,2026-07-11 13:00:00,1,3,36.7850905884827,39.51410533893985,39.51410533893985,True,False
pig_01,A1,8,A1_p8,2026-07-11 13:30:00,1,3,44.55167733684123,46.18842603749093,46.18842603749093,True,False
pig_01,A1,8,A1_p8,2026-07-11 14:00:00,1,3,46.68050729454684,48.69084035106663,48.69084035106663,True,False
pig_01,A1,8,A1_p8,2026-07-11 15:00:00,1,3,62.720220761832906,65.6173769860289,65.6173769860289,True,False
pig_01,A1,8,A1_p8,2026-07-11 15:30:00,1,3,60.9385993933556,61.60395877046642,61.60395877046642,True,False
pig_01,A1,8,A1_p8,2026-07-11 16:00:00,1,3,42.21742494656394,49.378322996069045,49.378322996069045,True,False
pig_01,A1,8,A1_p8,2026-07-11 16:30:00,1,3,43.16300972189996,45.44150186273428,45.44150186273428,True,False
pig_01,A1,8,A1_p8,2026-07-11 17:00:00,1,3,40.48928799742482,43.21410268661044,43.21410268661044,True,False
pig_01,A1,8,A1_p8,2026-07-11 17:30:00,1,3,39.84435407915535,41.92103572841197,41.92103572841197,True,False
pig_01,A1,8,A1_p8,2026-07-11 18:00:00,1,3,40.18590372441426,43.0792906943439,43.0792906943439,True,False
pig_01,A1,8,A1_p8,2026-07-11 18:30:00,1,3,44.59571582275865,42.618059073268455,42.618059073268455,True,False
pig_01,A1,8,A1_p8,2026-07-11 19:00:00,1,3,38.765778829493165,37.879677801735895,37.879677801735895,True,False
pig_01,A1,8,A1_p8,2026-07-11 19:30:00,1,3,40.139018756985735,40.57587475830557,40.57587475830557,True,False
pig_01,A1,8,A1_p8,2026-07-11 20:00:00,1,3,35.5915111726264,38.551429245875134,38.551429245875134,True,False
pig_01,A1,8,A1_p8,2026-07-11 20:30:00,1,3,36.252793566384575,36.79186620676265,36.79186620676265,True,False
pig_01,A1,8,A1_p8,2026-07-11 21:00:00,1,3,36.9514061966204,38.09913921322064,38.09913921322064,True,False
pig_01,A1,8,A1_p8,2026-07-11 21:30:00,1,3,35.16264883780363,36.60831843729896,36.60831843729896,True,False
pig_01,A1,8,A1_p8,2026-07-11 22:00:00,1,3,36.02504867074619,35.821350575433485,35.821350575433485,True,False
pig_01,A1,8,A1_p8,2026-07-11 22:30:00,1,3,34.15253510701821,34.92054453414726,34.92054453414726,True,False
pig_01,A1,8,A1_p8,2026-07-11 23:00:00,1,3,33.76795829779546,35.676953984166126,35.676953984166126,True,False
pig_01,A1,8,A1_p8,2026-07-11 23:30:00,1,3,34.681807614125425,34.563820863910614,34.563820863910614,True,False
pig_01,A1,8,A1_p8,2026-07-12 00:00:00,1,3,37.86849080665389,37.306773061684005,37.306773061684005,True,False
pig_01,A1,8,A1_p8,2026-07-12 00:30:00,1,3,35.83109116190314,36.44997647192626,36.44997647192626,True,False
pig_01,A1,8,A1_p8,2026-07-12 01:00:00,1,3,37.213182553594834,35.21121066728962,35.21121066728962,True,False
pig_01,A1,8,A1_p8,2026-07-12 01:30:00,1,3,34.303798093996,34.48302410985911,34.48302410985911,True,False
pig_01,A1,8,A1_p8,2026-07-12 02:00:00,1,3,31.93482233613843,34.2232228360896,34.2232228360896,True,False
pig_01,A1,8,A1_p8,2026-07-12 02:30:00,1,3,32.61648665529404,33.80675211921253,33.80675211921253,True,False
pig_01,A1,8,A1_p8,2026-07-12 03:00:00,1,3,33.38852239335222,33.17688916620477,33.17688916620477,True,False
pig_01,A1,8,A1_p8,2026-07-12 03:30:00,1,3,32.33560119313177,32.34560398607245,32.34560398607245,True,False
pig_01,A1,8,A1_p8,2026-07-12 04:00:00,1,3,33.33211855399094,33.72306959304574,33.72306959304574,True,False
pig_01,A1,8,A1_p8,2026-07-12 04:30:00,1,3,32.258374795972045,34.195985649996814,34.195985649996814,True,False
pig_01,A1,8,A1_p8,2026-07-12 05:00:00,1,3,30.916022391200876,32.3521508621946,32.3521508621946,True,False
pig_01,A1,8,A1_p8,2026-07-12 05:30:00,1,3,34.70609977180981,34.48044695845155,34.48044695845155,True,False
pig_01,A1,8,A1_p8,2026-07-12 06:00:00,1,3,29.99126587248233,32.98916846715957,32.98916846715957,True,False
pig_01,A1,8,A1_p8,2026-07-12 06:30:00,1,3,30.763996282550025,31.957013347696652,31.957013347696652,True,False
pig_01,A1,8,A1_p8,2026-07-12 07:00:00,1,3,30.79893051950508,31.24574040415717,31.24574040415717,True,False
pig_01,A1,8,A1_p8,2026-07-12 07:30:00,1,3,27.788947292919296,31.99280234360746,31.99280234360746,True,False
pig_01,A1,8,A1_p8,2026-07-12 08:00:00,1,3,29.060070125828958,40.678362761830314,40.678362761830314,True,False
pig_01,A1,8,A1_p8,2026-07-12 09:30:00,2,3,56.837659498215,59.02460364011703,57.78680751171032,False,True
pig_01,A1,8,A1_p8,2026-07-12 10:00:00,2,3,42.642631299710125,44.80419910862585,43.864616955204546,False,True
pig_01,A1,8,A1_p8,2026-07-12 10:30:00,2,3,38.82517785236907,43.28520686569682,42.37747927124624,False,True
pig_01,A1,8,A1_p8,2026-07-12 11:00:00,2,3,36.6019086565782,41.82747600242668,40.950318263723304,False,True
pig_01,A1,8,A1_p8,2026-07-12 11:30:00,2,3,40.52209432916164,44.21121218818929,43.284065474720926,False,True
pig_01,A1,8,A1_p8,2026-07-12 12:00:00,2,3,37.443075752593266,41.709316364514194,40.8346365338919,False,True
pig_01,A1,8,A1_p8,2026-07-12 12:30:00,2,3,39.06421497365787,41.34340931487438,40.47640286622279,False,True
pig_01,A1,8,A1_p8,2026-07-12 13:00:00,2,3,36.40071266825475,41.47314821391555,40.603421030230905,False,True
pig_01,A1,8,A1_p8,2026-07-12 13:30:00,2,3,36.80431088759764,40.33855230656304,39.4926185638304,False,True
pig_01,A1,8,A1_p8,2026-07-12 14:00:00,2,3,46.97428188988183,45.73942549788482,44.78023085183473,False,True
pig_01,A1,8,A1_p8,2026-07-12 14:30:00,2,3,39.07255112481942,42.89309063752167,41.993586053802,False,True
pig_01,A1,8,A1_p8,2026-07-12 15:00:00,2,3,44.69786181250292,51.89660516613303,50.808289226838355,False,True
pig_01,A1,8,A1_p8,2026-07-12 16:00:00,2,3,53.093653177005294,61.836719480684664,60.53995089188993,False,True
pig_01,A1,8,A1_p8,2026-07-14 16:00:00,4,3,19.77039480110436,26.381211176730112,26.381211176730112,False,True
pig_01,A1,8,A1_p8,2026-07-14 16:30:00,4,3,36.15420346453211,35.218798709070825,35.218798709070825,False,True
pig_01,A1,8,A1_p8,2026-07-14 17:00:00,4,3,34.21102144692175,34.12082265711768,34.12082265711768,False,True
pig_01,A1,8,A1_p8,2026-07-14 17:30:00,4,3,23.41239885468965,27.03753049763452,27.03753049763452,False,True
pig_01,A1,8,A1_p8,2026-07-14 18:00:00,4,3,31.468413705154926,32.380970821423944,32.380970821423944,False,True
pig_01,A1,8,A1_p8,2026-07-14 18:30:00,4,3,23.18134040038639,26.321752980835768,26.321752980835768,False,True
pig_01,A1,8,A1_p8,2026-07-14 19:00:00,4,3,23.914755444637844,26.411159554343907,26.411159554343907,False,True
pig_01,A1,8,A1_p8,2026-07-14 19:30:00,4,3,25.133169002193444,26.92807806172887,26.92807806172887,False,True
pig_01,A1,8,A1_p8,2026-07-14 20:00:00,4,3,21.661183682270675,25.645247033179903,25.645247033179903,False,True
pig_01,A1,8,A1_p8,2026-07-14 20:30:00,4,3,20.91256735513113,26.06568816699691,26.06568816699691,False,True
pig_01,A1,8,A1_p8,2026-07-14 21:00:00,4,3,22.445974346785594,26.52810270893103,26.52810270893103,False,True
pig_01,A1,8,A1_p8,2026-07-14 21:30:00,4,3,24.31707928840965,31.312958602563732,31.312958602563732,False,True
pig_01,A1,8,A1_p8,2026-07-14 22:00:00,4,3,27.544258063819406,27.20547503590234,27.20547503590234,False,True
pig_01,A1,8,A1_p8,2026-07-14 22:30:00,4,3,20.92831984225388,25.64582302366397,25.64582302366397,False,True
pig_01,A1,8,A1_p8,2026-07-14 23:00:00,4,3,21.08684779795635,23.715570059189027,23.715570059189027,False,True
pig_01,A1,8,A1_p8,2026-07-14 23:30:00,4,3,21.310099671840998,24.098418081113756,24.098418081113756,False,True
pig_01,A1,8,A1_p8,2026-07-15 00:00:00,4,3,22.707830318694917,24.712134871779178,24.712134871779178,False,True
pig_01,A1,8,A1_p8,2026-07-15 00:30:00,4,3,20.64567382726036,23.72138785176097,23.72138785176097,False,True
pig_01,A1,8,A1_p8,2026-07-15 01:00:00,4,3,21.405170664997303,24.022667408213618,24.022667408213618,False,True
pig_01,A1,8,A1_p8,2026-07-15 01:30:00,4,3,19.82215820172323,24.009218645006015,24.009218645006015,False,True
pig_01,A1,8,A1_p8,2026-07-15 02:00:00,4,3,20.00900583563264,24.688610794223816,24.688610794223816,False,True
pig_01,A1,8,A1_p8,2026-07-15 02:30:00,4,3,20.114666026415705,23.91441731894937,23.91441731894937,False,True
pig_01,A1,8,A1_p8,2026-07-15 03:00:00,4,3,21.146444806874076,24.59668286182754,24.59668286182754,False,True
pig_01,A1,8,A1_p8,2026-07-15 03:30:00,4,3,20.326813314451357,24.22733814419184,24.22733814419184,False,True
pig_01,A1,8,A1_p8,2026-07-15 04:00:00,4,3,19.94345669481224,23.20798376850438,23.20798376850438,False,True
pig_01,A1,8,A1_p8,2026-07-15 04:30:00,4,3,21.170237987796817,25.22802390277726,25.22802390277726,False,True
pig_01,A1,8,A1_p8,2026-07-15 05:00:00,4,3,19.980839710055022,23.345913651651163,23.345913651651163,False,True
pig_01,A1,8,A1_p8,2026-07-15 05:30:00,4,3,20.1657085810775,22.462090896893052,22.462090896893052,False,True
pig_01,A1,8,A1_p8,2026-07-15 06:00:00,4,3,20.848497557171818,24.838989715680793,24.838989715680793,False,True
pig_01,A1,8,A1_p8,2026-07-15 06:30:00,4,3,19.30574245876796,23.100251974229927,23.100251974229927,False,True
pig_01,A1,8,A1_p8,2026-07-15 07:00:00,4,3,20.95098683423005,23.717325832151904,23.717325832151904,False,True
pig_02,B2,7,B2_p7,2026-07-05 16:00:00,0,3,48.30659487183334,35.94857922863472,35.94857922863472,True,False
pig_02,B2,7,B2_p7,2026-07-05 16:30:00,0,3,45.77424911736664,35.73633241854583,35.73633241854583,True,False
pig_02,B2,7,B2_p7,2026-07-05 17:00:00,0,3,44.975169482394755,37.01362646505382,37.01362646505382,True,False
pig_02,B2,7,B2_p7,2026-07-05 17:30:00,0,3,41.87223388907675,35.454877036438624,35.454877036438624,True,False
pig_02,B2,7,B2_p7,2026-07-05 18:00:00,0,3,41.08465032600478,35.172926917171274,35.172926917171274,True,False
pig_02,B2,7,B2_p7,2026-07-05 18:30:00,0,3,38.685667591433194,35.07857395708635,35.07857395708635,True,False
pig_02,B2,7,B2_p7,2026-07-05 19:00:00,0,3,37.44727576485346,33.51816263281699,33.51816263281699,True,False
pig_02,B2,7,B2_p7,2026-07-05 19:30:00,0,3,39.74905580658156,33.21376422582307,33.21376422582307,True,False
pig_02,B2,7,B2_p7,2026-07-05 20:00:00,0,3,36.64609241353068,34.8061141470959,34.8061141470959,True,False
pig_02,B2,7,B2_p7,2026-07-05 20:30:00,0,3,36.95384286097661,34.04646337187074,34.04646337187074,True,False
pig_02,B2,7,B2_p7,2026-07-05 21:00:00,0,3,42.07625918077979,33.44591887804565,33.44591887804565,True,False
pig_02,B2,7,B2_p7,2026-07-05 21:30:00,0,3,44.14474398869507,34.010959128977404,34.010959128977404,True,False
pig_02,B2,7,B2_p7,2026-07-05 22:00:00,0,3,34.19854118846059,35.79301543478917,35.79301543478917,True,False
pig_02,B2,7,B2_p7,2026-07-05 22:30:00,0,3,34.77079919854075,34.45245566025497,34.45245566025497,True,False
pig_02,B2,7,B2_p7,2026-07-05 23:00:00,0,3,35.720716066647455,36.041499625384574,36.041499625384574,True,False
pig_02,B2,7,B2_p7,2026-07-05 23:30:00,0,3,35.03476931462077,34.96234708621574,34.96234708621574,True,False
pig_02,B2,7,B2_p7,2026-07-06 00:00:00,0,3,36.689178112813906,34.63734827584074,34.63734827584074,True,False
pig_02,B2,7,B2_p7,2026-07-06 00:30:00,0,3,40.73315994397495,36.511205240165694,36.511205240165694,True,False
pig_02,B2,7,B2_p7,2026-07-06 01:00:00,0,3,38.43125342712434,35.4611875964628,35.4611875964628,True,False
pig_02,B2,7,B2_p7,2026-07-06 01:30:00,0,3,37.42465507263279,37.26434647763827,37.26434647763827,True,False
pig_02,B2,7,B2_p7,2026-07-06 02:00:00,0,3,34.39189785602106,34.80823615586353,34.80823615586353,True,False
pig_02,B2,7,B2_p7,2026-07-06 02:30:00,0,3,36.63413867139113,32.108808746463154,32.108808746463154,True,False
pig_02,B2,7,B2_p7,2026-07-06 03:00:00,0,3,34.43086664626881,33.59554554826083,33.59554554826083,True,False
pig_02,B2,7,B2_p7,2026-07-06 03:30:00,0,3,33.577575815646284,31.934102812401953,31.934102812401953,True,False
pig_02,B2,7,B2_p7,2026-07-06 04:00:00,0,3,32.16259292988302,32.404008511755706,32.404008511755706,True,False
pig_02,B2,7,B2_p7,2026-07-06 04:30:00,0,3,34.52359588345438,33.92081353402624,33.92081353402624,True,False
pig_02,B2,7,B2_p7,2026-07-06 05:00:00,0,3,34.069285149489794,33.89511249230357,33.89511249230357,True,False
pig_02,B2,7,B2_p7,2026-07-06 05:30:00,0,3,35.761450311468536,32.0960358974701,32.0960358974701,True,False
pig_02,B2,7,B2_p7,2026-07-06 06:00:00,0,3,34.02584571435881,30.282853418509887,30.282853418509887,True,False
pig_02,B2,7,B2_p7,2026-07-06 06:30:00,0,3,33.033324896063974,33.75988435084501,33.75988435084501,True,False
pig_02,B2,7,B2_p7,2026-07-06 07:00:00,0,3,42.617813598241064,38.906972709897836,38.906972709897836,True,False
pig_02,B2,7,B2_p7,2026-07-06 07:30:00,0,3,37.185867258617634,34.1606056551593,34.1606056551593,True,False
pig_02,B2,7,B2_p7,2026-07-06 08:00:00,0,3,34.43796843541011,34.61673926561703,34.61673926561703,True,False
pig_02,B2,7,B2_p7,2026-07-06 09:30:00,1,3,54.082943945992724,46.36276755181565,46.36276755181565,True,False
pig_02,B2,7,B2_p7,2026-07-06 10:00:00,1,3,47.450521305781784,41.52147651485081,41.52147651485081,True,False
pig_02,B2,7,B2_p7,2026-07-06 10:30:00,1,3,38.48405182318838,38.673444890525644,38.673444890525644,True,False
pig_02,B2,7,B2_p7,2026-07-06 11:00:00,1,3,40.81344896653907,38.86474923541536,38.86474923541536,True,False
pig_02,B2,7,B2_p7,2026-07-06 11:30:00,1,3,45.37185881173869,41.22462140858942,41.22462140858942,True,False
pig_02,B2,7,B2_p7,2026-07-06 12:00:00,1,3,54.609480543495536,44.660898465354116,44.660898465354116,True,False
pig_02,B2,7,B2_p7,2026-07-06 12:30:00,1,3,61.57601840702681,46.574739639026895,46.574739639026895,True,False
pig_02,B2,7,B2_p7,2026-07-06 13:00:00,1,3,47.993489074219355,36.89252158387528,36.89252158387528,True,False
pig_02,B2,7,B2_p7,2026-07-06 16:00:00,1,3,52.3320201088477,47.78156746915676,47.78156746915676,True,False
pig_02,B2,7,B2_p7,2026-07-06 16:30:00,1,3,53.813017444905825,51.47656888787361,51.47656888787361,True,False
pig_02,B2,7,B2_p7,2026-07-06 17:00:00,1,3,38.710460607513006,40.76764163058148,40.76764163058148,True,False
pig_02,B2,7,B2_p7,2026-07-06 17:30:00,1,3,47.80951723746708,40.40132869533567,40.40132869533567,True,False
pig_02,B2,7,B2_p7,2026-07-06 18:00:00,1,3,45.379933645646105,39.56842420193373,39.56842420193373,True,False
pig_02,B2,7,B2_p7,2026-07-06 18:30:00,1,3,41.65015713613084,40.81471865000603,40.81471865000603,True,False
pig_02,B2,7,B2_p7,2026-07-06 19:00:00,1,3,40.35441938510787,39.26397398001789,39.26397398001789,True,False
pig_02,B2,7,B2_p7,2026-07-06 19:30:00,1,3,40.38123444385202,39.09015006727311,39.09015006727311,True,False
pig_02,B2,7,B2_p7,2026-07-06 20:00:00,1,3,39.28013471738955,40.36844786643424,40.36844786643424,True,False
pig_02,B2,7,B2_p7,2026-07-06 20:30:00,1,3,40.181361758111265,38.047529915299805,38.047529915299805,True,False
pig_02,B2,7,B2_p7,2026-07-06 21:00:00,1,3,39.39096191584836,38.46996814189326,38.46996814189326,True,False
pig_02,B2,7,B2_p7,2026-07-06 21:30:00,1,3,42.73720057819256,38.43303097665575,38.43303097665575,True,False
pig_02,B2,7,B2_p7,2026-07-06 22:00:00,1,3,36.9512451215502,38.02398919747947,38.02398919747947,True,False
pig_02,B2,7,B2_p7,2026-07-06 22:30:00,1,3,36.29195137046864,38.80289663125201,38.80289663125201,True,False
pig_02,B2,7,B2_p7,2026-07-06 23:00:00,1,3,40.181088250983535,38.53235300547369,38.53235300547369,True,False
pig_02,B2,7,B2_p7,2026-07-06 23:30:00,1,3,39.40158250095556,36.08234863807963,36.08234863807963,True,False
pig_02,B2,7,B2_p7,2026-07-07 00:00:00,1,3,35.69249817715082,37.428076866733676,37.428076866733676,True,False
pig_02,B2,7,B2_p7,2026-07-07 00:30:00,1,3,37.48159627935798,37.37793623522043,37.37793623522043,True,False
pig_02,B2,7,B2_p7,2026-07-07 01:00:00,1,3,38.34306638868444,38.0540546519608,38.0540546519608,True,False
pig_02,B2,7,B2_p7,2026-07-07 01:30:00,1,3,37.06806863066545,36.75416841378163,36.75416841378163,True,False
pig_02,B2,7,B2_p7,2026-07-07 02:00:00,1,3,40.15052351911531,35.303988255274746,35.303988255274746,True,False
pig_02,B2,7,B2_p7,2026-07-07 02:30:00,1,3,34.730562072279234,34.695099448822475,34.695099448822475,True,False
pig_02,B2,7,B2_p7,2026-07-07 03:00:00,1,3,32.70542442828912,32.85803726505549,32.85803726505549,True,False
pig_02,B2,7,B2_p7,2026-07-07 03:30:00,1,3,33.329304831980544,32.70617159502312,32.70617159502312,True,False
pig_02,B2,7,B2_p7,2026-07-07 04:00:00,1,3,33.10092992874778,33.665734427837975,33.665734427837975,True,False
pig_02,B2,7,B2_p7,2026-07-07 04:30:00,1,3,32.465609670444266,33.139757598861024,33.139757598861024,True,False
pig_02,B2,7,B2_p7,2026-07-07 05:00:00,1,3,32.530231277202525,33.37021631784268,33.37021631784268,True,False
pig_02,B2,7,B2_p7,2026-07-07 05:30:00,1,3,35.34064206138813,34.343490060522186,34.343490060522186,True,False
pig_02,B2,7,B2_p7,2026-07-07 06:00:00,1,3,32.7620086834486,33.892190702282704,33.892190702282704,True,False
pig_02,B2,7,B2_p7,2026-07-07 06:30:00,1,3,30.281296885161744,31.87841997254359,31.87841997254359,True,False
pig_02,B2,7,B2_p7,2026-07-07 07:00:00,1,3,30.527459538018704,34.55174601646188,34.55174601646188,True,False
pig_02,B2,7,B2_p7,2026-07-07 07:30:00,1,3,40.87095364821337,41.40358419469069,41.40358419469069,True,False
pig_02,B2,7,B2_p7,2026-07-07 08:00:00,1,3,63.3527833212752,43.211475994692236,43.211475994692236,True,False
pig_02,B2,7,B2_p7,2026-07-07 10:00:00,2,3,42.788168942812774,42.5007030074284,44.13198917747639,False,True
pig_02,B2,7,B2_p7,2026-07-07 10:30:00,2,3,41.08166579325375,39.80679896804404,41.33468618014736,False,True
pig_02,B2,7,B2_p7,2026-07-07 11:00:00,2,3,71.9563938879489,44.75081325628133,46.46846443844208,False,True
pig_02,B2,7,B2_p7,2026-07-07 11:30:00,2,3,42.30625029925693,41.91851375123995,43.5274540019321,False,True
pig_02,B2,7,B2_p7,2026-07-07 12:00:00,2,3,64.32183163588469,40.99759778959125,42.57119091974867,False,True
pig_02,B2,7,B2_p7,2026-07-07 12:30:00,2,3,43.667317078192326,46.69748884795848,48.489858440535116,False,True
pig_02,B2,7,B2_p7,2026-07-07 13:00:00,2,3,66.93410966913271,43.14423183306245,44.8002182927292,False,True
pig_02,B2,7,B2_p7,2026-07-07 13:30:00,2,3,35.62160489268382,42.24926298611689,43.870898242172,False,True
pig_02,B2,7,B2_p7,2026-07-07 14:00:00,2,3,48.66567282450792,42.27770209430859,43.90042891639904,False,True
pig_02,B2,7,B2_p7,2026-07-07 14:30:00,2,3,37.71792346974007,38.002247457275274,39.460871346319166,False,True
pig_02,B2,7,B2_p7,2026-07-07 15:00:00,2,3,39.553439719825825,48.270081614663816,50.12281135777715,False,True
pig_02,B2,7,B2_p7,2026-07-07 16:00:00,2,3,68.75563435112994,60.35379655925081,62.67033032622845,False,True
pig_02,B2,7,B2_p7,2026-07-07 16:30:00,2,3,46.49491950447855,44.73235120787351,46.44929376918549,False,True
pig_02,B2,7,B2_p7,2026-07-07 17:00:00,2,3,51.840819376572846,47.62180621233044,49.44965348001686,False,True
pig_02,B2,7,B2_p7,2026-07-07 17:30:00,2,3,38.69716588123088,41.45504945673878,43.04620075712113,False,True
pig_02,B2,7,B2_p7,2026-07-07 18:00:00,2,3,40.19405527899745,38.764474998599425,40.252355138919306,False,True
pig_02,B2,7,B2_p7,2026-07-07 18:30:00,2,3,41.862638080430415,40.7694942550542,42.33433218553494,False,True
pig_02,B2,7,B2_p7,2026-07-07 19:00:00,2,3,44.76758532864107,40.83665369121029,42.404069373390115,False,True
pig_02,B2,7,B2_p7,2026-07-07 19:30:00,2,3,44.22468725294517,38.408716204142536,39.88294140795068,False,True
pig_02,B2,7,B2_p7,2026-07-07 20:00:00,2,3,43.07794587617681,39.03697450435901,40.53531387578886,False,True
pig_02,B2,7,B2_p7,2026-07-07 20:30:00,2,3,42.16213206663773,38.598079702509274,40.079573163878806,False,True
pig_02,B2,7,B2_p7,2026-07-07 21:00:00,2,3,43.19869679436717,39.407893972000494,40.92047018552821,False,True
pig_02,B2,7,B2_p7,2026-07-07 21:30:00,2,3,38.639814194135596,38.19701222903946,39.66311169039413,False,True
pig_02,B2,7,B2_p7,2026-07-07 22:00:00,2,3,40.32163795502999,38.224308443196186,39.69145560337695,False,True
pig_02,B2,7,B2_p7,2026-07-07 22:30:00,2,3,38.757075062409,37.32218052817424,38.75470170131822,False,True
pig_02,B2,7,B2_p7,2026-07-07 23:00:00,2,3,40.02301466839812,37.361205053312155,38.7952240879889,False,True
pig_02,B2,7,B2_p7,2026-07-07 23:30:00,2,3,38.25002075044859,34.4265066176597,35.74788438683773,False,True
pig_02,B2,7,B2_p7,2026-07-08 00:00:00,2,3,37.85242947022838,35.970576514716676,37.35121965341615,False,True
pig_02,B2,7,B2_p7,2026-07-08 00:30:00,2,3,35.21290037480348,35.487811895039,36.84992528736391,False,True
pig_02,B2,7,B2_p7,2026-07-08 01:00:00,2,3,35.48918875091764,34.53798337623478,35.86363990980204,False,True
pig_02,B2,7,B2_p7,2026-07-08 01:30:00,2,3,37.62242137672706,36.40935655889684,37.80684120296246,False,True
pig_02,B2,7,B2_p7,2026-07-08 02:00:00,2,3,35.64440145333812,36.63732595489407,38.043560650054594,False,True
pig_02,B2,7,B2_p7,2026-07-08 02:30:00,2,3,38.69463941111282,36.36268651306279,37.75837984086921,False,True
pig_02,B2,7,B2_p7,2026-07-08 03:00:00,2,3,34.983754450920706,34.35222208497843,35.67074862294764,False,True
pig_02,B2,7,B2_p7,2026-07-08 03:30:00,2,3,32.59679667811211,33.14388693003102,34.41603446041761,False,True
pig_02,B2,7,B2_p7,2026-07-08 04:00:00,2,3,33.724116323913485,35.24673469480603,36.59959492483418,False,True
pig_02,B2,7,B2_p7,2026-07-08 04:30:00,2,3,33.48456179378559,35.34522189294991,36.70186231466644,False,True
pig_02,B2,7,B2_p7,2026-07-08 05:00:00,2,3,35.68591912844774,35.095994843374974,36.443069290639215,False,True
pig_02,B2,7,B2_p7,2026-07-08 05:30:00,2,3,34.17565943613985,33.72961810273905,35.024247500337054,False,True
pig_02,B2,7,B2_p7,2026-07-08 06:00:00,2,3,32.66546466851061,33.32636147021688,34.60551284225143,False,True
pig_02,B2,7,B2_p7,2026-07-08 06:30:00,2,3,32.6717000085918,32.20831324844673,33.444551057350296,False,True
pig_02,B2,7,B2_p7,2026-07-08 07:00:00,2,3,43.762764905632714,39.68408113639545,41.20725812284553,False,True
pig_02,B2,7,B2_p7,2026-07-08 07:30:00,2,3,32.3862566791603,34.501652959931114,35.82591503878411,False,True
pig_02,B2,7,B2_p7,2026-07-08 08:00:00,2,3,41.80342439328572,43.06795072785867,44.721009322733785,False,True
pig_02,B2,7,B2_p7,2026-07-08 09:30:00,3,3,53.45585979131036,44.73952271372724,46.4567405358582,False,True
pig_02,B2,7,B2_p7,2026-07-08 10:00:00,3,3,46.40895105620419,42.370045379564935,43.99631657418281,False,True
pig_02,B2,7,B2_p7,2026-07-08 10:30:00,3,3,40.85752859328332,41.809565496844954,43.41432403363429,False,True
pig_02,B2,7,B2_p7,2026-07-08 11:00:00,3,3,45.719952788605106,44.72267178612255,46.4392428263603,False,True
pig_02,B2,7,B2_p7,2026-07-08 11:30:00,3,3,45.244458422745886,42.62272634385721,44.258696083047674,False,True
pig_02,B2,7,B2_p7,2026-07-08 12:00:00,3,3,42.62961587002091,42.312981567946295,43.93706250687151,False,True
pig_02,B2,7,B2_p7,2026-07-08 12:30:00,3,3,49.65783293293771,41.85942346583696,43.466095679566386,False,True
pig_02,B2,7,B2_p7,2026-07-08 13:00:00,3,3,49.40305922547941,39.59125234032941,41.11086631909986,False,True
pig_02,B2,7,B2_p7,2026-07-08 13:30:00,3,3,61.392407709863285,50.81657520921871,52.76704591869176,False,True
pig_02,B2,7,B2_p7,2026-07-08 14:00:00,3,3,49.80016141130531,40.87846790630867,42.447488525488936,False,True
pig_02,B2,7,B2_p7,2026-07-08 14:30:00,3,3,57.18703356176721,52.37646742450636,54.38681080472368,False,True
pig_02,B2,7,B2_p7,2026-07-08 15:30:00,3,3,60.163641680217495,50.51453090629627,52.45340837944066,False,True
pig_02,B2,7,B2_p7,2026-07-08 16:00:00,3,3,48.219668687747856,46.01606222985462,47.78227691817423,False,True
pig_02,B2,7,B2_p7,2026-07-08 16:30:00,3,3,43.84231126334378,42.98215535534092,44.631920903401785,False,True
pig_02,B2,7,B2_p7,2026-07-08 17:00:00,3,3,46.29894426764827,43.92407463599306,45.609993465931645,False,True
pig_02,B2,7,B2_p7,2026-07-08 17:30:00,3,3,39.94905128803195,42.04536729692547,43.659176512600666,False,True
pig_02,B2,7,B2_p7,2026-07-08 18:00:00,3,3,44.13197156627481,41.52562151520377,43.11948155249678,False,True
pig_02,B2,7,B2_p7,2026-07-08 18:30:00,3,3,51.42261449886277,44.19021148632941,45.8863453323165,False,True
pig_02,B2,7,B2_p7,2026-07-08 19:00:00,3,3,45.045521722157524,39.544142474591176,41.061948255684555,False,True
pig_02,B2,7,B2_p7,2026-07-08 19:30:00,3,3,39.874986272025644,39.26408788934126,40.771144455964084,False,True
pig_02,B2,7,B2_p7,2026-07-08 20:00:00,3,3,39.02683083802125,38.99265959887404,40.48929805038188,False,True
pig_02,B2,7,B2_p7,2026-07-08 20:30:00,3,3,40.84164310793261,38.60675003820274,40.08857628933116,False,True
pig_02,B2,7,B2_p7,2026-07-08 21:00:00,3,3,39.81094906408846,37.039132958325276,38.460790038560496,False,True
pig_02,B2,7,B2_p7,2026-07-08 21:30:00,3,3,36.37861540156563,38.390710588116555,39.86424469012337,False,True
pig_02,B2,7,B2_p7,2026-07-08 22:00:00,3,3,40.0984610539128,36.00384293530651,37.38576292469304,False,True
pig_02,B2,7,B2_p7,2026-07-08 22:30:00,3,3,42.597373387011714,38.6551105112785,40.13879296160654,False,True
pig_02,B2,7,B2_p7,2026-07-08 23:00:00,3,3,39.40256231916291,38.759901458807555,40.24760605492034,False,True
pig_02,B2,7,B2_p7,2026-07-08 23:30:00,3,3,47.535924974255735,38.80742021932325,40.29694870754515,False,True
pig_02,B2,7,B2_p7,2026-07-09 00:00:00,3,3,44.6824154863092,38.05364196287128,39.51423850507766,False,True
pig_02,B2,7,B2_p7,2026-07-09 00:30:00,3,3,38.07168374510074,36.323272337534284,37.7174528480249,False,True
pig_02,B2,7,B2_p7,2026-07-09 01:00:00,3,3,36.57910060258817,36.342059915858776,37.73696154187268,False,True
pig_02,B2,7,B2_p7,2026-07-09 01:30:00,3,3,37.206625138914,35.6529593507534,37.021411526709215,False,True
pig_02,B2,7,B2_p7,2026-07-09 02:00:00,3,3,35.04836189331025,36.894380295328574,38.310481396473676,False,True
pig_02,B2,7,B2_p7,2026-07-09 02:30:00,3,3,40.22296865998025,35.3415365744084,36.69803554413135,False,True
pig_02,B2,7,B2_p7,2026-07-09 03:00:00,3,3,37.356277834911076,33.86845391416402,35.168412186887814,False,True
pig_02,B2,7,B2_p7,2026-07-09 03:30:00,3,3,32.81698212177591,35.3558376734493,36.71288555609442,False,True
pig_02,B2,7,B2_p7,2026-07-09 04:00:00,3,3,35.862537330476755,35.12756324644537,36.475849370121885,False,True
pig_02,B2,7,B2_p7,2026-07-09 04:30:00,3,3,34.08900735657379,37.689065657321144,39.13566882428694,False,True
pig_02,B2,7,B2_p7,2026-07-09 05:00:00,3,3,38.17527662428982,33.173761501544526,34.447055694736605,False,True
pig_02,B2,7,B2_p7,2026-07-09 05:30:00,3,3,34.650108910912785,34.059434060163056,35.366722641537685,False,True
pig_02,B2,7,B2_p7,2026-07-09 06:00:00,3,3,30.626478388665625,34.39651033238341,35.71673676706904,False,True
pig_02,B2,7,B2_p7,2026-07-09 06:30:00,3,3,33.57559021090026,34.18804555336142,35.500270574260995,False,True
pig_02,B2,7,B2_p7,2026-07-09 07:00:00,3,3,29.61702726044477,33.6979598234153,34.99137409491952,False,True
pig_02,B2,7,B2_p7,2026-07-09 07:30:00,3,3,40.956913240138576,40.93821436306239,42.50952820474758,False,True
pig_02,B2,7,B2_p7,2026-07-09 08:00:00,3,3,42.81124681321393,43.226047956909696,44.88517472960363,False,True
pig_02,B2,7,B2_p7,2026-07-09 09:30:00,4,3,48.00413888112747,41.70892654583917,41.70892654583917,False,True
pig_02,B2,7,B2_p7,2026-07-09 10:00:00,4,3,43.94649575877732,36.24174611899058,36.24174611899058,False,True
pig_02,B2,7,B2_p7,2026-07-09 10:30:00,4,3,41.69090818715708,33.46768892024511,33.46768892024511,False,True
pig_02,B2,7,B2_p7,2026-07-09 11:00:00,4,3,45.3602965951779,36.93035458274157,36.93035458274157,False,True
pig_02,B2,7,B2_p7,2026-07-09 11:30:00,4,3,47.44753429770044,37.79706776251108,37.79706776251108,False,True
pig_02,B2,7,B2_p7,2026-07-09 12:00:00,4,3,45.38044315162293,39.57235047788564,39.57235047788564,False,True
pig_02,B2,7,B2_p7,2026-07-09 12:30:00,4,3,43.440555665842076,38.32851531589033,38.32851531589033,False,True
pig_02,B2,7,B2_p7,2026-07-09 13:00:00,4,3,40.877378738491075,38.40473353631053,38.40473353631053,False,True
pig_02,B2,7,B2_p7,2026-07-09 13:30:00,4,3,42.38342484663775,37.79263270924247,37.79263270924247,False,True
pig_02,B2,7,B2_p7,2026-07-09 14:00:00,4,3,48.176995977553005,40.57316906827642,40.57316906827642,False,True
pig_02,B2,7,B2_p7,2026-07-09 14:30:00,4,3,35.85014428691943,34.097718684517346,34.097718684517346,False,True
pig_02,B2,7,B2_p7,2026-07-09 15:00:00,4,3,45.261852507861754,39.20676098171078,39.20676098171078,False,True
pig_02,B2,7,B2_p7,2026-07-09 15:30:00,4,3,43.81245545014592,40.19211242720182,40.19211242720182,False,True
pig_02,B2,7,B2_p7,2026-07-09 16:00:00,4,3,42.55548099276613,39.201258551852185,39.201258551852185,False,True
pig_02,B2,7,B2_p7,2026-07-09 16:30:00,4,3,31.288903320029988,31.340552396746784,31.340552396746784,False,True
pig_02,B2,7,B2_p7,2026-07-09 17:00:00,4,3,29.148418345046963,24.691765852356376,24.691765852356376,False,True
pig_02,B2,7,B2_p7,2026-07-09 17:30:00,4,3,40.21251349711686,36.04787867754506,36.04787867754506,False,True
pig_02,B2,7,B2_p7,2026-07-09 18:00:00,4,3,29.025345579928647,26.50858437761768,26.50858437761768,False,True
pig_02,B2,7,B2_p7,2026-07-09 18:30:00,4,3,28.23933122185312,27.94107827302262,27.94107827302262,False,True
pig_02,B2,7,B2_p7,2026-07-09 19:00:00,4,3,26.832544082659112,29.745964135573274,29.745964135573274,False,True
pig_02,B2,7,B2_p7,2026-07-09 19:30:00,4,3,29.791046635934464,24.24603628484713,24.24603628484713,False,True
pig_11,B2,2,B2_p2,2026-06-10 12:00:00,0,5,37.697291376353114,30.452314786487854,30.452314786487854,True,False
pig_11,B2,2,B2_p2,2026-06-10 12:30:00,0,5,50.84923739093922,34.49164159428872,34.49164159428872,True,False
pig_11,B2,2,B2_p2,2026-06-10 17:00:00,0,5,39.589327203944734,29.811660735344184,29.811660735344184,True,False
pig_11,B2,2,B2_p2,2026-06-10 17:30:00,0,5,41.777542766052946,30.90629209634357,30.90629209634357,True,False
pig_11,B2,2,B2_p2,2026-06-10 18:00:00,0,5,47.031486478457396,33.27385655725824,33.27385655725824,True,False
pig_11,B2,2,B2_p2,2026-06-10 18:30:00,0,5,39.441266670175786,28.71569020272638,28.71569020272638,True,False
pig_11,B2,2,B2_p2,2026-06-10 19:00:00,0,5,42.06793997103251,28.71394790164487,28.71394790164487,True,False
pig_11,B2,2,B2_p2,2026-06-10 19:30:00,0,5,39.34119319948959,30.076259110893005,30.076259110893005,True,False
pig_11,B2,2,B2_p2,2026-06-10 20:00:00,0,5,41.725016378104996,29.66190161189497,29.66190161189497,True,False
pig_11,B2,2,B2_p2,2026-06-10 20:30:00,0,5,39.79502478393456,29.71756977535081,29.71756977535081,True,False
pig_11,B2,2,B2_p2,2026-06-10 21:00:00,0,5,38.505814923775574,30.539301919612974,30.539301919612974,True,False
pig_11,B2,2,B2_p2,2026-06-10 21:30:00,0,5,38.959931774307194,28.787166540953365,28.787166540953365,True,False
pig_11,B2,2,B2_p2,2026-06-10 22:00:00,0,5,37.66273543531334,28.170741643938655,28.170741643938655,True,False
pig_11,B2,2,B2_p2,2026-06-10 22:30:00,0,5,40.907502722747985,29.025397627628088,29.025397627628088,True,False
pig_11,B2,2,B2_p2,2026-06-10 23:00:00,0,5,38.830281660759496,26.999534730768318,26.999534730768318,True,False
pig_11,B2,2,B2_p2,2026-06-10 23:30:00,0,5,37.01764244697835,27.78666001358731,27.78666001358731,True,False
pig_11,B2,2,B2_p2,2026-06-11 00:00:00,0,5,40.73411713987211,26.092970139093097,26.092970139093097,True,False
pig_11,B2,2,B2_p2,2026-06-11 00:30:00,0,5,39.71714702532476,28.224064968923336,28.224064968923336,True,False
pig_11,B2,2,B2_p2,2026-06-11 01:00:00,0,5,39.817068155684844,27.89183543252529,27.89183543252529,True,False
pig_11,B2,2,B2_p2,2026-06-11 01:30:00,0,5,38.91209774294333,27.383000978784032,27.383000978784032,True,False
pig_11,B2,2,B2_p2,2026-06-11 02:00:00,0,5,39.333331565709486,27.373325923599136,27.373325923599136,True,False
pig_11,B2,2,B2_p2,2026-06-11 02:30:00,0,5,37.83232039294533,27.957836093576546,27.957836093576546,True,False
pig_11,B2,2,B2_p2,2026-06-11 03:00:00,0,5,39.89905982036387,24.064947271210862,24.064947271210862,True,False
pig_11,B2,2,B2_p2,2026-06-11 03:30:00,0,5,38.16610466422455,26.66327990426008,26.66327990426008,True,False
pig_11,B2,2,B2_p2,2026-06-11 04:00:00,0,5,39.60764219098989,27.103465652769174,27.103465652769174,True,False
pig_11,B2,2,B2_p2,2026-06-11 04:30:00,0,5,36.84552212676974,26.091758563578693,26.091758563578693,True,False
pig_11,B2,2,B2_p2,2026-06-11 05:00:00,0,5,37.33673596468066,25.570796331541494,25.570796331541494,True,False
pig_11,B2,2,B2_p2,2026-06-11 05:30:00,0,5,36.482358388476435,26.349544301338675,26.349544301338675,True,False
pig_11,B2,2,B2_p2,2026-06-11 06:00:00,0,5,36.96095318384442,25.62717013647471,25.62717013647471,True,False
pig_11,B2,2,B2_p2,2026-06-11 06:30:00,0,5,37.79966874212846,26.236634159559898,26.236634159559898,True,False
pig_11,B2,2,B2_p2,2026-06-11 07:00:00,0,5,36.39400842238827,25.012666046489482,25.012666046489482,True,False
pig_11,B2,2,B2_p2,2026-06-11 09:30:00,1,5,50.3997190683825,35.06045224542512,35.06045224542512,True,False
pig_11,B2,2,B2_p2,2026-06-11 10:00:00,1,5,43.77118485045191,31.73843151927732,31.73843151927732,True,False
pig_11,B2,2,B2_p2,2026-06-11 10:30:00,1,5,43.46469688678962,32.187140769000116,32.187140769000116,True,False
pig_11,B2,2,B2_p2,2026-06-11 11:00:00,1,5,47.93995337120621,37.22537540619305,37.22537540619305,True,False
pig_11,B2,2,B2_p2,2026-06-11 11:30:00,1,5,44.45453076965793,33.04057206151031,33.04057206151031,True,False
pig_11,B2,2,B2_p2,2026-06-11 15:00:00,1,5,67.14230926353324,48.715700590542895,48.715700590542895,True,False
pig_11,B2,2,B2_p2,2026-06-11 15:30:00,1,5,53.82419020663326,37.44602754923801,37.44602754923801,True,False
pig_11,B2,2,B2_p2,2026-06-11 16:00:00,1,5,51.13151278846195,35.67953232888191,35.67953232888191,True,False
pig_11,B2,2,B2_p2,2026-06-11 16:30:00,1,5,46.3893186471293,33.95831138073894,33.95831138073894,True,False
pig_11,B2,2,B2_p2,2026-06-11 17:00:00,1,5,45.883358895170716,31.80558267613314,31.80558267613314,True,False
pig_11,B2,2,B2_p2,2026-06-11 17:30:00,1,5,48.476468488280645,32.81445022740054,32.81445022740054,True,False
pig_11,B2,2,B2_p2,2026-06-11 18:00:00,1,5,42.642513828906964,30.923084799757497,30.923084799757497,True,False
pig_11,B2,2,B2_p2,2026-06-11 18:30:00,1,5,41.05126225591373,30.860944053535384,30.860944053535384,True,False
pig_11,B2,2,B2_p2,2026-06-11 19:00:00,1,5,45.02902993154048,31.223396500491482,31.223396500491482,True,False
pig_11,B2,2,B2_p2,2026-06-11 19:30:00,1,5,42.87947678261383,30.789417628165722,30.789417628165722,True,False
pig_11,B2,2,B2_p2,2026-06-12 09:30:00,2,5,61.03746799413838,41.49247726528279,49.76076414909893,False,True
pig_11,B2,2,B2_p2,2026-06-12 10:00:00,2,5,53.26925364011849,39.71072588173591,47.623959691699355,False,True
pig_11,B2,2,B2_p2,2026-06-12 10:30:00,2,5,48.53653312584815,33.00419174124478,39.581001410630705,False,True
pig_11,B2,2,B2_p2,2026-06-12 11:00:00,2,5,45.203133444964664,30.375517269185767,36.428505848782635,False,True
pig_11,B2,2,B2_p2,2026-06-12 11:30:00,2,5,46.731647846403845,32.43441820544976,38.897687990903485,False,True
pig_11,B2,2,B2_p2,2026-06-12 12:00:00,2,5,47.710064603763215,30.397991987606524,36.45545914818442,False,True
pig_11,B2,2,B2_p2,2026-06-12 12:30:00,2,5,43.58420327405174,31.62118487994881,37.92240007425987,False,True
pig_11,B2,2,B2_p2,2026-06-12 13:00:00,2,5,56.40919044269047,41.12749788409806,49.32305461466211,False,True
pig_11,B2,2,B2_p2,2026-06-12 13:30:00,2,5,47.356382866086335,34.7055514476302,41.621394384541226,False,True
pig_11,B2,2,B2_p2,2026-06-12 15:00:00,2,5,67.22115656892946,49.14429078471835,58.93736947490592,False,True
pig_11,B2,2,B2_p2,2026-06-12 15:30:00,2,5,50.93862529302301,32.805083865993936,39.3422169206799,False,True
pig_11,B2,2,B2_p2,2026-06-12 16:00:00,2,5,46.54012325822209,32.755765362988086,39.28307062337474,False,True
pig_11,B2,2,B2_p2,2026-06-12 16:30:00,2,5,47.845962180291046,31.076781561481326,37.2695124445566,False,True
pig_11,B2,2,B2_p2,2026-06-12 17:00:00,2,5,45.47176969979921,28.933351487339124,34.698956878362,False,True
pig_11,B2,2,B2_p2,2026-06-12 17:30:00,2,5,44.57915039787066,30.305847393832064,36.34495272146253,False,True
pig_11,B2,2,B2_p2,2026-06-12 18:00:00,2,5,46.260516582632434,31.705929676892012,38.024032132201185,False,True
pig_11,B2,2,B2_p2,2026-06-12 18:30:00,2,5,47.12959782602856,31.308202868854096,37.5470495272819,False,True
pig_11,B2,2,B2_p2,2026-06-12 19:00:00,2,5,45.63425236484291,30.651856528587693,36.759911771459166,False,True
pig_11,B2,2,B2_p2,2026-06-12 19:30:00,2,5,45.6543064226191,30.420647908846895,36.482629759045146,False,True
pig_11,B2,2,B2_p2,2026-06-12 20:00:00,2,5,44.91317141018561,29.21385606171644,35.035358146454314,False,True
pig_11,B2,2,B2_p2,2026-06-12 20:30:00,2,5,46.4177020044705,29.945177819672566,35.912411817703976,False,True
pig_11,B2,2,B2_p2,2026-06-12 21:00:00,2,5,42.920323885788186,31.101198724638923,37.29879526344705,False,True
pig_11,B2,2,B2_p2,2026-06-12 21:30:00,2,5,44.694143999937936,30.106726362529773,36.10615245382826,False,True
pig_11,B2,2,B2_p2,2026-06-12 22:00:00,2,5,43.12581837603626,31.28747419299669,37.522190207751066,False,True
pig_11,B2,2,B2_p2,2026-06-12 22:30:00,2,5,44.18488855632735,29.931350778430346,35.89582943498107,False,True
pig_11,B2,2,B2_p2,2026-06-12 23:00:00,2,5,44.91859486156006,30.347485847371537,36.39488855086273,False,True
pig_11,B2,2,B2_p2,2026-06-12 23:30:00,2,5,42.10826526291178,29.1679506688766,34.98030509643587,False,True
pig_11,B2,2,B2_p2,2026-06-13 00:00:00,2,5,44.09162642124408,29.662161324650427,35.572998073639944,False,True
pig_11,B2,2,B2_p2,2026-06-13 00:30:00,2,5,42.01412291823608,29.048187868405464,34.83667692909417,False,True
pig_11,B2,2,B2_p2,2026-06-13 01:00:00,2,5,79.12674613281163,30.560259634377307,36.65006218546188,False,True
pig_11,B2,2,B2_p2,2026-06-13 01:30:00,2,5,41.43204818987891,28.62771977078442,34.33242133345521,False,True
pig_11,B2,2,B2_p2,2026-06-13 02:00:00,2,5,43.062236346228886,25.494543054722655,30.574890381312017,False,True
pig_11,B2,2,B2_p2,2026-06-13 02:30:00,2,5,40.02680596238727,26.884953978961477,32.24237120269139,False,True
pig_11,B2,2,B2_p2,2026-06-13 03:00:00,2,5,41.96859538849567,26.793881490550945,32.13315052186065,False,True
pig_11,B2,2,B2_p2,2026-06-13 03:30:00,2,5,39.77788304546743,26.16731804849788,31.381730560475567,False,True
pig_11,B2,2,B2_p2,2026-06-13 04:00:00,2,5,39.065807787323166,25.90326682588565,31.065061335650032,False,True
pig_11,B2,2,B2_p2,2026-06-13 04:30:00,2,5,37.52947595567735,26.7093091438935,32.03172527870993,False,True
pig_11,B2,2,B2_p2,2026-06-13 05:00:00,2,5,39.98879443723156,25.656135039945816,30.76868311664726,False,True
pig_11,B2,2,B2_p2,2026-06-13 05:30:00,2,5,40.49758283315739,25.665853833673065,30.780338593358934,False,True
pig_11,B2,2,B2_p2,2026-06-13 06:00:00,2,5,35.0036455078107,25.381468338240495,30.439283045502187,False,True
pig_11,B2,2,B2_p2,2026-06-13 06:30:00,2,5,42.131899734833766,25.206492336392404,30.229439234441035,False,True
pig_11,B2,2,B2_p2,2026-06-13 07:00:00,2,5,34.81570072282387,25.95498202633984,31.127081924979308,False,True
pig_11,B2,2,B2_p2,2026-06-13 10:00:00,3,5,51.60338864656191,34.058343848049994,40.84521646408811,False,True
pig_11,B2,2,B2_p2,2026-06-13 10:30:00,3,5,47.789444018435674,31.936541205863215,38.30059807040321,False,True
pig_11,B2,2,B2_p2,2026-06-13 11:00:00,3,5,59.3470658457354,43.458352147453944,52.11838275386242,False,True
pig_11,B2,2,B2_p2,2026-06-13 11:30:00,3,5,56.832397887561186,33.46788545002293,40.137096269282026,False,True
pig_11,B2,2,B2_p2,2026-06-13 12:00:00,3,5,46.70669099521602,30.295719763311702,36.33280693825246,False,True
pig_11,B2,2,B2_p2,2026-06-13 12:30:00,3,5,44.80977999163143,30.242876720386462,36.26943375908285,False,True
pig_11,B2,2,B2_p2,2026-06-13 13:00:00,3,5,46.44421318155386,32.23741385720682,38.66142620189079,False,True
pig_11,B2,2,B2_p2,2026-06-13 13:30:00,3,5,54.72900256421415,39.196099771280046,47.006783032334425,False,True
pig_11,B2,2,B2_p2,2026-06-13 14:00:00,3,5,44.417579234590136,33.592056220654264,40.28601079159634,False,True
pig_11,B2,2,B2_p2,2026-06-13 14:30:00,3,5,46.754877114081324,38.892871491927515,46.64312986224947,False,True
pig_11,B2,2,B2_p2,2026-06-13 15:30:00,3,5,68.32416187314375,50.84931415613745,60.98215617952807,False,True
pig_11,B2,2,B2_p2,2026-06-13 16:00:00,3,5,50.18194954193909,31.342611137951828,37.58831439928277,False,True
pig_11,B2,2,B2_p2,2026-06-13 17:30:00,3,5,28.2996210754689,31.277547228402312,37.510285077557484,False,True
pig_11,B2,2,B2_p2,2026-06-13 18:00:00,3,5,23.350613959450847,32.30283228354418,38.73988068565579,False,True
pig_11,B2,2,B2_p2,2026-06-13 18:30:00,3,5,24.768467624588002,30.578962615144945,36.672492145690896,False,True
pig_11,B2,2,B2_p2,2026-06-13 19:00:00,3,5,22.79185560165405,30.824270936948416,36.96668353530183,False,True
pig_11,B2,2,B2_p2,2026-06-13 19:30:00,3,5,31.600039612873736,31.231722697874957,37.45532900344227,False,True
pig_11,B2,2,B2_p2,2026-06-13 20:00:00,3,5,26.25732984942978,31.170360896926304,37.38173951672043,False,True
pig_11,B2,2,B2_p2,2026-06-13 21:00:00,3,5,23.342603729685933,29.534215490555784,35.41955622360197,False,True
pig_11,B2,2,B2_p2,2026-06-13 21:30:00,3,5,23.24607479827291,28.60563529592781,34.30593604221385,False,True
pig_11,B2,2,B2_p2,2026-06-13 22:00:00,3,5,23.99819174684819,29.154221126796166,34.96383964172292,False,True
pig_11,B2,2,B2_p2,2026-06-13 22:30:00,3,5,26.19158683313557,28.71767898714752,34.440306898345966,False,True
pig_11,B2,2,B2_p2,2026-06-13 23:00:00,3,5,22.360696886767073,28.56855961500048,34.26147221802479,False,True
pig_11,B2,2,B2_p2,2026-06-13 23:30:00,3,5,25.38640092445361,29.97596090238484,35.949329105356725,False,True
pig_11,B2,2,B2_p2,2026-06-14 00:00:00,3,5,27.95167971816278,30.46286796335393,36.53326308617224,False,True
pig_11,B2,2,B2_p2,2026-06-14 00:30:00,3,5,21.760112375108967,27.50849850128825,32.99017065832733,False,True
pig_11,B2,2,B2_p2,2026-06-14 01:00:00,3,5,25.03954073908942,28.401438491450868,34.06104854218312,False,True
pig_11,B2,2,B2_p2,2026-06-14 01:30:00,3,5,28.64373278919858,26.408794086535675,31.67132599965923,False,True
pig_11,B2,2,B2_p2,2026-06-14 02:00:00,3,5,25.01636704571196,29.511522297729883,35.39234091397417,False,True
pig_11,B2,2,B2_p2,2026-06-14 02:30:00,3,5,24.703033795271544,28.543017069813324,34.230839760032474,False,True
pig_11,B2,2,B2_p2,2026-06-14 03:00:00,3,5,26.580002129075552,30.166120445212904,36.17738211122738,False,True
pig_11,B2,2,B2_p2,2026-06-14 03:30:00,3,5,25.838837234045528,26.817886972245923,32.16193962272036,False,True
pig_11,B2,2,B2_p2,2026-06-14 04:00:00,3,5,23.53152092734844,26.544487342890584,31.83405911590412,False,True
pig_11,B2,2,B2_p2,2026-06-14 04:30:00,3,5,22.427529935776377,24.347091409640175,29.198783808585894,False,True
pig_11,B2,2,B2_p2,2026-06-14 14:30:00,4,5,42.41085254532635,43.44052181116143,43.44052181116143,False,True
pig_11,B2,2,B2_p2,2026-06-14 15:00:00,4,5,35.17367995337984,41.78974521110359,41.78974521110359,False,True
pig_11,B2,2,B2_p2,2026-06-14 15:30:00,4,5,34.847532680930506,40.46135532854035,40.46135532854035,False,True
pig_11,B2,2,B2_p2,2026-06-14 16:00:00,4,5,19.357112235297436,31.665862091019935,31.665862091019935,False,True
pig_11,B2,2,B2_p2,2026-06-14 16:30:00,4,5,9.688698910564884,26.11810854770247,26.11810854770247,False,True
pig_11,B2,2,B2_p2,2026-06-14 17:00:00,4,5,11.680925934722637,26.981317168551193,26.981317168551193,False,True
pig_11,B2,2,B2_p2,2026-06-14 17:30:00,4,5,13.1191748933743,23.95116680938633,23.95116680938633,False,True
pig_11,B2,2,B2_p2,2026-06-14 18:00:00,4,5,15.662861532229947,26.90371486437394,26.90371486437394,False,True
pig_11,B2,2,B2_p2,2026-06-14 18:30:00,4,5,13.406947939011737,24.42569049968752,24.42569049968752,False,True
pig_11,B2,2,B2_p2,2026-06-14 19:00:00,4,5,15.795291257274382,24.284700563659833,24.284700563659833,False,True
pig_11,B2,2,B2_p2,2026-06-14 19:30:00,4,5,14.646889197158178,23.86009001136562,23.86009001136562,False,True
pig_11,B2,2,B2_p2,2026-06-14 20:00:00,4,5,17.149165135862738,27.650517289401517,27.650517289401517,False,True
pig_11,B2,2,B2_p2,2026-06-14 20:30:00,4,5,14.355345992082977,23.03386147207861,23.03386147207861,False,True
pig_11,B2,2,B2_p2,2026-06-14 21:00:00,4,5,12.659611929348316,23.469613793640526,23.469613793640526,False,True
pig_11,B2,2,B2_p2,2026-06-14 21:30:00,4,5,14.392801332083977,23.788714381945383,23.788714381945383,False,True
pig_11,B2,2,B2_p2,2026-06-14 22:00:00,4,5,13.329629803514017,24.44965991802801,24.44965991802801,False,True
pig_11,B2,2,B2_p2,2026-06-14 22:30:00,4,5,13.558419809458265,24.28635344465377,24.28635344465377,False,True
pig_11,B2,2,B2_p2,2026-06-14 23:00:00,4,5,24.095679558935444,24.152124602196665,24.152124602196665,False,True
pig_11,B2,2,B2_p2,2026-06-14 23:30:00,4,5,13.716170307981162,25.54482577115295,25.54482577115295,False,True
pig_11,B2,2,B2_p2,2026-06-15 00:00:00,4,5,12.685598366182159,25.028276914345177,25.028276914345177,False,True
pig_11,B2,2,B2_p2,2026-06-15 00:30:00,4,5,14.829965658507007,24.856460994777215,24.856460994777215,False,True
pig_11,B2,2,B2_p2,2026-06-15 01:00:00,4,5,13.165906156742484,24.003512922109216,24.003512922109216,False,True
pig_11,B2,2,B2_p2,2026-06-15 01:30:00,4,5,13.611029354550642,24.585415602205664,24.585415602205664,False,True
pig_11,B2,2,B2_p2,2026-06-15 02:00:00,4,5,12.76957408977357,24.13839150712162,24.13839150712162,False,True
pig_11,B2,2,B2_p2,2026-06-15 02:30:00,4,5,14.230051613466514,24.41207009548166,24.41207009548166,False,True
pig_11,B2,2,B2_p2,2026-06-15 03:00:00,4,5,12.825647027762273,24.30273775845756,24.30273775845756,False,True
pig_11,B2,2,B2_p2,2026-06-15 03:30:00,4,5,13.124911277395489,24.07197340784427,24.07197340784427,False,True
pig_11,B2,2,B2_p2,2026-06-15 04:00:00,4,5,12.9723621027412,23.651233382918747,23.651233382918747,False,True
pig_11,B2,2,B2_p2,2026-06-15 04:30:00,4,5,12.572268404048856,23.774490243343944,23.774490243343944,False,True
pig_11,B2,2,B2_p2,2026-06-15 05:00:00,4,5,12.844766659542104,24.461698797446925,24.461698797446925,False,True
pig_11,B2,2,B2_p2,2026-06-15 05:30:00,4,5,13.041407050336783,24.963053649533094,24.963053649533094,False,True
pig_11,B1,4,B1_p4,2026-06-20 11:00:00,0,5,43.59667999768142,41.93806060618956,41.93806060618956,True,False
pig_11,B1,4,B1_p4,2026-06-20 11:30:00,0,5,43.03674326440702,42.985089926501544,42.985089926501544,True,False
pig_11,B1,4,B1_p4,2026-06-20 12:00:00,0,5,42.90167709948044,39.5818383690791,39.5818383690791,True,False
pig_11,B1,4,B1_p4,2026-06-20 12:30:00,0,5,39.57095339974529,38.213729662816576,38.213729662816576,True,False
pig_11,B1,4,B1_p4,2026-06-20 13:00:00,0,5,42.95221456192897,41.27430421756932,41.27430421756932,True,False
pig_11,B1,4,B1_p4,2026-06-20 13:30:00,0,5,39.93055632556609,40.47860021921554,40.47860021921554,True,False
pig_11,B1,4,B1_p4,2026-06-20 14:00:00,0,5,42.61883493642085,38.84841269847684,38.84841269847684,True,False
pig_11,B1,4,B1_p4,2026-06-20 14:30:00,0,5,40.627613765468894,43.083398646024165,43.083398646024165,True,False
pig_11,B1,4,B1_p4,2026-06-20 16:00:00,0,5,49.336222245340714,38.10892123548465,38.10892123548465,True,False
pig_11,B1,4,B1_p4,2026-06-20 16:30:00,0,5,67.33498812969586,42.48717257643645,42.48717257643645,True,False
pig_11,B1,4,B1_p4,2026-06-20 17:00:00,0,5,49.76311137549821,36.27652697172504,36.27652697172504,True,False
pig_11,B1,4,B1_p4,2026-06-20 17:30:00,0,5,48.763872708066,36.40901031937914,36.40901031937914,True,False
pig_11,B1,4,B1_p4,2026-06-20 18:00:00,0,5,49.490115040091254,34.93875415987597,34.93875415987597,True,False
pig_11,B1,4,B1_p4,2026-06-20 18:30:00,0,5,46.209953472687424,32.997344154514806,32.997344154514806,True,False
pig_11,B1,4,B1_p4,2026-06-20 19:00:00,0,5,43.709287329498736,34.851925943736255,34.851925943736255,True,False
pig_11,B1,4,B1_p4,2026-06-20 19:30:00,0,5,47.13632156966072,36.021937694318666,36.021937694318666,True,False
pig_11,B1,4,B1_p4,2026-06-20 20:00:00,0,5,43.19011458517693,34.59614821206933,34.59614821206933,True,False
pig_11,B1,4,B1_p4,2026-06-20 20:30:00,0,5,46.767829537215825,38.37551002114352,38.37551002114352,True,False
pig_11,B1,4,B1_p4,2026-06-20 21:00:00,0,5,47.64837314153588,38.18987373191774,38.18987373191774,True,False
pig_11,B1,4,B1_p4,2026-06-20 21:30:00,0,5,47.348384295497496,32.85438311380337,32.85438311380337,True,False
pig_11,B1,4,B1_p4,2026-06-20 22:00:00,0,5,46.96454243488669,35.70429680978425,35.70429680978425,True,False
pig_11,B1,4,B1_p4,2026-06-20 22:30:00,0,5,45.0679002755916,35.313154733498095,35.313154733498095,True,False
pig_11,B1,4,B1_p4,2026-06-20 23:00:00,0,5,46.236623155973625,35.11313331982695,35.11313331982695,True,False
pig_11,B1,4,B1_p4,2026-06-20 23:30:00,0,5,47.41712325251774,36.31109164117144,36.31109164117144,True,False
pig_11,B1,4,B1_p4,2026-06-21 00:00:00,0,5,44.915402408912776,37.11417861032818,37.11417861032818,True,False
pig_11,B1,4,B1_p4,2026-06-21 00:30:00,0,5,44.34232411278861,38.82602529735119,38.82602529735119,True,False
pig_11,B1,4,B1_p4,2026-06-21 01:00:00,0,5,45.05050295228675,39.981304858866906,39.981304858866906,True,False
pig_11,B1,4,B1_p4,2026-06-21 01:30:00,0,5,46.002397364965276,38.69148029037069,38.69148029037069,True,False
pig_11,B1,4,B1_p4,2026-06-21 02:00:00,0,5,46.43244635174409,40.18627842780252,40.18627842780252,True,False
pig_11,B1,4,B1_p4,2026-06-21 02:30:00,0,5,42.29212714120825,40.02179710921285,40.02179710921285,True,False
pig_11,B1,4,B1_p4,2026-06-21 03:00:00,0,5,45.34287627509589,39.32447884416713,39.32447884416713,True,False
pig_11,B1,4,B1_p4,2026-06-21 03:30:00,0,5,43.722044263661786,38.919887742750355,38.919887742750355,True,False
pig_11,B1,4,B1_p4,2026-06-21 04:00:00,0,5,40.72673018571445,39.14715977296009,39.14715977296009,True,False
pig_11,B1,4,B1_p4,2026-06-21 04:30:00,0,5,42.40488402280928,39.8636588869153,39.8636588869153,True,False
pig_11,B1,4,B1_p4,2026-06-21 05:00:00,0,5,36.717886659827876,38.723306051026555,38.723306051026555,True,False
pig_11,B1,4,B1_p4,2026-06-21 05:30:00,0,5,37.50101646006517,34.9091249137516,34.9091249137516,True,False
pig_11,B1,4,B1_p4,2026-06-21 06:00:00,0,5,35.33408120111377,32.897794553623704,32.897794553623704,True,False
pig_11,B1,4,B1_p4,2026-06-21 06:30:00,0,5,42.90904284135903,39.573668891637155,39.573668891637155,True,False
pig_11,B1,4,B1_p4,2026-06-21 07:00:00,0,5,35.07869259067425,34.663682505675155,34.663682505675155,True,False
pig_11,B1,4,B1_p4,2026-06-21 07:30:00,0,5,32.53120074108903,30.973065940286034,30.973065940286034,True,False
pig_11,B1,4,B1_p4,2026-06-21 08:30:00,0,5,43.64081497202886,43.26868490878425,43.26868490878425,True,False
pig_11,B1,4,B1_p4,2026-06-21 10:00:00,1,5,48.41329087555778,42.25336493205667,42.25336493205667,True,False
pig_11,B1,4,B1_p4,2026-06-21 10:30:00,1,5,48.8347954792941,46.64204269474635,46.64204269474635,True,False
pig_11,B1,4,B1_p4,2026-06-21 11:00:00,1,5,47.87452487335092,45.18805147172078,45.18805147172078,True,False
pig_11,B1,4,B1_p4,2026-06-21 11:30:00,1,5,51.79321762807588,49.586219794931885,49.586219794931885,True,False
pig_11,B1,4,B1_p4,2026-06-21 12:00:00,1,5,57.91817278868786,50.411303024621986,50.411303024621986,True,False
pig_11,B1,4,B1_p4,2026-06-21 12:30:00,1,5,46.10932751619449,46.567623315246365,46.567623315246365,True,False
pig_11,B1,4,B1_p4,2026-06-21 13:00:00,1,5,47.51676050872838,44.824929528341364,44.824929528341364,True,False
pig_11,B1,4,B1_p4,2026-06-21 13:30:00,1,5,49.738982738580845,46.34317980796568,46.34317980796568,True,False
pig_11,B1,4,B1_p4,2026-06-21 14:00:00,1,5,46.84879578058952,43.921990135856134,43.921990135856134,True,False
pig_11,B1,4,B1_p4,2026-06-21 14:30:00,1,5,44.21301577291032,46.272811946838594,46.272811946838594,True,False
pig_11,B1,4,B1_p4,2026-06-21 16:30:00,1,5,59.248028739305624,47.47876699223316,47.47876699223316,True,False
pig_11,B1,4,B1_p4,2026-06-21 17:00:00,1,5,51.0788853953501,50.727958063931226,50.727958063931226,True,False
pig_11,B1,4,B1_p4,2026-06-21 17:30:00,1,5,66.27082092137067,53.34751086140443,53.34751086140443,True,False
pig_11,B1,4,B1_p4,2026-06-21 18:00:00,1,5,48.4563800812103,40.75399313467028,40.75399313467028,True,False
pig_11,B1,4,B1_p4,2026-06-21 18:30:00,1,5,46.23710077102848,43.928532623673625,43.928532623673625,True,False
pig_11,B1,4,B1_p4,2026-06-21 19:00:00,1,5,46.34724198061115,42.97538591886411,42.97538591886411,True,False
pig_11,B1,4,B1_p4,2026-06-21 19:30:00,1,5,46.63221318255829,45.72974627331861,45.72974627331861,True,False
pig_11,B1,4,B1_p4,2026-06-21 20:00:00,1,5,44.98971339161056,46.58939028540282,46.58939028540282,True,False
pig_11,B1,4,B1_p4,2026-06-21 20:30:00,1,5,44.040688500665794,44.317181148366174,44.317181148366174,True,False
pig_11,B1,4,B1_p4,2026-06-21 21:00:00,1,5,41.662645903623726,42.24331748361295,42.24331748361295,True,False
pig_11,B1,4,B1_p4,2026-06-21 21:30:00,1,5,41.91912225880719,44.05163730191738,44.05163730191738,True,False
pig_11,B1,4,B1_p4,2026-06-21 22:00:00,1,5,50.0316232939535,45.290983720788084,45.290983720788084,True,False
pig_11,B1,4,B1_p4,2026-06-21 22:30:00,1,5,40.186388778837255,42.804153360429694,42.804153360429694,True,False
pig_11,B1,4,B1_p4,2026-06-21 23:00:00,1,5,46.537868064207856,42.02381930635343,42.02381930635343,True,False
pig_11,B1,4,B1_p4,2026-06-21 23:30:00,1,5,41.05291839553134,41.932203553522214,41.932203553522214,True,False
pig_11,B1,4,B1_p4,2026-06-22 00:00:00,1,5,39.77824400114841,42.52186549693607,42.52186549693607,True,False
pig_11,B1,4,B1_p4,2026-06-22 00:30:00,1,5,38.54787610434932,39.90258805097932,39.90258805097932,True,False
pig_11,B1,4,B1_p4,2026-06-22 01:00:00,1,5,40.2030178081196,42.80977216775121,42.80977216775121,True,False
pig_11,B1,4,B1_p4,2026-06-22 01:30:00,1,5,38.65441053175311,42.023731807409405,42.023731807409405,True,False
pig_11,B1,4,B1_p4,2026-06-22 02:00:00,1,5,36.10220266072419,42.94101880706147,42.94101880706147,True,False
pig_11,B1,4,B1_p4,2026-06-22 02:30:00,1,5,39.16304550656746,43.93238014634423,43.93238014634423,True,False
pig_11,B1,4,B1_p4,2026-06-22 03:00:00,1,5,38.351695833329174,43.662334778436545,43.662334778436545,True,False
pig_11,B1,4,B1_p4,2026-06-22 03:30:00,1,5,40.19605157481399,39.88595978242159,39.88595978242159,True,False
pig_11,B1,4,B1_p4,2026-06-22 04:00:00,1,5,37.85403548389307,39.31379054578122,39.31379054578122,True,False
pig_11,B1,4,B1_p4,2026-06-22 04:30:00,1,5,37.17258683961411,38.33922067600948,38.33922067600948,True,False
pig_11,B1,4,B1_p4,2026-06-22 05:00:00,1,5,39.48794469619272,39.857254488970185,39.857254488970185,True,False
pig_11,B1,4,B1_p4,2026-06-22 05:30:00,1,5,35.84170185069236,38.788628178760455,38.788628178760455,True,False
pig_11,B1,4,B1_p4,2026-06-22 06:00:00,1,5,35.80259469388423,37.52952480622015,37.52952480622015,True,False
pig_11,B1,4,B1_p4,2026-06-22 06:30:00,1,5,33.07786122399675,33.80397867812881,33.80397867812881,True,False
pig_11,B1,4,B1_p4,2026-06-22 07:00:00,1,5,32.903986154531815,36.56869571918876,36.56869571918876,True,False
pig_11,B1,4,B1_p4,2026-06-22 07:30:00,1,5,39.38048653038844,42.40135654993047,42.40135654993047,True,False
pig_11,B1,4,B1_p4,2026-06-22 08:00:00,1,5,42.3822926029716,44.87110448877708,44.87110448877708,True,False
pig_11,B1,4,B1_p4,2026-06-22 09:30:00,2,5,45.4551900878929,46.0119780399714,47.94664845217294,False,True
pig_11,B1,4,B1_p4,2026-06-22 10:00:00,2,5,48.1223008590641,43.238478669922266,45.05653146649266,False,True
pig_11,B1,4,B1_p4,2026-06-22 10:30:00,2,5,48.73008851759807,45.369924226977396,47.27759813592141,False,True
pig_11,B1,4,B1_p4,2026-06-22 11:00:00,2,5,47.67968409812188,45.53011002597827,47.44451928382453,False,True
pig_11,B1,4,B1_p4,2026-06-22 11:30:00,2,5,46.17073510560644,45.42927995542975,47.33944960084334,False,True
pig_11,B1,4,B1_p4,2026-06-22 12:00:00,2,5,60.37431322710049,53.25865682397864,55.49802909050967,False,True
pig_11,B1,4,B1_p4,2026-06-22 12:30:00,2,5,52.92238298025339,44.43155246011769,46.299770554069106,False,True
pig_11,B1,4,B1_p4,2026-06-22 13:00:00,2,5,45.65131250142679,45.604294577491146,47.52182308086799,False,True
pig_11,B1,4,B1_p4,2026-06-22 13:30:00,2,5,48.44093235113952,49.15290610053235,51.219643440618206,False,True
pig_11,B1,4,B1_p4,2026-06-22 14:00:00,2,5,45.27092366983753,46.302108281960514,48.24897783053417,False,True
pig_11,B1,4,B1_p4,2026-06-22 14:30:00,2,5,49.668143779846744,51.70404634230225,53.87805174069331,False,True
pig_11,B1,4,B1_p4,2026-06-23 09:30:00,3,5,54.55370135959667,42.87084983291425,44.67344490165095,False,True
pig_11,B1,4,B1_p4,2026-06-23 10:00:00,3,5,54.504326684122745,45.626938827595026,47.54541945610425,False,True
pig_11,B1,4,B1_p4,2026-06-23 10:30:00,3,5,50.84869522203512,47.140849153174855,49.12298532613994,False,True
pig_11,B1,4,B1_p4,2026-06-23 11:00:00,3,5,50.528241475194534,46.12090519843855,48.060155682168144,False,True
pig_11,B1,4,B1_p4,2026-06-23 11:30:00,3,5,49.268384195621195,49.24134501915327,51.31180095962173,False,True
pig_11,B1,4,B1_p4,2026-06-23 12:00:00,3,5,47.55621762309577,45.5577486598409,47.47332004219137,False,True
pig_11,B1,4,B1_p4,2026-06-23 12:30:00,3,5,47.77954445593687,46.82151509012058,48.7902241906207,False,True
pig_11,B1,4,B1_p4,2026-06-23 13:00:00,3,5,46.49247343647264,45.156071677587335,47.05475370621011,False,True
pig_11,B1,4,B1_p4,2026-06-23 13:30:00,3,5,43.348841623724574,44.816699962067524,46.70111239297417,False,True
pig_11,B1,4,B1_p4,2026-06-23 14:00:00,3,5,42.934163297551805,47.007256018401016,48.98377498697434,False,True
pig_11,B1,4,B1_p4,2026-06-23 15:30:00,3,5,53.47949941017471,47.76043905072084,49.76862718436104,False,True
pig_11,B1,4,B1_p4,2026-06-23 16:00:00,3,5,53.12229811718608,47.19432343781263,49.1787080495693,False,True
pig_11,B1,4,B1_p4,2026-06-23 16:30:00,3,5,53.33591382113718,40.703184668349536,42.4146356951196,False,True
pig_11,B1,4,B1_p4,2026-06-23 17:00:00,3,5,51.44477095919436,42.55108308413415,44.340232887224296,False,True
pig_11,B1,4,B1_p4,2026-06-23 17:30:00,3,5,72.5809301740486,57.24651848658519,59.653568785994864,False,True
pig_11,B1,4,B1_p4,2026-06-23 18:00:00,3,5,54.51258798291907,48.31265097107588,50.344058016596975,False,True
pig_11,B1,4,B1_p4,2026-06-23 18:30:00,3,5,48.616242793128116,43.17508717100394,44.99047453864545,False,True
pig_11,B1,4,B1_p4,2026-06-23 19:00:00,3,5,50.00626739612068,45.93861800947728,47.870203844869,False,True
pig_11,B1,4,B1_p4,2026-06-23 19:30:00,3,5,49.600327506754745,45.56893610104957,47.484977882900715,False,True
pig_11,B1,4,B1_p4,2026-06-23 20:00:00,3,5,51.50323382527509,46.887820339472235,48.859317383667864,False,True
pig_11,B1,4,B1_p4,2026-06-23 20:30:00,3,5,52.567176252422456,48.808467508659994,50.86072220355428,False,True
pig_11,B1,4,B1_p4,2026-06-23 21:00:00,3,5,48.11953149816269,43.919297171663445,45.76597641437908,False,True
pig_11,B1,4,B1_p4,2026-06-23 21:30:00,3,5,45.830175631439616,45.85394264631505,47.781968127930845,False,True
pig_11,B1,4,B1_p4,2026-06-23 22:00:00,3,5,49.06307653624035,41.73767233370099,43.49262057061499,False,True
pig_11,B1,4,B1_p4,2026-06-24 14:30:00,4,5,30.414321444707035,33.16438131704555,33.16438131704555,False,True
pig_11,B1,4,B1_p4,2026-06-24 15:00:00,4,5,28.92343293864468,30.310788658290935,30.310788658290935,False,True
pig_11,B1,4,B1_p4,2026-06-24 15:30:00,4,5,31.786090888953723,37.20025758275036,37.20025758275036,False,True
pig_11,B1,4,B1_p4,2026-06-24 16:00:00,4,5,41.47415773763057,38.351659946253406,38.351659946253406,False,True
pig_11,B1,4,B1_p4,2026-06-24 16:30:00,4,5,51.14398193749041,48.50323754507448,48.50323754507448,False,True
pig_11,B1,4,B1_p4,2026-06-24 17:00:00,4,5,91.23927713896076,49.596747361649605,49.596747361649605,False,True
pig_11,B1,4,B1_p4,2026-06-24 17:30:00,4,5,36.311819959794555,37.30532197419052,37.30532197419052,False,True
pig_11,B1,4,B1_p4,2026-06-24 18:00:00,4,5,33.14911307692406,31.74394940709304,31.74394940709304,False,True
pig_11,B1,4,B1_p4,2026-06-24 18:30:00,4,5,31.874483269666158,30.635957865431536,30.635957865431536,False,True
pig_11,B1,4,B1_p4,2026-06-24 19:00:00,4,5,31.048963116623206,28.513312886160538,28.513312886160538,False,True
pig_11,B1,4,B1_p4,2026-06-24 19:30:00,4,5,31.705777467229982,29.761435284499587,29.761435284499587,False,True
pig_11,B1,4,B1_p4,2026-06-24 20:00:00,4,5,32.59430778225134,29.19753604454222,29.19753604454222,False,True
pig_11,B1,4,B1_p4,2026-06-24 20:30:00,4,5,28.690016807137845,27.21135814839934,27.21135814839934,False,True
pig_11,B1,4,B1_p4,2026-06-24 21:00:00,4,5,30.309147883823307,27.888193098958233,27.888193098958233,False,True
pig_11,B1,4,B1_p4,2026-06-24 21:30:00,4,5,30.86748235437495,29.280126059562335,29.280126059562335,False,True
pig_11,B1,4,B1_p4,2026-06-24 22:00:00,4,5,32.03185352487481,32.377329616915404,32.377329616915404,False,True
pig_11,B1,4,B1_p4,2026-06-24 22:30:00,4,5,29.52331733643959,29.640955205145012,29.640955205145012,False,True
pig_11,B1,4,B1_p4,2026-06-24 23:00:00,4,5,30.956699025633448,27.19086329868402,27.19086329868402,False,True
pig_11,B1,4,B1_p4,2026-06-24 23:30:00,4,5,27.90601956501168,27.339941960642104,27.339941960642104,False,True
pig_11,B1,4,B1_p4,2026-06-25 00:00:00,4,5,30.501991756311703,28.45939934669277,28.45939934669277,False,True
pig_11,B1,4,B1_p4,2026-06-25 00:30:00,4,5,29.339697508199208,27.862736280017586,27.862736280017586,False,True
pig_11,B1,4,B1_p4,2026-06-25 01:00:00,4,5,28.255218814244607,26.95055354419607,26.95055354419607,False,True
pig_11,B1,4,B1_p4,2026-06-25 01:30:00,4,5,30.309717875547463,28.21796341066648,28.21796341066648,False,True
pig_11,B1,4,B1_p4,2026-06-25 02:00:00,4,5,29.615105099042474,27.2148482458739,27.2148482458739,False,True
pig_11,B1,4,B1_p4,2026-06-25 02:30:00,4,5,27.715776182758177,26.5239490784626,26.5239490784626,False,True
pig_11,B1,4,B1_p4,2026-06-25 03:00:00,4,5,29.54911874752149,27.70253548230321,27.70253548230321,False,True
pig_11,B1,4,B1_p4,2026-06-25 03:30:00,4,5,29.371731557280906,27.54312351657672,27.54312351657672,False,True
pig_11,B1,4,B1_p4,2026-06-25 04:00:00,4,5,28.594655914403795,26.389743492189133,26.389743492189133,False,True
pig_11,B1,4,B1_p4,2026-06-25 04:30:00,4,5,30.585614251381337,27.853487323043808,27.853487323043808,False,True
pig_11,B1,4,B1_p4,2026-06-25 05:00:00,4,5,26.918992142604488,26.6448121068901,26.6448121068901,False,True
pig_11,B1,4,B1_p4,2026-06-25 05:30:00,4,5,29.044768321216537,28.827015516461024,28.827015516461024,False,True
pig_11,B1,4,B1_p4,2026-06-25 06:00:00,4,5,32.15192984531725,28.057264215013035,28.057264215013035,False,True
pig_11,B1,4,B1_p4,2026-06-25 06:30:00,4,5,26.900643344505788,26.711025770121616,26.711025770121616,False,True
pig_11,A1,6,A1_p6,2026-06-30 15:30:00,0,5,31.25169762610118,35.8473916231983,35.8473916231983,True,False
pig_11,A1,6,A1_p6,2026-06-30 16:00:00,0,5,37.147285304801954,38.54254753949685,38.54254753949685,True,False
pig_11,A1,6,A1_p6,2026-06-30 16:30:00,0,5,30.469116170271374,33.44942962574696,33.44942962574696,True,False
pig_11,A1,6,A1_p6,2026-06-30 17:00:00,0,5,28.77540577684617,31.51791002065668,31.51791002065668,True,False
pig_11,A1,6,A1_p6,2026-06-30 17:30:00,0,5,30.095555104407357,31.958439793135526,31.958439793135526,True,False
pig_11,A1,6,A1_p6,2026-06-30 18:00:00,0,5,29.909663078705194,32.11080457346678,32.11080457346678,True,False
pig_11,A1,6,A1_p6,2026-06-30 18:30:00,0,5,29.57360557845761,31.897657574279414,31.897657574279414,True,False
pig_11,A1,6,A1_p6,2026-06-30 19:00:00,0,5,35.33390238262031,37.25256156374549,37.25256156374549,True,False
pig_11,A1,6,A1_p6,2026-06-30 19:30:00,0,5,28.547567346964072,30.929594572088014,30.929594572088014,True,False
pig_11,A1,6,A1_p6,2026-06-30 20:00:00,0,5,30.38156726871503,30.99784395943042,30.99784395943042,True,False
pig_11,A1,6,A1_p6,2026-06-30 20:30:00,0,5,32.094499489080576,31.98322723715583,31.98322723715583,True,False
pig_11,A1,6,A1_p6,2026-06-30 21:00:00,0,5,29.56416936477364,31.804787682132464,31.804787682132464,True,False
pig_11,A1,6,A1_p6,2026-06-30 21:30:00,0,5,29.505774386305326,30.929679584483317,30.929679584483317,True,False
pig_11,A1,6,A1_p6,2026-06-30 22:00:00,0,5,30.5058175638464,31.685351232936675,31.685351232936675,True,False
pig_11,A1,6,A1_p6,2026-06-30 22:30:00,0,5,31.671369217544836,31.8970901239681,31.8970901239681,True,False
pig_11,A1,6,A1_p6,2026-06-30 23:00:00,0,5,27.90297848815682,30.120534793341747,30.120534793341747,True,False
pig_11,A1,6,A1_p6,2026-06-30 23:30:00,0,5,26.195216953195107,29.75825608166942,29.75825608166942,True,False
pig_11,A1,6,A1_p6,2026-07-01 00:00:00,0,5,24.87978415214408,28.47093411818586,28.47093411818586,True,False
pig_11,A1,6,A1_p6,2026-07-01 00:30:00,0,5,22.419033852770212,26.688850744157975,26.688850744157975,True,False
pig_11,A1,6,A1_p6,2026-07-01 01:00:00,0,5,25.203171294213078,28.252713608521038,28.252713608521038,True,False
pig_11,A1,6,A1_p6,2026-07-01 01:30:00,0,5,25.071393879364095,27.221042806087013,27.221042806087013,True,False
pig_11,A1,6,A1_p6,2026-07-01 02:00:00,0,5,25.012410692654093,26.96981370829036,26.96981370829036,True,False
pig_11,A1,6,A1_p6,2026-07-01 02:30:00,0,5,24.510717683190045,26.844404426880715,26.844404426880715,True,False
pig_11,A1,6,A1_p6,2026-07-01 03:00:00,0,5,25.255815544268167,28.579591981556206,28.579591981556206,True,False
pig_11,A1,6,A1_p6,2026-07-01 03:30:00,0,5,23.920916841993716,27.90640475079531,27.90640475079531,True,False
pig_11,A1,6,A1_p6,2026-07-01 04:00:00,0,5,22.9825797726796,27.630776790074897,27.630776790074897,True,False
pig_11,A1,6,A1_p6,2026-07-01 04:30:00,0,5,24.176072774761387,28.23320374322007,28.23320374322007,True,False
pig_11,A1,6,A1_p6,2026-07-01 05:00:00,0,5,24.79741661075751,27.24712102254602,27.24712102254602,True,False
pig_11,A1,6,A1_p6,2026-07-01 05:30:00,0,5,22.4679749775588,26.19601019517522,26.19601019517522,True,False
pig_11,A1,6,A1_p6,2026-07-01 06:00:00,0,5,25.161566651391105,27.32782146333615,27.32782146333615,True,False
pig_11,A1,6,A1_p6,2026-07-01 06:30:00,0,5,20.976261045870096,24.72730262751033,24.72730262751033,True,False
pig_11,A1,6,A1_p6,2026-07-01 07:00:00,0,5,21.070139733690954,23.930992822660848,23.930992822660848,True,False
pig_11,A1,6,A1_p6,2026-07-01 07:30:00,0,5,20.706708285657292,25.963092623027382,25.963092623027382,True,False
pig_11,A1,6,A1_p6,2026-07-01 08:00:00,0,5,28.058080042035435,32.364479273921575,32.364479273921575,True,False
pig_11,A1,6,A1_p6,2026-07-01 09:30:00,1,5,30.19456833452302,35.26410727883317,35.26410727883317,True,False
pig_11,A1,6,A1_p6,2026-07-01 10:00:00,1,5,30.983595395274293,33.40444049968187,33.40444049968187,True,False
pig_11,A1,6,A1_p6,2026-07-01 15:30:00,1,5,50.99908398895214,51.68564066158872,51.68564066158872,True,False
pig_11,A1,6,A1_p6,2026-07-01 16:00:00,1,5,36.58373996017169,37.22179081852695,37.22179081852695,True,False
pig_11,A1,6,A1_p6,2026-07-01 16:30:00,1,5,31.041928456272657,34.52731706305777,34.52731706305777,True,False
pig_11,A1,6,A1_p6,2026-07-01 17:00:00,1,5,31.925706326791435,35.15218723491327,35.15218723491327,True,False
pig_11,A1,6,A1_p6,2026-07-01 17:30:00,1,5,28.74918262256746,33.17151137301288,33.17151137301288,True,False
pig_11,A1,6,A1_p6,2026-07-01 18:00:00,1,5,30.1635492922225,34.23093444467277,34.23093444467277,True,False
pig_11,A1,6,A1_p6,2026-07-01 18:30:00,1,5,30.227137410514082,32.61288188763803,32.61288188763803,True,False
pig_11,A1,6,A1_p6,2026-07-01 19:00:00,1,5,33.384046408825284,36.3769717330961,36.3769717330961,True,False
pig_11,A1,6,A1_p6,2026-07-01 19:30:00,1,5,29.95239329343615,33.49935853142185,33.49935853142185,True,False
pig_11,A1,6,A1_p6,2026-07-01 20:00:00,1,5,29.51812461442688,32.527395200607614,32.527395200607614,True,False
pig_11,A1,6,A1_p6,2026-07-01 20:30:00,1,5,29.392134630898497,31.57926766755623,31.57926766755623,True,False
pig_11,A1,6,A1_p6,2026-07-01 21:00:00,1,5,27.825262323348607,32.99064187400346,32.99064187400346,True,False
pig_11,A1,6,A1_p6,2026-07-01 21:30:00,1,5,28.41636663202698,32.89777554646173,32.89777554646173,True,False
pig_11,A1,6,A1_p6,2026-07-01 22:00:00,1,5,28.214162649934785,31.80312982661495,31.80312982661495,True,False
pig_11,A1,6,A1_p6,2026-07-01 22:30:00,1,5,28.464542619453816,31.770302226791188,31.770302226791188,True,False
pig_11,A1,6,A1_p6,2026-07-01 23:00:00,1,5,29.589788095556333,33.64618092915474,33.64618092915474,True,False
pig_11,A1,6,A1_p6,2026-07-01 23:30:00,1,5,28.72260800015018,31.398037173194446,31.398037173194446,True,False
pig_11,A1,6,A1_p6,2026-07-02 00:00:00,1,5,29.164434596896996,30.804677562232424,30.804677562232424,True,False
pig_11,A1,6,A1_p6,2026-07-02 00:30:00,1,5,25.89254336714506,30.269919619890732,30.269919619890732,True,False
pig_11,A1,6,A1_p6,2026-07-02 01:00:00,1,5,26.394124391469205,29.90027899975142,29.90027899975142,True,False
pig_11,A1,6,A1_p6,2026-07-02 01:30:00,1,5,27.69397055511717,31.79143099367063,31.79143099367063,True,False
pig_11,A1,6,A1_p6,2026-07-02 02:00:00,1,5,25.769527772074305,30.65288544252691,30.65288544252691,True,False
pig_11,A1,6,A1_p6,2026-07-02 02:30:00,1,5,25.060350189308593,30.03244959705404,30.03244959705404,True,False
pig_11,A1,6,A1_p6,2026-07-02 03:00:00,1,5,26.130243550475267,29.29116549084791,29.29116549084791,True,False
pig_11,A1,6,A1_p6,2026-07-02 03:30:00,1,5,27.016294842460322,29.23274791630701,29.23274791630701,True,False
pig_11,A1,6,A1_p6,2026-07-02 04:00:00,1,5,26.771460779904416,29.476852537040976,29.476852537040976,True,False
pig_11,A1,6,A1_p6,2026-07-02 04:30:00,1,5,25.39647866613823,30.678845862690363,30.678845862690363,True,False
pig_11,A1,6,A1_p6,2026-07-02 05:00:00,1,5,25.867999135035635,27.86008170781636,27.86008170781636,True,False
pig_11,A1,6,A1_p6,2026-07-02 05:30:00,1,5,22.269192340626546,24.85810250874749,24.85810250874749,True,False
pig_11,A1,6,A1_p6,2026-07-02 06:00:00,1,5,21.53338697510692,25.880574349702876,25.880574349702876,True,False
pig_11,A1,6,A1_p6,2026-07-02 06:30:00,1,5,27.878446104114943,30.27800251046291,30.27800251046291,True,False
pig_11,A1,6,A1_p6,2026-07-02 07:00:00,1,5,23.481984466460993,31.524089679037843,31.524089679037843,True,False
pig_11,A1,6,A1_p6,2026-07-02 08:00:00,2,5,40.53930872110532,34.3550404984819,32.655857610445764,False,True
pig_11,A1,6,A1_p6,2026-07-02 08:30:00,2,5,34.429051463687685,34.89236284325607,33.166604264423135,False,True
pig_11,A1,6,A1_p6,2026-07-02 09:00:00,2,5,34.46229285432912,38.19302116383949,36.30401369761731,False,True
pig_11,A1,6,A1_p6,2026-07-02 09:30:00,2,5,32.00990984544879,36.0546764526111,34.2714304318514,False,True
pig_11,A1,6,A1_p6,2026-07-02 10:00:00,2,5,31.71961406556645,34.916738155974556,33.18977398653072,False,True
pig_11,A1,6,A1_p6,2026-07-02 10:30:00,2,5,28.95353428585821,33.92578502723637,32.247832897212845,False,True
pig_11,A1,6,A1_p6,2026-07-02 15:30:00,2,5,39.84604987393211,42.56406511216826,40.45886802800101,False,True
pig_11,A1,6,A1_p6,2026-07-02 16:00:00,2,5,35.45203095610483,38.73747030746194,36.82153466258457,False,True
pig_11,A1,6,A1_p6,2026-07-02 16:30:00,2,5,30.694541176941655,34.08008249948906,32.39449889470332,False,True
pig_11,A1,6,A1_p6,2026-07-02 17:00:00,2,5,34.92223951095358,37.911269340053224,36.036197176211836,False,True
pig_11,A1,6,A1_p6,2026-07-02 17:30:00,2,5,31.430952310231824,35.075003675291235,33.34021177348885,False,True
pig_11,A1,6,A1_p6,2026-07-02 18:00:00,2,5,33.571979726156464,37.60365513876158,35.74379741738242,False,True
pig_11,A1,6,A1_p6,2026-07-02 18:30:00,2,5,38.16832656115161,38.824317713609645,36.90408664004829,False,True
pig_11,A1,6,A1_p6,2026-07-02 19:00:00,2,5,33.12643179598656,35.085952765540426,33.350619327284555,False,True
pig_11,A1,6,A1_p6,2026-07-02 19:30:00,2,5,29.36952006040862,34.61274205014294,32.90081337399394,False,True
pig_11,A1,6,A1_p6,2026-07-02 20:00:00,2,5,28.63927048345155,33.79654583513127,32.12498581003622,False,True
pig_11,A1,6,A1_p6,2026-07-02 20:30:00,2,5,29.157625389894086,30.99697666570688,29.463881912593386,False,True
pig_11,A1,6,A1_p6,2026-07-02 21:00:00,2,5,25.78822933166076,32.50891047535855,30.901036242438675,False,True
pig_11,A1,6,A1_p6,2026-07-02 21:30:00,2,5,27.16802991504477,32.32397491122353,30.725247497559526,False,True
pig_11,A1,6,A1_p6,2026-07-02 22:00:00,2,5,26.559424941632727,30.058986918603857,28.57228466290282,False,True
pig_11,A1,6,A1_p6,2026-07-02 22:30:00,2,5,26.682227963257922,28.50046569401139,27.09084710804393,False,True
pig_11,A1,6,A1_p6,2026-07-02 23:00:00,2,5,25.79969817830557,31.574757172837735,30.013085688726036,False,True
pig_11,A1,6,A1_p6,2026-07-02 23:30:00,2,5,25.61818171125097,31.52433955712482,29.965161702728928,False,True
pig_11,A1,6,A1_p6,2026-07-03 00:00:00,2,5,27.559633067603365,30.193918653197738,28.700542742302346,False,True
pig_11,A1,6,A1_p6,2026-07-03 00:30:00,2,5,28.744557093575835,30.23218573777929,28.736917156278583,False,True
pig_11,A1,6,A1_p6,2026-07-03 01:00:00,2,5,26.511223121878835,30.752893865374606,29.23187132383678,False,True
pig_11,A1,6,A1_p6,2026-07-03 01:30:00,2,5,26.281680319799882,31.161823310990123,29.620575326363834,False,True
pig_11,A1,6,A1_p6,2026-07-03 02:00:00,2,5,30.92293566585586,31.398105108689556,29.845170746123387,False,True
pig_11,A1,6,A1_p6,2026-07-03 02:30:00,2,5,26.139729247261073,30.141795230434937,28.650997317607356,False,True
pig_11,A1,6,A1_p6,2026-07-03 03:00:00,2,5,24.542474117594537,29.381745381163647,27.92853914860182,False,True
pig_11,A1,6,A1_p6,2026-07-03 03:30:00,2,5,23.885676371903415,27.770024284386942,26.396532960269216,False,True
pig_11,A1,6,A1_p6,2026-07-03 04:00:00,2,5,22.730807341513163,25.92721359650314,24.644866754863337,False,True
pig_11,A1,6,A1_p6,2026-07-03 04:30:00,2,5,22.361407342913623,25.231738022975875,23.983789050657077,False,True
pig_11,A1,6,A1_p6,2026-07-03 05:00:00,2,5,22.393874311175843,24.242383314428587,23.04336732447771,False,True
pig_11,A1,6,A1_p6,2026-07-03 05:30:00,2,5,22.223702129060793,24.027732249347963,22.839332792266546,False,True
pig_11,A1,6,A1_p6,2026-07-03 06:00:00,2,5,25.078884191347868,28.10737789828867,26.71720123543632,False,True
pig_11,A1,6,A1_p6,2026-07-03 06:30:00,2,5,21.577203275875554,23.97296155488461,22.787271028587373,False,True
pig_11,A1,6,A1_p6,2026-07-03 07:00:00,2,5,21.602951386008783,23.606148794438766,22.438600641331,False,True
pig_11,A1,6,A1_p6,2026-07-03 09:00:00,3,5,40.40324729737735,40.712427449399485,38.69881142541346,False,True
pig_11,A1,6,A1_p6,2026-07-03 09:30:00,3,5,33.1126833334503,35.598044055874354,33.837382841984336,False,True
pig_11,A1,6,A1_p6,2026-07-03 10:00:00,3,5,32.328392072345196,36.04273675704549,34.26008126757608,False,True
pig_11,A1,6,A1_p6,2026-07-03 10:30:00,3,5,30.280154720198354,34.48613195669669,32.78046535158923,False,True
pig_11,A1,6,A1_p6,2026-07-03 11:00:00,3,5,28.42856072782739,34.628577825750895,32.91586592016768,False,True
pig_11,A1,6,A1_p6,2026-07-03 11:30:00,3,5,34.67938896677272,37.77386996749847,35.9055935069741,False,True
pig_11,A1,6,A1_p6,2026-07-03 12:00:00,3,5,29.001779781392045,33.28782041146523,31.641421687945147,False,True
pig_11,A1,6,A1_p6,2026-07-03 12:30:00,3,5,29.775523979190872,33.67061941472806,32.005287646552404,False,True
pig_11,A1,6,A1_p6,2026-07-03 13:00:00,3,5,34.823922155692934,40.291892038575114,38.29907548283357,False,True
pig_11,A1,6,A1_p6,2026-07-03 13:30:00,3,5,34.502126581055784,35.465210373547336,33.71111904625008,False,True
pig_11,A1,6,A1_p6,2026-07-03 14:00:00,3,5,29.13543080629776,34.95854976109348,33.229517610855304,False,True
pig_11,A1,6,A1_p6,2026-07-03 14:30:00,3,5,31.553749481312167,39.79390655972725,37.82572011333418,False,True
pig_11,A1,6,A1_p6,2026-07-03 15:30:00,3,5,39.86959860596887,40.47979597666962,38.47768578740088,False,True
pig_11,A1,6,A1_p6,2026-07-03 16:00:00,3,5,49.61249829026538,50.175751745126334,47.69408449855635,False,True
pig_11,A1,6,A1_p6,2026-07-03 16:30:00,3,5,38.000006131819426,39.80266027985161,37.834040878898556,False,True
pig_11,A1,6,A1_p6,2026-07-03 17:00:00,3,5,28.066111792156057,34.77302502026583,33.05316882966408,False,True
pig_11,A1,6,A1_p6,2026-07-03 17:30:00,3,5,27.29550088858678,35.9882684276448,34.20830691413684,False,True
pig_11,A1,6,A1_p6,2026-07-03 18:00:00,3,5,27.584721166295502,36.328705660893284,34.53190629440094,False,True
pig_11,A1,6,A1_p6,2026-07-03 18:30:00,3,5,40.24821625061145,40.34988151539213,38.35419682952284,False,True
pig_11,A1,6,A1_p6,2026-07-03 19:00:00,3,5,26.428597718507348,34.048952451648994,32.364908523249184,False,True
pig_11,A1,6,A1_p6,2026-07-03 19:30:00,3,5,28.126944736108882,34.350335539249286,32.6513853561118,False,True
pig_11,A1,6,A1_p6,2026-07-03 20:00:00,3,5,27.36788724735289,34.07609377218749,32.39070744783214,False,True
pig_11,A1,6,A1_p6,2026-07-03 20:30:00,3,5,25.8358396334145,29.829449035120803,28.354099606781084,False,True
pig_11,A1,6,A1_p6,2026-07-03 21:00:00,3,5,28.4259660899181,33.969467875422005,32.28935521387062,False,True
pig_11,A1,6,A1_p6,2026-07-03 21:30:00,3,5,27.005946123009196,31.65170867343259,30.086231207109186,False,True
pig_11,A1,6,A1_p6,2026-07-03 22:00:00,3,5,26.736551391556908,31.08568644808286,29.548204154101192,False,True
pig_11,A1,6,A1_p6,2026-07-03 22:30:00,3,5,25.388537188260276,31.917249248645945,30.338638280078474,False,True
pig_11,A1,6,A1_p6,2026-07-03 23:00:00,3,5,25.724005651327435,32.18372837212374,30.591937481190808,False,True
pig_11,A1,6,A1_p6,2026-07-03 23:30:00,3,5,26.54808847327385,31.91485669909114,30.336364064811832,False,True
pig_11,A1,6,A1_p6,2026-07-04 00:00:00,3,5,23.45892645391897,27.771527658341277,26.397961978109848,False,True
pig_11,A1,6,A1_p6,2026-07-04 00:30:00,3,5,22.836748355828284,27.80654390002725,26.431246334232227,False,True
pig_11,A1,6,A1_p6,2026-07-04 01:00:00,3,5,24.442812944511118,30.14162249271444,28.65083312340694,False,True
pig_11,A1,6,A1_p6,2026-07-04 01:30:00,3,5,27.306157721571395,32.122069095506305,30.533327841138973,False,True
pig_11,A1,6,A1_p6,2026-07-04 02:00:00,3,5,26.84987509956062,30.78376548943048,29.261216053016085,False,True
pig_11,A1,6,A1_p6,2026-07-04 02:30:00,3,5,24.33990343986997,29.580054869501865,28.117040350172502,False,True
pig_11,A1,6,A1_p6,2026-07-04 03:00:00,3,5,25.080504700837185,31.174011311522676,29.6321605145683,False,True
pig_11,A1,6,A1_p6,2026-07-04 03:30:00,3,5,25.746526237472683,30.219244417529517,28.72461590716824,False,True
pig_11,A1,6,A1_p6,2026-07-04 04:00:00,3,5,24.715327643615282,29.093162919398473,27.65422982910934,False,True
pig_11,A1,6,A1_p6,2026-07-04 04:30:00,3,5,23.285465931906263,29.69765291275646,28.228822053819705,False,True
pig_11,A1,6,A1_p6,2026-07-04 05:00:00,3,5,22.83336908248566,28.957555832852314,27.525329800322744,False,True
pig_11,A1,6,A1_p6,2026-07-04 05:30:00,3,5,24.184093547986684,29.86739542793545,28.39016919024264,False,True
pig_11,A1,6,A1_p6,2026-07-04 06:00:00,3,5,26.739871455854505,29.842565709255624,28.366567536862217,False,True
pig_11,A1,6,A1_p6,2026-07-04 06:30:00,3,5,20.241597922588728,25.814328441969153,24.53756484284964,False,True
pig_11,A1,6,A1_p6,2026-07-04 07:00:00,3,5,25.768555379328934,28.465432395702607,27.057546538910664,False,True
pig_11,A1,6,A1_p6,2026-07-04 10:00:00,4,5,19.785277442150694,22.05852591406434,22.05852591406434,False,True
pig_11,A1,6,A1_p6,2026-07-04 10:30:00,4,5,19.82886367462341,22.219250321548788,22.219250321548788,False,True
pig_11,A1,6,A1_p6,2026-07-04 11:00:00,4,5,20.614454290190164,22.57575577629956,22.57575577629956,False,True
pig_11,A1,6,A1_p6,2026-07-04 11:30:00,4,5,21.678659128278067,26.06053196562416,26.06053196562416,False,True
pig_11,A1,6,A1_p6,2026-07-04 12:00:00,4,5,25.12180477038634,31.820373592031615,31.820373592031615,False,True
pig_11,A1,6,A1_p6,2026-07-04 12:30:00,4,5,19.526914002789656,26.61643074583069,26.61643074583069,False,True
pig_11,A1,6,A1_p6,2026-07-04 13:00:00,4,5,20.49402213197845,24.99834425134269,24.99834425134269,False,True
pig_11,A1,6,A1_p6,2026-07-04 13:30:00,4,5,25.013949459347636,31.113021364589798,31.113021364589798,False,True
pig_11,A1,6,A1_p6,2026-07-04 15:30:00,4,5,38.4280971508272,34.20502406878007,34.20502406878007,False,True
pig_11,A1,6,A1_p6,2026-07-04 16:30:00,4,5,32.82056243991374,40.33243083373662,40.33243083373662,False,True
pig_11,A1,6,A1_p6,2026-07-04 17:00:00,4,5,26.86617216008177,29.37188878916742,29.37188878916742,False,True
pig_11,A1,6,A1_p6,2026-07-04 17:30:00,4,5,42.578142797039916,29.855406932584295,29.855406932584295,False,True
pig_12,B1,7,B1_p7,2026-07-05 16:00:00,0,2,56.07479690781922,49.905116782139494,49.905116782139494,True,False
pig_12,B1,7,B1_p7,2026-07-05 16:30:00,0,2,53.224638457589144,49.57819109514206,49.57819109514206,True,False
pig_12,B1,7,B1_p7,2026-07-05 17:00:00,0,2,52.345304156950476,48.07937580373,48.07937580373,True,False
pig_12,B1,7,B1_p7,2026-07-05 17:30:00,0,2,59.010306124794596,51.44125920406398,51.44125920406398,True,False
pig_12,B1,7,B1_p7,2026-07-05 18:00:00,0,2,53.56007915994216,47.456311486141615,47.456311486141615,True,False
pig_12,B1,7,B1_p7,2026-07-05 18:30:00,0,2,51.63123907615142,47.34280593412594,47.34280593412594,True,False
pig_12,B1,7,B1_p7,2026-07-05 19:00:00,0,2,55.16237426865521,49.038078048288114,49.038078048288114,True,False
pig_12,B1,7,B1_p7,2026-07-05 19:30:00,0,2,53.5906454979923,50.0789476417072,50.0789476417072,True,False
pig_12,B1,7,B1_p7,2026-07-05 20:00:00,0,2,53.59445484115535,52.23366857959257,52.23366857959257,True,False
pig_12,B1,7,B1_p7,2026-07-05 20:30:00,0,2,52.770915093515015,47.991219726315514,47.991219726315514,True,False
pig_12,B1,7,B1_p7,2026-07-05 21:00:00,0,2,52.193596336211186,47.194701743016886,47.194701743016886,True,False
pig_12,B1,7,B1_p7,2026-07-05 21:30:00,0,2,51.91300318639607,49.03955434396494,49.03955434396494,True,False
pig_12,B1,7,B1_p7,2026-07-05 22:00:00,0,2,50.64665160215155,47.777148605900535,47.777148605900535,True,False
pig_12,B1,7,B1_p7,2026-07-05 22:30:00,0,2,48.93356371223018,49.17607672538183,49.17607672538183,True,False
pig_12,B1,7,B1_p7,2026-07-05 23:00:00,0,2,49.64045139200432,47.78037291557099,47.78037291557099,True,False
pig_12,B1,7,B1_p7,2026-07-05 23:30:00,0,2,47.18770114316908,45.88756161522179,45.88756161522179,True,False
pig_12,B1,7,B1_p7,2026-07-06 00:00:00,0,2,48.195277488999906,46.55496218489907,46.55496218489907,True,False
pig_12,B1,7,B1_p7,2026-07-06 00:30:00,0,2,50.52287340532769,47.52828409542627,47.52828409542627,True,False
pig_12,B1,7,B1_p7,2026-07-06 01:00:00,0,2,49.585173072655714,46.38506141871346,46.38506141871346,True,False
pig_12,B1,7,B1_p7,2026-07-06 01:30:00,0,2,45.682782483369586,44.68144305076761,44.68144305076761,True,False
pig_12,B1,7,B1_p7,2026-07-06 02:00:00,0,2,48.13519661090801,45.70686740923999,45.70686740923999,True,False
pig_12,B1,7,B1_p7,2026-07-06 02:30:00,0,2,49.33522865986774,45.56254883695355,45.56254883695355,True,False
pig_12,B1,7,B1_p7,2026-07-06 03:00:00,0,2,46.67560302719784,43.91773822416733,43.91773822416733,True,False
pig_12,B1,7,B1_p7,2026-07-06 03:30:00,0,2,46.46378746138964,44.746184898582975,44.746184898582975,True,False
pig_12,B1,7,B1_p7,2026-07-06 04:00:00,0,2,48.30732889301808,45.143910798394074,45.143910798394074,True,False
pig_12,B1,7,B1_p7,2026-07-06 04:30:00,0,2,49.15783581122828,45.280652878091566,45.280652878091566,True,False
pig_12,B1,7,B1_p7,2026-07-06 05:00:00,0,2,44.6203215582737,41.300838317131266,41.300838317131266,True,False
pig_12,B1,7,B1_p7,2026-07-06 05:30:00,0,2,49.06503981104942,46.66300552460245,46.66300552460245,True,False
pig_12,B1,7,B1_p7,2026-07-06 06:00:00,0,2,58.29858374971057,49.06826384360608,49.06826384360608,True,False
pig_12,B1,7,B1_p7,2026-07-06 06:30:00,0,2,44.25036367754672,42.07319816377332,42.07319816377332,True,False
pig_12,B1,7,B1_p7,2026-07-06 07:00:00,0,2,46.24231630348574,43.04623615410854,43.04623615410854,True,False
pig_12,B1,7,B1_p7,2026-07-06 07:30:00,0,2,51.61012402636676,46.14109186579523,46.14109186579523,True,False
pig_12,B1,7,B1_p7,2026-07-06 08:00:00,0,2,48.77537828665456,45.213240425752396,45.213240425752396,True,False
pig_12,B1,7,B1_p7,2026-07-06 09:30:00,1,2,57.44835268037043,53.39060864006487,53.39060864006487,True,False
pig_12,B1,7,B1_p7,2026-07-06 10:00:00,1,2,56.89514732725539,53.75617177971023,53.75617177971023,True,False
pig_12,B1,7,B1_p7,2026-07-06 10:30:00,1,2,68.42898106116293,60.77095228233762,60.77095228233762,True,False
pig_12,B1,7,B1_p7,2026-07-06 11:00:00,1,2,56.52138076690424,52.110124105808545,52.110124105808545,True,False
pig_12,B1,7,B1_p7,2026-07-06 11:30:00,1,2,52.914613284248404,51.484409262538335,51.484409262538335,True,False
pig_12,B1,7,B1_p7,2026-07-06 12:00:00,1,2,59.559201921506485,52.44952417969152,52.44952417969152,True,False
pig_12,B1,7,B1_p7,2026-07-06 13:00:00,1,2,53.835884372010376,48.26440319239285,48.26440319239285,True,False
pig_12,B1,7,B1_p7,2026-07-06 13:30:00,1,2,53.270282449177444,46.4856272392079,46.4856272392079,True,False
pig_12,B1,7,B1_p7,2026-07-06 16:00:00,1,2,60.083823384437885,56.03327124685638,56.03327124685638,True,False
pig_12,B1,7,B1_p7,2026-07-06 16:30:00,1,2,57.43903430639794,55.7658218009226,55.7658218009226,True,False
pig_12,B1,7,B1_p7,2026-07-06 17:00:00,1,2,62.583587662571574,59.01199648396869,59.01199648396869,True,False
pig_12,B1,7,B1_p7,2026-07-06 17:30:00,1,2,59.19701632949034,56.565976192526094,56.565976192526094,True,False
pig_12,B1,7,B1_p7,2026-07-06 18:00:00,1,2,57.44750038334899,54.40189193366638,54.40189193366638,True,False
pig_12,B1,7,B1_p7,2026-07-06 18:30:00,1,2,54.46500065204545,53.468886269931204,53.468886269931204,True,False
pig_12,B1,7,B1_p7,2026-07-06 19:00:00,1,2,52.46012240239145,52.709680911603925,52.709680911603925,True,False
pig_12,B1,7,B1_p7,2026-07-06 19:30:00,1,2,53.73244611004498,51.94317851201909,51.94317851201909,True,False
pig_12,B1,7,B1_p7,2026-07-06 20:00:00,1,2,56.92881661978157,53.558739583867236,53.558739583867236,True,False
pig_12,B1,7,B1_p7,2026-07-06 20:30:00,1,2,57.00166664847694,55.88705802876312,55.88705802876312,True,False
pig_12,B1,7,B1_p7,2026-07-06 21:00:00,1,2,53.16526182862363,52.24691121026721,52.24691121026721,True,False
pig_12,B1,7,B1_p7,2026-07-06 21:30:00,1,2,55.06657735004754,52.34415267213959,52.34415267213959,True,False
pig_12,B1,7,B1_p7,2026-07-06 22:00:00,1,2,53.76738515567325,51.65365846141783,51.65365846141783,True,False
pig_12,B1,7,B1_p7,2026-07-06 22:30:00,1,2,50.436984460909,51.529082899179635,51.529082899179635,True,False
pig_12,B1,7,B1_p7,2026-07-06 23:00:00,1,2,57.45813704276532,56.83737844952854,56.83737844952854,True,False
pig_12,B1,7,B1_p7,2026-07-06 23:30:00,1,2,55.15583984446317,54.19248802950014,54.19248802950014,True,False
pig_12,B1,7,B1_p7,2026-07-07 00:00:00,1,2,50.22758871859962,51.17225912733288,51.17225912733288,True,False
pig_12,B1,7,B1_p7,2026-07-07 00:30:00,1,2,53.447812690909615,50.82077090348034,50.82077090348034,True,False
pig_12,B1,7,B1_p7,2026-07-07 01:00:00,1,2,50.27678107678792,49.37201175772189,49.37201175772189,True,False
pig_12,B1,7,B1_p7,2026-07-07 01:30:00,1,2,49.454708664098305,47.88948257029516,47.88948257029516,True,False
pig_12,B1,7,B1_p7,2026-07-07 02:00:00,1,2,52.09381872589918,49.07060221327748,49.07060221327748,True,False
pig_12,B1,7,B1_p7,2026-07-07 02:30:00,1,2,48.343905807391096,48.761675465968736,48.761675465968736,True,False
pig_12,B1,7,B1_p7,2026-07-07 03:00:00,1,2,49.93300804108829,49.38706578629929,49.38706578629929,True,False
pig_12,B1,7,B1_p7,2026-07-07 03:30:00,1,2,50.52154718168954,47.547424587502704,47.547424587502704,True,False
pig_12,B1,7,B1_p7,2026-07-07 04:00:00,1,2,48.66687602837635,47.859185756724365,47.859185756724365,True,False
pig_12,B1,7,B1_p7,2026-07-07 04:30:00,1,2,45.570955043892056,47.42411957845067,47.42411957845067,True,False
pig_12,B1,7,B1_p7,2026-07-07 05:00:00,1,2,46.675402684313624,47.566860110529426,47.566860110529426,True,False
pig_12,B1,7,B1_p7,2026-07-07 05:30:00,1,2,48.31793960979665,45.17344797143032,45.17344797143032,True,False
pig_12,B1,7,B1_p7,2026-07-07 06:00:00,1,2,46.910810293620415,45.39102410945065,45.39102410945065,True,False
pig_12,B1,7,B1_p7,2026-07-07 06:30:00,1,2,46.31839730161396,46.36267553699377,46.36267553699377,True,False
pig_12,B1,7,B1_p7,2026-07-07 07:00:00,1,2,46.0489082336814,45.508998038911436,45.508998038911436,True,False
pig_12,B1,7,B1_p7,2026-07-07 07:30:00,1,2,47.485089855335524,46.75802915553414,46.75802915553414,True,False
pig_12,B1,7,B1_p7,2026-07-07 08:00:00,1,2,60.9903515137654,47.35615839041958,47.35615839041958,True,False
pig_12,B1,7,B1_p7,2026-07-07 10:00:00,2,2,55.85559289035291,56.179962211165105,57.82452128330708,False,True
pig_12,B1,7,B1_p7,2026-07-07 10:30:00,2,2,59.69537241968645,54.119366901788595,55.70360605599773,False,True
pig_12,B1,7,B1_p7,2026-07-07 11:00:00,2,2,69.59064495506384,53.95102979438387,55.530341207343895,False,True
pig_12,B1,7,B1_p7,2026-07-07 11:30:00,2,2,57.51221283641391,52.829438826080825,54.375917845967635,False,True
pig_12,B1,7,B1_p7,2026-07-07 12:00:00,2,2,55.05658599577666,55.39058416701823,57.012035732982625,False,True
pig_12,B1,7,B1_p7,2026-07-07 12:30:00,2,2,66.48469006561716,60.31763787206012,62.083319347597964,False,True
pig_12,B1,7,B1_p7,2026-07-07 13:00:00,2,2,85.78391406175041,57.122975574056454,58.79513952737054,False,True
pig_12,B1,7,B1_p7,2026-07-07 13:30:00,2,2,52.98351484148442,55.2475335262433,56.86479756306379,False,True
pig_12,B1,7,B1_p7,2026-07-07 14:00:00,2,2,58.396021019885936,51.01520867374176,52.50857963626164,False,True
pig_12,B1,7,B1_p7,2026-07-07 14:30:00,2,2,57.3603480891241,52.06921966720486,53.59344475053959,False,True
pig_12,B1,7,B1_p7,2026-07-07 15:00:00,2,2,72.15308527917615,69.18924297915882,71.21462343079249,False,True
pig_12,B1,7,B1_p7,2026-07-07 16:30:00,2,2,55.89395211495025,56.73984170779868,58.400790162725116,False,True
pig_12,B1,7,B1_p7,2026-07-07 17:00:00,2,2,54.98709396703411,54.87199295246948,56.478263769763835,False,True
pig_12,B1,7,B1_p7,2026-07-07 17:30:00,2,2,63.38433886971691,55.836846051110896,57.47136106534313,False,True
pig_12,B1,7,B1_p7,2026-07-07 18:00:00,2,2,56.66459035400352,54.11281700498538,55.69686442371115,False,True
pig_12,B1,7,B1_p7,2026-07-07 18:30:00,2,2,58.50046301410363,54.547339487044994,56.14410670588799,False,True
pig_12,B1,7,B1_p7,2026-07-07 19:00:00,2,2,62.07807244249367,57.83293892722868,59.525885676176564,False,True
pig_12,B1,7,B1_p7,2026-07-07 19:30:00,2,2,60.76199595118513,55.024562829356356,56.635299832908125,False,True
pig_12,B1,7,B1_p7,2026-07-07 20:00:00,2,2,60.00278439369819,56.21660687704995,57.86223865047818,False,True
pig_12,B1,7,B1_p7,2026-07-07 20:30:00,2,2,54.613515865884565,50.09815928089559,51.564685406942644,False,True
pig_12,B1,7,B1_p7,2026-07-07 21:00:00,2,2,56.64061826576858,52.71077909123008,54.25378457828124,False,True
pig_12,B1,7,B1_p7,2026-07-07 21:30:00,2,2,58.36326152041867,57.287055577298325,58.96402265342115,False,True
pig_12,B1,7,B1_p7,2026-07-07 22:00:00,2,2,58.72265594325344,54.11849067934132,55.70270418384335,False,True
pig_12,B1,7,B1_p7,2026-07-07 22:30:00,2,2,57.036513480452356,53.573249208419895,55.14150182985581,False,True
pig_12,B1,7,B1_p7,2026-07-07 23:00:00,2,2,54.35921553353206,52.12661075860991,53.652515854467175,False,True
pig_12,B1,7,B1_p7,2026-07-07 23:30:00,2,2,54.77978299525154,53.446174358555844,55.0107071110392,False,True
pig_12,B1,7,B1_p7,2026-07-08 00:00:00,2,2,54.91389088004067,51.52510829285637,53.03340557450307,False,True
pig_12,B1,7,B1_p7,2026-07-08 00:30:00,2,2,53.84866883174125,49.72419514759455,51.179774201342696,False,True
pig_12,B1,7,B1_p7,2026-07-08 01:00:00,2,2,53.08905873776787,50.46186854950338,51.93904155664059,False,True
pig_12,B1,7,B1_p7,2026-07-08 01:30:00,2,2,52.92841947563663,49.94189742013508,51.40384928428111,False,True
pig_12,B1,7,B1_p7,2026-07-08 02:00:00,2,2,51.43799075385897,49.80318212095037,51.26107336464136,False,True
pig_12,B1,7,B1_p7,2026-07-08 02:30:00,2,2,53.402330335577645,49.40448206577557,50.85070214118885,False,True
pig_12,B1,7,B1_p7,2026-07-08 03:00:00,2,2,52.60640511379893,49.70126404896922,51.156171839427145,False,True
pig_12,B1,7,B1_p7,2026-07-08 03:30:00,2,2,52.49413834658445,48.50791729789027,49.927892184365085,False,True
pig_12,B1,7,B1_p7,2026-07-08 04:00:00,2,2,47.85836763248282,49.65275319352227,51.10624092308513,False,True
pig_12,B1,7,B1_p7,2026-07-08 04:30:00,2,2,53.55739216087531,48.12230957859883,49.53099654945232,False,True
pig_12,B1,7,B1_p7,2026-07-08 05:00:00,2,2,50.9538223828623,45.356410510798725,46.684131168654666,False,True
pig_12,B1,7,B1_p7,2026-07-08 05:30:00,2,2,47.49414327240664,46.79131505739374,48.161039753644914,False,True
pig_12,B1,7,B1_p7,2026-07-08 06:00:00,2,2,46.9439958183218,48.19411451784413,49.604903438567504,False,True
pig_12,B1,7,B1_p7,2026-07-08 06:30:00,2,2,52.14429439779471,48.77468933554695,50.2024734543077,False,True
pig_12,B1,7,B1_p7,2026-07-08 07:00:00,2,2,53.45524513473356,45.2742570192262,46.599572793480306,False,True
pig_12,B1,7,B1_p7,2026-07-08 07:30:00,2,2,44.21662537274538,45.399582862545614,46.72856730698909,False,True
pig_12,B1,7,B1_p7,2026-07-08 08:00:00,2,2,47.89516970191593,52.17926057590351,53.70670689270983,False,True
pig_12,B1,7,B1_p7,2026-07-08 09:30:00,3,2,80.14751538846005,66.63224935730693,68.58277879636034,False,True
pig_12,B1,7,B1_p7,2026-07-08 10:00:00,3,2,61.02893587015552,56.502577223033114,58.15658022186524,False,True
pig_12,B1,7,B1_p7,2026-07-08 10:30:00,3,2,66.31567079759434,62.06573624822846,63.882589902072866,False,True
pig_12,B1,7,B1_p7,2026-07-08 11:00:00,3,2,64.2858111774659,56.80851435356088,58.47147306656068,False,True
pig_12,B1,7,B1_p7,2026-07-08 11:30:00,3,2,56.32340272612747,53.965464615703894,55.545198579969096,False,True
pig_12,B1,7,B1_p7,2026-07-08 12:00:00,3,2,60.44017880675816,53.38618405269834,54.9489607057139,False,True
pig_12,B1,7,B1_p7,2026-07-08 12:30:00,3,2,57.31406732347586,52.652304284407585,54.19359803527615,False,True
pig_12,B1,7,B1_p7,2026-07-08 13:00:00,3,2,57.04601096984727,52.44985671234343,53.98522420448618,False,True
pig_12,B1,7,B1_p7,2026-07-08 13:30:00,3,2,66.20159101492784,60.875775657227294,62.65779553033565,False,True
pig_12,B1,7,B1_p7,2026-07-08 14:00:00,3,2,60.41727372843184,54.03621029693899,55.61801520335705,False,True
pig_12,B1,7,B1_p7,2026-07-08 14:30:00,3,2,66.93995274126542,56.63769858111398,58.295656994768855,False,True
pig_12,B1,7,B1_p7,2026-07-08 15:30:00,3,2,71.2626413487865,57.369316332151996,59.04869143180045,False,True
pig_12,B1,7,B1_p7,2026-07-08 16:00:00,3,2,69.74608044260063,62.78724141677591,64.62521573043975,False,True
pig_12,B1,7,B1_p7,2026-07-08 16:30:00,3,2,59.915358065611045,53.061757711726635,54.61503741491726,False,True
pig_12,B1,7,B1_p7,2026-07-08 17:00:00,3,2,63.332468512735176,56.36623504428701,58.01624689114702,False,True
pig_12,B1,7,B1_p7,2026-07-08 17:30:00,3,2,58.079324666099936,52.41459927198493,53.94893467116927,False,True
pig_12,B1,7,B1_p7,2026-07-08 18:00:00,3,2,58.33139982111714,53.406895442982886,54.97027838164638,False,True
pig_12,B1,7,B1_p7,2026-07-08 18:30:00,3,2,56.55906091651349,54.13402365923078,55.71869186149317,False,True
pig_12,B1,7,B1_p7,2026-07-08 19:00:00,3,2,57.97983112056466,51.672712960935755,53.18533108201392,False,True
pig_12,B1,7,B1_p7,2026-07-08 19:30:00,3,2,57.55065125118162,54.932114843532325,56.54014561219529,False,True
pig_12,B1,7,B1_p7,2026-07-08 20:00:00,3,2,55.83278509336428,51.92443466858111,53.44442145282083,False,True
pig_12,B1,7,B1_p7,2026-07-08 20:30:00,3,2,54.66948496850258,50.40637356555381,51.88192206502457,False,True
pig_12,B1,7,B1_p7,2026-07-08 21:00:00,3,2,53.84040718625357,50.79740002316484,52.28439506127681,False,True
pig_12,B1,7,B1_p7,2026-07-08 21:30:00,3,2,55.880035589360276,51.94455913927767,53.46513502823648,False,True
pig_12,B1,7,B1_p7,2026-07-08 22:00:00,3,2,54.9017211824228,50.264719690095035,51.73612154800855,False,True
pig_12,B1,7,B1_p7,2026-07-08 22:30:00,3,2,58.84285329935901,54.652484891156874,56.25233003710096,False,True
pig_12,B1,7,B1_p7,2026-07-08 23:00:00,3,2,53.21553849701003,51.39160117509605,52.89599029566419,False,True
pig_12,B1,7,B1_p7,2026-07-08 23:30:00,3,2,52.32718415702806,52.8801768328086,54.428141109110385,False,True
pig_12,B1,7,B1_p7,2026-07-09 00:00:00,3,2,57.96178453133119,52.637089891859645,54.17793827099237,False,True
pig_12,B1,7,B1_p7,2026-07-09 00:30:00,3,2,50.15462203744896,50.02617793089536,51.490596942990955,False,True
pig_12,B1,7,B1_p7,2026-07-09 01:00:00,3,2,51.48421350629708,50.46901390799284,51.94639608159555,False,True
pig_12,B1,7,B1_p7,2026-07-09 01:30:00,3,2,50.39914211579453,51.88847188891556,53.407405932761186,False,True
pig_12,B1,7,B1_p7,2026-07-09 02:00:00,3,2,51.75541197424502,49.37937798429017,50.82486318656845,False,True
pig_12,B1,7,B1_p7,2026-07-09 02:30:00,3,2,52.96344733563221,50.15901823152957,51.62732588492992,False,True
pig_12,B1,7,B1_p7,2026-07-09 03:00:00,3,2,49.18525676957951,48.874612570812424,50.30532174784315,False,True
pig_12,B1,7,B1_p7,2026-07-09 03:30:00,3,2,51.395453026100434,47.833766250806555,49.23400667722052,False,True
pig_12,B1,7,B1_p7,2026-07-09 04:00:00,3,2,44.823533744299404,47.98325237489427,49.387868716703196,False,True
pig_12,B1,7,B1_p7,2026-07-09 04:30:00,3,2,46.379875425168436,49.04506616073354,50.48076503492054,False,True
pig_12,B1,7,B1_p7,2026-07-09 05:00:00,3,2,49.84993977956627,47.73153152964484,49.128779233537166,False,True
pig_12,B1,7,B1_p7,2026-07-09 05:30:00,3,2,48.27544766920856,47.778364678192716,49.176983331375325,False,True
pig_12,B1,7,B1_p7,2026-07-09 06:00:00,3,2,46.15489220277078,45.99673931828714,47.34320435595505,False,True
pig_12,B1,7,B1_p7,2026-07-09 06:30:00,3,2,45.2939840594817,46.126093792289225,47.476345430470374,False,True
pig_12,B1,7,B1_p7,2026-07-09 07:00:00,3,2,55.98339797806214,54.855005275640565,56.46077881175238,False,True
pig_12,B1,7,B1_p7,2026-07-09 07:30:00,3,2,43.089510397434324,47.13402013269774,48.513776853152514,False,True
pig_12,B1,7,B1_p7,2026-07-09 08:00:00,4,2,52.85263650675623,48.553439138769804,48.553439138769804,False,True
pig_12,B1,7,B1_p7,2026-07-09 08:30:00,4,2,46.57064169425492,41.18790144937648,41.18790144937648,False,True
pig_12,B1,7,B1_p7,2026-07-09 09:30:00,4,2,43.89512768014322,36.10418403226725,36.10418403226725,False,True
pig_12,B1,7,B1_p7,2026-07-09 10:00:00,4,2,41.86456025496335,38.06157741780712,38.06157741780712,False,True
pig_12,B1,7,B1_p7,2026-07-09 10:30:00,4,2,47.508410343881806,44.38707782679169,44.38707782679169,False,True
pig_12,B1,7,B1_p7,2026-07-09 11:00:00,4,2,40.492660753452476,38.8589658039587,38.8589658039587,False,True
pig_12,B1,7,B1_p7,2026-07-09 11:30:00,4,2,40.25980682804904,38.94839863898479,38.94839863898479,False,True
pig_12,B1,7,B1_p7,2026-07-09 12:00:00,4,2,37.960592988627695,36.11596461882455,36.11596461882455,False,True
pig_12,B1,7,B1_p7,2026-07-09 12:30:00,4,2,37.362666885204334,36.68484292768849,36.68484292768849,False,True
pig_12,B1,7,B1_p7,2026-07-09 13:00:00,4,2,40.647637267448914,38.08208359128183,38.08208359128183,False,True
pig_12,B1,7,B1_p7,2026-07-09 13:30:00,4,2,47.5976617456516,45.56987318944854,45.56987318944854,False,True
pig_12,B1,7,B1_p7,2026-07-09 14:00:00,4,2,42.22299414954628,40.77066544066493,40.77066544066493,False,True
pig_12,B1,7,B1_p7,2026-07-09 14:30:00,4,2,57.029852382095875,53.96024101173406,53.96024101173406,False,True
pig_12,B1,7,B1_p7,2026-07-09 15:00:00,4,2,38.9733419304407,35.27486024502256,35.27486024502256,False,True
pig_12,B1,7,B1_p7,2026-07-09 15:30:00,4,2,41.82310859743515,40.665673020750056,40.665673020750056,False,True
pig_12,B1,7,B1_p7,2026-07-09 16:30:00,4,2,51.35475696944931,51.275337499287374,51.275337499287374,False,True
pig_12,B1,7,B1_p7,2026-07-09 17:00:00,4,2,32.93959210651012,36.06560659004963,36.06560659004963,False,True
pig_12,B1,7,B1_p7,2026-07-09 17:30:00,4,2,39.52503963987631,42.28212091485319,42.28212091485319,False,True
pig_12,B1,7,B1_p7,2026-07-09 18:00:00,4,2,32.31013167524262,33.85713675582205,33.85713675582205,False,True
pig_13,B2,1,B2_p1,2026-06-05 17:00:00,0,3,22.745061985768203,30.408997658245102,30.408997658245102,True,False
pig_13,B2,1,B2_p1,2026-06-05 17:30:00,0,3,29.331974918521073,41.719702326318526,41.719702326318526,True,False
pig_13,B2,1,B2_p1,2026-06-05 18:00:00,0,3,22.38936627936493,29.185725267999565,29.185725267999565,True,False
pig_13,B2,1,B2_p1,2026-06-05 18:30:00,0,3,23.056420522278557,29.9712025564555,29.9712025564555,True,False
pig_13,B2,1,B2_p1,2026-06-05 19:00:00,0,3,22.226477539053192,29.97571060921139,29.97571060921139,True,False
pig_13,B2,1,B2_p1,2026-06-05 19:30:00,0,3,23.538772236429768,29.98797885709938,29.98797885709938,True,False
pig_13,B2,1,B2_p1,2026-06-05 20:00:00,0,3,22.942822553960593,30.234849080838586,30.234849080838586,True,False
pig_13,B2,1,B2_p1,2026-06-05 20:30:00,0,3,23.088250180269235,29.07928479515557,29.07928479515557,True,False
pig_13,B2,1,B2_p1,2026-06-05 21:00:00,0,3,24.341940833226015,31.303523535804548,31.303523535804548,True,False
pig_13,B2,1,B2_p1,2026-06-05 21:30:00,0,3,22.64984495785345,30.175977948156014,30.175977948156014,True,False
pig_13,B2,1,B2_p1,2026-06-05 22:00:00,0,3,22.99010308733919,29.7739020257554,29.7739020257554,True,False
pig_13,B2,1,B2_p1,2026-06-05 22:30:00,0,3,21.957411821256024,28.672010071053407,28.672010071053407,True,False
pig_13,B2,1,B2_p1,2026-06-05 23:00:00,0,3,22.58837918919803,29.806282888919064,29.806282888919064,True,False
pig_13,B2,1,B2_p1,2026-06-05 23:30:00,0,3,23.09773730083304,31.9649395628249,31.9649395628249,True,False
pig_13,B2,1,B2_p1,2026-06-06 00:00:00,0,3,23.801117214361483,31.218850482900336,31.218850482900336,True,False
pig_13,B2,1,B2_p1,2026-06-06 00:30:00,0,3,21.091501467548255,29.201409935264,29.201409935264,True,False
pig_13,B2,1,B2_p1,2026-06-06 01:00:00,0,3,22.230429994648254,29.59753080934227,29.59753080934227,True,False
pig_13,B2,1,B2_p1,2026-06-06 01:30:00,0,3,24.000232089299118,30.800632306534276,30.800632306534276,True,False
pig_13,B2,1,B2_p1,2026-06-06 02:00:00,0,3,23.19980319020883,31.717547905587942,31.717547905587942,True,False
pig_13,B2,1,B2_p1,2026-06-06 02:30:00,0,3,23.79188122335262,30.96865479732358,30.96865479732358,True,False
pig_13,B2,1,B2_p1,2026-06-06 03:00:00,0,3,22.243159983286567,30.20312439779591,30.20312439779591,True,False
pig_13,B2,1,B2_p1,2026-06-06 03:30:00,0,3,22.282033379159017,30.366310452044196,30.366310452044196,True,False
pig_13,B2,1,B2_p1,2026-06-06 04:00:00,0,3,23.592865539886105,30.85154793536644,30.85154793536644,True,False
pig_13,B2,1,B2_p1,2026-06-06 04:30:00,0,3,22.199064198233515,32.467841752976,32.467841752976,True,False
pig_13,B2,1,B2_p1,2026-06-06 05:00:00,0,3,22.016717479363386,29.21742017872098,29.21742017872098,True,False
pig_13,B2,1,B2_p1,2026-06-06 05:30:00,0,3,20.06940611748408,29.358951206091604,29.358951206091604,True,False
pig_13,B2,1,B2_p1,2026-06-06 06:00:00,0,3,21.773970304888042,29.894996983481967,29.894996983481967,True,False
pig_13,B2,1,B2_p1,2026-06-06 06:30:00,0,3,20.63620466299293,28.765224994299867,28.765224994299867,True,False
pig_13,B2,1,B2_p1,2026-06-06 07:00:00,0,3,21.142798279241504,30.037719063910284,30.037719063910284,True,False
pig_13,B2,1,B2_p1,2026-06-06 07:30:00,0,3,23.633438541815945,31.1282709926815,31.1282709926815,True,False
pig_13,B2,1,B2_p1,2026-06-06 09:30:00,1,3,37.325929130003146,50.32132813878061,50.32132813878061,True,False
pig_13,B2,1,B2_p1,2026-06-06 10:00:00,1,3,35.50899141535588,47.42747064996634,47.42747064996634,True,False
pig_13,B2,1,B2_p1,2026-06-06 10:30:00,1,3,24.249764106322594,34.48854701728238,34.48854701728238,True,False
pig_13,B2,1,B2_p1,2026-06-06 11:00:00,1,3,23.616762744605218,36.19859917380253,36.19859917380253,True,False
pig_13,B2,1,B2_p1,2026-06-06 11:30:00,1,3,26.714225607665053,34.6429969948764,34.6429969948764,True,False
pig_13,B2,1,B2_p1,2026-06-06 12:00:00,1,3,23.492121972948745,31.917350944019752,31.917350944019752,True,False
pig_13,B2,1,B2_p1,2026-06-06 12:30:00,1,3,23.303557984847444,32.903884091162475,32.903884091162475,True,False
pig_13,B2,1,B2_p1,2026-06-06 13:00:00,1,3,23.705451784043632,34.21817409407444,34.21817409407444,True,False
pig_13,B2,1,B2_p1,2026-06-06 13:30:00,1,3,24.93454025811178,32.284849241202366,32.284849241202366,True,False
pig_13,B2,1,B2_p1,2026-06-06 14:00:00,1,3,23.606580267157817,36.445469618968254,36.445469618968254,True,False
pig_13,B2,1,B2_p1,2026-06-06 14:30:00,1,3,24.557414323234717,33.66926251870082,33.66926251870082,True,False
pig_13,B2,1,B2_p1,2026-06-06 15:00:00,1,3,26.350843623216768,41.42328215231304,41.42328215231304,True,False
pig_13,B2,1,B2_p1,2026-06-06 17:00:00,1,3,27.80605625749988,38.54137433716296,38.54137433716296,True,False
pig_13,B2,1,B2_p1,2026-06-06 17:30:00,1,3,25.158276611787592,33.96461623535386,33.96461623535386,True,False
pig_13,B2,1,B2_p1,2026-06-06 18:00:00,1,3,24.186622766062207,33.085807459248265,33.085807459248265,True,False
pig_13,B2,1,B2_p1,2026-06-06 18:30:00,1,3,22.704429692353603,30.046180906962505,30.046180906962505,True,False
pig_13,B2,1,B2_p1,2026-06-06 19:00:00,1,3,23.60190048866515,29.546062693513832,29.546062693513832,True,False
pig_13,B2,1,B2_p1,2026-06-07 08:30:00,2,3,34.14646241751416,43.889790701130366,38.09626890193195,False,True
pig_13,B2,1,B2_p1,2026-06-07 09:00:00,2,3,27.0901985684945,44.26387749413974,38.42097564651844,False,True
pig_13,B2,1,B2_p1,2026-06-07 09:30:00,2,3,27.809176711465355,36.78897096699846,31.932768605069818,False,True
pig_13,B2,1,B2_p1,2026-06-07 10:30:00,2,3,27.171019485236684,30.891442797848086,26.8137234831963,False,True
pig_13,B2,1,B2_p1,2026-06-07 11:00:00,2,3,26.868843835785064,26.820812254697767,23.28042261083014,False,True
pig_13,B2,1,B2_p1,2026-06-07 11:30:00,2,3,27.065920028037503,25.93279457444862,22.509624669076228,False,True
pig_13,B2,1,B2_p1,2026-06-07 12:00:00,2,3,28.8396643723271,26.503432847093496,23.00493778707324,False,True
pig_13,B2,1,B2_p1,2026-06-07 12:30:00,2,3,30.69099736926952,30.557807664080265,26.5241287148434,False,True
pig_13,B2,1,B2_p1,2026-06-07 13:00:00,2,3,27.795807310164918,32.50138211170325,28.21114826095534,False,True
pig_13,B2,1,B2_p1,2026-06-07 13:30:00,2,3,26.024022264621006,33.31239255958029,28.91510404682342,False,True
pig_13,B2,1,B2_p1,2026-06-07 14:00:00,2,3,27.347248358505176,30.499778365106756,26.47375937512749,False,True
pig_13,B2,1,B2_p1,2026-06-07 16:00:00,2,3,28.753589936214667,33.73745854479574,29.284060649603845,False,True
pig_13,B2,1,B2_p1,2026-06-07 16:30:00,2,3,20.70705797021403,28.574824202085072,24.802902206595157,False,True
pig_13,B2,1,B2_p1,2026-06-07 17:00:00,2,3,21.23366430835613,32.54400415126283,28.248144123871793,False,True
pig_13,B2,1,B2_p1,2026-06-07 17:30:00,2,3,20.108781693999283,33.227486809977634,28.84140599047568,False,True
pig_13,B2,1,B2_p1,2026-06-07 18:00:00,2,3,26.2115551440212,27.957140737890327,24.26675393675085,False,True
pig_13,B2,1,B2_p1,2026-06-07 18:30:00,2,3,21.211886339013876,27.575955859981576,23.935886065699737,False,True
pig_13,B2,1,B2_p1,2026-06-07 19:00:00,2,3,21.686389030810275,25.73950306120426,22.341847941336475,False,True
pig_13,B2,1,B2_p1,2026-06-07 19:30:00,2,3,28.618958116480528,25.444674830793673,22.08593750371132,False,True
pig_13,B2,1,B2_p1,2026-06-07 20:00:00,2,3,29.066884812990267,24.857906880914005,21.576623851389087,False,True
pig_13,B2,1,B2_p1,2026-06-07 20:30:00,2,3,23.824460527101994,24.59871514514454,21.351645834741184,False,True
pig_13,B2,1,B2_p1,2026-06-07 21:00:00,2,3,19.876646367127265,23.917073866452927,20.759982283084657,False,True
pig_13,B2,1,B2_p1,2026-06-07 21:30:00,2,3,27.949034556392498,25.817477261876064,22.409529424176846,False,True
pig_13,B2,1,B2_p1,2026-06-07 22:00:00,2,3,29.849245834370002,24.395007095515844,21.17482756989712,False,True
pig_13,B2,1,B2_p1,2026-06-07 22:30:00,2,3,35.17032833494993,24.060808748693162,20.884743933503515,False,True
pig_13,B2,1,B2_p1,2026-06-07 23:00:00,2,3,22.017942491339358,23.43426224396108,20.34090255849272,False,True
pig_13,B2,1,B2_p1,2026-06-07 23:30:00,2,3,18.39151492568619,23.149337719987585,20.093588522388877,False,True
pig_13,B2,1,B2_p1,2026-06-08 00:00:00,2,3,21.87401541182006,21.988137547553514,19.085668609549586,False,True
pig_13,B2,1,B2_p1,2026-06-08 00:30:00,2,3,22.605250865147433,22.680330368917865,19.68649088355519,False,True
pig_13,B2,1,B2_p1,2026-06-08 01:00:00,2,3,21.44382353495334,23.372645308209133,20.28741915572819,False,True
pig_13,B2,1,B2_p1,2026-06-08 01:30:00,2,3,24.957137694337483,27.185721981674305,23.597163676616784,False,True
pig_13,B2,1,B2_p1,2026-06-08 02:00:00,2,3,23.600627466284916,31.379585397313917,27.237430487368897,False,True
pig_13,B2,1,B2_p1,2026-06-08 02:30:00,2,3,24.28197817552949,30.421178932451674,26.405535191914645,False,True
pig_13,B2,1,B2_p1,2026-06-08 03:00:00,2,3,24.440021812501367,33.778358182174514,29.319561470151907,False,True
pig_13,B2,1,B2_p1,2026-06-08 03:30:00,2,3,23.189757727943594,29.90259386795658,25.95540417625177,False,True
pig_13,B2,1,B2_p1,2026-06-08 04:00:00,2,3,27.990628623436617,29.634398587099952,25.722611096710374,False,True
pig_13,B2,1,B2_p1,2026-06-08 04:30:00,2,3,26.656923122763057,29.585387733221502,25.68006975307124,False,True
pig_13,B2,1,B2_p1,2026-06-08 05:00:00,2,3,24.62134058932437,28.894814762020765,25.0806535064453,False,True
pig_13,B2,1,B2_p1,2026-06-08 05:30:00,2,3,25.213425652610194,29.35630669136921,25.48122777111312,False,True
pig_13,B2,1,B2_p1,2026-06-08 06:00:00,2,3,23.24381738751406,29.12880920438547,25.283760312275977,False,True
pig_13,B2,1,B2_p1,2026-06-08 06:30:00,2,3,24.23010756401365,31.456931893707164,27.304567123888415,False,True
pig_13,B2,1,B2_p1,2026-06-08 07:00:00,2,3,22.13553650965671,28.173308563223628,24.454387267197127,False,True
pig_13,B2,1,B2_p1,2026-06-08 11:00:00,3,3,26.679355202547068,32.68873727462666,28.373772246006872,False,True
pig_13,B2,1,B2_p1,2026-06-08 11:30:00,3,3,25.35809011723332,31.876130323850745,27.66843069814798,False,True
pig_13,B2,1,B2_p1,2026-06-08 12:00:00,3,3,26.481273772160883,34.10987768249295,29.60731987201733,False,True
pig_13,B2,1,B2_p1,2026-06-08 12:30:00,3,3,25.65939290743917,32.446738073438,28.163717322179252,False,True
pig_13,B2,1,B2_p1,2026-06-08 13:00:00,3,3,23.851110519768373,32.740960370543,28.41910181065365,False,True
pig_13,B2,1,B2_p1,2026-06-08 13:30:00,3,3,29.31293500006103,40.17426591658161,34.87119926631127,False,True
pig_13,B2,1,B2_p1,2026-06-08 14:00:00,3,3,24.643521278967278,36.34768586088789,31.5497338310085,False,True
pig_13,B2,1,B2_p1,2026-06-08 15:30:00,3,3,36.20188761312671,45.94380016169626,39.879145864587755,False,True
pig_13,B2,1,B2_p1,2026-06-08 16:00:00,3,3,27.135722735558375,39.61193738719059,34.383098992313926,False,True
pig_13,B2,1,B2_p1,2026-06-08 16:30:00,3,3,30.075466487791005,34.797059082732694,30.203792240414053,False,True
pig_13,B2,1,B2_p1,2026-06-08 17:00:00,3,3,26.12564771579445,33.12704028101405,28.754218562225674,False,True
pig_13,B2,1,B2_p1,2026-06-08 17:30:00,3,3,32.29812906374885,45.09566143588221,39.14296279220135,False,True
pig_13,B2,1,B2_p1,2026-06-08 18:00:00,3,3,28.233127380881022,32.93505384824313,28.587574642272433,False,True
pig_13,B2,1,B2_p1,2026-06-08 18:30:00,3,3,28.41902434607752,32.32523271351479,28.058250861968013,False,True
pig_13,B2,1,B2_p1,2026-06-08 19:00:00,3,3,25.549360574119444,29.27247998660474,25.40846632397804,False,True
pig_13,B2,1,B2_p1,2026-06-08 19:30:00,3,3,26.15881460740973,30.84137902722787,26.770268209490848,False,True
pig_13,B2,1,B2_p1,2026-06-08 20:00:00,3,3,27.49596954562623,30.108410043563268,26.13405229111001,False,True
pig_13,B2,1,B2_p1,2026-06-08 20:30:00,3,3,26.19480127617644,29.417512212684226,25.53435406679718,False,True
pig_13,B2,1,B2_p1,2026-06-08 21:00:00,3,3,27.82683433035384,29.71633154355893,25.7937287733119,False,True
pig_13,B2,1,B2_p1,2026-06-08 21:30:00,3,3,27.46136998021617,27.82328504545613,24.15056740745632,False,True
pig_13,B2,1,B2_p1,2026-06-09 11:00:00,4,3,34.873457826980854,27.931195783166984,27.931195783166984,False,True
pig_13,B2,1,B2_p1,2026-06-09 11:30:00,4,3,49.601162840821715,41.6855933953522,41.6855933953522,False,True
pig_13,B2,1,B2_p1,2026-06-09 12:00:00,4,3,32.8611668345927,24.322809184183765,24.322809184183765,False,True
pig_13,B2,1,B2_p1,2026-06-09 12:30:00,4,3,42.802436147862956,34.091765768210884,34.091765768210884,False,True
pig_13,B2,1,B2_p1,2026-06-09 13:00:00,4,3,31.557879835728954,19.97874981045737,19.97874981045737,False,True
pig_13,B2,1,B2_p1,2026-06-09 13:30:00,4,3,43.181112539339516,33.090696435457744,33.090696435457744,False,True
pig_13,B2,1,B2_p1,2026-06-09 14:00:00,4,3,30.41211251166215,19.212045546771023,19.212045546771023,False,True
pig_13,B2,1,B2_p1,2026-06-09 14:30:00,4,3,32.65250872989233,21.42527265887652,21.42527265887652,False,True
pig_13,B2,1,B2_p1,2026-06-09 16:00:00,4,3,51.67286590519296,42.96912003665808,42.96912003665808,False,True
pig_13,B2,1,B2_p1,2026-06-09 16:30:00,4,3,40.90481290015972,29.82962039912347,29.82962039912347,False,True
pig_13,B2,1,B2_p1,2026-06-09 17:00:00,4,3,30.005639792665534,17.295743747199683,17.295743747199683,False,True
pig_13,B2,1,B2_p1,2026-06-09 17:30:00,4,3,31.048667115575505,17.496111409726073,17.496111409726073,False,True
pig_13,B2,1,B2_p1,2026-06-09 18:00:00,4,3,29.35772042986602,18.53320581946303,18.53320581946303,False,True
pig_13,B2,1,B2_p1,2026-06-09 18:30:00,4,3,30.485410698248835,16.221802594576197,16.221802594576197,False,True
pig_13,B2,1,B2_p1,2026-06-09 19:00:00,4,3,28.610905624020283,17.157317924095693,17.157317924095693,False,True
pig_13,B2,1,B2_p1,2026-06-09 19:30:00,4,3,35.632768763504856,32.27227003380753,32.27227003380753,False,True
pig_13,B2,1,B2_p1,2026-06-09 20:00:00,4,3,47.3269046286091,33.107486447326025,33.107486447326025,False,True
pig_13,B2,1,B2_p1,2026-06-09 20:30:00,4,3,29.28550648425194,17.754818374962216,17.754818374962216,False,True
pig_13,B2,1,B2_p1,2026-06-09 21:00:00,4,3,28.4775443408765,17.075593959120297,17.075593959120297,False,True
pig_13,B2,1,B2_p1,2026-06-09 21:30:00,4,3,29.342418526973987,16.783480283845165,16.783480283845165,False,True
pig_13,B2,1,B2_p1,2026-06-09 22:00:00,4,3,37.11595054125121,30.12252115257199,30.12252115257199,False,True
pig_13,B2,1,B2_p1,2026-06-09 22:30:00,4,3,33.34734008935289,15.94607242763204,15.94607242763204,False,True
pig_13,B2,1,B2_p1,2026-06-09 23:00:00,4,3,29.257683178059352,17.06611603686391,17.06611603686391,False,True
pig_13,B2,1,B2_p1,2026-06-09 23:30:00,4,3,28.184254492022646,16.679246683444433,16.679246683444433,False,True
pig_13,B2,1,B2_p1,2026-06-10 00:00:00,4,3,29.5063871768064,17.12688382603541,17.12688382603541,False,True
pig_13,B2,1,B2_p1,2026-06-10 00:30:00,4,3,28.571098628833656,16.153334939511048,16.153334939511048,False,True
pig_13,B2,1,B2_p1,2026-06-10 01:00:00,4,3,29.752496741390843,18.33624301406926,18.33624301406926,False,True
pig_13,B2,1,B2_p1,2026-06-10 01:30:00,4,3,27.78477781821343,16.85577641710626,16.85577641710626,False,True
pig_13,B2,1,B2_p1,2026-06-10 02:00:00,4,3,28.700563580087255,17.001957687005213,17.001957687005213,False,True
pig_13,B2,1,B2_p1,2026-06-10 02:30:00,4,3,28.24838035372439,17.088506954295998,17.088506954295998,False,True
pig_13,B2,1,B2_p1,2026-06-10 03:00:00,4,3,26.71723090188734,15.861933759813185,15.861933759813185,False,True
pig_13,B2,1,B2_p1,2026-06-10 03:30:00,4,3,27.635104544373164,16.295699750343566,16.295699750343566,False,True
pig_13,B2,1,B2_p1,2026-06-10 04:00:00,4,3,27.358070910447672,16.61809850319989,16.61809850319989,False,True
pig_13,B2,1,B2_p1,2026-06-10 04:30:00,4,3,27.57586574708343,16.71378575386801,16.71378575386801,False,True
pig_13,B2,1,B2_p1,2026-06-10 05:00:00,4,3,27.031847486832078,17.06423010262447,17.06423010262447,False,True
pig_13,B2,1,B2_p1,2026-06-10 05:30:00,4,3,27.168026848609337,19.854141170504114,19.854141170504114,False,True
pig_13,B2,1,B2_p1,2026-06-10 06:00:00,4,3,28.72089440284841,18.32258550765836,18.32258550765836,False,True
pig_13,B2,1,B2_p1,2026-06-10 06:30:00,4,3,29.798989188784724,20.879638443779307,20.879638443779307,False,True
pig_13,B2,1,B2_p1,2026-06-10 07:00:00,4,3,27.32863910466518,17.6874308278509,17.6874308278509,False,True
pig_13,B2,1,B2_p1,2026-06-10 07:30:00,4,3,27.377506351096407,16.524036136308272,16.524036136308272,False,True
pig_13,B2,1,B2_p1,2026-06-10 08:00:00,4,3,28.581634629623963,19.577108028005135,19.577108028005135,False,True
pig_13,B1,3,B1_p3,2026-06-15 11:00:00,0,3,41.65597660859933,38.83809590874227,38.83809590874227,True,False
pig_13,B1,3,B1_p3,2026-06-15 11:30:00,0,3,47.41694477391653,37.65116514301581,37.65116514301581,True,False
pig_13,B1,3,B1_p3,2026-06-15 12:00:00,0,3,40.022421306569974,38.94535227337934,38.94535227337934,True,False
pig_13,B1,3,B1_p3,2026-06-15 12:30:00,0,3,45.030063587952164,36.972029639091915,36.972029639091915,True,False
pig_13,B1,3,B1_p3,2026-06-15 13:00:00,0,3,45.832450971625846,36.950624029597634,36.950624029597634,True,False
pig_13,B1,3,B1_p3,2026-06-15 13:30:00,0,3,48.86967467230165,33.402089052964556,33.402089052964556,True,False
pig_13,B1,3,B1_p3,2026-06-15 16:00:00,0,3,42.001907742907164,39.17443339785059,39.17443339785059,True,False
pig_13,B1,3,B1_p3,2026-06-15 16:30:00,0,3,40.36850457113153,38.711069131525505,38.711069131525505,True,False
pig_13,B1,3,B1_p3,2026-06-15 17:00:00,0,3,37.770835307877725,38.08992143439432,38.08992143439432,True,False
pig_13,B1,3,B1_p3,2026-06-15 17:30:00,0,3,38.76135412651303,38.854384717426015,38.854384717426015,True,False
pig_13,B1,3,B1_p3,2026-06-15 18:00:00,0,3,52.43872265610837,45.415490517611644,45.415490517611644,True,False
pig_13,B1,3,B1_p3,2026-06-15 18:30:00,0,3,36.53700094651454,38.37993104321285,38.37993104321285,True,False
pig_13,B1,3,B1_p3,2026-06-15 19:00:00,0,3,39.83969703928105,38.247532605614836,38.247532605614836,True,False
pig_13,B1,3,B1_p3,2026-06-15 19:30:00,0,3,38.52365721440294,38.772435688224704,38.772435688224704,True,False
pig_13,B1,3,B1_p3,2026-06-15 20:00:00,0,3,38.39959351968982,38.59063807963824,38.59063807963824,True,False
pig_13,B1,3,B1_p3,2026-06-15 20:30:00,0,3,40.27948770260724,37.668702324079646,37.668702324079646,True,False
pig_13,B1,3,B1_p3,2026-06-15 21:00:00,0,3,38.25007674145922,38.466795803823835,38.466795803823835,True,False
pig_13,B1,3,B1_p3,2026-06-15 21:30:00,0,3,38.56501206228475,38.792264335542455,38.792264335542455,True,False
pig_13,B1,3,B1_p3,2026-06-15 22:00:00,0,3,36.86111511350971,38.94215804760474,38.94215804760474,True,False
pig_13,B1,3,B1_p3,2026-06-15 22:30:00,0,3,37.61461588543008,38.488527112759414,38.488527112759414,True,False
pig_13,B1,3,B1_p3,2026-06-15 23:00:00,0,3,37.67787817389053,38.820960801451804,38.820960801451804,True,False
pig_13,B1,3,B1_p3,2026-06-15 23:30:00,0,3,37.20877099072436,38.670741867609266,38.670741867609266,True,False
pig_13,B1,3,B1_p3,2026-06-16 00:00:00,0,3,39.199203704389404,37.22495471131915,37.22495471131915,True,False
pig_13,B1,3,B1_p3,2026-06-16 00:30:00,0,3,38.95640083636701,38.08995861857329,38.08995861857329,True,False
pig_13,B1,3,B1_p3,2026-06-16 01:00:00,0,3,36.91486036492973,36.59020415887891,36.59020415887891,True,False
pig_13,B1,3,B1_p3,2026-06-16 01:30:00,0,3,37.59455913332483,37.03512140081566,37.03512140081566,True,False
pig_13,B1,3,B1_p3,2026-06-16 02:00:00,0,3,35.933477121361726,37.38013013874591,37.38013013874591,True,False
pig_13,B1,3,B1_p3,2026-06-16 02:30:00,0,3,39.23273785352142,37.553416351945955,37.553416351945955,True,False
pig_13,B1,3,B1_p3,2026-06-16 03:00:00,0,3,35.821885540159265,37.01670213801807,37.01670213801807,True,False
pig_13,B1,3,B1_p3,2026-06-16 03:30:00,0,3,34.86376448655128,36.18363228551591,36.18363228551591,True,False
pig_13,B1,3,B1_p3,2026-06-16 04:00:00,0,3,38.67657789640441,36.58747955671432,36.58747955671432,True,False
pig_13,B1,3,B1_p3,2026-06-16 04:30:00,0,3,35.263019497956535,35.96664170324674,35.96664170324674,True,False
pig_13,B1,3,B1_p3,2026-06-16 05:00:00,0,3,36.089995640908604,35.56844134089284,35.56844134089284,True,False
pig_13,B1,3,B1_p3,2026-06-16 05:30:00,0,3,36.73752308015382,36.57130327028801,36.57130327028801,True,False
pig_13,B1,3,B1_p3,2026-06-16 06:00:00,0,3,36.4241408343735,38.12969349841055,38.12969349841055,True,False
pig_13,B1,3,B1_p3,2026-06-16 06:30:00,0,3,35.53319639846279,37.54907031708086,37.54907031708086,True,False
pig_13,B1,3,B1_p3,2026-06-16 07:00:00,0,3,34.04824151065014,36.669311089609145,36.669311089609145,True,False
pig_13,B1,3,B1_p3,2026-06-16 07:30:00,0,3,34.251476491680066,35.17394582630865,35.17394582630865,True,False
pig_13,B1,3,B1_p3,2026-06-16 08:00:00,0,3,32.48729837897263,35.596171442380005,35.596171442380005,True,False
pig_13,B1,3,B1_p3,2026-06-16 09:30:00,1,3,43.73445392283916,36.619381622148374,36.619381622148374,True,False
pig_13,B1,3,B1_p3,2026-06-16 10:00:00,1,3,46.54196713855125,37.36755180098045,37.36755180098045,True,False
pig_13,B1,3,B1_p3,2026-06-16 10:30:00,1,3,46.29858134333301,35.88234161126711,35.88234161126711,True,False
pig_13,B1,3,B1_p3,2026-06-16 11:00:00,1,3,44.79517299790572,36.8630151636857,36.8630151636857,True,False
pig_13,B1,3,B1_p3,2026-06-16 11:30:00,1,3,42.63480446326569,35.88937579691654,35.88937579691654,True,False
pig_13,B1,3,B1_p3,2026-06-16 12:00:00,1,3,47.96647413582694,36.29056630622193,36.29056630622193,True,False
pig_13,B1,3,B1_p3,2026-06-16 12:30:00,1,3,43.38117302331372,35.209498545072236,35.209498545072236,True,False
pig_13,B1,3,B1_p3,2026-06-16 13:00:00,1,3,49.2607845861981,42.34407753909695,42.34407753909695,True,False
pig_13,B1,3,B1_p3,2026-06-16 13:30:00,1,3,48.34156157313822,37.3888484325028,37.3888484325028,True,False
pig_13,B1,3,B1_p3,2026-06-16 15:30:00,1,3,53.01642818998428,40.63654724147218,40.63654724147218,True,False
pig_13,B1,3,B1_p3,2026-06-16 16:00:00,1,3,50.0936668602359,40.659923666332475,40.659923666332475,True,False
pig_13,B1,3,B1_p3,2026-06-16 16:30:00,1,3,54.547559832804694,41.67434634934167,41.67434634934167,True,False
pig_13,B1,3,B1_p3,2026-06-16 17:00:00,1,3,48.09668014592745,37.52511521250551,37.52511521250551,True,False
pig_13,B1,3,B1_p3,2026-06-16 17:30:00,1,3,47.46077488140085,36.463828124911736,36.463828124911736,True,False
pig_13,B1,3,B1_p3,2026-06-16 18:00:00,1,3,45.825243936967766,35.87726557872031,35.87726557872031,True,False
pig_13,B1,3,B1_p3,2026-06-16 18:30:00,1,3,48.45008476639043,36.23645016707734,36.23645016707734,True,False
pig_13,B1,3,B1_p3,2026-06-16 19:00:00,1,3,43.867822013631105,35.324266435747084,35.324266435747084,True,False
pig_13,B1,3,B1_p3,2026-06-16 19:30:00,1,3,52.63499203756582,40.91892808175797,40.91892808175797,True,False
pig_13,B1,3,B1_p3,2026-06-16 20:00:00,1,3,47.97299472897692,36.68446904485493,36.68446904485493,True,False
pig_13,B1,3,B1_p3,2026-06-16 20:30:00,1,3,50.08164530136736,40.77501530177974,40.77501530177974,True,False
pig_13,B1,3,B1_p3,2026-06-16 21:00:00,1,3,49.06542254326918,35.20956377416143,35.20956377416143,True,False
pig_13,B1,3,B1_p3,2026-06-16 21:30:00,1,3,44.382410059562055,35.583145353708105,35.583145353708105,True,False
pig_13,B1,3,B1_p3,2026-06-16 22:00:00,1,3,47.135776436657224,34.926598567898694,34.926598567898694,True,False
pig_13,B1,3,B1_p3,2026-06-16 22:30:00,1,3,45.92965169504092,35.538813352478684,35.538813352478684,True,False
pig_13,B1,3,B1_p3,2026-06-16 23:00:00,1,3,45.60844125013878,35.76024398389333,35.76024398389333,True,False
pig_13,B1,3,B1_p3,2026-06-17 09:30:00,2,3,48.18602978229609,39.95219402358713,42.4411123630518,False,True
pig_13,B1,3,B1_p3,2026-06-17 10:00:00,2,3,47.59889412957698,38.992675764200186,41.421818598183734,False,True
pig_13,B1,3,B1_p3,2026-06-17 10:30:00,2,3,48.25619761487461,39.280778287457366,41.72786916337717,False,True
pig_13,B1,3,B1_p3,2026-06-17 11:00:00,2,3,47.33017768368567,44.323714270597954,47.08496701321711,False,True
pig_13,B1,3,B1_p3,2026-06-17 11:30:00,2,3,46.961686008689796,40.68116179826726,43.21549294440303,False,True
pig_13,B1,3,B1_p3,2026-06-17 12:00:00,2,3,48.720374790737424,40.49308761476115,43.015702225774184,False,True
pig_13,B1,3,B1_p3,2026-06-17 12:30:00,2,3,50.76568583290084,46.83132405290719,49.74879439828743,False,True
pig_13,B1,3,B1_p3,2026-06-17 13:00:00,2,3,48.046397063426966,39.0583759241513,41.49161170814684,False,True
pig_13,B1,3,B1_p3,2026-06-17 13:30:00,2,3,46.58913402527452,36.61357842506281,38.894509649059316,False,True
pig_13,B1,3,B1_p3,2026-06-17 14:00:00,2,3,46.605760458678716,43.18222673677603,45.8723677588343,False,True
pig_13,B1,3,B1_p3,2026-06-17 14:30:00,2,3,52.82214024363054,43.923013539236045,46.65930366282271,False,True
pig_13,B1,3,B1_p3,2026-06-17 16:00:00,2,3,52.36324955874019,41.85302950201211,44.460364974707645,False,True
pig_13,B1,3,B1_p3,2026-06-17 16:30:00,2,3,52.63641889857844,43.28112786588149,45.97743017244591,False,True
pig_13,B1,3,B1_p3,2026-06-17 17:00:00,2,3,52.48068692941033,39.83877447234662,42.32062706716233,False,True
pig_13,B1,3,B1_p3,2026-06-17 17:30:00,2,3,50.559614477507516,41.0284890090302,43.584457741931615,False,True
pig_13,B1,3,B1_p3,2026-06-17 18:00:00,2,3,49.52366586238543,37.33599317657799,39.66192897085378,False,True
pig_13,B1,3,B1_p3,2026-06-17 18:30:00,2,3,46.316624751716816,35.39483305101159,37.599839590851246,False,True
pig_13,B1,3,B1_p3,2026-06-17 19:00:00,2,3,52.94473426634187,41.64760074037134,44.2421385326191,False,True
pig_13,B1,3,B1_p3,2026-06-17 19:30:00,2,3,50.15519732556683,37.19420748811676,39.51131040077216,False,True
pig_13,B1,3,B1_p3,2026-06-17 20:00:00,2,3,50.48346508700345,39.62448209637684,42.092984830500434,False,True
pig_13,B1,3,B1_p3,2026-06-17 20:30:00,2,3,46.65067008923813,36.77445563759968,39.06540909578058,False,True
pig_13,B1,3,B1_p3,2026-06-17 21:00:00,2,3,49.96967402641252,39.04410375638215,41.47645042124487,False,True
pig_13,B1,3,B1_p3,2026-06-17 21:30:00,2,3,45.52244338843701,36.53125836867939,38.807061266108455,False,True
pig_13,B1,3,B1_p3,2026-06-17 22:00:00,2,3,45.13643058527258,38.21211190143505,40.59262762592837,False,True
pig_13,B1,3,B1_p3,2026-06-17 22:30:00,2,3,49.451547660052746,38.86238360423282,41.28340957368973,False,True
pig_13,B1,3,B1_p3,2026-06-17 23:00:00,2,3,42.14495302765014,37.056375311291454,39.36489163587447,False,True
pig_13,B1,3,B1_p3,2026-06-17 23:30:00,2,3,43.22160507763729,36.73589975580401,39.02445128228528,False,True
pig_13,B1,3,B1_p3,2026-06-18 00:00:00,2,3,46.706325171227085,39.62467607089554,42.09319088912988,False,True
pig_13,B1,3,B1_p3,2026-06-18 00:30:00,2,3,46.00362008544001,37.966944971252765,40.33218743019275,False,True
pig_13,B1,3,B1_p3,2026-06-18 01:00:00,2,3,45.351864635961526,37.25642721662378,39.577406257415376,False,True
pig_13,B1,3,B1_p3,2026-06-18 01:30:00,2,3,44.023165778615976,36.96057708834333,39.26312543144721,False,True
pig_13,B1,3,B1_p3,2026-06-18 02:00:00,2,3,47.452801182686144,37.05126067258994,39.359458368412376,False,True
pig_13,B1,3,B1_p3,2026-06-18 02:30:00,2,3,43.54446737885657,35.31339965763206,37.51333310771581,False,True
pig_13,B1,3,B1_p3,2026-06-18 03:00:00,2,3,42.762398459555165,38.38596480280485,40.77731111333141,False,True
pig_13,B1,3,B1_p3,2026-06-18 03:30:00,2,3,46.92498199992066,39.690820877185246,42.16345634574827,False,True
pig_13,B1,3,B1_p3,2026-06-18 04:00:00,2,3,40.829928299605044,39.04864883412806,41.48127864557716,False,True
pig_13,B1,3,B1_p3,2026-06-18 04:30:00,2,3,41.43141617068104,36.920295314064596,39.220334206831666,False,True
pig_13,B1,3,B1_p3,2026-06-18 05:00:00,2,3,39.14196857277477,35.006160681456485,37.186953938089275,False,True
pig_13,B1,3,B1_p3,2026-06-18 05:30:00,2,3,38.967886166978964,35.77125955055131,37.99971648757345,False,True
pig_13,B1,3,B1_p3,2026-06-18 06:00:00,2,3,44.13544006409555,38.51276319098304,40.91200871309144,False,True
pig_13,B1,3,B1_p3,2026-06-18 06:30:00,2,3,41.08155876007109,36.495871648948466,38.76947004527655,False,True
pig_13,B1,3,B1_p3,2026-06-18 07:00:00,2,3,38.27980121741622,35.8164901172056,38.04776480152803,False,True
pig_13,B1,3,B1_p3,2026-06-18 07:30:00,2,3,44.62945352621861,44.86605403791316,47.66109314511333,False,True
pig_13,B1,3,B1_p3,2026-06-18 08:00:00,2,3,39.915540377784254,42.674943971619996,45.333482589646444,False,True
pig_13,B1,3,B1_p3,2026-06-18 10:00:00,3,3,47.321296088981256,42.28919343898964,44.92370079669143,False,True
pig_13,B1,3,B1_p3,2026-06-18 10:30:00,3,3,47.22353636765143,41.687455592656086,44.2844762391048,False,True
pig_13,B1,3,B1_p3,2026-06-18 11:00:00,3,3,45.27470706381267,39.01724679947854,41.44792034539965,False,True
pig_13,B1,3,B1_p3,2026-06-18 11:30:00,3,3,44.86707334204125,38.89880687401812,41.322101918963064,False,True
pig_13,B1,3,B1_p3,2026-06-18 12:00:00,3,3,47.65416019733395,41.22231538555866,43.79035900032836,False,True
pig_13,B1,3,B1_p3,2026-06-18 12:30:00,3,3,44.08760528131109,41.011004448430114,43.56588393843515,False,True
pig_13,B1,3,B1_p3,2026-06-18 13:00:00,3,3,50.85160610807665,44.128995166264126,46.878117412382025,False,True
pig_13,B1,3,B1_p3,2026-06-18 13:30:00,3,3,49.5983552238356,41.15888194250387,43.72297381786068,False,True
pig_13,B1,3,B1_p3,2026-06-18 14:00:00,3,3,46.86637261046257,41.33741623014868,43.912630329793856,False,True
pig_13,B1,3,B1_p3,2026-06-18 19:00:00,3,3,48.60519176491286,41.4788846452586,44.0629118612151,False,True
pig_13,B1,3,B1_p3,2026-06-18 19:30:00,3,3,46.84782604283129,40.08993237683558,42.587431459406496,False,True
pig_13,B1,3,B1_p3,2026-06-18 20:00:00,3,3,49.73540987841132,41.08609103583355,43.64564822600008,False,True
pig_13,B1,3,B1_p3,2026-06-18 20:30:00,3,3,46.49919110568383,39.52105241697683,41.983111749625365,False,True
pig_13,B1,3,B1_p3,2026-06-18 21:00:00,3,3,45.62285318995704,38.93650462386118,41.36214814110493,False,True
pig_13,B1,3,B1_p3,2026-06-18 21:30:00,3,3,46.30959842107301,38.82674759783823,41.24555353627986,False,True
pig_13,B1,3,B1_p3,2026-06-18 22:00:00,3,3,44.05370154236292,39.661591688572095,42.13240625429448,False,True
pig_13,B1,3,B1_p3,2026-06-18 22:30:00,3,3,43.035426270137506,39.047380102398876,41.47993087514319,False,True
pig_13,B1,3,B1_p3,2026-06-18 23:00:00,3,3,43.746010065019206,37.31302723858383,39.6375323143308,False,True
pig_13,B1,3,B1_p3,2026-06-18 23:30:00,3,3,48.26369930060591,42.01700195843039,44.63455249099737,False,True
pig_13,B1,3,B1_p3,2026-06-19 00:00:00,3,3,43.94304891870686,40.05704803224633,42.55249850521446,False,True
pig_13,B1,3,B1_p3,2026-06-19 00:30:00,3,3,45.32642524701687,38.79738768911258,41.214364581188725,False,True
pig_13,B1,3,B1_p3,2026-06-19 01:00:00,3,3,44.10059553081879,39.767122402149965,42.24451125834176,False,True
pig_13,B1,3,B1_p3,2026-06-19 01:30:00,3,3,45.988104416194744,38.592253219171866,40.99645076441188,False,True
pig_13,B1,3,B1_p3,2026-06-19 02:00:00,3,3,43.90361264932633,39.124185285245034,41.561520822201274,False,True
pig_13,B1,3,B1_p3,2026-06-19 02:30:00,3,3,42.02735758909474,39.17717380577194,41.61781039048649,False,True
pig_13,B1,3,B1_p3,2026-06-19 03:00:00,3,3,45.87176992087979,40.24698216838769,42.75426504671642,False,True
pig_13,B1,3,B1_p3,2026-06-19 03:30:00,3,3,43.00467494621154,38.711378019603714,41.12299673175899,False,True
pig_13,B1,3,B1_p3,2026-06-19 04:00:00,3,3,42.10362083627526,39.489858596335885,41.94997463465056,False,True
pig_13,B1,3,B1_p3,2026-06-19 04:30:00,3,3,43.31150056015929,38.51997112445905,40.91966568217754,False,True
pig_13,B1,3,B1_p3,2026-06-19 05:00:00,3,3,40.125175955153715,39.2153615615749,41.65837714469201,False,True
pig_13,B1,3,B1_p3,2026-06-19 05:30:00,3,3,40.11222604618073,36.80401937975432,39.096814582596075,False,True
pig_13,B1,3,B1_p3,2026-06-19 06:00:00,3,3,39.16067855777018,35.08015524720636,37.26555817387647,False,True
pig_13,B1,3,B1_p3,2026-06-19 06:30:00,3,3,36.710700793767856,34.8079097545944,36.97635249131853,False,True
pig_13,B1,3,B1_p3,2026-06-19 07:00:00,3,3,41.86183337313857,36.94785808501491,39.2496140671129,False,True
pig_13,B1,3,B1_p3,2026-06-19 07:30:00,3,3,43.33290834107416,40.243771248232626,42.75085409454169,False,True
pig_13,B1,3,B1_p3,2026-06-19 08:00:00,3,3,42.33393508783259,37.21978039306066,39.538476431542165,False,True
pig_13,B1,3,B1_p3,2026-06-19 09:30:00,4,3,40.24647954753942,37.757012990901835,37.757012990901835,False,True
pig_13,B1,3,B1_p3,2026-06-19 10:30:00,4,3,35.55670867681126,33.44885456697819,33.44885456697819,False,True
pig_13,B1,3,B1_p3,2026-06-19 11:00:00,4,3,32.89470058174766,27.355279486253913,27.355279486253913,False,True
pig_13,B1,3,B1_p3,2026-06-19 12:30:00,4,3,32.5337577308495,30.620340635019325,30.620340635019325,False,True
pig_13,B1,3,B1_p3,2026-06-19 13:30:00,4,3,57.02931584985893,39.781419737504024,39.781419737504024,False,True
pig_13,B1,3,B1_p3,2026-06-19 14:00:00,4,3,33.08510188531802,28.477543734833546,28.477543734833546,False,True
pig_13,B1,3,B1_p3,2026-06-19 16:00:00,4,3,31.983222919975354,31.396296673623972,31.396296673623972,False,True
pig_13,B1,3,B1_p3,2026-06-19 16:30:00,4,3,37.92625607048238,37.73538991801357,37.73538991801357,False,True
pig_13,B1,3,B1_p3,2026-06-19 17:00:00,4,3,30.417242018297962,33.315189279682286,33.315189279682286,False,True
pig_13,B1,3,B1_p3,2026-06-19 17:30:00,4,3,40.91316304457844,39.91392183859171,39.91392183859171,False,True
pig_13,B1,3,B1_p3,2026-06-19 18:00:00,4,3,27.84012279514586,28.641005876272914,28.641005876272914,False,True
pig_13,B1,3,B1_p3,2026-06-19 18:30:00,4,3,29.481344779877315,30.121885159645693,30.121885159645693,False,True
pig_13,B1,3,B1_p3,2026-06-19 19:00:00,4,3,28.041573571737388,27.106669502926493,27.106669502926493,False,True
pig_13,B1,3,B1_p3,2026-06-19 19:30:00,4,3,26.712857746316914,26.223462800196234,26.223462800196234,False,True
pig_13,B1,3,B1_p3,2026-06-19 20:00:00,4,3,27.33934316656114,27.403000633245156,27.403000633245156,False,True
pig_13,B1,3,B1_p3,2026-06-19 20:30:00,4,3,32.410527471084166,30.530095453805217,30.530095453805217,False,True
pig_13,B1,3,B1_p3,2026-06-19 21:00:00,4,3,28.0313413609257,29.242465371625833,29.242465371625833,False,True
pig_13,B1,3,B1_p3,2026-06-19 21:30:00,4,3,27.302686234836003,28.30864028359658,28.30864028359658,False,True
pig_13,B1,3,B1_p3,2026-06-19 22:00:00,4,3,26.21187435947933,26.519567259666836,26.519567259666836,False,True
pig_13,B1,3,B1_p3,2026-06-19 22:30:00,4,3,27.918021852406497,29.182299608611224,29.182299608611224,False,True
pig_13,B1,3,B1_p3,2026-06-19 23:00:00,4,3,26.754342935578087,27.169348278220546,27.169348278220546,False,True
pig_13,B1,3,B1_p3,2026-06-19 23:30:00,4,3,26.168619257355957,26.580858632202105,26.580858632202105,False,True
pig_13,B1,3,B1_p3,2026-06-20 00:00:00,4,3,26.86998944518733,27.379867359715565,27.379867359715565,False,True
pig_13,B1,3,B1_p3,2026-06-20 00:30:00,4,3,26.004455155591614,28.16187130456776,28.16187130456776,False,True
pig_13,B1,3,B1_p3,2026-06-20 01:00:00,4,3,25.98472994050052,28.04152616432991,28.04152616432991,False,True
pig_13,B1,3,B1_p3,2026-06-20 01:30:00,4,3,27.155528361447686,28.419780689629334,28.419780689629334,False,True
pig_13,B1,3,B1_p3,2026-06-20 02:00:00,4,3,26.616976922615095,28.480514579803405,28.480514579803405,False,True
pig_13,B1,3,B1_p3,2026-06-20 02:30:00,4,3,27.47773602610816,28.318258617836683,28.318258617836683,False,True
pig_13,B1,3,B1_p3,2026-06-20 03:00:00,4,3,26.021975690676705,27.989466013616614,27.989466013616614,False,True
pig_13,B1,3,B1_p3,2026-06-20 03:30:00,4,3,26.157660532909482,27.336975316585992,27.336975316585992,False,True
pig_13,B1,3,B1_p3,2026-06-20 04:00:00,4,3,25.260395703710135,27.390631549210816,27.390631549210816,False,True
pig_13,B1,3,B1_p3,2026-06-20 04:30:00,4,3,25.878689083109577,28.59645938822552,28.59645938822552,False,True
pig_13,B1,3,B1_p3,2026-06-20 05:00:00,4,3,27.283371571547228,27.509913870434893,27.509913870434893,False,True
pig_13,B1,3,B1_p3,2026-06-20 05:30:00,4,3,26.719087225126557,28.466970352005546,28.466970352005546,False,True
pig_13,B1,3,B1_p3,2026-06-20 06:00:00,4,3,26.177542777502616,28.20764210910766,28.20764210910766,False,True
pig_13,B1,3,B1_p3,2026-06-20 06:30:00,4,3,27.31291845279182,29.03859280003101,29.03859280003101,False,True
pig_13,B1,3,B1_p3,2026-06-20 07:00:00,4,3,26.55066477256753,28.023292891781118,28.023292891781118,False,True
pig_13,B1,3,B1_p3,2026-06-20 07:30:00,4,3,32.410176299294534,30.273103339468236,30.273103339468236,False,True
pig_13,A1,5,A1_p5,2026-06-25 15:30:00,0,3,33.61072813138907,31.55631789878942,31.55631789878942,True,False
pig_13,A1,5,A1_p5,2026-06-25 16:00:00,0,3,31.76210243648041,30.404118778073382,30.404118778073382,True,False
pig_13,A1,5,A1_p5,2026-06-25 16:30:00,0,3,32.75995158521988,29.486353884751594,29.486353884751594,True,False
pig_13,A1,5,A1_p5,2026-06-25 17:00:00,0,3,34.937871592700034,32.558796817259434,32.558796817259434,True,False
pig_13,A1,5,A1_p5,2026-06-25 17:30:00,0,3,31.738169523597552,29.568424806194393,29.568424806194393,True,False
pig_13,A1,5,A1_p5,2026-06-25 18:00:00,0,3,35.73598894929851,28.547608099126187,28.547608099126187,True,False
pig_13,A1,5,A1_p5,2026-06-25 18:30:00,0,3,31.867045446470485,28.70140528892125,28.70140528892125,True,False
pig_13,A1,5,A1_p5,2026-06-25 19:00:00,0,3,33.11712892171858,29.483424716697506,29.483424716697506,True,False
pig_13,A1,5,A1_p5,2026-06-25 19:30:00,0,3,31.028414308000034,27.70776660806638,27.70776660806638,True,False
pig_13,A1,5,A1_p5,2026-06-25 20:00:00,0,3,33.20264292158983,27.965570959266756,27.965570959266756,True,False
pig_13,A1,5,A1_p5,2026-06-25 20:30:00,0,3,29.17934472574347,26.634996032631342,26.634996032631342,True,False
pig_13,A1,5,A1_p5,2026-06-25 21:00:00,0,3,31.12929238655347,27.40569898622956,27.40569898622956,True,False
pig_13,A1,5,A1_p5,2026-06-25 21:30:00,0,3,30.17313698871704,27.365577480013293,27.365577480013293,True,False
pig_13,A1,5,A1_p5,2026-06-25 22:00:00,0,3,31.829268656581874,27.00772554189802,27.00772554189802,True,False
pig_13,A1,5,A1_p5,2026-06-25 22:30:00,0,3,32.03264288262878,28.574919493861458,28.574919493861458,True,False
pig_13,A1,5,A1_p5,2026-06-25 23:00:00,0,3,30.72311093340372,26.798297052626207,26.798297052626207,True,False
pig_13,A1,5,A1_p5,2026-06-25 23:30:00,0,3,29.794524182560775,25.776871736888666,25.776871736888666,True,False
pig_13,A1,5,A1_p5,2026-06-26 00:00:00,0,3,29.82309902758022,26.974726765111356,26.974726765111356,True,False
pig_13,A1,5,A1_p5,2026-06-26 00:30:00,0,3,30.070559637970046,25.825757378457926,25.825757378457926,True,False
pig_13,A1,5,A1_p5,2026-06-26 01:00:00,0,3,27.564842574121638,26.77978578913426,26.77978578913426,True,False
pig_13,A1,5,A1_p5,2026-06-26 01:30:00,0,3,29.951432982216787,26.633471011790018,26.633471011790018,True,False
pig_13,A1,5,A1_p5,2026-06-26 09:30:00,1,3,37.93957878088969,36.63653786229591,36.63653786229591,True,False
pig_13,A1,5,A1_p5,2026-06-26 10:00:00,1,3,36.446983201844574,37.82117118146958,37.82117118146958,True,False
pig_13,A1,5,A1_p5,2026-06-26 10:30:00,1,3,36.77294376062531,32.10534201410087,32.10534201410087,True,False
pig_13,A1,5,A1_p5,2026-06-26 11:00:00,1,3,33.91771270464834,32.37822501031136,32.37822501031136,True,False
pig_13,A1,5,A1_p5,2026-06-26 11:30:00,1,3,34.632113691022184,31.8212686825279,31.8212686825279,True,False
pig_13,A1,5,A1_p5,2026-06-26 12:00:00,1,3,33.32491780337437,32.0122716890948,32.0122716890948,True,False
pig_13,A1,5,A1_p5,2026-06-26 12:30:00,1,3,33.06932915608723,33.37372213490906,33.37372213490906,True,False
pig_13,A1,5,A1_p5,2026-06-26 13:00:00,1,3,35.21519968223288,34.61449028834341,34.61449028834341,True,False
pig_13,A1,5,A1_p5,2026-06-26 13:30:00,1,3,34.40421213598733,33.67798068838512,33.67798068838512,True,False
pig_13,A1,5,A1_p5,2026-06-26 14:00:00,1,3,40.36363676172878,38.6415571481906,38.6415571481906,True,False
pig_13,A1,5,A1_p5,2026-06-26 14:30:00,1,3,34.97139829164534,34.073388465151105,34.073388465151105,True,False
pig_13,A1,5,A1_p5,2026-06-26 15:30:00,1,3,43.07500201347808,47.16915145553911,47.16915145553911,True,False
pig_13,A1,5,A1_p5,2026-06-26 16:00:00,1,3,35.72789866680658,35.053982984468036,35.053982984468036,True,False
pig_13,A1,5,A1_p5,2026-06-26 16:30:00,1,3,30.954146219169235,32.24587531604554,32.24587531604554,True,False
pig_13,A1,5,A1_p5,2026-06-26 17:00:00,1,3,29.94878538979463,32.04388848698658,32.04388848698658,True,False
pig_13,A1,5,A1_p5,2026-06-26 17:30:00,1,3,28.59827274673756,31.29931385845693,31.29931385845693,True,False
pig_13,A1,5,A1_p5,2026-06-26 18:00:00,1,3,32.39222864602524,31.768285795865644,31.768285795865644,True,False
pig_13,A1,5,A1_p5,2026-06-26 18:30:00,1,3,34.114501964126475,31.278764237235627,31.278764237235627,True,False
pig_13,A1,5,A1_p5,2026-06-26 19:00:00,1,3,34.732628278982055,31.871294145583654,31.871294145583654,True,False
pig_13,A1,5,A1_p5,2026-06-26 19:30:00,1,3,30.191128386020317,29.83793588375699,29.83793588375699,True,False
pig_13,A1,5,A1_p5,2026-06-26 20:00:00,1,3,31.244344191685663,30.15156727424519,30.15156727424519,True,False
pig_13,A1,5,A1_p5,2026-06-26 20:30:00,1,3,32.572448145441804,29.99243435103977,29.99243435103977,True,False
pig_13,A1,5,A1_p5,2026-06-26 21:00:00,1,3,30.191050630131052,27.935619572869314,27.935619572869314,True,False
pig_13,A1,5,A1_p5,2026-06-26 21:30:00,1,3,31.977503105506017,29.891761429170877,29.891761429170877,True,False
pig_13,A1,5,A1_p5,2026-06-26 22:00:00,1,3,33.74698590900117,31.535849440666297,31.535849440666297,True,False
pig_13,A1,5,A1_p5,2026-06-26 22:30:00,1,3,31.306870832196047,30.07864387259432,30.07864387259432,True,False
pig_13,A1,5,A1_p5,2026-06-26 23:00:00,1,3,30.81882169266303,30.32771267650555,30.32771267650555,True,False
pig_13,A1,5,A1_p5,2026-06-26 23:30:00,1,3,32.23438026073154,28.284533405099083,28.284533405099083,True,False
pig_13,A1,5,A1_p5,2026-06-27 00:00:00,1,3,32.861190301026234,30.18052000227002,30.18052000227002,True,False
pig_13,A1,5,A1_p5,2026-06-27 00:30:00,1,3,29.847554949891105,26.970359478761207,26.970359478761207,True,False
pig_13,A1,5,A1_p5,2026-06-27 01:00:00,1,3,29.751394018150954,28.734613478877954,28.734613478877954,True,False
pig_13,A1,5,A1_p5,2026-06-27 01:30:00,1,3,29.917136812920226,28.64872905345206,28.64872905345206,True,False
pig_13,A1,5,A1_p5,2026-06-27 02:00:00,1,3,30.602013190584096,29.871583046546927,29.871583046546927,True,False
pig_13,A1,5,A1_p5,2026-06-27 02:30:00,1,3,32.392907127877024,27.637450670811635,27.637450670811635,True,False
pig_13,A1,5,A1_p5,2026-06-27 03:00:00,1,3,30.970509700620106,25.75107781681632,25.75107781681632,True,False
pig_13,A1,5,A1_p5,2026-06-27 03:30:00,1,3,30.341717889736223,27.038901941845182,27.038901941845182,True,False
pig_13,A1,5,A1_p5,2026-06-27 04:00:00,1,3,28.600679063329615,28.13276380141496,28.13276380141496,True,False
pig_13,A1,5,A1_p5,2026-06-27 04:30:00,1,3,28.371892637203036,27.56696211700469,27.56696211700469,True,False
pig_13,A1,5,A1_p5,2026-06-27 05:00:00,1,3,28.835586320038306,26.688703134681695,26.688703134681695,True,False
pig_13,A1,5,A1_p5,2026-06-27 05:30:00,1,3,26.74647264018365,28.44740802200395,28.44740802200395,True,False
pig_13,A1,5,A1_p5,2026-06-27 06:00:00,1,3,33.561118328314436,26.12374299184421,26.12374299184421,True,False
pig_13,A1,5,A1_p5,2026-06-27 06:30:00,1,3,27.98684787711806,24.73461020793492,24.73461020793492,True,False
pig_13,A1,5,A1_p5,2026-06-27 07:00:00,1,3,29.713060474332828,25.135149918438316,25.135149918438316,True,False
pig_13,A1,5,A1_p5,2026-06-27 07:30:00,1,3,32.43559817645274,30.470991127066547,30.470991127066547,True,False
pig_13,A1,5,A1_p5,2026-06-27 08:00:00,1,3,27.20001365764331,32.955961991798915,32.955961991798915,True,False
pig_13,A1,5,A1_p5,2026-06-27 09:30:00,2,3,36.41880949100454,35.82386721910312,37.01767413305379,False,True
pig_13,A1,5,A1_p5,2026-06-27 10:00:00,2,3,34.779757248718724,33.14148829076669,34.24590668362614,False,True
pig_13,A1,5,A1_p5,2026-06-27 10:30:00,2,3,38.640360929972886,34.89370841180903,36.05651839266957,False,True
pig_13,A1,5,A1_p5,2026-06-27 11:00:00,2,3,34.96935432391133,34.04741039393981,35.18201804759722,False,True
pig_13,A1,5,A1_p5,2026-06-27 11:30:00,2,3,33.360841517153865,32.18791169716387,33.26055277454082,False,True
pig_13,A1,5,A1_p5,2026-06-27 12:00:00,2,3,34.403295990887905,32.64953248233833,33.737556770064785,False,True
pig_13,A1,5,A1_p5,2026-06-27 12:30:00,2,3,36.386696337528335,33.54844764377222,34.66642769055205,False,True
pig_13,A1,5,A1_p5,2026-06-27 13:00:00,2,3,40.258131585577864,36.47757667838183,37.69316803194725,False,True
pig_13,A1,5,A1_p5,2026-06-27 13:30:00,2,3,28.757088968294475,34.112235044659506,35.249002937348344,False,True
pig_13,A1,5,A1_p5,2026-06-27 14:00:00,2,3,38.03386288985389,35.78437716427076,36.97686809800625,False,True
pig_13,A1,5,A1_p5,2026-06-27 14:30:00,2,3,35.59620494627832,40.792134577218434,42.15150574714955,False,True
pig_13,A1,5,A1_p5,2026-06-27 15:30:00,2,3,39.08826166651038,37.56570535546263,38.817557884574015,False,True
pig_13,A1,5,A1_p5,2026-06-27 16:00:00,2,3,37.089578924792576,36.43573865855311,37.649935787507545,False,True
pig_13,A1,5,A1_p5,2026-06-27 16:30:00,2,3,34.981992787614125,35.31451677103725,36.491349914880786,False,True
pig_13,A1,5,A1_p5,2026-06-27 17:00:00,2,3,33.60353031400513,31.896041491629337,32.958956185553255,False,True
pig_13,A1,5,A1_p5,2026-06-27 17:30:00,2,3,35.28039350815594,34.39894346750427,35.54526573061845,False,True
pig_13,A1,5,A1_p5,2026-06-27 18:00:00,2,3,34.00852778535055,32.019908137316904,33.08695060608783,False,True
pig_13,A1,5,A1_p5,2026-06-27 18:30:00,2,3,34.79770121715933,32.042371580854336,33.11016262916979,False,True
pig_13,A1,5,A1_p5,2026-06-27 19:00:00,2,3,34.05539208054642,31.009011032745754,32.04236601754549,False,True
pig_13,A1,5,A1_p5,2026-06-27 19:30:00,2,3,32.85473718100013,30.491163468945302,31.507261522820848,False,True
pig_13,A1,5,A1_p5,2026-06-27 20:00:00,2,3,33.43897945858705,31.771015589282072,32.82976387689,False,True
pig_13,A1,5,A1_p5,2026-06-27 20:30:00,2,3,27.566110323521713,30.299859103408682,31.309582064588348,False,True
pig_13,A1,5,A1_p5,2026-06-27 21:00:00,2,3,29.19730210812868,29.884042062877782,30.879908193501212,False,True
pig_13,A1,5,A1_p5,2026-06-27 21:30:00,2,3,29.198998965002026,29.823183927171485,30.817022000278627,False,True
pig_13,A1,5,A1_p5,2026-06-27 22:00:00,2,3,27.803491649524297,28.730880794787076,29.68831858135913,False,True
pig_13,A1,5,A1_p5,2026-06-27 22:30:00,2,3,28.282129487942022,28.87123813324925,29.833353236205227,False,True
pig_13,A1,5,A1_p5,2026-06-27 23:00:00,2,3,28.847852836752725,28.000315796400002,28.933407982849353,False,True
pig_13,A1,5,A1_p5,2026-06-27 23:30:00,2,3,29.159253619961305,28.264541033781946,29.206438353225387,False,True
pig_13,A1,5,A1_p5,2026-06-28 00:00:00,2,3,27.811492156270837,28.37387287107444,29.319413602394,False,True
pig_13,A1,5,A1_p5,2026-06-28 00:30:00,2,3,28.614588938878093,29.671378303337484,30.66015755344818,False,True
pig_13,A1,5,A1_p5,2026-06-28 01:00:00,2,3,28.237073868949473,28.945893577187483,29.910496523920706,False,True
pig_13,A1,5,A1_p5,2026-06-28 01:30:00,2,3,28.982440820543374,29.45533345757891,30.436913154692924,False,True
pig_13,A1,5,A1_p5,2026-06-28 02:00:00,2,3,30.183897867964845,28.153622456747584,29.091823487252164,False,True
pig_13,A1,5,A1_p5,2026-06-28 02:30:00,2,3,28.511356024012716,28.10635839961283,29.04298438636672,False,True
pig_13,A1,5,A1_p5,2026-06-28 03:00:00,2,3,28.495295292828906,28.70206411547231,29.65854160507829,False,True
pig_13,A1,5,A1_p5,2026-06-28 03:30:00,2,3,28.83013458413744,27.504036827434945,28.420590842257674,False,True
pig_13,A1,5,A1_p5,2026-06-28 04:00:00,2,3,28.914637227450193,28.527914532074725,29.478588600864914,False,True
pig_13,A1,5,A1_p5,2026-06-28 04:30:00,2,3,26.161333182730786,27.39303727722622,28.305892304732083,False,True
pig_13,A1,5,A1_p5,2026-06-28 05:00:00,2,3,27.83721190120083,27.656433017092883,28.57806553513138,False,True
pig_13,A1,5,A1_p5,2026-06-28 05:30:00,2,3,26.59792653014,28.178544474552847,29.117576014979306,False,True
pig_13,A1,5,A1_p5,2026-06-28 06:00:00,2,3,28.629138692610503,28.089951844035056,29.026031093069008,False,True
pig_13,A1,5,A1_p5,2026-06-28 06:30:00,2,3,29.5169586320901,29.59769817032619,30.584022078257558,False,True
pig_13,A1,5,A1_p5,2026-06-28 07:00:00,2,3,28.48109320972094,26.996289466611543,27.89592313315965,False,True
pig_13,A1,5,A1_p5,2026-06-28 07:30:00,2,3,29.237669236913142,31.969603170386087,33.03496925907888,False,True
pig_13,A1,5,A1_p5,2026-06-28 08:00:00,2,3,29.911954166387453,29.52224240825769,30.506051802334255,False,True
pig_13,A1,5,A1_p5,2026-06-28 09:30:00,3,3,36.881498692875596,36.34361979306203,37.554747121152815,False,True
pig_13,A1,5,A1_p5,2026-06-28 10:00:00,3,3,38.03990352150216,35.2570752040005,36.43199414524115,False,True
pig_13,A1,5,A1_p5,2026-06-28 10:30:00,3,3,35.32213818610751,34.07359996748612,35.209080371530334,False,True
pig_13,A1,5,A1_p5,2026-06-28 11:00:00,3,3,37.46988917579021,32.565896694358976,33.65113387422428,False,True
pig_13,A1,5,A1_p5,2026-06-28 11:30:00,3,3,34.94759108480194,33.67306565343641,34.79519851377569,False,True
pig_13,A1,5,A1_p5,2026-06-28 12:00:00,3,3,33.27538658051116,31.96272303370104,33.02785984634462,False,True
pig_13,A1,5,A1_p5,2026-06-28 12:30:00,3,3,32.387310530344664,33.72531646064193,34.84919054491217,False,True
pig_13,A1,5,A1_p5,2026-06-28 13:00:00,3,3,33.90427698374976,31.93273738700211,32.99687494760711,False,True
pig_13,A1,5,A1_p5,2026-06-28 13:30:00,3,3,36.41388986554419,35.60013400509352,36.78648515621066,False,True
pig_13,A1,5,A1_p5,2026-06-28 14:00:00,3,3,32.57555390763254,33.83863669967897,34.966287106701465,False,True
pig_13,A1,5,A1_p5,2026-06-28 14:30:00,3,3,45.37442431884507,49.348868590422555,50.99338731752061,False,True
pig_13,A1,5,A1_p5,2026-06-28 15:30:00,3,3,42.03060852319514,38.18710854356641,39.4596689269631,False,True
pig_13,A1,5,A1_p5,2026-06-28 16:00:00,3,3,35.42208710981323,38.61657688824522,39.9034490229686,False,True
pig_13,A1,5,A1_p5,2026-06-28 16:30:00,3,3,36.14406636926424,34.77736832148015,35.936301345021846,False,True
pig_13,A1,5,A1_p5,2026-06-28 17:00:00,3,3,31.04060805331234,33.08468288697525,34.187208276955324,False,True
pig_13,A1,5,A1_p5,2026-06-28 17:30:00,3,3,32.02887618207939,31.217583871959032,32.257889410030764,False,True
pig_13,A1,5,A1_p5,2026-06-28 18:00:00,3,3,34.61082717867576,30.13924188159836,31.143612379049756,False,True
pig_13,A1,5,A1_p5,2026-06-28 18:30:00,3,3,35.266481035451584,31.287914121305143,32.3305633688769,False,True
pig_13,A1,5,A1_p5,2026-06-28 19:00:00,3,3,32.12080992345625,29.89629700141155,30.892571519835833,False,True
pig_13,A1,5,A1_p5,2026-06-28 19:30:00,3,3,32.37767568336437,29.852971950408836,30.847802689882123,False,True
pig_13,A1,5,A1_p5,2026-06-28 20:00:00,3,3,33.990170503068725,29.97675002195885,30.97570558460402,False,True
pig_13,A1,5,A1_p5,2026-06-28 20:30:00,3,3,30.694820805209645,29.17196337983882,30.144099954691804,False,True
pig_13,A1,5,A1_p5,2026-06-28 21:00:00,3,3,30.36474149667508,30.84060541133998,31.868348389095566,False,True
pig_13,A1,5,A1_p5,2026-06-28 21:30:00,3,3,30.70294463660244,28.906597141882216,29.8698905606442,False,True
pig_13,A1,5,A1_p5,2026-06-28 22:00:00,3,3,30.199104123958925,28.373419285899708,29.318944901790374,False,True
pig_13,A1,5,A1_p5,2026-06-28 22:30:00,3,3,30.898098641993293,29.58406240359859,30.569931908533853,False,True
pig_13,A1,5,A1_p5,2026-06-28 23:00:00,3,3,30.78503712191833,29.035906978375145,30.003509562752974,False,True
pig_13,A1,5,A1_p5,2026-06-28 23:30:00,3,3,30.27643113216735,29.03870598741695,30.00640184693802,False,True
pig_13,A1,5,A1_p5,2026-06-29 00:00:00,3,3,29.806499343024548,28.14956893429966,29.08763488382332,False,True
pig_13,A1,5,A1_p5,2026-06-29 00:30:00,3,3,29.218728357344283,28.246016374445446,29.187296371748335,False,True
pig_13,A1,5,A1_p5,2026-06-29 01:00:00,3,3,29.87837864523273,28.0460704257724,28.98068735528078,False,True
pig_13,A1,5,A1_p5,2026-06-29 01:30:00,3,3,29.92267242061717,27.738755235566032,28.66313108762215,False,True
pig_13,A1,5,A1_p5,2026-06-29 02:00:00,3,3,30.089060556890132,27.513416466850863,28.43028305201439,False,True
pig_13,A1,5,A1_p5,2026-06-29 02:30:00,3,3,29.465467778088687,27.860630235417183,28.789067492027147,False,True
pig_13,A1,5,A1_p5,2026-06-29 03:00:00,3,3,29.981715925613393,27.479601726465873,28.39534145755141,False,True
pig_13,A1,5,A1_p5,2026-06-29 03:30:00,3,3,31.26115345559704,27.15324261607514,28.058106643540178,False,True
pig_13,A1,5,A1_p5,2026-06-29 04:00:00,3,3,28.095880875255165,25.658931736869306,26.513998832912144,False,True
pig_13,A1,5,A1_p5,2026-06-29 04:30:00,3,3,28.15829504660451,25.767944762767534,26.626644646505564,False,True
pig_13,A1,5,A1_p5,2026-06-29 05:00:00,3,3,27.209791590893296,26.343095520245992,27.220961926309553,False,True
pig_13,A1,5,A1_p5,2026-06-29 05:30:00,3,3,29.18742727075502,26.235055178057017,27.109321210472977,False,True
pig_13,A1,5,A1_p5,2026-06-29 06:00:00,3,3,28.52688938859737,29.818971127180077,30.81266881148647,False,True
pig_13,A1,5,A1_p5,2026-06-29 06:30:00,3,3,28.5676623024981,24.167876429806086,24.973255084236293,False,True
pig_13,A1,5,A1_p5,2026-06-29 07:00:00,3,3,26.24915871057855,27.286969607168466,28.196289999033596,False,True
pig_13,A1,5,A1_p5,2026-06-29 07:30:00,3,3,30.839446824768935,34.15076989117601,35.28882193238846,False,True
pig_13,A1,5,A1_p5,2026-06-29 08:00:00,3,3,44.16287555414371,38.91324137815451,40.20999966271792,False,True
pig_13,A1,5,A1_p5,2026-06-29 09:30:00,4,3,21.19940012925714,22.803056365106983,22.803056365106983,False,True
pig_13,A1,5,A1_p5,2026-06-29 10:00:00,4,3,22.443660588544457,24.62003439761144,24.62003439761144,False,True
pig_13,A1,5,A1_p5,2026-06-29 10:30:00,4,3,21.555600336372944,23.992836283890455,23.992836283890455,False,True
pig_13,A1,5,A1_p5,2026-06-29 11:00:00,4,3,21.951928165180686,28.200283166187738,28.200283166187738,False,True
pig_13,A1,5,A1_p5,2026-06-29 11:30:00,4,3,24.174015544028624,27.373107367346616,27.373107367346616,False,True
pig_13,A1,5,A1_p5,2026-06-29 12:00:00,4,3,19.068141375393967,23.71267144419111,23.71267144419111,False,True
pig_13,A1,5,A1_p5,2026-06-29 12:30:00,4,3,22.547235059791777,29.724653241542665,29.724653241542665,False,True
pig_13,A1,5,A1_p5,2026-06-29 13:00:00,4,3,20.831788449592732,26.676909172881132,26.676909172881132,False,True
pig_13,A1,5,A1_p5,2026-06-29 13:30:00,4,3,29.081706989816617,34.49072606295198,34.49072606295198,False,True
pig_13,A1,5,A1_p5,2026-06-29 14:00:00,4,3,25.702541049969575,31.93201893420276,31.93201893420276,False,True
pig_13,A1,5,A1_p5,2026-06-29 14:30:00,4,3,29.43521656303137,29.997908726098615,29.997908726098615,False,True
pig_13,A1,5,A1_p5,2026-06-29 15:00:00,4,3,28.151479120042765,31.556392519274965,31.556392519274965,False,True
pig_13,A1,5,A1_p5,2026-06-29 15:30:00,4,3,26.19934856867741,29.64685361125583,29.64685361125583,False,True
pig_13,A1,5,A1_p5,2026-06-29 16:00:00,4,3,27.32794516914889,30.655220681679406,30.655220681679406,False,True
pig_13,A1,5,A1_p5,2026-06-29 16:30:00,4,3,25.256214150328283,26.907425313410087,26.907425313410087,False,True
pig_13,A1,5,A1_p5,2026-06-29 17:00:00,4,3,20.856684984592594,22.692877147486847,22.692877147486847,False,True
pig_13,A1,5,A1_p5,2026-06-29 17:30:00,4,3,26.1417559557187,26.79128807610011,26.79128807610011,False,True
pig_13,A1,5,A1_p5,2026-06-29 18:00:00,4,3,20.584532647890985,20.923092003546248,20.923092003546248,False,True
pig_13,A1,5,A1_p5,2026-06-29 18:30:00,4,3,20.792160780706773,20.85372853653671,20.85372853653671,False,True
pig_13,A1,5,A1_p5,2026-06-29 19:00:00,4,3,20.24010065133657,19.580784602413626,19.580784602413626,False,True
pig_13,A1,5,A1_p5,2026-06-29 19:30:00,4,3,18.766169162971703,19.283743340192693,19.283743340192693,False,True
pig_13,A1,5,A1_p5,2026-06-29 20:00:00,4,3,19.576425334922096,19.44427705062279,19.44427705062279,False,True
pig_13,A1,5,A1_p5,2026-06-29 20:30:00,4,3,23.023922623286033,22.91788471390601,22.91788471390601,False,True
pig_13,A1,5,A1_p5,2026-06-29 21:00:00,4,3,25.83620969136526,24.981005890602425,24.981005890602425,False,True
pig_13,A1,5,A1_p5,2026-06-29 21:30:00,4,3,20.15869222373602,19.76198830113472,19.76198830113472,False,True
pig_13,A1,5,A1_p5,2026-06-29 22:00:00,4,3,19.32638554555051,18.521288522968298,18.521288522968298,False,True
pig_13,A1,5,A1_p5,2026-06-29 22:30:00,4,3,20.35740667396731,19.03574966882799,19.03574966882799,False,True
pig_13,A1,5,A1_p5,2026-06-29 23:00:00,4,3,20.104178059498775,18.91368393389007,18.91368393389007,False,True
pig_13,A1,5,A1_p5,2026-06-29 23:30:00,4,3,20.372693622627242,19.306173559139072,19.306173559139072,False,True
pig_13,A1,5,A1_p5,2026-06-30 00:00:00,4,3,20.321349145429004,19.069315953125667,19.069315953125667,False,True
pig_13,A1,5,A1_p5,2026-06-30 00:30:00,4,3,20.463751804387414,18.619189227729898,18.619189227729898,False,True
pig_13,A1,5,A1_p5,2026-06-30 01:00:00,4,3,19.32738545711318,19.116384024052827,19.116384024052827,False,True
pig_13,A1,5,A1_p5,2026-06-30 01:30:00,4,3,19.85893395971955,18.93647091256755,18.93647091256755,False,True
pig_13,A1,5,A1_p5,2026-06-30 02:00:00,4,3,18.667145895870746,18.697874995686334,18.697874995686334,False,True
pig_13,A1,5,A1_p5,2026-06-30 02:30:00,4,3,19.947952112061593,19.100527367351955,19.100527367351955,False,True
pig_13,A1,5,A1_p5,2026-06-30 03:00:00,4,3,18.6907943792062,18.483657264720748,18.483657264720748,False,True
pig_13,A1,5,A1_p5,2026-06-30 03:30:00,4,3,18.4253059850035,19.266235745021685,19.266235745021685,False,True
pig_13,A1,5,A1_p5,2026-06-30 04:00:00,4,3,19.983495124570105,19.303488440563235,19.303488440563235,False,True
pig_13,A1,5,A1_p5,2026-06-30 04:30:00,4,3,19.30835470665661,19.205999991671767,19.205999991671767,False,True
pig_13,A1,5,A1_p5,2026-06-30 05:00:00,4,3,19.467585360665716,20.285473159617425,20.285473159617425,False,True
pig_13,A1,5,A1_p5,2026-06-30 05:30:00,4,3,21.09474991851456,20.35475900662192,20.35475900662192,False,True
pig_13,A1,5,A1_p5,2026-06-30 06:00:00,4,3,20.82976625851247,19.114146968615625,19.114146968615625,False,True
pig_13,A1,5,A1_p5,2026-06-30 06:30:00,4,3,20.002456588648453,20.823602218282126,20.823602218282126,False,True
pig_13,A1,5,A1_p5,2026-06-30 07:00:00,4,3,19.063727883657574,19.504912844529027,19.504912844529027,False,True
pig_13,A1,5,A1_p5,2026-06-30 07:30:00,4,3,19.792573251648584,22.402505523812305,22.402505523812305,False,True
pig_14,B1,1,B1_p1,2026-06-05 17:00:00,0,1,21.196988196687457,38.410003900915726,38.410003900915726,True,False
pig_14,B1,1,B1_p1,2026-06-05 17:30:00,0,1,17.95038718079813,37.381034634369726,37.381034634369726,True,False
pig_14,B1,1,B1_p1,2026-06-05 18:00:00,0,1,18.474742166993764,38.441114168943436,38.441114168943436,True,False
pig_14,B1,1,B1_p1,2026-06-05 18:30:00,0,1,19.91355882248563,39.378687603823295,39.378687603823295,True,False
pig_14,B1,1,B1_p1,2026-06-05 19:00:00,0,1,18.25972503938175,38.935318235321404,38.935318235321404,True,False
pig_14,B1,1,B1_p1,2026-06-05 19:30:00,0,1,18.37918433216702,40.12338209249677,40.12338209249677,True,False
pig_14,B1,1,B1_p1,2026-06-05 20:00:00,0,1,18.68647842156622,35.599983652239985,35.599983652239985,True,False
pig_14,B1,1,B1_p1,2026-06-05 20:30:00,0,1,18.08874110060358,38.09031589625505,38.09031589625505,True,False
pig_14,B1,1,B1_p1,2026-06-06 09:30:00,1,1,26.165036013736678,43.21402651064982,43.21402651064982,True,False
pig_14,B1,1,B1_p1,2026-06-06 10:00:00,1,1,23.021974934891716,40.138502613352784,40.138502613352784,True,False
pig_14,B1,1,B1_p1,2026-06-06 11:30:00,1,1,30.454328432150234,46.86495884744916,46.86495884744916,True,False
pig_14,B1,1,B1_p1,2026-06-06 12:00:00,1,1,27.85694556662304,47.761284908555254,47.761284908555254,True,False
pig_14,B1,1,B1_p1,2026-06-06 12:30:00,1,1,25.322329590865774,41.70523494435264,41.70523494435264,True,False
pig_14,B1,1,B1_p1,2026-06-06 13:00:00,1,1,24.77303466609876,42.44424478095822,42.44424478095822,True,False
pig_14,B1,1,B1_p1,2026-06-06 13:30:00,1,1,30.29938546003266,46.94578553615498,46.94578553615498,True,False
pig_14,B1,1,B1_p1,2026-06-06 14:00:00,1,1,23.346029826885257,38.52844688289304,38.52844688289304,True,False
pig_14,B1,1,B1_p1,2026-06-06 14:30:00,1,1,23.79933179266656,41.927171548983004,41.927171548983004,True,False
pig_14,B1,1,B1_p1,2026-06-06 15:00:00,1,1,24.299323935016325,43.53242409691633,43.53242409691633,True,False
pig_14,B1,1,B1_p1,2026-06-06 16:30:00,1,1,25.77896926306942,40.726470215576455,40.726470215576455,True,False
pig_14,B1,1,B1_p1,2026-06-06 17:00:00,1,1,28.14131709493246,43.70617970891301,43.70617970891301,True,False
pig_14,B1,1,B1_p1,2026-06-06 17:30:00,1,1,25.542055682471386,40.23319482419252,40.23319482419252,True,False
pig_14,B1,1,B1_p1,2026-06-06 18:00:00,1,1,28.476806398617327,43.47284520610177,43.47284520610177,True,False
pig_14,B1,1,B1_p1,2026-06-06 18:30:00,1,1,23.89214082055267,39.908728753600165,39.908728753600165,True,False
pig_14,B1,1,B1_p1,2026-06-06 19:00:00,1,1,25.79240926951058,40.59670378409861,40.59670378409861,True,False
pig_14,B1,1,B1_p1,2026-06-06 19:30:00,1,1,26.29529787784645,41.64022845847313,41.64022845847313,True,False
pig_14,B1,1,B1_p1,2026-06-06 20:00:00,1,1,27.267663487996728,41.34196135044448,41.34196135044448,True,False
pig_14,B1,1,B1_p1,2026-06-06 20:30:00,1,1,26.31774898768421,41.608368464960485,41.608368464960485,True,False
pig_14,B1,1,B1_p1,2026-06-06 21:00:00,1,1,26.629560758989385,44.65336406943516,44.65336406943516,True,False
pig_14,B1,1,B1_p1,2026-06-06 21:30:00,1,1,29.025708550234448,38.91373264375119,38.91373264375119,True,False
pig_14,B1,1,B1_p1,2026-06-06 22:00:00,1,1,25.167926390266203,40.29980072052656,40.29980072052656,True,False
pig_14,B1,1,B1_p1,2026-06-06 22:30:00,1,1,28.52207361998296,41.049567470698896,41.049567470698896,True,False
pig_14,B1,1,B1_p1,2026-06-06 23:00:00,1,1,25.761485620949166,39.43908906015175,39.43908906015175,True,False
pig_14,B1,1,B1_p1,2026-06-06 23:30:00,1,1,26.560466458052566,39.76676985969213,39.76676985969213,True,False
pig_14,B1,1,B1_p1,2026-06-07 10:00:00,2,1,31.298318167337555,46.19301158273205,36.87596368850904,False,True
pig_14,B1,1,B1_p1,2026-06-07 10:30:00,2,1,26.727921315783377,45.23098470484441,36.10797591285131,False,True
pig_14,B1,1,B1_p1,2026-06-07 11:00:00,2,1,28.85272231387423,44.27898639620082,35.34799396194109,False,True
pig_14,B1,1,B1_p1,2026-06-07 11:30:00,2,1,28.412637795600503,45.421271546517566,36.2598822385814,False,True
pig_14,B1,1,B1_p1,2026-06-07 12:00:00,2,1,29.158693920426362,44.932339012188464,35.869566522755875,False,True
pig_14,B1,1,B1_p1,2026-06-07 12:30:00,2,1,27.11998823371978,43.35440319598189,34.60989754107416,False,True
pig_14,B1,1,B1_p1,2026-06-07 13:00:00,2,1,28.108277059352382,44.38826924674993,35.4352346568113,False,True
pig_14,B1,1,B1_p1,2026-06-07 13:30:00,2,1,34.905397618905646,49.02682632933927,39.138203064452085,False,True
pig_14,B1,1,B1_p1,2026-06-07 14:00:00,2,1,27.03203248269721,45.07536074772469,35.98374102979912,False,True
pig_14,B1,1,B1_p1,2026-06-07 16:00:00,2,1,25.55822595169168,45.99402482801931,36.71711220665363,False,True
pig_14,B1,1,B1_p1,2026-06-07 16:30:00,2,1,27.439550324929932,45.89914324821818,36.64136807195506,False,True
pig_14,B1,1,B1_p1,2026-06-07 17:00:00,2,1,28.615436469497865,47.01381290652589,37.5312108519786,False,True
pig_14,B1,1,B1_p1,2026-06-07 17:30:00,2,1,25.61084965703361,44.30324197642844,35.367357234978954,False,True
pig_14,B1,1,B1_p1,2026-06-07 18:00:00,2,1,24.8397101941433,43.899133575131664,35.04475677612486,False,True
pig_14,B1,1,B1_p1,2026-06-07 18:30:00,2,1,30.132785438577898,47.33432481342216,37.78707607997469,False,True
pig_14,B1,1,B1_p1,2026-06-07 19:00:00,2,1,25.858891989092662,45.023239101700874,35.94213222664246,False,True
pig_14,B1,1,B1_p1,2026-06-07 19:30:00,2,1,28.542305194957667,46.76603733486935,37.333411170376515,False,True
pig_14,B1,1,B1_p1,2026-06-07 20:00:00,2,1,26.04148145962138,45.1251092717071,36.02345536538962,False,True
pig_14,B1,1,B1_p1,2026-06-07 20:30:00,2,1,25.851075613584207,44.28417073018868,35.35213262502745,False,True
pig_14,B1,1,B1_p1,2026-06-07 21:00:00,2,1,24.818307352065876,44.26494621171115,35.33678565757466,False,True
pig_14,B1,1,B1_p1,2026-06-07 21:30:00,2,1,25.519160926481717,44.0404593580607,35.15757740117131,False,True
pig_14,B1,1,B1_p1,2026-06-07 22:00:00,2,1,25.253198075128502,44.56856364200655,35.57916399471164,False,True
pig_14,B1,1,B1_p1,2026-06-07 22:30:00,2,1,26.56058039372079,45.07236052454563,35.981345946274196,False,True
pig_14,B1,1,B1_p1,2026-06-07 23:00:00,2,1,24.937895081198853,42.15215426551199,33.65014007158867,False,True
pig_14,B1,1,B1_p1,2026-06-07 23:30:00,2,1,24.343188292626326,42.31954757606091,33.783770450513984,False,True
pig_14,B1,1,B1_p1,2026-06-08 00:00:00,2,1,25.000554870737417,41.701746419729,33.29057868346904,False,True
pig_14,B1,1,B1_p1,2026-06-08 00:30:00,2,1,24.318995654442368,42.33946528745811,33.7996707951132,False,True
pig_14,B1,1,B1_p1,2026-06-08 01:00:00,2,1,24.07116589643475,40.90015287776366,32.65066512655545,False,True
pig_14,B1,1,B1_p1,2026-06-08 01:30:00,2,1,23.552262963646992,40.30965822988918,32.17927219400592,False,True
pig_14,B1,1,B1_p1,2026-06-08 02:00:00,2,1,22.314392539441812,39.72881834035866,31.71558667229441,False,True
pig_14,B1,1,B1_p1,2026-06-08 02:30:00,2,1,23.035300989391487,38.85393155931456,31.01716299165699,False,True
pig_14,B1,1,B1_p1,2026-06-08 03:00:00,2,1,23.275508493146404,38.22697156312222,30.516659706385603,False,True
pig_14,B1,1,B1_p1,2026-06-08 07:00:00,2,1,19.62837646897816,35.29431245955167,28.17551270365435,False,True
pig_14,B1,1,B1_p1,2026-06-08 07:30:00,2,1,22.350763899203617,38.53359590343101,30.761438465159294,False,True
pig_14,B1,1,B1_p1,2026-06-08 10:30:00,3,1,27.055339433858364,45.817532791982785,36.57621829891311,False,True
pig_14,B1,1,B1_p1,2026-06-08 11:00:00,3,1,26.976396003530834,45.35059406243229,36.20346027674295,False,True
pig_14,B1,1,B1_p1,2026-06-08 11:30:00,3,1,27.206996870176674,46.71695187616474,37.29422616098212,False,True
pig_14,B1,1,B1_p1,2026-06-08 12:00:00,3,1,25.495843803294477,42.484422979752864,33.91539077989613,False,True
pig_14,B1,1,B1_p1,2026-06-08 12:30:00,3,1,27.019655510825196,46.37169259320416,37.01860505845294,False,True
pig_14,B1,1,B1_p1,2026-06-08 13:00:00,3,1,28.267935898083202,47.09060167541952,37.592511463399774,False,True
pig_14,B1,1,B1_p1,2026-06-08 13:30:00,3,1,26.474024444166766,44.46608111233062,35.497352008145924,False,True
pig_14,B1,1,B1_p1,2026-06-08 14:00:00,3,1,34.694946947864324,50.22042984639755,40.09105888496264,False,True
pig_14,B1,1,B1_p1,2026-06-08 15:00:00,3,1,29.00705817572393,47.502613012974905,37.92142085039082,False,True
pig_14,B1,1,B1_p1,2026-06-08 15:30:00,3,1,28.796005258608346,47.53839408769413,37.94998494627616,False,True
pig_14,B1,1,B1_p1,2026-06-08 16:00:00,3,1,32.84995745737049,52.55782444590574,41.95700517042635,False,True
pig_14,B1,1,B1_p1,2026-06-08 16:30:00,3,1,29.08355352220289,46.25359461203909,36.9243272290603,False,True
pig_14,B1,1,B1_p1,2026-06-08 17:00:00,3,1,32.12563458463855,49.018736902936716,39.13174526089997,False,True
pig_14,B1,1,B1_p1,2026-06-08 17:30:00,3,1,26.242868440123942,44.08348840758297,35.19192756829327,False,True
pig_14,B1,1,B1_p1,2026-06-08 18:00:00,3,1,28.90515967228496,46.196643764919855,36.878863266039886,False,True
pig_14,B1,1,B1_p1,2026-06-08 18:30:00,3,1,29.15265374347426,46.326352433485326,36.98240992793134,False,True
pig_14,B1,1,B1_p1,2026-06-08 19:00:00,3,1,29.68594680307651,46.612312299473224,37.21069219992944,False,True
pig_14,B1,1,B1_p1,2026-06-08 19:30:00,3,1,29.7587147209386,46.167349782474574,36.85547782750858,False,True
pig_14,B1,1,B1_p1,2026-06-08 20:30:00,3,1,38.178632757717494,52.53293822323272,41.937138454397434,False,True
pig_14,B1,1,B1_p1,2026-06-08 21:00:00,3,1,26.7045283227363,43.126270820166994,34.427779057812764,False,True
pig_14,B1,1,B1_p1,2026-06-08 21:30:00,3,1,27.893605015042063,45.72795949588978,36.50471177658408,False,True
pig_14,B1,1,B1_p1,2026-06-09 10:00:00,4,1,42.941958666666665,31.457727622621285,31.457727622621285,False,True
pig_14,B1,1,B1_p1,2026-06-09 10:30:00,4,1,40.930728,33.87549709558826,33.87549709558826,False,True
pig_14,B1,1,B1_p1,2026-06-09 11:00:00,4,1,42.4134855,30.684991528280467,30.684991528280467,False,True
pig_14,B1,1,B1_p1,2026-06-09 11:30:00,4,1,42.203071333333334,29.955435338345396,29.955435338345396,False,True
pig_14,B1,1,B1_p1,2026-06-09 12:00:00,4,1,37.56973333333333,38.01009101085521,38.01009101085521,False,True
pig_14,B1,1,B1_p1,2026-06-09 12:30:00,4,1,38.280496,38.52222261163598,38.52222261163598,False,True
pig_14,B1,1,B1_p1,2026-06-09 13:00:00,4,1,37.7289165,34.505702453631656,34.505702453631656,False,True
pig_14,B1,1,B1_p1,2026-06-09 13:30:00,4,1,31.360722666666668,44.08277778320814,44.08277778320814,False,True
pig_14,B1,1,B1_p1,2026-06-09 14:00:00,4,1,34.99746866666667,40.46027078356888,40.46027078356888,False,True
pig_14,B1,1,B1_p1,2026-06-09 14:30:00,4,1,35.62647533333333,36.15281499030807,36.15281499030807,False,True
pig_14,B1,1,B1_p1,2026-06-09 15:00:00,4,1,39.606852,34.62358178876199,34.62358178876199,False,True
pig_14,B1,1,B1_p1,2026-06-09 15:30:00,4,1,43.58909657142857,32.90239623900414,32.90239623900414,False,True
pig_14,B1,1,B1_p1,2026-06-09 16:00:00,4,1,49.318348,32.4631469766446,32.4631469766446,False,True
pig_14,B1,1,B1_p1,2026-06-09 16:30:00,4,1,36.449728,27.54892922918915,27.54892922918915,False,True
pig_14,B1,1,B1_p1,2026-06-09 17:00:00,4,1,33.886709333333336,38.092012851954856,38.092012851954856,False,True
pig_14,B1,1,B1_p1,2026-06-09 17:30:00,4,1,29.66281133333333,26.197890071503835,26.197890071503835,False,True
pig_14,B1,1,B1_p1,2026-06-09 18:00:00,4,1,36.2330025,25.853066969858293,25.853066969858293,False,True
pig_14,B1,1,B1_p1,2026-06-09 18:30:00,4,1,32.01101933333333,39.52054970581303,39.52054970581303,False,True
pig_14,B1,1,B1_p1,2026-06-09 19:00:00,4,1,30.89152933333333,39.72925535400823,39.72925535400823,False,True
pig_14,B1,1,B1_p1,2026-06-09 19:30:00,4,1,37.169764666666666,34.04358495522572,34.04358495522572,False,True
pig_14,B1,1,B1_p1,2026-06-09 20:00:00,4,1,33.0588015,31.542661665404154,31.542661665404154,False,True
pig_14,B1,1,B1_p1,2026-06-09 20:30:00,4,1,30.254217333333337,26.87151168511342,26.87151168511342,False,True
pig_14,B1,1,B1_p1,2026-06-09 21:00:00,4,1,24.871449333333334,25.51246700149317,25.51246700149317,False,True
pig_14,B1,1,B1_p1,2026-06-09 21:30:00,4,1,28.34713733333333,34.942320719064575,34.942320719064575,False,True
pig_14,B1,1,B1_p1,2026-06-09 22:00:00,4,1,32.76816666666667,27.032571511133646,27.032571511133646,False,True
pig_14,B1,1,B1_p1,2026-06-09 22:30:00,4,1,28.2493845,27.373774834821305,27.373774834821305,False,True
pig_14,B1,1,B1_p1,2026-06-09 23:00:00,4,1,27.369950666666668,30.818061787236154,30.818061787236154,False,True
pig_14,B1,1,B1_p1,2026-06-09 23:30:00,4,1,32.493405333333335,27.052619481987847,27.052619481987847,False,True
pig_14,B1,1,B1_p1,2026-06-10 00:00:00,4,1,27.854390666666667,25.14778141706209,25.14778141706209,False,True
pig_14,B1,1,B1_p1,2026-06-10 00:30:00,4,1,27.29817375,25.65814831787678,25.65814831787678,False,True
pig_14,B1,1,B1_p1,2026-06-10 01:00:00,4,1,27.143262,25.283191181900595,25.283191181900595,False,True
pig_14,B1,1,B1_p1,2026-06-10 01:30:00,4,1,29.229236,25.07825888943922,25.07825888943922,False,True
pig_14,B1,1,B1_p1,2026-06-10 02:00:00,4,1,26.605168,25.574217809706482,25.574217809706482,False,True
pig_14,B1,1,B1_p1,2026-06-10 02:30:00,4,1,27.017856666666667,24.387781859952028,24.387781859952028,False,True
pig_14,B1,1,B1_p1,2026-06-10 03:00:00,4,1,25.495357500000004,24.701127860198206,24.701127860198206,False,True
pig_14,B1,1,B1_p1,2026-06-10 03:30:00,4,1,26.65403333333333,23.948618287148626,23.948618287148626,False,True
pig_14,B1,1,B1_p1,2026-06-10 04:00:00,4,1,30.10496,24.91158206730301,24.91158206730301,False,True
pig_14,B1,1,B1_p1,2026-06-10 04:30:00,4,1,28.152691333333333,23.001892432020767,23.001892432020767,False,True
pig_14,B1,1,B1_p1,2026-06-10 05:00:00,4,1,27.5079375,23.559489466870676,23.559489466870676,False,True
pig_14,B1,1,B1_p1,2026-06-10 05:30:00,4,1,27.50320466666667,24.476776720580972,24.476776720580972,False,True
pig_14,B1,1,B1_p1,2026-06-10 06:00:00,4,1,26.423441333333333,31.591700937401043,31.591700937401043,False,True
pig_14,B1,1,B1_p1,2026-06-10 06:30:00,4,1,24.610029333333337,29.247181087284147,29.247181087284147,False,True
pig_14,B1,1,B1_p1,2026-06-10 07:00:00,4,1,23.891790666666665,31.8821681559155,31.8821681559155,False,True
pig_14,B1,1,B1_p1,2026-06-10 07:30:00,4,1,31.333197000000002,25.21330392705631,25.21330392705631,False,True
pig_14,B1,1,B1_p1,2026-06-10 08:00:00,4,1,33.66753733333333,32.87075761549704,32.87075761549704,False,True
pig_14,A1,3,A1_p3,2026-06-15 10:00:00,0,1,45.00148485442895,34.426454198047566,34.426454198047566,True,False
pig_14,A1,3,A1_p3,2026-06-15 10:30:00,0,1,32.064555599036794,34.634162877132944,34.634162877132944,True,False
pig_14,A1,3,A1_p3,2026-06-15 11:00:00,0,1,31.708431824330802,28.906576070395424,28.906576070395424,True,False
pig_14,A1,3,A1_p3,2026-06-15 15:30:00,0,1,39.59571183979537,36.19791076876446,36.19791076876446,True,False
pig_14,A1,3,A1_p3,2026-06-15 16:00:00,0,1,34.072961495056404,33.202240987417056,33.202240987417056,True,False
pig_14,A1,3,A1_p3,2026-06-15 16:30:00,0,1,37.008592148463705,34.47102581422401,34.47102581422401,True,False
pig_14,A1,3,A1_p3,2026-06-15 17:00:00,0,1,35.3529264812764,31.313193063558266,31.313193063558266,True,False
pig_14,A1,3,A1_p3,2026-06-15 17:30:00,0,1,37.59044094807108,31.403035293193703,31.403035293193703,True,False
pig_14,A1,3,A1_p3,2026-06-15 18:00:00,0,1,32.72145459991019,29.779014983403496,29.779014983403496,True,False
pig_14,A1,3,A1_p3,2026-06-15 18:30:00,0,1,25.320937957484738,30.772554219481016,30.772554219481016,True,False
pig_14,A1,3,A1_p3,2026-06-15 19:00:00,0,1,21.199839590168978,30.287618467890027,30.287618467890027,True,False
pig_14,A1,3,A1_p3,2026-06-15 19:30:00,0,1,23.49495459518787,31.02006088568638,31.02006088568638,True,False
pig_14,A1,3,A1_p3,2026-06-15 20:00:00,0,1,26.85135640002629,31.275888431737073,31.275888431737073,True,False
pig_14,A1,3,A1_p3,2026-06-15 20:30:00,0,1,30.609033413822278,28.957010565133665,28.957010565133665,True,False
pig_14,A1,3,A1_p3,2026-06-15 21:00:00,0,1,33.70186670150588,30.102153460434707,30.102153460434707,True,False
pig_14,A1,3,A1_p3,2026-06-15 21:30:00,0,1,31.10604597733419,28.564184901496887,28.564184901496887,True,False
pig_14,A1,3,A1_p3,2026-06-15 22:00:00,0,1,19.172432221529856,28.345628423797095,28.345628423797095,True,False
pig_14,A1,3,A1_p3,2026-06-15 22:30:00,0,1,22.763246648123772,28.05445203798058,28.05445203798058,True,False
pig_14,A1,3,A1_p3,2026-06-15 23:00:00,0,1,26.00437233785535,27.653071748411914,27.653071748411914,True,False
pig_14,A1,3,A1_p3,2026-06-15 23:30:00,0,1,19.007442290924757,28.415728825927985,28.415728825927985,True,False
pig_14,A1,3,A1_p3,2026-06-16 00:00:00,0,1,25.739671008701748,27.866912925361348,27.866912925361348,True,False
pig_14,A1,3,A1_p3,2026-06-16 00:30:00,0,1,30.35049751578945,28.033810673617957,28.033810673617957,True,False
pig_14,A1,3,A1_p3,2026-06-16 01:00:00,0,1,24.869127073347975,28.031580530726337,28.031580530726337,True,False
pig_14,A1,3,A1_p3,2026-06-16 01:30:00,0,1,19.446281765840233,26.827248875147458,26.827248875147458,True,False
pig_14,A1,3,A1_p3,2026-06-16 02:00:00,0,1,26.379704361951006,27.989036591994985,27.989036591994985,True,False
pig_14,A1,3,A1_p3,2026-06-16 02:30:00,0,1,29.31892262952706,27.35990209614223,27.35990209614223,True,False
pig_14,A1,3,A1_p3,2026-06-16 03:00:00,0,1,30.465378672609145,27.151545136319292,27.151545136319292,True,False
pig_14,A1,3,A1_p3,2026-06-16 03:30:00,0,1,29.74158113229396,27.666223170631937,27.666223170631937,True,False
pig_14,A1,3,A1_p3,2026-06-16 04:00:00,0,1,31.333104685643885,27.73646772920737,27.73646772920737,True,False
pig_14,A1,3,A1_p3,2026-06-16 04:30:00,0,1,18.306350260807054,25.946463101618818,25.946463101618818,True,False
pig_14,A1,3,A1_p3,2026-06-16 05:00:00,0,1,18.767637024496715,27.31398363409086,27.31398363409086,True,False
pig_14,A1,3,A1_p3,2026-06-16 05:30:00,0,1,29.320734384413186,26.630467658162303,26.630467658162303,True,False
pig_14,A1,3,A1_p3,2026-06-16 06:00:00,0,1,30.277021110165336,26.859348049076438,26.859348049076438,True,False
pig_14,A1,3,A1_p3,2026-06-16 06:30:00,0,1,30.21314905926161,27.270830899277854,27.270830899277854,True,False
pig_14,A1,3,A1_p3,2026-06-16 07:00:00,0,1,29.938794322073875,27.2505037484184,27.2505037484184,True,False
pig_14,A1,3,A1_p3,2026-06-16 07:30:00,0,1,30.732881542712608,28.28541783122985,28.28541783122985,True,False
pig_14,A1,3,A1_p3,2026-06-16 08:00:00,0,1,23.928171478381856,30.905372989905455,30.905372989905455,True,False
pig_14,A1,3,A1_p3,2026-06-16 11:00:00,1,1,35.18671797417725,33.839465927331005,33.839465927331005,True,False
pig_14,A1,3,A1_p3,2026-06-16 11:30:00,1,1,33.131720114344496,31.911870228797596,31.911870228797596,True,False
pig_14,A1,3,A1_p3,2026-06-16 12:00:00,1,1,32.45491781277062,31.55000107645765,31.55000107645765,True,False
pig_14,A1,3,A1_p3,2026-06-16 12:30:00,1,1,34.52979327869032,34.25733184980986,34.25733184980986,True,False
pig_14,A1,3,A1_p3,2026-06-16 13:00:00,1,1,37.01096229776704,36.09737953401098,36.09737953401098,True,False
pig_14,A1,3,A1_p3,2026-06-16 13:30:00,1,1,37.36110971628147,33.27618809627567,33.27618809627567,True,False
pig_14,A1,3,A1_p3,2026-06-16 15:00:00,1,1,43.116694818334885,40.56187201991076,40.56187201991076,True,False
pig_14,A1,3,A1_p3,2026-06-16 15:30:00,1,1,40.90375054480258,38.67350795879589,38.67350795879589,True,False
pig_14,A1,3,A1_p3,2026-06-16 16:00:00,1,1,37.604372124593645,37.67186406451316,37.67186406451316,True,False
pig_14,A1,3,A1_p3,2026-06-16 16:30:00,1,1,37.840599012251104,36.45176581090928,36.45176581090928,True,False
pig_14,A1,3,A1_p3,2026-06-16 17:00:00,1,1,40.130818143545525,36.36023443111034,36.36023443111034,True,False
pig_14,A1,3,A1_p3,2026-06-16 17:30:00,1,1,33.05164697569198,33.25179209989192,33.25179209989192,True,False
pig_14,A1,3,A1_p3,2026-06-16 18:00:00,1,1,41.83691451822819,37.93455973413048,37.93455973413048,True,False
pig_14,A1,3,A1_p3,2026-06-16 18:30:00,1,1,33.11652229806162,32.00043415649969,32.00043415649969,True,False
pig_14,A1,3,A1_p3,2026-06-16 19:00:00,1,1,34.83980719951043,33.803931245448034,33.803931245448034,True,False
pig_14,A1,3,A1_p3,2026-06-16 19:30:00,1,1,33.38480623068479,31.915803371648497,31.915803371648497,True,False
pig_14,A1,3,A1_p3,2026-06-16 20:00:00,1,1,35.23209511352307,32.72891808583954,32.72891808583954,True,False
pig_14,A1,3,A1_p3,2026-06-16 20:30:00,1,1,34.701879171561544,31.81675535966376,31.81675535966376,True,False
pig_14,A1,3,A1_p3,2026-06-16 21:00:00,1,1,29.513082269050688,30.99468017832016,30.99468017832016,True,False
pig_14,A1,3,A1_p3,2026-06-16 21:30:00,1,1,31.908898607023986,31.500360705188246,31.500360705188246,True,False
pig_14,A1,3,A1_p3,2026-06-16 22:00:00,1,1,31.23704328625135,31.612198068909642,31.612198068909642,True,False
pig_14,A1,3,A1_p3,2026-06-16 22:30:00,1,1,30.923453062092108,32.04235222664767,32.04235222664767,True,False
pig_14,A1,3,A1_p3,2026-06-16 23:00:00,1,1,30.82011002073652,30.265407317981058,30.265407317981058,True,False
pig_14,A1,3,A1_p3,2026-06-16 23:30:00,1,1,31.43192453783364,29.71700271704654,29.71700271704654,True,False
pig_14,A1,3,A1_p3,2026-06-17 00:00:00,1,1,29.425968017257524,28.846539190098326,28.846539190098326,True,False
pig_14,A1,3,A1_p3,2026-06-17 00:30:00,1,1,29.637539939493074,28.297748125482638,28.297748125482638,True,False
pig_14,A1,3,A1_p3,2026-06-17 01:00:00,1,1,29.60174578766032,29.160078404498194,29.160078404498194,True,False
pig_14,A1,3,A1_p3,2026-06-17 01:30:00,1,1,28.17928618047679,28.829693663452787,28.829693663452787,True,False
pig_14,A1,3,A1_p3,2026-06-17 02:00:00,1,1,28.116071537700158,29.60900188820417,29.60900188820417,True,False
pig_14,A1,3,A1_p3,2026-06-17 02:30:00,1,1,29.859474297089132,29.461330631931393,29.461330631931393,True,False
pig_14,A1,3,A1_p3,2026-06-17 03:00:00,1,1,29.87397530284339,29.553203476819462,29.553203476819462,True,False
pig_14,A1,3,A1_p3,2026-06-17 03:30:00,1,1,29.806700820416516,29.250057409726786,29.250057409726786,True,False
pig_14,A1,3,A1_p3,2026-06-17 04:00:00,1,1,28.547078820909213,28.011550805600848,28.011550805600848,True,False
pig_14,A1,3,A1_p3,2026-06-17 04:30:00,1,1,28.38618491476325,27.76744402069204,27.76744402069204,True,False
pig_14,A1,3,A1_p3,2026-06-17 05:00:00,1,1,29.4924148083931,28.568797887308463,28.568797887308463,True,False
pig_14,A1,3,A1_p3,2026-06-17 05:30:00,1,1,29.802225822983303,28.80727533427696,28.80727533427696,True,False
pig_14,A1,3,A1_p3,2026-06-17 06:00:00,1,1,28.433529375320116,28.02438881961111,28.02438881961111,True,False
pig_14,A1,3,A1_p3,2026-06-17 06:30:00,1,1,27.03707849866322,27.277172370024545,27.277172370024545,True,False
pig_14,A1,3,A1_p3,2026-06-17 07:00:00,1,1,29.489931595800602,29.73090223750184,29.73090223750184,True,False
pig_14,A1,3,A1_p3,2026-06-17 07:30:00,1,1,31.155663054049406,30.955886658439844,30.955886658439844,True,False
pig_14,A1,3,A1_p3,2026-06-17 08:00:00,1,1,29.277659446071787,32.69962895742267,32.69962895742267,True,False
pig_14,A1,3,A1_p3,2026-06-17 09:30:00,2,1,35.55506909600872,34.88367891990323,34.948399153107665,False,True
pig_14,A1,3,A1_p3,2026-06-17 10:00:00,2,1,35.420360537972755,36.91272252564458,36.981207275075846,False,True
pig_14,A1,3,A1_p3,2026-06-17 10:30:00,2,1,39.40926853842289,39.36984254812395,39.442886030630106,False,True
pig_14,A1,3,A1_p3,2026-06-17 11:00:00,2,1,33.31910851889865,33.164330124971265,33.22586042355833,False,True
pig_14,A1,3,A1_p3,2026-06-17 11:30:00,2,1,32.375529296237474,33.64298527638714,33.70540363133704,False,True
pig_14,A1,3,A1_p3,2026-06-17 12:00:00,2,1,34.59989933408356,33.79011354192859,33.85280486624273,False,True
pig_14,A1,3,A1_p3,2026-06-17 12:30:00,2,1,31.919654289453057,34.03121135568466,34.09434999253047,False,True
pig_14,A1,3,A1_p3,2026-06-17 13:00:00,2,1,36.53996241372385,33.259229730176386,33.32093609748011,False,True
pig_14,A1,3,A1_p3,2026-06-17 13:30:00,2,1,34.445005629020606,33.44927889013601,33.51133785860836,False,True
pig_14,A1,3,A1_p3,2026-06-17 14:00:00,2,1,38.95734832329386,36.404511882623595,36.472053740927784,False,True
pig_14,A1,3,A1_p3,2026-06-17 14:30:00,2,1,28.168114348311207,37.487359566101304,37.55691044859014,False,True
pig_14,A1,3,A1_p3,2026-06-17 15:30:00,2,1,53.200846516279476,46.1613674120996,46.24701131654003,False,True
pig_14,A1,3,A1_p3,2026-06-17 16:00:00,2,1,39.72230218780113,40.37137954086321,40.44628119056216,False,True
pig_14,A1,3,A1_p3,2026-06-17 16:30:00,2,1,35.25838799143431,37.59069091851667,37.66043351327419,False,True
pig_14,A1,3,A1_p3,2026-06-17 17:00:00,2,1,40.525418781379585,36.89107558160287,36.95952016912146,False,True
pig_14,A1,3,A1_p3,2026-06-17 17:30:00,2,1,38.45905294654366,35.895052449301886,35.96164909957889,False,True
pig_14,A1,3,A1_p3,2026-06-17 18:00:00,2,1,31.23693054805571,32.91962219569088,32.98069848384267,False,True
pig_14,A1,3,A1_p3,2026-06-17 18:30:00,2,1,32.1444174829858,33.198451090666104,33.26004469441264,False,True
pig_14,A1,3,A1_p3,2026-06-17 19:00:00,2,1,32.410987513700356,33.511440316666175,33.57361461420203,False,True
pig_14,A1,3,A1_p3,2026-06-17 19:30:00,2,1,34.344131114221675,32.26825237454871,32.32812016611895,False,True
pig_14,A1,3,A1_p3,2026-06-17 20:00:00,2,1,31.81291737411035,33.075202759329244,33.13656769852568,False,True
pig_14,A1,3,A1_p3,2026-06-17 20:30:00,2,1,33.643158916788266,33.50432682727066,33.566487927038764,False,True
pig_14,A1,3,A1_p3,2026-06-17 21:00:00,2,1,33.49619470011764,32.10856127312337,32.16813278730417,False,True
pig_14,A1,3,A1_p3,2026-06-17 21:30:00,2,1,30.212504408738354,33.081097775322064,33.14247365163355,False,True
pig_14,A1,3,A1_p3,2026-06-17 22:00:00,2,1,32.461170454740234,33.41868839784642,33.480690611301625,False,True
pig_14,A1,3,A1_p3,2026-06-17 22:30:00,2,1,34.32700590813974,34.46510645198655,34.5290501011673,False,True
pig_14,A1,3,A1_p3,2026-06-17 23:00:00,2,1,32.71203080568421,30.61548072523248,30.672282103801308,False,True
pig_14,A1,3,A1_p3,2026-06-17 23:30:00,2,1,30.182408314808818,30.285782558637493,30.34197224305909,False,True
pig_14,A1,3,A1_p3,2026-06-18 00:00:00,2,1,29.751571615565734,30.757560299469915,30.814625280487313,False,True
pig_14,A1,3,A1_p3,2026-06-18 00:30:00,2,1,30.723131916349768,30.811075890110544,30.868240159437356,False,True
pig_14,A1,3,A1_p3,2026-06-18 01:00:00,2,1,30.9035598039658,30.0708488324481,30.1266397469775,False,True
pig_14,A1,3,A1_p3,2026-06-18 01:30:00,2,1,30.212908931097548,29.19736744367378,29.251537774568323,False,True
pig_14,A1,3,A1_p3,2026-06-18 02:00:00,2,1,31.087797029888453,30.127470693972988,30.183366659924594,False,True
pig_14,A1,3,A1_p3,2026-06-18 02:30:00,2,1,30.615634094525397,30.426859696778642,30.483311123813493,False,True
pig_14,A1,3,A1_p3,2026-06-18 03:00:00,2,1,31.199778792288658,29.356159600281345,29.410624540739008,False,True
pig_14,A1,3,A1_p3,2026-06-18 03:30:00,2,1,32.82964011977162,28.54994710733911,28.602916269192818,False,True
pig_14,A1,3,A1_p3,2026-06-18 04:00:00,2,1,32.049682652397635,29.13904095164417,29.19310306848896,False,True
pig_14,A1,3,A1_p3,2026-06-18 04:30:00,2,1,27.75054052402708,27.942846900468894,27.994689699846408,False,True
pig_14,A1,3,A1_p3,2026-06-18 05:00:00,2,1,29.145381191908967,29.078056742141214,29.1320057140316,False,True
pig_14,A1,3,A1_p3,2026-06-18 05:30:00,2,1,30.170930124119444,29.296959913608397,29.351315019964673,False,True
pig_14,A1,3,A1_p3,2026-06-18 06:00:00,2,1,29.82822848680523,28.561584355551823,28.614575108173526,False,True
pig_14,A1,3,A1_p3,2026-06-18 06:30:00,2,1,29.96034574833206,28.725517740554572,28.778812641340565,False,True
pig_14,A1,3,A1_p3,2026-06-18 07:00:00,2,1,29.812532875892334,29.724392319492875,29.77954044785384,False,True
pig_14,A1,3,A1_p3,2026-06-18 07:30:00,2,1,28.497393159151308,30.895090356162513,30.952410498837658,False,True
pig_14,A1,3,A1_p3,2026-06-18 08:00:00,2,1,29.585430098644885,33.01768432614019,33.078942550491035,False,True
pig_14,A1,3,A1_p3,2026-06-18 09:00:00,3,1,38.99008890582014,36.29651145230175,36.363852935724246,False,True
pig_14,A1,3,A1_p3,2026-06-18 09:30:00,3,1,35.76364633531673,36.13712599234676,36.20417176544119,False,True
pig_14,A1,3,A1_p3,2026-06-18 10:00:00,3,1,31.620839140653867,37.48191590046113,37.55145668323226,False,True
pig_14,A1,3,A1_p3,2026-06-18 10:30:00,3,1,34.740702378592815,37.44467073157697,37.51414241280576,False,True
pig_14,A1,3,A1_p3,2026-06-18 11:00:00,3,1,33.21602506637522,34.84426350248435,34.90891060765051,False,True
pig_14,A1,3,A1_p3,2026-06-18 11:30:00,3,1,33.969566881312915,35.53296662163782,35.598891488435214,False,True
pig_14,A1,3,A1_p3,2026-06-18 12:00:00,3,1,38.24799557210331,35.742769107986035,35.809083224606375,False,True
pig_14,A1,3,A1_p3,2026-06-18 12:30:00,3,1,35.2947259460257,34.7575047269695,34.821990867227214,False,True
pig_14,A1,3,A1_p3,2026-06-18 13:00:00,3,1,30.65790256166691,33.36453921796324,33.42644096760103,False,True
pig_14,A1,3,A1_p3,2026-06-18 13:30:00,3,1,33.57334922654511,36.44849266939777,36.51611612594116,False,True
pig_14,A1,3,A1_p3,2026-06-18 14:00:00,3,1,35.40994963463922,37.34059672620329,37.40987531730779,False,True
pig_14,A1,3,A1_p3,2026-06-18 15:30:00,3,1,55.92444105841706,42.591888760146965,42.67091015520978,False,True
pig_14,A1,3,A1_p3,2026-06-18 16:00:00,3,1,35.040856609649005,44.82377505850422,44.90693730700302,False,True
pig_14,A1,3,A1_p3,2026-06-18 16:30:00,3,1,36.81725182844995,36.727064265258356,36.79520456002542,False,True
pig_14,A1,3,A1_p3,2026-06-18 17:00:00,3,1,30.992826300520363,37.64023657628188,37.71007109387048,False,True
pig_14,A1,3,A1_p3,2026-06-18 17:30:00,3,1,36.693299638725044,34.15597811924525,34.21934823781213,False,True
pig_14,A1,3,A1_p3,2026-06-18 19:00:00,3,1,37.18900341397912,35.03676589466847,35.10177015252323,False,True
pig_14,A1,3,A1_p3,2026-06-18 19:30:00,3,1,33.659447534789685,33.030058780149105,33.09133996301734,False,True
pig_14,A1,3,A1_p3,2026-06-18 20:00:00,3,1,30.760186319833537,33.11170880581718,33.173141475250645,False,True
pig_14,A1,3,A1_p3,2026-06-18 20:30:00,3,1,30.62007245967532,31.534207149596853,31.592713055620266,False,True
pig_14,A1,3,A1_p3,2026-06-18 21:00:00,3,1,31.043443770227945,32.23200614636241,32.29180668974057,False,True
pig_14,A1,3,A1_p3,2026-06-18 21:30:00,3,1,32.5733051983146,32.32586492441071,32.38583960544268,False,True
pig_14,A1,3,A1_p3,2026-06-18 22:00:00,3,1,36.038448736708986,32.000623958083615,32.05999521448149,False,True
pig_14,A1,3,A1_p3,2026-06-18 22:30:00,3,1,27.69805027807203,32.418226628358646,32.47837266949952,False,True
pig_14,A1,3,A1_p3,2026-06-18 23:00:00,3,1,32.51001898571898,31.44633952070115,31.504682404543153,False,True
pig_14,A1,3,A1_p3,2026-06-18 23:30:00,3,1,31.138422234296513,32.2726165058966,32.332492394307764,False,True
pig_14,A1,3,A1_p3,2026-06-19 00:00:00,3,1,28.302165875584567,30.988433205871388,31.045926528990464,False,True
pig_14,A1,3,A1_p3,2026-06-19 00:30:00,3,1,32.41560559468084,30.58313444216914,30.639875808174843,False,True
pig_14,A1,3,A1_p3,2026-06-19 01:00:00,3,1,28.735590681073155,30.1032068447531,30.159057793607065,False,True
pig_14,A1,3,A1_p3,2026-06-19 01:30:00,3,1,28.42138082538525,29.90870128423101,29.96419136388694,False,True
pig_14,A1,3,A1_p3,2026-06-19 02:00:00,3,1,30.309003953548874,30.848602338728895,30.905836231460732,False,True
pig_14,A1,3,A1_p3,2026-06-19 02:30:00,3,1,26.965666493616745,29.68658545168183,29.74166343637168,False,True
pig_14,A1,3,A1_p3,2026-06-19 03:00:00,3,1,28.564810311474126,30.327039644896196,30.383305874232974,False,True
pig_14,A1,3,A1_p3,2026-06-19 03:30:00,3,1,30.198215886821526,30.072058212929463,30.127851371241313,False,True
pig_14,A1,3,A1_p3,2026-06-19 04:00:00,3,1,30.250461612411492,29.31824409171309,29.372638686936746,False,True
pig_14,A1,3,A1_p3,2026-06-19 04:30:00,3,1,28.462220487455525,28.36162608370283,28.41424585062618,False,True
pig_14,A1,3,A1_p3,2026-06-19 05:00:00,3,1,28.916347329783054,29.228031434026732,29.282258656300503,False,True
pig_14,A1,3,A1_p3,2026-06-19 05:30:00,3,1,29.50159373805817,28.761965396342745,28.815327919032605,False,True
pig_14,A1,3,A1_p3,2026-06-19 06:00:00,3,1,27.72954396198441,28.66669167608769,28.719877435959404,False,True
pig_14,A1,3,A1_p3,2026-06-19 06:30:00,3,1,29.265575679369867,29.672419542959812,29.72747124541843,False,True
pig_14,A1,3,A1_p3,2026-06-19 07:00:00,3,1,29.636648471962307,28.622828547294276,28.675932927219485,False,True
pig_14,A1,3,A1_p3,2026-06-19 07:30:00,3,1,29.749282280356063,29.49698111743112,29.551707326244426,False,True
pig_14,A1,3,A1_p3,2026-06-19 08:00:00,3,1,35.58981984573919,37.408509581345676,37.47791417222882,False,True
pig_14,A1,3,A1_p3,2026-06-19 09:30:00,4,1,28.14835669053721,28.59830611261983,28.59830611261983,False,True
pig_14,A1,3,A1_p3,2026-06-19 10:00:00,4,1,33.47251090929272,29.206694848976078,29.206694848976078,False,True
pig_14,A1,3,A1_p3,2026-06-19 10:30:00,4,1,23.291581998188043,26.668965741479283,26.668965741479283,False,True
pig_14,A1,3,A1_p3,2026-06-19 11:00:00,4,1,25.282919562033836,25.871789802004947,25.871789802004947,False,True
pig_14,A1,3,A1_p3,2026-06-19 11:30:00,4,1,23.802015347195496,25.523800076850073,25.523800076850073,False,True
pig_14,A1,3,A1_p3,2026-06-19 12:00:00,4,1,23.893319068042924,24.383839204801582,24.383839204801582,False,True
pig_14,A1,3,A1_p3,2026-06-19 12:30:00,4,1,25.7568950997331,26.967390655516674,26.967390655516674,False,True
pig_14,A1,3,A1_p3,2026-06-19 13:00:00,4,1,28.76214729444946,25.51649683696533,25.51649683696533,False,True
pig_14,A1,3,A1_p3,2026-06-19 13:30:00,4,1,25.226084209689546,26.302354380925042,26.302354380925042,False,True
pig_14,A1,3,A1_p3,2026-06-19 14:00:00,4,1,24.846825003033707,25.32281872257586,25.32281872257586,False,True
pig_14,A1,3,A1_p3,2026-06-19 14:30:00,4,1,24.383661794129907,29.631326327303256,29.631326327303256,False,True
pig_14,A1,3,A1_p3,2026-06-19 15:00:00,4,1,30.44851464847639,28.759430880689244,28.759430880689244,False,True
pig_14,A1,3,A1_p3,2026-06-19 15:30:00,4,1,31.404958657243142,28.193967836439214,28.193967836439214,False,True
pig_14,A1,3,A1_p3,2026-06-19 16:00:00,4,1,27.956609249395207,26.78895860532481,26.78895860532481,False,True
pig_14,A1,3,A1_p3,2026-06-19 16:30:00,4,1,27.305072474524515,26.256703153868123,26.256703153868123,False,True
pig_14,A1,3,A1_p3,2026-06-19 17:00:00,4,1,27.030880490706046,27.090446091212492,27.090446091212492,False,True
pig_14,A1,3,A1_p3,2026-06-19 17:30:00,4,1,24.030946856562274,23.614265679213307,23.614265679213307,False,True
pig_14,A1,3,A1_p3,2026-06-19 18:00:00,4,1,21.708406578754474,22.0032929521158,22.0032929521158,False,True
pig_14,A1,3,A1_p3,2026-06-19 18:30:00,4,1,26.492860261369444,22.92479601630276,22.92479601630276,False,True
pig_14,A1,3,A1_p3,2026-06-19 19:00:00,4,1,24.39324070808373,23.938746053084863,23.938746053084863,False,True
pig_14,A1,3,A1_p3,2026-06-19 19:30:00,4,1,20.76302378113683,20.684589294984665,20.684589294984665,False,True
pig_14,A1,3,A1_p3,2026-06-19 20:00:00,4,1,21.138935559653586,21.37532009125267,21.37532009125267,False,True
pig_14,A1,3,A1_p3,2026-06-19 20:30:00,4,1,20.345892536882296,21.313715999820513,21.313715999820513,False,True
pig_14,A1,3,A1_p3,2026-06-19 21:00:00,4,1,20.134217111873042,21.00396513863753,21.00396513863753,False,True
pig_14,A1,3,A1_p3,2026-06-19 21:30:00,4,1,23.44307751989523,20.524468986800663,20.524468986800663,False,True
pig_14,A1,3,A1_p3,2026-06-19 22:00:00,4,1,20.570640506866226,20.1043825000787,20.1043825000787,False,True
pig_14,A1,3,A1_p3,2026-06-19 22:30:00,4,1,19.942834857567178,20.130171565648844,20.130171565648844,False,True
pig_14,A1,3,A1_p3,2026-06-19 23:00:00,4,1,20.540152488543036,20.281903799070403,20.281903799070403,False,True
pig_14,A1,3,A1_p3,2026-06-19 23:30:00,4,1,21.467313632994294,19.807843264298683,19.807843264298683,False,True
pig_14,A1,3,A1_p3,2026-06-20 00:00:00,4,1,20.52786681969652,19.89521176320772,19.89521176320772,False,True
pig_14,A1,3,A1_p3,2026-06-20 00:30:00,4,1,19.873324531760495,19.499711808108977,19.499711808108977,False,True
pig_14,A1,3,A1_p3,2026-06-20 01:00:00,4,1,20.005266994031345,19.074999372099185,19.074999372099185,False,True
pig_14,A1,3,A1_p3,2026-06-20 01:30:00,4,1,18.498174209693886,18.419916000754945,18.419916000754945,False,True
pig_14,A1,3,A1_p3,2026-06-20 02:00:00,4,1,19.622792665241377,18.959634117320622,18.959634117320622,False,True
pig_14,A1,3,A1_p3,2026-06-20 02:30:00,4,1,20.309255685927944,19.520530934407518,19.520530934407518,False,True
pig_14,A1,3,A1_p3,2026-06-20 03:00:00,4,1,19.76619025086319,19.37064180102781,19.37064180102781,False,True
pig_14,A1,3,A1_p3,2026-06-20 03:30:00,4,1,19.55189573538841,19.117870519905974,19.117870519905974,False,True
pig_14,A1,3,A1_p3,2026-06-20 04:00:00,4,1,18.793465911997266,19.15841457036975,19.15841457036975,False,True
pig_14,A1,3,A1_p3,2026-06-20 04:30:00,4,1,21.977133901045235,20.235550343446,20.235550343446,False,True
pig_14,A1,3,A1_p3,2026-06-20 05:00:00,4,1,20.666071866928455,18.468632443883862,18.468632443883862,False,True
pig_14,A1,3,A1_p3,2026-06-20 05:30:00,4,1,18.667341050170755,18.393932414680428,18.393932414680428,False,True
pig_14,A1,3,A1_p3,2026-06-20 06:00:00,4,1,23.18336432386695,21.731369306397006,21.731369306397006,False,True
pig_14,A1,3,A1_p3,2026-06-20 06:30:00,4,1,24.17317951433261,22.978949886739315,22.978949886739315,False,True
pig_14,A1,3,A1_p3,2026-06-20 07:00:00,4,1,22.898349911690993,22.07856011634967,22.07856011634967,False,True
pig_14,A1,3,A1_p3,2026-06-20 07:30:00,4,1,23.71408834698417,22.41190136039443,22.41190136039443,False,True
pig_14,A1,3,A1_p3,2026-06-20 08:00:00,4,1,26.781213676097828,31.2094559845737,31.2094559845737,False,True
pig_14,B2,5,B2_p5,2026-06-25 15:00:00,0,1,68.63576111702899,57.836682703598164,57.836682703598164,True,False
pig_14,B2,5,B2_p5,2026-06-25 15:30:00,0,1,65.69119709172965,58.47777961438214,58.47777961438214,True,False
pig_14,B2,5,B2_p5,2026-06-25 16:00:00,0,1,44.43696451767921,42.81968400739505,42.81968400739505,True,False
pig_14,B2,5,B2_p5,2026-06-25 16:30:00,0,1,39.232773612091805,42.66857277874031,42.66857277874031,True,False
pig_14,B2,5,B2_p5,2026-06-25 17:00:00,0,1,45.17346204239854,44.44531355591886,44.44531355591886,True,False
pig_14,B2,5,B2_p5,2026-06-25 17:30:00,0,1,39.115553596258366,38.410257057540186,38.410257057540186,True,False
pig_14,B2,5,B2_p5,2026-06-25 18:00:00,0,1,50.41771497719819,44.13855340000148,44.13855340000148,True,False
pig_14,B2,5,B2_p5,2026-06-25 18:30:00,0,1,43.41737698187093,40.715192747806825,40.715192747806825,True,False
pig_14,B2,5,B2_p5,2026-06-25 19:00:00,0,1,37.67361034676927,34.928923417153655,34.928923417153655,True,False
pig_14,B2,5,B2_p5,2026-06-25 19:30:00,0,1,35.47481465246542,33.46378654206072,33.46378654206072,True,False
pig_14,B2,5,B2_p5,2026-06-25 20:00:00,0,1,38.76559464997881,35.2379600893575,35.2379600893575,True,False
pig_14,B2,5,B2_p5,2026-06-25 20:30:00,0,1,40.62326721538794,36.267653887312036,36.267653887312036,True,False
pig_14,B2,5,B2_p5,2026-06-25 21:00:00,0,1,35.56413666409392,35.03644002466779,35.03644002466779,True,False
pig_14,B2,5,B2_p5,2026-06-25 21:30:00,0,1,36.36189488714438,35.31242546019305,35.31242546019305,True,False
pig_14,B2,5,B2_p5,2026-06-25 22:00:00,0,1,34.54507731456952,32.661732389970496,32.661732389970496,True,False
pig_14,B2,5,B2_p5,2026-06-25 22:30:00,0,1,32.55351889598972,32.83255128642415,32.83255128642415,True,False
pig_14,B2,5,B2_p5,2026-06-25 23:00:00,0,1,33.092290140217116,33.37491118687098,33.37491118687098,True,False
pig_14,B2,5,B2_p5,2026-06-25 23:30:00,0,1,32.96016630194647,33.219785046825336,33.219785046825336,True,False
pig_14,B2,5,B2_p5,2026-06-26 00:00:00,0,1,39.01372876936745,40.30463008633836,40.30463008633836,True,False
pig_14,B2,5,B2_p5,2026-06-26 00:30:00,0,1,38.22327438967309,33.439136163647774,33.439136163647774,True,False
pig_14,B2,5,B2_p5,2026-06-26 01:00:00,0,1,32.81421175348702,31.59831523498319,31.59831523498319,True,False
pig_14,B2,5,B2_p5,2026-06-26 01:30:00,0,1,32.87190662843455,33.04938108629567,33.04938108629567,True,False
pig_14,B2,5,B2_p5,2026-06-26 02:00:00,0,1,33.781696686898954,32.348465511926044,32.348465511926044,True,False
pig_14,B2,5,B2_p5,2026-06-26 02:30:00,0,1,33.50858902244471,37.58272504246034,37.58272504246034,True,False
pig_14,B2,5,B2_p5,2026-06-26 03:00:00,0,1,34.29742788277612,36.599686661329216,36.599686661329216,True,False
pig_14,B2,5,B2_p5,2026-06-26 03:30:00,0,1,35.52358269148836,33.88700478591777,33.88700478591777,True,False
pig_14,B2,5,B2_p5,2026-06-26 04:00:00,0,1,33.022686241580274,33.92480444671808,33.92480444671808,True,False
pig_14,B2,5,B2_p5,2026-06-26 04:30:00,0,1,31.810648646832988,32.92222700252963,32.92222700252963,True,False
pig_14,B2,5,B2_p5,2026-06-26 05:00:00,0,1,32.329029766659104,31.72103690511047,31.72103690511047,True,False
pig_14,B2,5,B2_p5,2026-06-26 05:30:00,0,1,28.925913879301753,32.135690232486475,32.135690232486475,True,False
pig_14,B2,5,B2_p5,2026-06-26 06:00:00,0,1,31.420484625753126,29.735290139065278,29.735290139065278,True,False
pig_14,B2,5,B2_p5,2026-06-26 06:30:00,0,1,28.73955547216746,31.216692111827136,31.216692111827136,True,False
pig_14,B2,5,B2_p5,2026-06-26 07:00:00,0,1,30.91913203605099,31.21980322604708,31.21980322604708,True,False
pig_14,B2,5,B2_p5,2026-06-26 07:30:00,0,1,36.68314084976345,34.14079245679909,34.14079245679909,True,False
pig_14,B2,5,B2_p5,2026-06-26 08:00:00,0,1,33.483515125926864,34.05909998001118,34.05909998001118,True,False
pig_14,B2,5,B2_p5,2026-06-26 10:00:00,1,1,43.75085733624529,42.838460408834514,42.838460408834514,True,False
pig_14,B2,5,B2_p5,2026-06-26 10:30:00,1,1,42.26100187622519,44.191194738361546,44.191194738361546,True,False
pig_14,B2,5,B2_p5,2026-06-26 11:00:00,1,1,37.595198786664525,41.97558962434484,41.97558962434484,True,False
pig_14,B2,5,B2_p5,2026-06-26 11:30:00,1,1,43.09192222290095,43.31877524130944,43.31877524130944,True,False
pig_14,B2,5,B2_p5,2026-06-26 12:00:00,1,1,46.88789190897811,42.78426686227996,42.78426686227996,True,False
pig_14,B2,5,B2_p5,2026-06-26 12:30:00,1,1,47.456845916435626,43.23366955648846,43.23366955648846,True,False
pig_14,B2,5,B2_p5,2026-06-26 13:00:00,1,1,43.243352813715966,38.540960794984414,38.540960794984414,True,False
pig_14,B2,5,B2_p5,2026-06-26 13:30:00,1,1,50.13540674568537,48.59990116767831,48.59990116767831,True,False
pig_14,B2,5,B2_p5,2026-06-26 14:00:00,1,1,45.176411475024686,43.69134680096712,43.69134680096712,True,False
pig_14,B2,5,B2_p5,2026-06-26 14:30:00,1,1,45.662082451671964,44.71151310330957,44.71151310330957,True,False
pig_14,B2,5,B2_p5,2026-06-26 16:00:00,1,1,46.507300785271866,47.2879607553233,47.2879607553233,True,False
pig_14,B2,5,B2_p5,2026-06-26 16:30:00,1,1,42.81508061836095,44.01424633432354,44.01424633432354,True,False
pig_14,B2,5,B2_p5,2026-06-26 17:00:00,1,1,54.98990037143231,49.40743539957745,49.40743539957745,True,False
pig_14,B2,5,B2_p5,2026-06-26 17:30:00,1,1,43.42407594688575,44.16808065507724,44.16808065507724,True,False
pig_14,B2,5,B2_p5,2026-06-26 18:00:00,1,1,40.158144219641606,44.660289874687265,44.660289874687265,True,False
pig_14,B2,5,B2_p5,2026-06-26 18:30:00,1,1,43.45163448412185,43.210799457973614,43.210799457973614,True,False
pig_14,B2,5,B2_p5,2026-06-26 19:00:00,1,1,42.256492568511405,40.031100835490165,40.031100835490165,True,False
pig_14,B2,5,B2_p5,2026-06-26 19:30:00,1,1,39.95807164900732,38.14066681197836,38.14066681197836,True,False
pig_14,B2,5,B2_p5,2026-06-26 20:00:00,1,1,35.60979927244981,41.23237341116539,41.23237341116539,True,False
pig_14,B2,5,B2_p5,2026-06-26 20:30:00,1,1,41.58348842335068,42.19922488094301,42.19922488094301,True,False
pig_14,B2,5,B2_p5,2026-06-26 21:00:00,1,1,37.90609194910153,40.29031231651006,40.29031231651006,True,False
pig_14,B2,5,B2_p5,2026-06-26 21:30:00,1,1,70.79373176096992,40.09153051913192,40.09153051913192,True,False
pig_14,B2,5,B2_p5,2026-06-26 22:00:00,1,1,38.08316169146101,41.87115622075845,41.87115622075845,True,False
pig_14,B2,5,B2_p5,2026-06-26 22:30:00,1,1,35.59301935237694,38.489349273315526,38.489349273315526,True,False
pig_14,B2,5,B2_p5,2026-06-26 23:00:00,1,1,37.43487263013927,38.64608303125489,38.64608303125489,True,False
pig_14,B2,5,B2_p5,2026-06-26 23:30:00,1,1,38.00974370124315,38.28732214806754,38.28732214806754,True,False
pig_14,B2,5,B2_p5,2026-06-27 00:00:00,1,1,33.916349621687694,33.87567423395812,33.87567423395812,True,False
pig_14,B2,5,B2_p5,2026-06-27 00:30:00,1,1,31.535399865422193,35.298543571971535,35.298543571971535,True,False
pig_14,B2,5,B2_p5,2026-06-27 01:00:00,1,1,34.339200827106374,39.30097067424765,39.30097067424765,True,False
pig_14,B2,5,B2_p5,2026-06-27 01:30:00,1,1,33.6564006155818,36.25081214842104,36.25081214842104,True,False
pig_14,B2,5,B2_p5,2026-06-27 02:00:00,1,1,32.60862214049652,36.075473946383795,36.075473946383795,True,False
pig_14,B2,5,B2_p5,2026-06-27 02:30:00,1,1,33.818330481317574,36.63863885485368,36.63863885485368,True,False
pig_14,B2,5,B2_p5,2026-06-27 03:00:00,1,1,31.842799596631885,33.44272873719234,33.44272873719234,True,False
pig_14,B2,5,B2_p5,2026-06-27 03:30:00,1,1,35.807261137759824,34.33923742419822,34.33923742419822,True,False
pig_14,B2,5,B2_p5,2026-06-27 04:00:00,1,1,35.88695988873064,35.9187496092738,35.9187496092738,True,False
pig_14,B2,5,B2_p5,2026-06-27 04:30:00,1,1,32.35223974670173,31.389965772188624,31.389965772188624,True,False
pig_14,B2,5,B2_p5,2026-06-27 05:00:00,1,1,27.674159344771965,32.25738298675296,32.25738298675296,True,False
pig_14,B2,5,B2_p5,2026-06-27 05:30:00,1,1,31.381404963769896,32.4893665074847,32.4893665074847,True,False
pig_14,B2,5,B2_p5,2026-06-27 06:00:00,1,1,33.617324653671766,33.99601436410238,33.99601436410238,True,False
pig_14,B2,5,B2_p5,2026-06-27 06:30:00,1,1,34.95654076858361,35.90932482282829,35.90932482282829,True,False
pig_14,B2,5,B2_p5,2026-06-27 07:00:00,1,1,32.32066975523924,31.829355178499345,31.829355178499345,True,False
pig_14,B2,5,B2_p5,2026-06-27 07:30:00,1,1,31.362586649414418,34.6875226649894,34.6875226649894,True,False
pig_14,B2,5,B2_p5,2026-06-27 08:00:00,1,1,33.704248540201164,41.26409938461334,41.26409938461334,True,False
pig_14,B2,5,B2_p5,2026-06-27 09:30:00,2,1,49.74978262793066,45.74156069583772,45.99544434367117,False,True
pig_14,B2,5,B2_p5,2026-06-27 10:00:00,2,1,43.051848034759246,43.31067687540971,43.551068162195534,False,True
pig_14,B2,5,B2_p5,2026-06-27 10:30:00,2,1,45.120200946816766,45.01273720625901,45.262575597145684,False,True
pig_14,B2,5,B2_p5,2026-06-27 11:00:00,2,1,42.89537192228153,44.78361257850472,45.0321792376136,False,True
pig_14,B2,5,B2_p5,2026-06-27 11:30:00,2,1,42.555865860513535,40.61848517533143,40.843933739589104,False,True
pig_14,B2,5,B2_p5,2026-06-27 12:00:00,2,1,40.04107057123679,40.34883567505476,40.57278757855741,False,True
pig_14,B2,5,B2_p5,2026-06-27 12:30:00,2,1,48.03714140339866,43.29848439404708,43.53880800776716,False,True
pig_14,B2,5,B2_p5,2026-06-27 13:00:00,2,1,48.13312829153176,43.048354164725424,43.28728945731942,False,True
pig_14,B2,5,B2_p5,2026-06-27 13:30:00,2,1,51.22333861187721,40.08652366031792,40.309019628995465,False,True
pig_14,B2,5,B2_p5,2026-06-27 14:00:00,2,1,50.3968051967982,45.412213672594376,45.66426931494676,False,True
pig_14,B2,5,B2_p5,2026-06-27 14:30:00,2,1,56.79202178610698,50.00890904069334,50.28647814979847,False,True
pig_14,B2,5,B2_p5,2026-06-27 15:30:00,2,1,50.181344955217384,44.48404616727052,44.73095011500499,False,True
pig_14,B2,5,B2_p5,2026-06-27 16:00:00,2,1,44.54022170768506,45.320742323905684,45.57229026430552,False,True
pig_14,B2,5,B2_p5,2026-06-27 16:30:00,2,1,47.97573111109334,47.52795031078816,47.791749123408195,False,True
pig_14,B2,5,B2_p5,2026-06-27 17:00:00,2,1,49.64142904376983,44.85447489409217,45.103434866916224,False,True
pig_14,B2,5,B2_p5,2026-06-27 17:30:00,2,1,46.182248157080544,44.62342206005588,44.87109959879909,False,True
pig_14,B2,5,B2_p5,2026-06-27 18:00:00,2,1,46.82899333202732,43.25214285443542,43.49220925438876,False,True
pig_14,B2,5,B2_p5,2026-06-27 18:30:00,2,1,41.170111014688,42.56109994251827,42.797330782586506,False,True
pig_14,B2,5,B2_p5,2026-06-27 19:00:00,2,1,37.96729750577649,40.718314944681936,40.944317603413424,False,True
pig_14,B2,5,B2_p5,2026-06-27 19:30:00,2,1,39.037649437201374,41.11580543087363,41.34401431810012,False,True
pig_14,B2,5,B2_p5,2026-06-27 20:00:00,2,1,41.56586566680805,45.255623484823,45.50680999006066,False,True
pig_14,B2,5,B2_p5,2026-06-27 20:30:00,2,1,36.114531444128836,38.68722211676936,38.901951411662914,False,True
pig_14,B2,5,B2_p5,2026-06-27 21:00:00,2,1,35.59149768081173,38.236668328740684,38.44889687294909,False,True
pig_14,B2,5,B2_p5,2026-06-27 21:30:00,2,1,39.10500054236246,38.040250636493184,38.2513889852765,False,True
pig_14,B2,5,B2_p5,2026-06-27 22:00:00,2,1,36.534854114449104,37.972145528137666,38.18290586679011,False,True
pig_14,B2,5,B2_p5,2026-06-27 22:30:00,2,1,38.67277272357744,41.25049525944759,41.479451728183854,False,True
pig_14,B2,5,B2_p5,2026-06-27 23:00:00,2,1,37.223778040324376,38.959329660898945,39.17556925965742,False,True
pig_14,B2,5,B2_p5,2026-06-27 23:30:00,2,1,36.897025583204915,36.81030774084317,37.01461942293161,False,True
pig_14,B2,5,B2_p5,2026-06-28 00:00:00,2,1,36.019049556963196,37.40283809097683,37.61043854949649,False,True
pig_14,B2,5,B2_p5,2026-06-28 00:30:00,2,1,32.849424283904845,35.643126686885765,35.840960055179195,False,True
pig_14,B2,5,B2_p5,2026-06-28 01:00:00,2,1,35.119164866774085,37.93104213051013,38.14157432914353,False,True
pig_14,B2,5,B2_p5,2026-06-28 01:30:00,2,1,33.885069269513885,38.61124463243375,38.825552222414245,False,True
pig_14,B2,5,B2_p5,2026-06-28 02:00:00,2,1,32.544902489157,34.2222920739035,34.41223925141061,False,True
pig_14,B2,5,B2_p5,2026-06-28 02:30:00,2,1,35.847696703140286,35.04020750083334,35.23469443057122,False,True
pig_14,B2,5,B2_p5,2026-06-28 03:00:00,2,1,33.33420303287286,35.84548940182154,36.044445962753606,False,True
pig_14,B2,5,B2_p5,2026-06-28 03:30:00,2,1,32.61462628941462,33.88057116614057,34.068621658242016,False,True
pig_14,B2,5,B2_p5,2026-06-28 04:00:00,2,1,33.04651941312718,33.0979332553848,33.281639799341654,False,True
pig_14,B2,5,B2_p5,2026-06-28 04:30:00,2,1,33.29318723735022,33.424816669355835,33.61033754479357,False,True
pig_14,B2,5,B2_p5,2026-06-28 05:00:00,2,1,29.620680710334664,32.92197303502991,33.10470293057473,False,True
pig_14,B2,5,B2_p5,2026-06-28 05:30:00,2,1,29.458362640740752,33.436578968594425,33.62216512941797,False,True
pig_14,B2,5,B2_p5,2026-06-28 06:00:00,2,1,30.99532714696083,33.68183512940857,33.86878255836145,False,True
pig_14,B2,5,B2_p5,2026-06-28 06:30:00,2,1,30.030550882877378,32.680401155697744,32.861790232324154,False,True
pig_14,B2,5,B2_p5,2026-06-28 07:00:00,2,1,30.256731756840658,32.1491280276474,32.327568329512005,False,True
pig_14,B2,5,B2_p5,2026-06-28 07:30:00,2,1,28.48341522537315,33.861646620165224,34.04959207359521,False,True
pig_14,B2,5,B2_p5,2026-06-28 08:00:00,2,1,36.445591275869944,35.40975171863555,35.606289764090164,False,True
pig_14,B2,5,B2_p5,2026-06-28 10:30:00,3,1,42.56507607409671,47.47168908155432,47.73517562222971,False,True
pig_14,B2,5,B2_p5,2026-06-28 11:00:00,3,1,39.64203092280331,45.42444190089256,45.67656541472024,False,True
pig_14,B2,5,B2_p5,2026-06-28 11:30:00,3,1,37.0826133047816,39.29142549665863,39.50950835788849,False,True
pig_14,B2,5,B2_p5,2026-06-28 12:00:00,3,1,36.3359762305876,38.84465738630395,39.060260508848316,False,True
pig_14,B2,5,B2_p5,2026-06-28 12:30:00,3,1,40.891336529138165,40.88245024431326,41.1093639184971,False,True
pig_14,B2,5,B2_p5,2026-06-28 13:00:00,3,1,40.279654740345634,44.64883943014045,44.89665804528195,False,True
pig_14,B2,5,B2_p5,2026-06-28 13:30:00,3,1,49.0338002608881,50.646667060424406,50.92777597731094,False,True
pig_14,B2,5,B2_p5,2026-06-28 14:00:00,3,1,43.51099644870531,46.36509205512946,46.62243654718482,False,True
pig_14,B2,5,B2_p5,2026-06-28 14:30:00,3,1,46.0106430005582,53.64590636616926,53.94366224052913,False,True
pig_14,B2,5,B2_p5,2026-06-28 15:30:00,3,1,71.48339501931915,63.55800155626622,63.910773456451444,False,True
pig_14,B2,5,B2_p5,2026-06-28 16:00:00,3,1,48.05395270482553,49.56392924976315,49.83902854605876,False,True
pig_14,B2,5,B2_p5,2026-06-28 16:30:00,3,1,42.365321666211265,46.78001067370059,47.03965812723855,False,True
pig_14,B2,5,B2_p5,2026-06-28 17:00:00,3,1,46.580710115539866,43.50793174318734,43.74941787205164,False,True
pig_14,B2,5,B2_p5,2026-06-28 17:30:00,3,1,47.98540945345824,42.986207353816454,43.22479770717326,False,True
pig_14,B2,5,B2_p5,2026-06-28 18:00:00,3,1,42.26636522143731,40.648429765025355,40.874044533530295,False,True
pig_14,B2,5,B2_p5,2026-06-28 18:30:00,3,1,50.051305953894996,50.64761915122085,50.92873335258567,False,True
pig_14,B2,5,B2_p5,2026-06-28 19:00:00,3,1,46.50708661625618,42.807371135268816,43.04496887729275,False,True
pig_14,B2,5,B2_p5,2026-06-28 19:30:00,3,1,40.75311297243298,41.036898574187866,41.2646694973329,False,True
pig_14,B2,5,B2_p5,2026-06-28 20:00:00,3,1,35.843147136644774,39.06849199826714,39.28533749092158,False,True
pig_14,B2,5,B2_p5,2026-06-28 20:30:00,3,1,34.88164573623271,39.1790414011016,39.39650048641073,False,True
pig_14,B2,5,B2_p5,2026-06-28 21:00:00,3,1,40.774037106901126,43.48075360304169,43.7220888825415,False,True
pig_14,B2,5,B2_p5,2026-06-28 22:30:00,3,1,34.77763387960752,37.78150469053265,37.99120689757478,False,True
pig_14,B2,5,B2_p5,2026-06-28 23:00:00,3,1,36.15958512038795,39.23489107579692,39.45266014876118,False,True
pig_14,B2,5,B2_p5,2026-06-28 23:30:00,3,1,36.56722942744466,40.67832873690902,40.904109456464454,False,True
pig_14,B2,5,B2_p5,2026-06-29 00:00:00,3,1,35.0308552065534,39.622684300732814,39.84260577857908,False,True
pig_14,B2,5,B2_p5,2026-06-29 00:30:00,3,1,34.54178113336653,36.33478241763988,36.536454747203926,False,True
pig_14,B2,5,B2_p5,2026-06-29 01:00:00,3,1,40.189520773326905,40.50167152912195,40.72647173171104,False,True
pig_14,B2,5,B2_p5,2026-06-29 01:30:00,3,1,34.60750587847406,36.8669814318767,37.07160767523495,False,True
pig_14,B2,5,B2_p5,2026-06-29 02:00:00,3,1,36.89719262959016,36.38394911443528,36.5858943384993,False,True
pig_14,B2,5,B2_p5,2026-06-29 02:30:00,3,1,30.88448719372588,36.85884167016677,37.063422734646906,False,True
pig_14,B2,5,B2_p5,2026-06-29 03:00:00,3,1,33.598464088337224,34.008443609609266,34.197203844052495,False,True
pig_14,B2,5,B2_p5,2026-06-29 03:30:00,3,1,34.722458730766185,34.427885383577795,34.618973684794625,False,True
pig_14,B2,5,B2_p5,2026-06-29 04:00:00,3,1,30.728818555203183,33.980022997515505,34.16862548638639,False,True
pig_14,B2,5,B2_p5,2026-06-29 04:30:00,3,1,30.238897224177023,33.63429635368528,33.82097992374024,False,True
pig_14,B2,5,B2_p5,2026-06-29 05:00:00,3,1,31.085013398121525,33.63235707903199,33.81902988535009,False,True
pig_14,B2,5,B2_p5,2026-06-29 05:30:00,3,1,34.70147511733141,33.401638476381855,33.58703070373472,False,True
pig_14,B2,5,B2_p5,2026-06-29 06:00:00,3,1,32.66842929632578,32.84146207298306,33.023745101030926,False,True
pig_14,B2,5,B2_p5,2026-06-29 06:30:00,3,1,33.47748390540309,32.97309315866527,33.156106790997136,False,True
pig_14,B2,5,B2_p5,2026-06-29 07:00:00,3,1,35.17681321806361,34.79366883024423,34.98678737341923,False,True
pig_14,B2,5,B2_p5,2026-06-29 07:30:00,3,1,30.9580684656124,34.60881064568048,34.80090315324334,False,True
pig_14,B2,5,B2_p5,2026-06-29 08:00:00,3,1,37.37104554946757,45.06180561790971,45.31191635777516,False,True
pig_14,B2,5,B2_p5,2026-06-29 10:00:00,4,1,35.33274724692446,35.01713632625806,35.01713632625806,False,True
pig_14,B2,5,B2_p5,2026-06-29 10:30:00,4,1,28.627557182860635,29.607214071944476,29.607214071944476,False,True
pig_14,B2,5,B2_p5,2026-06-29 11:00:00,4,1,30.22608495343207,33.26295503914851,33.26295503914851,False,True
pig_14,B2,5,B2_p5,2026-06-29 11:30:00,4,1,31.445928813355202,34.571304302744146,34.571304302744146,False,True
pig_14,B2,5,B2_p5,2026-06-29 12:00:00,4,1,29.657027473575766,33.38480068991343,33.38480068991343,False,True
pig_14,B2,5,B2_p5,2026-06-29 12:30:00,4,1,28.17509376459512,31.926219160804564,31.926219160804564,False,True
pig_14,B2,5,B2_p5,2026-06-29 13:00:00,4,1,27.75779329817273,33.13898098457956,33.13898098457956,False,True
pig_14,B2,5,B2_p5,2026-06-29 13:30:00,4,1,30.695584911444577,36.10381318124232,36.10381318124232,False,True
pig_14,B2,5,B2_p5,2026-06-29 14:00:00,4,1,62.21355661704493,50.769663545321286,50.769663545321286,False,True
pig_14,B2,5,B2_p5,2026-06-29 14:30:00,4,1,33.51685364819747,48.64101615923227,48.64101615923227,False,True
pig_14,B2,5,B2_p5,2026-06-29 15:00:00,4,1,26.67064573875971,32.873734092328846,32.873734092328846,False,True
pig_14,B2,5,B2_p5,2026-06-29 15:30:00,4,1,28.806183285682593,34.27202846894872,34.27202846894872,False,True
pig_14,B2,5,B2_p5,2026-06-29 16:00:00,4,1,27.336454522108333,33.46893273922022,33.46893273922022,False,True
pig_14,B2,5,B2_p5,2026-06-29 16:30:00,4,1,33.693700414812255,33.00805828775527,33.00805828775527,False,True
pig_14,B2,5,B2_p5,2026-06-29 17:00:00,4,1,51.62797339079003,32.69423610040879,32.69423610040879,False,True
pig_14,B2,5,B2_p5,2026-06-29 17:30:00,4,1,25.030925993259103,29.13253872116201,29.13253872116201,False,True
pig_14,B2,5,B2_p5,2026-06-29 18:00:00,4,1,29.560204838472124,29.068456088130873,29.068456088130873,False,True
pig_14,B2,5,B2_p5,2026-06-29 18:30:00,4,1,23.140916959272452,24.61683877850992,24.61683877850992,False,True
pig_14,B2,5,B2_p5,2026-06-29 19:00:00,4,1,23.101899672266633,23.673855448029407,23.673855448029407,False,True
pig_14,B2,5,B2_p5,2026-06-29 19:30:00,4,1,22.285078584823,23.221665801985537,23.221665801985537,False,True
pig_14,B2,5,B2_p5,2026-06-29 20:00:00,4,1,21.979173690417035,23.462020756177182,23.462020756177182,False,True
pig_14,B2,5,B2_p5,2026-06-29 20:30:00,4,1,22.754366492347344,24.90312939077254,24.90312939077254,False,True
pig_14,B2,5,B2_p5,2026-06-29 21:00:00,4,1,25.490325135682127,25.076084352236816,25.076084352236816,False,True
pig_14,B2,5,B2_p5,2026-06-29 21:30:00,4,1,22.20345045304606,24.980863571108994,24.980863571108994,False,True
pig_14,B2,5,B2_p5,2026-06-29 22:00:00,4,1,24.169568776509607,24.944170969018387,24.944170969018387,False,True
pig_14,B2,5,B2_p5,2026-06-29 22:30:00,4,1,23.168636975379457,24.813319556785608,24.813319556785608,False,True
pig_14,B2,5,B2_p5,2026-06-29 23:00:00,4,1,32.25652504209589,34.05876783415625,34.05876783415625,False,True
pig_14,B2,5,B2_p5,2026-06-29 23:30:00,4,1,36.039706659966114,31.570765219453143,31.570765219453143,False,True
pig_14,B2,5,B2_p5,2026-06-30 00:00:00,4,1,24.072739858394357,23.76527118461751,23.76527118461751,False,True
pig_14,B2,5,B2_p5,2026-06-30 00:30:00,4,1,22.6595339812787,22.409169999464638,22.409169999464638,False,True
pig_14,B2,5,B2_p5,2026-06-30 01:00:00,4,1,22.995504174902965,23.323751763256354,23.323751763256354,False,True
pig_14,B2,5,B2_p5,2026-06-30 01:30:00,4,1,22.42830798803159,24.230105679422152,24.230105679422152,False,True
pig_14,B2,5,B2_p5,2026-06-30 02:00:00,4,1,22.041021843762685,23.18900043089738,23.18900043089738,False,True
pig_14,B2,5,B2_p5,2026-06-30 02:30:00,4,1,26.890187084408616,22.32224671998097,22.32224671998097,False,True
pig_14,B2,5,B2_p5,2026-06-30 03:00:00,4,1,25.687078287332128,27.12924385424746,27.12924385424746,False,True
pig_14,B2,5,B2_p5,2026-06-30 03:30:00,4,1,23.453738028272472,25.288286514095144,25.288286514095144,False,True
pig_14,B2,5,B2_p5,2026-06-30 04:00:00,4,1,21.760194002077206,24.90384429247499,24.90384429247499,False,True
pig_14,B2,5,B2_p5,2026-06-30 04:30:00,4,1,21.947288915266213,23.11506491837365,23.11506491837365,False,True
pig_14,B2,5,B2_p5,2026-06-30 05:00:00,4,1,23.96317079941463,22.76909572627588,22.76909572627588,False,True
pig_14,B2,5,B2_p5,2026-06-30 05:30:00,4,1,22.964040003620703,25.47394951791685,25.47394951791685,False,True
pig_14,B2,5,B2_p5,2026-06-30 06:00:00,4,1,23.10873523454429,24.492012307851425,24.492012307851425,False,True
pig_14,B2,5,B2_p5,2026-06-30 06:30:00,4,1,22.502447770376666,26.141528702019627,26.141528702019627,False,True
pig_14,B2,5,B2_p5,2026-06-30 07:00:00,4,1,28.697900148272687,27.1452641444581,27.1452641444581,False,True
pig_14,B2,5,B2_p5,2026-06-30 07:30:00,4,1,28.821232972958747,30.887017820371753,30.887017820371753,False,True
pig_15,A1,1,A1_p1,2026-06-05 16:30:00,0,5,26.355954006543758,29.089011908027413,29.089011908027413,True,False
pig_15,A1,1,A1_p1,2026-06-05 17:00:00,0,5,26.34816941346849,27.181550160439443,27.181550160439443,True,False
pig_15,A1,1,A1_p1,2026-06-05 17:30:00,0,5,23.969866655026607,27.740811482939748,27.740811482939748,True,False
pig_15,A1,1,A1_p1,2026-06-05 18:00:00,0,5,26.46063137832482,28.337856060273904,28.337856060273904,True,False
pig_15,A1,1,A1_p1,2026-06-05 18:30:00,0,5,25.082717455964747,27.418034200047714,27.418034200047714,True,False
pig_15,A1,1,A1_p1,2026-06-05 19:00:00,0,5,22.77870492970089,29.024418608609825,29.024418608609825,True,False
pig_15,A1,1,A1_p1,2026-06-05 19:30:00,0,5,23.13637467160707,26.664806640696952,26.664806640696952,True,False
pig_15,A1,1,A1_p1,2026-06-05 20:00:00,0,5,23.285532271481323,27.5963717616318,27.5963717616318,True,False
pig_15,A1,1,A1_p1,2026-06-05 20:30:00,0,5,29.182678839103822,31.05409985405265,31.05409985405265,True,False
pig_15,A1,1,A1_p1,2026-06-05 21:00:00,0,5,27.889428651097113,30.141469498112357,30.141469498112357,True,False
pig_15,A1,1,A1_p1,2026-06-05 21:30:00,0,5,25.364016408285373,26.223893108954186,26.223893108954186,True,False
pig_15,A1,1,A1_p1,2026-06-05 22:00:00,0,5,19.713269238247683,28.84202449699491,28.84202449699491,True,False
pig_15,A1,1,A1_p1,2026-06-05 22:30:00,0,5,19.827804205136026,27.089232646089553,27.089232646089553,True,False
pig_15,A1,1,A1_p1,2026-06-05 23:00:00,0,5,20.508423289538083,30.05585988922789,30.05585988922789,True,False
pig_15,A1,1,A1_p1,2026-06-05 23:30:00,0,5,20.662009828381592,29.689723510384376,29.689723510384376,True,False
pig_15,A1,1,A1_p1,2026-06-06 00:00:00,0,5,20.42939383811276,28.546004804658644,28.546004804658644,True,False
pig_15,A1,1,A1_p1,2026-06-06 00:30:00,0,5,29.350485839078498,28.294133037985404,28.294133037985404,True,False
pig_15,A1,1,A1_p1,2026-06-06 01:00:00,0,5,21.618905931165415,26.47546319550431,26.47546319550431,True,False
pig_15,A1,1,A1_p1,2026-06-06 01:30:00,0,5,23.615382687867985,24.630662149880322,24.630662149880322,True,False
pig_15,A1,1,A1_p1,2026-06-06 02:00:00,0,5,23.58590445802814,25.14395969477004,25.14395969477004,True,False
pig_15,A1,1,A1_p1,2026-06-06 02:30:00,0,5,20.579651419994534,24.22772037256189,24.22772037256189,True,False
pig_15,A1,1,A1_p1,2026-06-06 03:00:00,0,5,24.82311703001612,24.86617151069749,24.86617151069749,True,False
pig_15,A1,1,A1_p1,2026-06-06 03:30:00,0,5,24.276217492262553,25.397732640880967,25.397732640880967,True,False
pig_15,A1,1,A1_p1,2026-06-06 04:00:00,0,5,22.48112565401568,25.60297163530379,25.60297163530379,True,False
pig_15,A1,1,A1_p1,2026-06-06 04:30:00,0,5,21.55753990052007,23.48735341418127,23.48735341418127,True,False
pig_15,A1,1,A1_p1,2026-06-06 05:00:00,0,5,23.988512748257165,24.67965902694354,24.67965902694354,True,False
pig_15,A1,1,A1_p1,2026-06-06 05:30:00,0,5,27.804262203358824,24.209846630926005,24.209846630926005,True,False
pig_15,A1,1,A1_p1,2026-06-06 06:00:00,0,5,22.104614328983523,23.825353995826777,23.825353995826777,True,False
pig_15,A1,1,A1_p1,2026-06-06 06:30:00,0,5,18.516950615236695,24.064191443979965,24.064191443979965,True,False
pig_15,A1,1,A1_p1,2026-06-06 07:00:00,0,5,21.03570740372277,24.768876922722587,24.768876922722587,True,False
pig_15,A1,1,A1_p1,2026-06-06 07:30:00,0,5,26.557863442033415,23.33556315917427,23.33556315917427,True,False
pig_15,A1,1,A1_p1,2026-06-06 09:00:00,1,5,42.98996520538928,38.31214593544781,38.31214593544781,True,False
pig_15,A1,1,A1_p1,2026-06-06 09:30:00,1,5,29.852399832284277,32.96442557209211,32.96442557209211,True,False
pig_15,A1,1,A1_p1,2026-06-06 10:00:00,1,5,30.182565842074602,34.15602308749514,34.15602308749514,True,False
pig_15,A1,1,A1_p1,2026-06-06 11:30:00,1,5,27.071683393996118,29.96320470087072,29.96320470087072,True,False
pig_15,A1,1,A1_p1,2026-06-06 12:00:00,1,5,27.96492905326854,29.121340722735287,29.121340722735287,True,False
pig_15,A1,1,A1_p1,2026-06-06 12:30:00,1,5,28.016879680392908,27.00005193709503,27.00005193709503,True,False
pig_15,A1,1,A1_p1,2026-06-06 13:00:00,1,5,37.66980441884813,34.110179461315795,34.110179461315795,True,False
pig_15,A1,1,A1_p1,2026-06-06 13:30:00,1,5,28.465018032437207,32.26181115025201,32.26181115025201,True,False
pig_15,A1,1,A1_p1,2026-06-06 14:00:00,1,5,30.941960512737005,30.725101318516813,30.725101318516813,True,False
pig_15,A1,1,A1_p1,2026-06-06 14:30:00,1,5,36.55197287804696,37.46344679278045,37.46344679278045,True,False
pig_15,A1,1,A1_p1,2026-06-06 15:00:00,1,5,31.0219679218557,33.614345306785935,33.614345306785935,True,False
pig_15,A1,1,A1_p1,2026-06-06 16:30:00,1,5,37.65731697163889,37.81888679481513,37.81888679481513,True,False
pig_15,A1,1,A1_p1,2026-06-06 17:00:00,1,5,30.30131963669751,31.842590068652846,31.842590068652846,True,False
pig_15,A1,1,A1_p1,2026-06-06 17:30:00,1,5,29.83068868693401,30.669654937237592,30.669654937237592,True,False
pig_15,A1,1,A1_p1,2026-06-06 18:00:00,1,5,25.576296507345248,32.36907228340258,32.36907228340258,True,False
pig_15,A1,1,A1_p1,2026-06-06 18:30:00,1,5,23.03908637811852,31.472517543698935,31.472517543698935,True,False
pig_15,A1,1,A1_p1,2026-06-06 19:00:00,1,5,22.3797494278776,32.75263983739954,32.75263983739954,True,False
pig_15,A1,1,A1_p1,2026-06-06 19:30:00,1,5,23.17256006652077,33.885110298937455,33.885110298937455,True,False
pig_15,A1,1,A1_p1,2026-06-06 20:00:00,1,5,22.50478023477642,33.15101828398453,33.15101828398453,True,False
pig_15,A1,1,A1_p1,2026-06-06 20:30:00,1,5,20.139646340034435,29.38040375172281,29.38040375172281,True,False
pig_15,A1,1,A1_p1,2026-06-06 21:00:00,1,5,19.252315922268373,27.570482945594357,27.570482945594357,True,False
pig_15,A1,1,A1_p1,2026-06-06 21:30:00,1,5,19.836387928401567,28.87843701556861,28.87843701556861,True,False
pig_15,A1,1,A1_p1,2026-06-06 22:00:00,1,5,21.076558450283816,30.03809595619206,30.03809595619206,True,False
pig_15,A1,1,A1_p1,2026-06-06 22:30:00,1,5,28.368679523621836,31.373115724213182,31.373115724213182,True,False
pig_15,A1,1,A1_p1,2026-06-06 23:00:00,1,5,25.25368675517334,31.56534044635987,31.56534044635987,True,False
pig_15,A1,1,A1_p1,2026-06-06 23:30:00,1,5,21.382404222647892,30.282084853031677,30.282084853031677,True,False
pig_15,A1,1,A1_p1,2026-06-07 00:00:00,1,5,28.611867565012197,29.48992092572574,29.48992092572574,True,False
pig_15,A1,1,A1_p1,2026-06-07 00:30:00,1,5,26.000894044438894,29.548192297569102,29.548192297569102,True,False
pig_15,A1,1,A1_p1,2026-06-07 01:00:00,1,5,21.812281933321366,30.140518967603917,30.140518967603917,True,False
pig_15,A1,1,A1_p1,2026-06-07 01:30:00,1,5,27.54551070621487,29.652447925710742,29.652447925710742,True,False
pig_15,A1,1,A1_p1,2026-06-07 02:00:00,1,5,21.874618635605707,26.17690619801178,26.17690619801178,True,False
pig_15,A1,1,A1_p1,2026-06-07 02:30:00,1,5,21.321926400061333,29.362504742043168,29.362504742043168,True,False
pig_15,A1,1,A1_p1,2026-06-07 03:00:00,1,5,20.643415456197324,28.674408610808197,28.674408610808197,True,False
pig_15,A1,1,A1_p1,2026-06-07 03:30:00,1,5,21.09816998808075,29.782049424816236,29.782049424816236,True,False
pig_15,A1,1,A1_p1,2026-06-07 04:00:00,1,5,24.659271972094466,29.617193258434135,29.617193258434135,True,False
pig_15,A1,1,A1_p1,2026-06-07 04:30:00,1,5,28.08024583599576,30.48739142499202,30.48739142499202,True,False
pig_15,A1,1,A1_p1,2026-06-07 05:00:00,1,5,20.32442736185845,28.890797269695764,28.890797269695764,True,False
pig_15,A1,1,A1_p1,2026-06-07 05:30:00,1,5,19.291901038516254,25.70244432047669,25.70244432047669,True,False
pig_15,A1,1,A1_p1,2026-06-07 06:00:00,1,5,17.81947752696493,28.673244327955775,28.673244327955775,True,False
pig_15,A1,1,A1_p1,2026-06-07 07:00:00,1,5,25.51312448322782,25.95530197094486,25.95530197094486,True,False
pig_15,A1,1,A1_p1,2026-06-07 08:30:00,2,5,34.14646241751416,35.20977220370854,32.780537357189814,False,True
pig_15,A1,1,A1_p1,2026-06-07 09:00:00,2,5,26.63411312177922,33.21151132796275,30.92014289318086,False,True
pig_15,A1,1,A1_p1,2026-06-07 09:30:00,2,5,28.311881811976725,34.01449674040867,31.66772777267603,False,True
pig_15,A1,1,A1_p1,2026-06-07 10:00:00,2,5,26.10916612558755,30.177821251941143,28.09575680252936,False,True
pig_15,A1,1,A1_p1,2026-06-07 10:30:00,2,5,27.171019485236684,30.650114745722618,28.53546525695755,False,True
pig_15,A1,1,A1_p1,2026-06-07 11:00:00,2,5,26.868843835785064,31.55941282983636,29.382027956729072,False,True
pig_15,A1,1,A1_p1,2026-06-07 11:30:00,2,5,27.065920028037503,33.30055018541637,31.00303867495739,False,True
pig_15,A1,1,A1_p1,2026-06-07 12:00:00,2,5,28.8396643723271,33.21972937122688,30.927793947344586,False,True
pig_15,A1,1,A1_p1,2026-06-07 12:30:00,2,5,30.69099736926952,31.546238032193166,29.369762130531228,False,True
pig_15,A1,1,A1_p1,2026-06-07 13:00:00,2,5,27.388221020438714,31.333267777841744,29.171485375477367,False,True
pig_15,A1,1,A1_p1,2026-06-07 13:30:00,2,5,25.858907701931436,29.550047200449335,27.511294891564933,False,True
pig_15,A1,1,A1_p1,2026-06-07 14:00:00,2,5,27.347248358505176,31.77988198313976,29.58728623770167,False,True
pig_15,A1,1,A1_p1,2026-06-07 15:30:00,2,5,30.206624149957943,36.85114570438732,34.30866724808514,False,True
pig_15,A1,1,A1_p1,2026-06-07 16:00:00,2,5,28.753589936214667,36.88710015601539,34.34214108705042,False,True
pig_15,A1,1,A1_p1,2026-06-07 16:30:00,2,5,20.70705797021403,33.2627970455746,30.967890245033608,False,True
pig_15,A1,1,A1_p1,2026-06-07 17:00:00,2,5,21.23366430835613,30.171504237480583,28.08987561910925,False,True
pig_15,A1,1,A1_p1,2026-06-07 17:30:00,2,5,20.108781693999283,34.53812144613494,32.15522593449031,False,True
pig_15,A1,1,A1_p1,2026-06-07 18:00:00,2,5,26.2115551440212,37.280565912461526,34.708460381970454,False,True
pig_15,A1,1,A1_p1,2026-06-07 18:30:00,2,5,21.211886339013876,33.547452617790164,31.232906518497646,False,True
pig_15,A1,1,A1_p1,2026-06-07 19:00:00,2,5,21.686389030810275,34.080833676961035,31.72948791171457,False,True
pig_15,A1,1,A1_p1,2026-06-07 19:30:00,2,5,28.618958116480528,35.67016684057066,33.20916789491079,False,True
pig_15,A1,1,A1_p1,2026-06-07 20:00:00,2,5,29.066884812990267,35.66398035496319,33.203408234740536,False,True
pig_15,A1,1,A1_p1,2026-06-07 20:30:00,2,5,23.824460527101994,32.38278888631877,30.148596664483858,False,True
pig_15,A1,1,A1_p1,2026-06-07 21:00:00,2,5,19.876646367127265,32.83817577166569,30.572564951490172,False,True
pig_15,A1,1,A1_p1,2026-06-07 21:30:00,2,5,27.949034556392498,33.932661599462406,31.591538699954988,False,True
pig_15,A1,1,A1_p1,2026-06-07 22:00:00,2,5,29.849245834370002,33.625926507252316,31.305966243229616,False,True
pig_15,A1,1,A1_p1,2026-06-07 22:30:00,2,5,35.17032833494993,33.83055413842494,31.496475959372017,False,True
pig_15,A1,1,A1_p1,2026-06-07 23:00:00,2,5,22.017942491339358,33.8948594284094,31.55634462164012,False,True
pig_15,A1,1,A1_p1,2026-06-07 23:30:00,2,5,18.39151492568619,34.36024293492994,31.989619830938686,False,True
pig_15,A1,1,A1_p1,2026-06-08 00:00:00,2,5,20.227557988268394,33.3465705854303,31.045883980320962,False,True
pig_15,A1,1,A1_p1,2026-06-08 10:30:00,3,5,32.55308402033758,38.104922288578756,35.475941773971684,False,True
pig_15,A1,1,A1_p1,2026-06-08 11:00:00,3,5,27.34815632137741,32.622309778587855,30.37159224399025,False,True
pig_15,A1,1,A1_p1,2026-06-08 11:30:00,3,5,27.689206036764084,34.331816775919776,31.963154883595006,False,True
pig_15,A1,1,A1_p1,2026-06-08 12:00:00,3,5,28.618890674217617,33.23090631991128,30.9381997625759,False,True
pig_15,A1,1,A1_p1,2026-06-08 12:30:00,3,5,33.00559381817327,35.31868396519016,32.88193494775729,False,True
pig_15,A1,1,A1_p1,2026-06-08 13:00:00,3,5,32.37797359187705,33.4935676579574,31.18273925446171,False,True
pig_15,A1,1,A1_p1,2026-06-08 13:30:00,3,5,31.99192900498027,31.696435077224884,29.50959660083442,False,True
pig_15,A1,1,A1_p1,2026-06-08 14:00:00,3,5,35.65502097041086,36.290018733952536,33.78625422280215,False,True
pig_15,A1,1,A1_p1,2026-06-08 15:00:00,3,5,36.29035344439089,37.94566802862688,35.32767497498642,False,True
pig_15,A1,1,A1_p1,2026-06-08 15:30:00,3,5,33.73156081707985,34.17330127549175,31.815575874750202,False,True
pig_15,A1,1,A1_p1,2026-06-08 16:00:00,3,5,35.501192118736476,35.839628996489026,33.36693831445719,False,True
pig_15,A1,1,A1_p1,2026-06-08 16:30:00,3,5,35.18053115629364,36.69540999534347,34.163676243922296,False,True
pig_15,A1,1,A1_p1,2026-06-08 17:00:00,3,5,31.707466313578436,40.30802126504961,37.527041902707616,False,True
pig_15,A1,1,A1_p1,2026-06-08 17:30:00,3,5,28.25895774293922,37.58714627272221,34.99388878219871,False,True
pig_15,A1,1,A1_p1,2026-06-08 18:00:00,3,5,20.45446501461227,36.39286140754096,33.8820014512697,False,True
pig_15,A1,1,A1_p1,2026-06-08 18:30:00,3,5,21.51482861508373,33.31022064479366,31.01204193839928,False,True
pig_15,A1,1,A1_p1,2026-06-08 19:00:00,3,5,20.86497722078746,30.977314563355726,28.840090512217174,False,True
pig_15,A1,1,A1_p1,2026-06-08 19:30:00,3,5,25.19277463504207,28.102686613204153,26.16379234241417,False,True
pig_15,A1,1,A1_p1,2026-06-08 20:00:00,3,5,25.917211139318013,29.58378036516172,27.542700697306387,False,True
pig_15,A1,1,A1_p1,2026-06-08 20:30:00,3,5,31.110128615409696,32.317148965155695,30.087485451512634,False,True
pig_15,A1,1,A1_p1,2026-06-08 21:00:00,3,5,32.771230421805214,35.8794127805232,33.40397728793299,False,True
pig_15,A1,1,A1_p1,2026-06-08 21:30:00,3,5,29.58009445761789,31.53817769633804,29.36225790303774,False,True
pig_15,A1,1,A1_p1,2026-06-09 10:30:00,4,5,25.287064,25.044378716415316,25.044378716415316,False,True
pig_15,A1,1,A1_p1,2026-06-09 11:00:00,4,5,27.134265749999997,25.128521643366224,25.128521643366224,False,True
pig_15,A1,1,A1_p1,2026-06-09 11:30:00,4,5,27.053951333333337,27.424445035016774,27.424445035016774,False,True
pig_15,A1,1,A1_p1,2026-06-09 12:00:00,4,5,23.957173333333337,25.494897390716062,25.494897390716062,False,True
pig_15,A1,1,A1_p1,2026-06-09 12:30:00,4,5,24.432864,25.08060046414682,25.08060046414682,False,True
pig_15,A1,1,A1_p1,2026-06-09 13:00:00,4,5,24.078411000000003,25.21565756750841,25.21565756750841,False,True
pig_15,A1,1,A1_p1,2026-06-09 13:30:00,4,5,19.82866,23.395271582128544,23.395271582128544,False,True
pig_15,A1,1,A1_p1,2026-06-09 14:00:00,4,5,22.327078666666665,24.864374840932427,24.864374840932427,False,True
pig_15,A1,1,A1_p1,2026-06-09 14:30:00,4,5,22.908094666666667,23.475972363826834,23.475972363826834,False,True
pig_15,A1,1,A1_p1,2026-06-09 15:00:00,4,5,25.37241375,23.619069510246312,23.619069510246312,False,True
pig_15,A1,1,A1_p1,2026-06-09 15:30:00,4,5,28.014555428571427,25.31637462792392,25.31637462792392,False,True
pig_15,A1,1,A1_p1,2026-06-09 16:00:00,4,5,31.866097999999997,28.083714675335543,28.083714675335543,False,True
pig_15,A1,1,A1_p1,2026-06-09 16:30:00,4,5,23.25939133333334,21.457779047627522,21.457779047627522,False,True
pig_15,A1,1,A1_p1,2026-06-09 17:00:00,4,5,21.521731333333335,23.377593917720432,23.377593917720432,False,True
pig_15,A1,1,A1_p1,2026-06-09 17:30:00,4,5,18.876423333333335,21.656944278624277,21.656944278624277,False,True
pig_15,A1,1,A1_p1,2026-06-09 18:00:00,4,5,23.14666425,23.683136820546377,23.683136820546377,False,True
pig_15,A1,1,A1_p1,2026-06-09 18:30:00,4,5,20.388521333333333,21.650070748750373,21.650070748750373,False,True
pig_15,A1,1,A1_p1,2026-06-09 19:00:00,4,5,19.576962,20.57367507106745,20.57367507106745,False,True
pig_15,A1,1,A1_p1,2026-06-09 19:30:00,4,5,23.654742,21.54928113126406,21.54928113126406,False,True
pig_15,A1,1,A1_p1,2026-06-09 20:00:00,4,5,20.90147175,21.898851035723567,21.898851035723567,False,True
pig_15,A1,1,A1_p1,2026-06-09 20:30:00,4,5,19.029158666666664,21.394818632363943,21.394818632363943,False,True
pig_15,A1,1,A1_p1,2026-06-09 21:00:00,4,5,15.590451999999999,21.198827561726752,21.198827561726752,False,True
pig_15,A1,1,A1_p1,2026-06-09 21:30:00,4,5,17.841659999999997,21.414101102537593,21.414101102537593,False,True
pig_15,A1,1,A1_p1,2026-06-09 22:00:00,4,5,20.835221333333333,20.497491104929434,20.497491104929434,False,True
pig_15,A1,1,A1_p1,2026-06-09 22:30:00,4,5,17.74488225,20.129841106231023,20.129841106231023,False,True
pig_15,A1,1,A1_p1,2026-06-09 23:00:00,4,5,17.191698,19.11803589800242,19.11803589800242,False,True
pig_15,A1,1,A1_p1,2026-06-09 23:30:00,4,5,20.58431266666667,20.523856092997846,20.523856092997846,False,True
pig_15,A1,1,A1_p1,2026-06-10 00:00:00,4,5,17.514749333333334,19.981173668186237,19.981173668186237,False,True
pig_15,A1,1,A1_p1,2026-06-10 00:30:00,4,5,17.09345775,20.15438059761995,20.15438059761995,False,True
pig_15,A1,1,A1_p1,2026-06-10 01:00:00,4,5,17.039564000000002,20.59542098508368,20.59542098508368,False,True
pig_15,A1,1,A1_p1,2026-06-10 01:30:00,4,5,18.447524666666666,19.78610129245067,19.78610129245067,False,True
pig_15,A1,1,A1_p1,2026-06-10 02:00:00,4,5,16.635157999999997,20.97053707348224,20.97053707348224,False,True
pig_15,A1,1,A1_p1,2026-06-10 02:30:00,4,5,16.875729333333336,22.377513013771036,22.377513013771036,False,True
pig_15,A1,1,A1_p1,2026-06-10 03:00:00,4,5,15.8767935,24.790184637053535,24.790184637053535,False,True
pig_15,A1,1,A1_p1,2026-06-10 03:30:00,4,5,16.714888,25.12841464169097,25.12841464169097,False,True
pig_15,A1,1,A1_p1,2026-06-10 04:00:00,4,5,18.96274,23.178703309491024,23.178703309491024,False,True
pig_15,A1,1,A1_p1,2026-06-10 04:30:00,4,5,17.695329333333333,23.951755677546394,23.951755677546394,False,True
pig_15,A1,1,A1_p1,2026-06-10 05:00:00,4,5,17.326941,23.75501525532799,23.75501525532799,False,True
pig_15,A1,1,A1_p1,2026-06-10 05:30:00,4,5,17.296902666666668,23.13033259456609,23.13033259456609,False,True
pig_15,A1,1,A1_p1,2026-06-10 06:00:00,4,5,16.54455,23.349572755782148,23.349572755782148,False,True
pig_15,A1,1,A1_p1,2026-06-10 06:30:00,4,5,15.422127333333336,24.397745923115004,24.397745923115004,False,True
pig_15,A1,1,A1_p1,2026-06-10 07:00:00,4,5,14.933421333333332,25.19712532557611,25.19712532557611,False,True
pig_15,A1,1,A1_p1,2026-06-10 07:30:00,4,5,19.8636345,24.29130356866394,24.29130356866394,False,True
pig_15,A1,1,A1_p1,2026-06-10 08:00:00,4,5,21.2321,25.75642674898434,25.75642674898434,False,True
pig_15,B2,3,B2_p3,2026-06-15 11:00:00,0,5,29.129354393589104,34.84255928125739,34.84255928125739,True,False
pig_15,B2,3,B2_p3,2026-06-15 11:30:00,0,5,31.818651818303117,30.519820396381036,30.519820396381036,True,False
pig_15,B2,3,B2_p3,2026-06-15 12:00:00,0,5,36.1762742232538,31.028338847923663,31.028338847923663,True,False
pig_15,B2,3,B2_p3,2026-06-15 12:30:00,0,5,25.43562570898287,32.46129351171394,32.46129351171394,True,False
pig_15,B2,3,B2_p3,2026-06-15 13:30:00,0,5,33.329124325239995,28.445497718123754,28.445497718123754,True,False
pig_15,B2,3,B2_p3,2026-06-15 15:00:00,0,5,55.31747003846802,47.16370761846933,47.16370761846933,True,False
pig_15,B2,3,B2_p3,2026-06-15 15:30:00,0,5,38.299175904836645,39.31972142909968,39.31972142909968,True,False
pig_15,B2,3,B2_p3,2026-06-15 16:00:00,0,5,32.67771853342551,38.14938866139141,38.14938866139141,True,False
pig_15,B2,3,B2_p3,2026-06-15 16:30:00,0,5,28.17974228184957,45.486700219674006,45.486700219674006,True,False
pig_15,B2,3,B2_p3,2026-06-15 17:00:00,0,5,14.423965054797367,29.84394916851668,29.84394916851668,True,False
pig_15,B2,3,B2_p3,2026-06-15 17:30:00,0,5,17.50433907876063,29.78023905145927,29.78023905145927,True,False
pig_15,B2,3,B2_p3,2026-06-15 18:00:00,0,5,21.381483917354124,30.856540179646146,30.856540179646146,True,False
pig_15,B2,3,B2_p3,2026-06-15 18:30:00,0,5,22.39388527588948,32.40248298446785,32.40248298446785,True,False
pig_15,B2,3,B2_p3,2026-06-15 19:00:00,0,5,24.988482327893085,31.520046101079487,31.520046101079487,True,False
pig_15,B2,3,B2_p3,2026-06-15 19:30:00,0,5,25.369636425156337,31.8666631247474,31.8666631247474,True,False
pig_15,B2,3,B2_p3,2026-06-15 20:00:00,0,5,24.09081318110964,33.5080827815583,33.5080827815583,True,False
pig_15,B2,3,B2_p3,2026-06-15 20:30:00,0,5,22.50308325901802,34.36331617887831,34.36331617887831,True,False
pig_15,B2,3,B2_p3,2026-06-15 21:00:00,0,5,25.224362421486923,35.656776732979154,35.656776732979154,True,False
pig_15,B2,3,B2_p3,2026-06-15 21:30:00,0,5,22.33747512649589,31.249406341936968,31.249406341936968,True,False
pig_15,B2,3,B2_p3,2026-06-15 22:00:00,0,5,21.03592568544781,30.59446754605306,30.59446754605306,True,False
pig_15,B2,3,B2_p3,2026-06-15 22:30:00,0,5,18.957699146143923,28.555079707583793,28.555079707583793,True,False
pig_15,B2,3,B2_p3,2026-06-15 23:00:00,0,5,22.99428309122814,31.929856167054098,31.929856167054098,True,False
pig_15,B2,3,B2_p3,2026-06-15 23:30:00,0,5,19.04028933527271,31.919450544505597,31.919450544505597,True,False
pig_15,B2,3,B2_p3,2026-06-16 00:00:00,0,5,21.129312217342136,30.15900234072574,30.15900234072574,True,False
pig_15,B2,3,B2_p3,2026-06-16 00:30:00,0,5,21.497657778425843,29.847833665761577,29.847833665761577,True,False
pig_15,B2,3,B2_p3,2026-06-16 01:00:00,0,5,22.959397123261596,33.99668299558389,33.99668299558389,True,False
pig_15,B2,3,B2_p3,2026-06-16 01:30:00,0,5,20.413174369139096,30.54317634374108,30.54317634374108,True,False
pig_15,B2,3,B2_p3,2026-06-16 02:00:00,0,5,19.306178669333004,29.25704699303861,29.25704699303861,True,False
pig_15,B2,3,B2_p3,2026-06-16 02:30:00,0,5,19.83819989523922,27.761714878988897,27.761714878988897,True,False
pig_15,B2,3,B2_p3,2026-06-16 03:00:00,0,5,18.358502572165573,28.04393183083159,28.04393183083159,True,False
pig_15,B2,3,B2_p3,2026-06-16 03:30:00,0,5,20.107484075661187,27.972683763375322,27.972683763375322,True,False
pig_15,B2,3,B2_p3,2026-06-16 04:00:00,0,5,17.766416093110756,27.341020650028213,27.341020650028213,True,False
pig_15,B2,3,B2_p3,2026-06-16 04:30:00,0,5,16.69790878822385,27.44380956179264,27.44380956179264,True,False
pig_15,B2,3,B2_p3,2026-06-16 05:00:00,0,5,17.880487033808368,26.20787912467518,26.20787912467518,True,False
pig_15,B2,3,B2_p3,2026-06-16 05:30:00,0,5,18.244834949124076,25.654138870104944,25.654138870104944,True,False
pig_15,B2,3,B2_p3,2026-06-16 06:00:00,0,5,23.891419138294186,35.29523306182744,35.29523306182744,True,False
pig_15,B2,3,B2_p3,2026-06-16 06:30:00,0,5,30.092685548101866,38.266293774811906,38.266293774811906,True,False
pig_15,B2,3,B2_p3,2026-06-16 07:00:00,0,5,23.3471233149546,32.91474708122118,32.91474708122118,True,False
pig_15,B2,3,B2_p3,2026-06-16 07:30:00,0,5,22.982443630743052,32.76624010652198,32.76624010652198,True,False
pig_15,B2,3,B2_p3,2026-06-16 08:00:00,0,5,13.894513753193255,30.885136548020917,30.885136548020917,True,False
pig_15,B2,3,B2_p3,2026-06-16 10:00:00,1,5,52.8710023113949,49.50681347314578,49.50681347314578,True,False
pig_15,B2,3,B2_p3,2026-06-16 10:30:00,1,5,41.777829698601195,48.40919876040192,48.40919876040192,True,False
pig_15,B2,3,B2_p3,2026-06-16 11:00:00,1,5,24.64499259700014,30.767856354843314,30.767856354843314,True,False
pig_15,B2,3,B2_p3,2026-06-16 11:30:00,1,5,25.872400093889887,32.6770028013244,32.6770028013244,True,False
pig_15,B2,3,B2_p3,2026-06-16 12:00:00,1,5,46.54420970801621,52.2314491847768,52.2314491847768,True,False
pig_15,B2,3,B2_p3,2026-06-16 12:30:00,1,5,35.72178313351052,46.41098745293178,46.41098745293178,True,False
pig_15,B2,3,B2_p3,2026-06-16 13:00:00,1,5,30.975397693958122,33.50982597918534,33.50982597918534,True,False
pig_15,B2,3,B2_p3,2026-06-16 13:30:00,1,5,24.381060769770876,29.15500615368923,29.15500615368923,True,False
pig_15,B2,3,B2_p3,2026-06-16 14:00:00,1,5,26.690158416312237,31.131280206808036,31.131280206808036,True,False
pig_15,B2,3,B2_p3,2026-06-17 09:30:00,2,5,51.77718106787295,47.03418650238833,41.73983447248577,False,True
pig_15,B2,3,B2_p3,2026-06-17 10:00:00,2,5,30.347029510937922,32.927789251155716,29.221308479914825,False,True
pig_15,B2,3,B2_p3,2026-06-17 10:30:00,2,5,32.014393330314476,33.47956974072822,29.71097839902216,False,True
pig_15,B2,3,B2_p3,2026-06-17 11:00:00,2,5,31.265320164854245,33.3465007678281,29.592888190275957,False,True
pig_15,B2,3,B2_p3,2026-06-17 11:30:00,2,5,32.02030223616185,35.11359351355099,31.161070063693888,False,True
pig_15,B2,3,B2_p3,2026-06-17 12:00:00,2,5,30.677985312748646,32.29222524709001,28.657286046465792,False,True
pig_15,B2,3,B2_p3,2026-06-17 12:30:00,2,5,28.87870828583094,31.524137564086892,27.97565731781164,False,True
pig_15,B2,3,B2_p3,2026-06-17 13:00:00,2,5,28.2322332224485,35.98672899994165,31.935922004040492,False,True
pig_15,B2,3,B2_p3,2026-06-17 13:30:00,2,5,45.7261449678827,42.949456477473596,38.11489763859206,False,True
pig_15,B2,3,B2_p3,2026-06-17 14:00:00,2,5,27.431759755258188,33.701702658500075,29.90810716658821,False,True
pig_15,B2,3,B2_p3,2026-06-17 14:30:00,2,5,29.980274626123364,40.38858421915951,35.84228717977648,False,True
pig_15,B2,3,B2_p3,2026-06-17 15:30:00,2,5,58.40888601194092,56.70064635291751,50.31819978716023,False,True
pig_15,B2,3,B2_p3,2026-06-17 16:00:00,2,5,46.819835211449735,49.09595069197631,43.56951841929607,False,True
pig_15,B2,3,B2_p3,2026-06-17 16:30:00,2,5,29.915904219290915,33.32733823351615,29.575882665789774,False,True
pig_15,B2,3,B2_p3,2026-06-17 17:00:00,2,5,28.149168117954268,33.72381249782703,29.92772823590709,False,True
pig_15,B2,3,B2_p3,2026-06-17 17:30:00,2,5,32.58265740570784,34.00754690895222,30.17952439175029,False,True
pig_15,B2,3,B2_p3,2026-06-17 18:00:00,2,5,32.86667033765242,33.4896075933227,29.71988635166064,False,True
pig_15,B2,3,B2_p3,2026-06-17 18:30:00,2,5,35.10700577807964,34.29486787478129,30.434503385669345,False,True
pig_15,B2,3,B2_p3,2026-06-17 19:00:00,2,5,34.835417085652864,33.07669611563574,29.353453805207053,False,True
pig_15,B2,3,B2_p3,2026-06-17 19:30:00,2,5,30.8011711751017,32.41828720151127,28.76915797414449,False,True
pig_15,B2,3,B2_p3,2026-06-17 20:00:00,2,5,32.99910737466067,31.518620552370756,27.970761322516758,False,True
pig_15,B2,3,B2_p3,2026-06-17 20:30:00,2,5,32.35317220850319,32.24055740181087,28.61143413597528,False,True
pig_15,B2,3,B2_p3,2026-06-17 21:00:00,2,5,31.64992319881062,32.82225835994692,29.127656558656124,False,True
pig_15,B2,3,B2_p3,2026-06-17 21:30:00,2,5,27.879860845570363,31.703260686296396,28.134617640657666,False,True
pig_15,B2,3,B2_p3,2026-06-17 22:00:00,2,5,28.40684851168701,32.196182041923905,28.572053840193096,False,True
pig_15,B2,3,B2_p3,2026-06-17 22:30:00,2,5,30.11875166367706,31.949389485396374,28.353041219277927,False,True
pig_15,B2,3,B2_p3,2026-06-17 23:00:00,2,5,28.018752410169093,33.10329926017607,29.377062395726732,False,True
pig_15,B2,3,B2_p3,2026-06-17 23:30:00,2,5,33.61485951229548,32.86073599069249,29.161802996760922,False,True
pig_15,B2,3,B2_p3,2026-06-18 00:00:00,2,5,31.032746595671185,32.29023164012956,28.655516847703787,False,True
pig_15,B2,3,B2_p3,2026-06-18 00:30:00,2,5,30.927532085320266,30.38462227671984,26.96441032896125,False,True
pig_15,B2,3,B2_p3,2026-06-18 01:00:00,2,5,30.2992610278892,29.45982240060509,26.143709544708404,False,True
pig_15,B2,3,B2_p3,2026-06-18 01:30:00,2,5,27.110318236074917,29.884637675201283,26.520705950123606,False,True
pig_15,B2,3,B2_p3,2026-06-18 02:00:00,2,5,26.688452463638278,31.12045746790253,27.617417032445662,False,True
pig_15,B2,3,B2_p3,2026-06-18 02:30:00,2,5,29.49538296855264,30.325102735130194,26.911590539812696,False,True
pig_15,B2,3,B2_p3,2026-06-18 03:00:00,2,5,24.871979111705585,29.589394832883666,26.25869679712385,False,True
pig_15,B2,3,B2_p3,2026-06-18 03:30:00,2,5,25.924644271235692,28.267812672321035,25.085877094568275,False,True
pig_15,B2,3,B2_p3,2026-06-18 04:00:00,2,5,26.47687895759404,28.268564008406443,25.086543857324692,False,True
pig_15,B2,3,B2_p3,2026-06-18 04:30:00,2,5,25.213243551406826,27.3777334996771,24.29598871557657,False,True
pig_15,B2,3,B2_p3,2026-06-18 05:00:00,2,5,24.063212893225046,27.62535436287181,24.515736405720133,False,True
pig_15,B2,3,B2_p3,2026-06-18 05:30:00,2,5,27.896076723992905,29.837669732796122,26.479024903053617,False,True
pig_15,B2,3,B2_p3,2026-06-18 06:00:00,2,5,38.46664203628595,38.19014388566228,33.891311890490854,False,True
pig_15,B2,3,B2_p3,2026-06-18 06:30:00,2,5,28.177742978355056,26.265585729287288,23.309028648931058,False,True
pig_15,B2,3,B2_p3,2026-06-18 07:00:00,2,5,23.54727374079394,27.13728515792187,24.08260617980044,False,True
pig_15,B2,3,B2_p3,2026-06-18 07:30:00,2,5,24.336196890033726,28.791186950916376,25.550338316930798,False,True
pig_15,B2,3,B2_p3,2026-06-18 08:00:00,2,5,26.449520142353222,29.658278545775886,26.31982668982063,False,True
pig_15,B2,3,B2_p3,2026-06-18 09:00:00,3,5,57.52827419763918,56.05399391868585,49.744337080622515,False,True
pig_15,B2,3,B2_p3,2026-06-18 09:30:00,3,5,38.70713275090824,37.943021454237346,33.672006526687206,False,True
pig_15,B2,3,B2_p3,2026-06-18 10:00:00,3,5,30.52762677296964,34.541164756751904,30.65307612709478,False,True
pig_15,B2,3,B2_p3,2026-06-18 10:30:00,3,5,32.00472028335251,32.90296710145553,29.199280408488857,False,True
pig_15,B2,3,B2_p3,2026-06-18 11:00:00,3,5,33.486549306941164,46.139336783199354,40.94571253833046,False,True
pig_15,B2,3,B2_p3,2026-06-18 11:30:00,3,5,31.46229484105909,37.58967453259895,33.358433716837496,False,True
pig_15,B2,3,B2_p3,2026-06-18 12:00:00,3,5,28.20732399493896,32.889344714018605,29.18719141027246,False,True
pig_15,B2,3,B2_p3,2026-06-18 12:30:00,3,5,27.964772711913092,31.381242502207925,27.848847083101603,False,True
pig_15,B2,3,B2_p3,2026-06-18 13:00:00,3,5,33.352840671289016,37.98562884446295,33.7098178623894,False,True
pig_15,B2,3,B2_p3,2026-06-18 13:30:00,3,5,34.22775573459884,35.13793058458651,31.18266765880731,False,True
pig_15,B2,3,B2_p3,2026-06-18 14:00:00,3,5,31.942780042977766,39.38001264167346,34.9472443645726,False,True
pig_15,B2,3,B2_p3,2026-06-18 19:00:00,3,5,29.733368085791383,33.32092652163813,29.570192681283288,False,True
pig_15,B2,3,B2_p3,2026-06-18 19:30:00,3,5,30.016760767792213,34.13106535730741,30.289139120355884,False,True
pig_15,B2,3,B2_p3,2026-06-18 20:00:00,3,5,33.392299230307316,33.54325860754042,29.76749819783587,False,True
pig_15,B2,3,B2_p3,2026-06-18 20:30:00,3,5,32.049923121908016,33.59730979169289,29.815465169252523,False,True
pig_15,B2,3,B2_p3,2026-06-18 21:00:00,3,5,32.831875440958136,33.32589326809034,29.57460035132498,False,True
pig_15,B2,3,B2_p3,2026-06-18 21:30:00,3,5,33.897945446616404,34.016498379648986,30.187468249887374,False,True
pig_15,B2,3,B2_p3,2026-06-18 22:00:00,3,5,30.434443640012248,33.65637077639394,29.86787801846974,False,True
pig_15,B2,3,B2_p3,2026-06-18 22:30:00,3,5,29.24297116978802,34.056471713615004,30.22294202900696,False,True
pig_15,B2,3,B2_p3,2026-06-18 23:00:00,3,5,30.325605607720547,32.87692749615705,29.176171923029415,False,True
pig_15,B2,3,B2_p3,2026-06-18 23:30:00,3,5,32.04309488188471,33.85471702370921,30.043897636258983,False,True
pig_15,B2,3,B2_p3,2026-06-19 00:00:00,3,5,30.998249106172125,31.112909665327855,27.610718840055704,False,True
pig_15,B2,3,B2_p3,2026-06-19 00:30:00,3,5,27.598541948034992,32.464408486701686,28.810087667047938,False,True
pig_15,B2,3,B2_p3,2026-06-19 01:00:00,3,5,28.78249622542454,31.530792496131816,27.981563144671572,False,True
pig_15,B2,3,B2_p3,2026-06-19 01:30:00,3,5,25.27826064752817,29.925701922179975,26.557147844819514,False,True
pig_15,B2,3,B2_p3,2026-06-19 02:00:00,3,5,25.96640433382308,29.70707359991067,26.363129181776316,False,True
pig_15,B2,3,B2_p3,2026-06-19 02:30:00,3,5,27.074580078059544,30.113313913250348,26.72364149623907,False,True
pig_15,B2,3,B2_p3,2026-06-19 03:00:00,3,5,25.631490613994544,28.39061440361148,25.194855782585712,False,True
pig_15,B2,3,B2_p3,2026-06-19 03:30:00,3,5,23.368123531263514,28.754856531686432,25.518097391813555,False,True
pig_15,B2,3,B2_p3,2026-06-19 04:00:00,3,5,25.644176674930975,27.40735271815972,24.32227387895675,False,True
pig_15,B2,3,B2_p3,2026-06-19 04:30:00,3,5,25.67059084092594,26.779762256249764,23.76532745456601,False,True
pig_15,B2,3,B2_p3,2026-06-19 05:00:00,3,5,22.847745442962154,27.43480758917765,24.346638322289763,False,True
pig_15,B2,3,B2_p3,2026-06-19 05:30:00,3,5,23.35927941904063,27.422250105545015,24.33549435813954,False,True
pig_15,B2,3,B2_p3,2026-06-19 06:00:00,3,5,25.38134150860273,33.08058300827655,29.35690317400673,False,True
pig_15,B2,3,B2_p3,2026-06-19 06:30:00,3,5,31.94533288281697,30.954622433256322,27.470249038043967,False,True
pig_15,B2,3,B2_p3,2026-06-19 07:00:00,3,5,23.25262451122842,26.783490678424116,23.768636190954872,False,True
pig_15,B2,3,B2_p3,2026-06-19 07:30:00,3,5,24.83738950932907,29.7105674867713,26.366229783063865,False,True
pig_15,B2,3,B2_p3,2026-06-19 08:00:00,3,5,37.91569931447545,39.286384168527775,34.8641550786377,False,True
pig_15,B2,3,B2_p3,2026-06-19 08:30:00,3,5,33.17250966753779,32.54503580081339,28.88163925527011,False,True
pig_15,B2,3,B2_p3,2026-06-19 09:00:00,4,5,26.30684122182188,28.331253865425456,28.331253865425456,False,True
pig_15,B2,3,B2_p3,2026-06-19 09:30:00,4,5,29.919002321889977,43.504161269294926,43.504161269294926,False,True
pig_15,B2,3,B2_p3,2026-06-19 10:00:00,4,5,35.04375507883324,28.647029612350693,28.647029612350693,False,True
pig_15,B2,3,B2_p3,2026-06-19 10:30:00,4,5,24.34197748205103,24.12770416686508,24.12770416686508,False,True
pig_15,B2,3,B2_p3,2026-06-19 11:00:00,4,5,23.779614531076515,26.18842914358541,26.18842914358541,False,True
pig_15,B2,3,B2_p3,2026-06-19 11:30:00,4,5,22.702928270425915,23.906649904150218,23.906649904150218,False,True
pig_15,B2,3,B2_p3,2026-06-19 12:00:00,4,5,22.84517454219827,25.982046135556203,25.982046135556203,False,True
pig_15,B2,3,B2_p3,2026-06-19 12:30:00,4,5,27.83080806917096,26.4824180373631,26.4824180373631,False,True
pig_15,B2,3,B2_p3,2026-06-19 13:00:00,4,5,31.070727274970885,27.53201020001485,27.53201020001485,False,True
pig_15,B2,3,B2_p3,2026-06-19 13:30:00,4,5,33.90263028602118,33.74263989178508,33.74263989178508,False,True
pig_15,B2,3,B2_p3,2026-06-19 14:00:00,4,5,36.8444214714547,30.83117506560612,30.83117506560612,False,True
pig_15,B1,5,B1_p5,2026-06-25 16:00:00,0,5,57.33182615816686,47.22284709956975,47.22284709956975,True,False
pig_15,B1,5,B1_p5,2026-06-25 16:30:00,0,5,51.473460757101904,45.853948968884374,45.853948968884374,True,False
pig_15,B1,5,B1_p5,2026-06-25 17:00:00,0,5,47.73732561285968,42.98515067853649,42.98515067853649,True,False
pig_15,B1,5,B1_p5,2026-06-25 17:30:00,0,5,47.148149026056224,41.23213236392908,41.23213236392908,True,False
pig_15,B1,5,B1_p5,2026-06-25 18:00:00,0,5,47.12432663170849,43.38125122137785,43.38125122137785,True,False
pig_15,B1,5,B1_p5,2026-06-25 18:30:00,0,5,49.101591708911045,44.398854894031,44.398854894031,True,False
pig_15,B1,5,B1_p5,2026-06-25 19:00:00,0,5,48.87005934982365,41.740264448222646,41.740264448222646,True,False
pig_15,B1,5,B1_p5,2026-06-25 19:30:00,0,5,47.70720468363148,41.92758383064949,41.92758383064949,True,False
pig_15,B1,5,B1_p5,2026-06-25 20:00:00,0,5,47.951108073492506,42.11913546293542,42.11913546293542,True,False
pig_15,B1,5,B1_p5,2026-06-25 20:30:00,0,5,53.1672224933081,42.83141982407594,42.83141982407594,True,False
pig_15,B1,5,B1_p5,2026-06-25 21:00:00,0,5,48.72733984658022,42.628179808671774,42.628179808671774,True,False
pig_15,B1,5,B1_p5,2026-06-25 21:30:00,0,5,44.889887586972954,41.470135922862724,41.470135922862724,True,False
pig_15,B1,5,B1_p5,2026-06-25 22:00:00,0,5,45.73413491590882,41.78721839064353,41.78721839064353,True,False
pig_15,B1,5,B1_p5,2026-06-25 22:30:00,0,5,46.1741211827272,44.4605782383342,44.4605782383342,True,False
pig_15,B1,5,B1_p5,2026-06-25 23:00:00,0,5,53.15594959503201,46.519702887718225,46.519702887718225,True,False
pig_15,B1,5,B1_p5,2026-06-25 23:30:00,0,5,48.04709370033996,42.93495365049549,42.93495365049549,True,False
pig_15,B1,5,B1_p5,2026-06-26 00:00:00,0,5,44.55823790166027,40.51582534360863,40.51582534360863,True,False
pig_15,B1,5,B1_p5,2026-06-26 00:30:00,0,5,47.57203837647432,42.35021045072142,42.35021045072142,True,False
pig_15,B1,5,B1_p5,2026-06-26 01:00:00,0,5,46.03039987025356,41.20332406123401,41.20332406123401,True,False
pig_15,B1,5,B1_p5,2026-06-26 01:30:00,0,5,44.48465342909183,41.09740880074239,41.09740880074239,True,False
pig_15,B1,5,B1_p5,2026-06-26 02:00:00,0,5,47.649721416078535,44.239758543640576,44.239758543640576,True,False
pig_15,B1,5,B1_p5,2026-06-26 02:30:00,0,5,49.36116673673098,41.86473972315325,41.86473972315325,True,False
pig_15,B1,5,B1_p5,2026-06-26 03:00:00,0,5,45.11417759659226,42.20580164563301,42.20580164563301,True,False
pig_15,B1,5,B1_p5,2026-06-26 03:30:00,0,5,44.58677307021249,42.60515134823419,42.60515134823419,True,False
pig_15,B1,5,B1_p5,2026-06-26 04:00:00,0,5,45.876935918233194,43.32913288210429,43.32913288210429,True,False
pig_15,B1,5,B1_p5,2026-06-26 04:30:00,0,5,41.09702317994954,40.0191692399611,40.0191692399611,True,False
pig_15,B1,5,B1_p5,2026-06-26 05:00:00,0,5,41.566889317505854,38.38288599094875,38.38288599094875,True,False
pig_15,B1,5,B1_p5,2026-06-26 05:30:00,0,5,42.18438301344634,37.137329029988514,37.137329029988514,True,False
pig_15,B1,5,B1_p5,2026-06-26 06:00:00,0,5,39.249516184379324,37.61762647986133,37.61762647986133,True,False
pig_15,B1,5,B1_p5,2026-06-26 06:30:00,0,5,42.84771317256858,39.939835311304094,39.939835311304094,True,False
pig_15,B1,5,B1_p5,2026-06-26 07:00:00,0,5,42.83237496887054,38.699977932720756,38.699977932720756,True,False
pig_15,B1,5,B1_p5,2026-06-26 07:30:00,0,5,42.840461937583996,45.36329334055433,45.36329334055433,True,False
pig_15,B1,5,B1_p5,2026-06-26 08:00:00,0,5,51.248986164756374,47.037552963314,47.037552963314,True,False
pig_15,B1,5,B1_p5,2026-06-26 10:00:00,1,5,53.7232988605098,48.420592593808735,48.420592593808735,True,False
pig_15,B1,5,B1_p5,2026-06-26 10:30:00,1,5,54.57279159801594,49.289389103780074,49.289389103780074,True,False
pig_15,B1,5,B1_p5,2026-06-26 11:00:00,1,5,65.43089554502961,55.682999060993424,55.682999060993424,True,False
pig_15,B1,5,B1_p5,2026-06-26 11:30:00,1,5,52.40124196180558,46.45717381364173,46.45717381364173,True,False
pig_15,B1,5,B1_p5,2026-06-26 12:00:00,1,5,50.76233258236682,43.44948728938638,43.44948728938638,True,False
pig_15,B1,5,B1_p5,2026-06-26 12:30:00,1,5,61.494201564481415,54.00582069045731,54.00582069045731,True,False
pig_15,B1,5,B1_p5,2026-06-26 13:00:00,1,5,64.74498612073153,48.320357180103755,48.320357180103755,True,False
pig_15,B1,5,B1_p5,2026-06-26 16:00:00,1,5,65.34382389674181,58.03160151689329,58.03160151689329,True,False
pig_15,B1,5,B1_p5,2026-06-26 16:30:00,1,5,55.91223362332843,47.2577659804795,47.2577659804795,True,False
pig_15,B1,5,B1_p5,2026-06-26 17:00:00,1,5,53.98954300837119,46.49396657966012,46.49396657966012,True,False
pig_15,B1,5,B1_p5,2026-06-26 17:30:00,1,5,54.54427540372819,47.84126728591326,47.84126728591326,True,False
pig_15,B1,5,B1_p5,2026-06-26 18:00:00,1,5,61.540178927479076,47.473081200155974,47.473081200155974,True,False
pig_15,B1,5,B1_p5,2026-06-26 18:30:00,1,5,56.6914739352917,45.75359390907045,45.75359390907045,True,False
pig_15,B1,5,B1_p5,2026-06-26 19:00:00,1,5,52.884375457319905,45.8282479077588,45.8282479077588,True,False
pig_15,B1,5,B1_p5,2026-06-26 19:30:00,1,5,54.26862727865023,45.71269711441149,45.71269711441149,True,False
pig_15,B1,5,B1_p5,2026-06-26 20:00:00,1,5,52.645953246779655,45.4812044408029,45.4812044408029,True,False
pig_15,B1,5,B1_p5,2026-06-26 20:30:00,1,5,54.70218798646638,46.141199007065595,46.141199007065595,True,False
pig_15,B1,5,B1_p5,2026-06-26 21:00:00,1,5,58.57257041216393,48.39560642406683,48.39560642406683,True,False
pig_15,B1,5,B1_p5,2026-06-26 21:30:00,1,5,60.07344425712347,46.44226076521855,46.44226076521855,True,False
pig_15,B1,5,B1_p5,2026-06-26 22:00:00,1,5,55.08901517163425,46.19150791914076,46.19150791914076,True,False
pig_15,B1,5,B1_p5,2026-06-26 22:30:00,1,5,56.18626905575119,45.53763965733025,45.53763965733025,True,False
pig_15,B1,5,B1_p5,2026-06-26 23:00:00,1,5,53.01760395960075,43.454072163252405,43.454072163252405,True,False
pig_15,B1,5,B1_p5,2026-06-26 23:30:00,1,5,55.98625041279979,47.48409296559234,47.48409296559234,True,False
pig_15,B1,5,B1_p5,2026-06-27 00:00:00,1,5,55.685680336016944,41.97228981324862,41.97228981324862,True,False
pig_15,B1,5,B1_p5,2026-06-27 00:30:00,1,5,52.83119459734003,45.42367914553808,45.42367914553808,True,False
pig_15,B1,5,B1_p5,2026-06-27 01:00:00,1,5,48.42385223161353,45.09966400508094,45.09966400508094,True,False
pig_15,B1,5,B1_p5,2026-06-27 01:30:00,1,5,48.81732000095961,45.29502712112243,45.29502712112243,True,False
pig_15,B1,5,B1_p5,2026-06-27 02:00:00,1,5,48.88667245631231,44.49688179002396,44.49688179002396,True,False
pig_15,B1,5,B1_p5,2026-06-27 02:30:00,1,5,45.99225076127231,44.169808757716694,44.169808757716694,True,False
pig_15,B1,5,B1_p5,2026-06-27 03:00:00,1,5,45.71488600177078,43.83598900546617,43.83598900546617,True,False
pig_15,B1,5,B1_p5,2026-06-27 03:30:00,1,5,47.16604863953246,42.46785593352547,42.46785593352547,True,False
pig_15,B1,5,B1_p5,2026-06-27 04:00:00,1,5,46.44282558596983,40.93667832410627,40.93667832410627,True,False
pig_15,B1,5,B1_p5,2026-06-27 04:30:00,1,5,47.84225524657424,41.56184697075786,41.56184697075786,True,False
pig_15,B1,5,B1_p5,2026-06-27 05:00:00,1,5,48.921289019739774,43.980247340801725,43.980247340801725,True,False
pig_15,B1,5,B1_p5,2026-06-27 05:30:00,1,5,53.401527317524796,44.88063005011258,44.88063005011258,True,False
pig_15,B1,5,B1_p5,2026-06-27 06:00:00,1,5,47.13955798650598,43.547190681324594,43.547190681324594,True,False
pig_15,B1,5,B1_p5,2026-06-27 06:30:00,1,5,48.51488853203314,42.80764832759841,42.80764832759841,True,False
pig_15,B1,5,B1_p5,2026-06-27 07:00:00,1,5,43.26817971299168,36.86254681382426,36.86254681382426,True,False
pig_15,B1,5,B1_p5,2026-06-27 07:30:00,1,5,44.58066309693673,44.748059674051916,44.748059674051916,True,False
pig_15,B1,5,B1_p5,2026-06-27 08:00:00,1,5,56.17526898606957,53.05743329419038,53.05743329419038,True,False
pig_15,B1,5,B1_p5,2026-06-27 10:30:00,2,5,59.18703962459325,49.73386564124179,53.082039670412776,False,True
pig_15,B1,5,B1_p5,2026-06-27 11:00:00,2,5,55.86357353896443,48.5275246275002,51.79448559188211,False,True
pig_15,B1,5,B1_p5,2026-06-27 11:30:00,2,5,56.2953956674545,49.21541274099614,52.52868358068911,False,True
pig_15,B1,5,B1_p5,2026-06-27 12:00:00,2,5,52.91995986955318,48.485508671514964,51.74964104554246,False,True
pig_15,B1,5,B1_p5,2026-06-27 12:30:00,2,5,58.69691999180476,54.46856704811559,58.13548976255322,False,True
pig_15,B1,5,B1_p5,2026-06-27 13:00:00,2,5,57.22260886300931,54.19686127234081,57.84549226120483,False,True
pig_15,B1,5,B1_p5,2026-06-27 13:30:00,2,5,56.791288842847194,50.66907322635779,54.080207126192285,False,True
pig_15,B1,5,B1_p5,2026-06-27 14:00:00,2,5,58.35285838712798,50.225018098250835,53.60625740155079,False,True
pig_15,B1,5,B1_p5,2026-06-27 14:30:00,2,5,64.9362685140566,56.10113320434895,59.87796323314326,False,True
pig_15,B1,5,B1_p5,2026-06-27 16:00:00,2,5,56.92811223240477,52.05755569579549,55.56216475353679,False,True
pig_15,B1,5,B1_p5,2026-06-27 16:30:00,2,5,52.47135634633551,47.50847145844435,50.70682791539485,False,True
pig_15,B1,5,B1_p5,2026-06-27 17:00:00,2,5,52.41605105000981,47.402759067125444,50.59399877417903,False,True
pig_15,B1,5,B1_p5,2026-06-27 17:30:00,2,5,52.67844470209246,48.51132089128847,51.777190990762534,False,True
pig_15,B1,5,B1_p5,2026-06-27 18:00:00,2,5,48.78134721964119,45.69699750445545,48.773402249648484,False,True
pig_15,B1,5,B1_p5,2026-06-27 18:30:00,2,5,45.38670521698082,47.79394179721865,51.01151663508644,False,True
pig_15,B1,5,B1_p5,2026-06-27 19:00:00,2,5,45.54088145588531,47.78311680551164,50.999962885306196,False,True
pig_15,B1,5,B1_p5,2026-06-27 19:30:00,2,5,45.401612107684095,47.40545519643669,50.596876411805034,False,True
pig_15,B1,5,B1_p5,2026-06-27 20:00:00,2,5,58.30002483648431,53.52753254740598,57.13110311265501,False,True
pig_15,B1,5,B1_p5,2026-06-27 20:30:00,2,5,41.98008877980314,46.05796295367044,49.158668547528805,False,True
pig_15,B1,5,B1_p5,2026-06-27 21:00:00,2,5,40.498070540859906,45.75313488301907,48.83331889834422,False,True
pig_15,B1,5,B1_p5,2026-06-27 21:30:00,2,5,43.27333213706932,45.400459749755875,48.45690103552036,False,True
pig_15,B1,5,B1_p5,2026-06-27 22:00:00,2,5,43.33186857502975,46.389433063803104,49.51245382660888,False,True
pig_15,B1,5,B1_p5,2026-06-27 22:30:00,2,5,43.01258507899934,45.291376826298766,48.34047445183022,False,True
pig_15,B1,5,B1_p5,2026-06-27 23:00:00,2,5,41.51259768052847,45.08492625545497,48.12012525415146,False,True
pig_15,B1,5,B1_p5,2026-06-27 23:30:00,2,5,39.93205371926537,47.211771015186116,50.39015306021925,False,True
pig_15,B1,5,B1_p5,2026-06-28 00:00:00,2,5,41.42964612982827,44.95387135037008,47.98024749518335,False,True
pig_15,B1,5,B1_p5,2026-06-28 00:30:00,2,5,37.2906481352857,41.856013918030506,44.67383668241978,False,True
pig_15,B1,5,B1_p5,2026-06-28 01:00:00,2,5,41.561633737666725,43.78331746337384,46.73088979767181,False,True
pig_15,B1,5,B1_p5,2026-06-28 01:30:00,2,5,43.146562982958386,43.88551055614367,46.83996271477785,False,True
pig_15,B1,5,B1_p5,2026-06-28 02:00:00,2,5,40.852004479345425,43.15151822383008,46.0565566875307,False,True
pig_15,B1,5,B1_p5,2026-06-28 02:30:00,2,5,42.30356874350795,44.659314509606205,47.66586055370954,False,True
pig_15,B1,5,B1_p5,2026-06-28 03:00:00,2,5,45.492212924694364,44.46038682841252,47.45354070025519,False,True
pig_15,B1,5,B1_p5,2026-06-28 03:30:00,2,5,39.17249322236122,43.863867097701416,46.81686217946205,False,True
pig_15,B1,5,B1_p5,2026-06-28 04:00:00,2,5,42.661917415147,45.28045246514449,48.32881464287129,False,True
pig_15,B1,5,B1_p5,2026-06-28 04:30:00,2,5,41.002857699115395,42.41484065461926,45.27028464836862,False,True
pig_15,B1,5,B1_p5,2026-06-28 05:00:00,2,5,36.302089533946294,39.99509370471814,42.68763594549968,False,True
pig_15,B1,5,B1_p5,2026-06-28 05:30:00,2,5,37.40835306550782,40.129606422931566,42.83120430384702,False,True
pig_15,B1,5,B1_p5,2026-06-28 06:00:00,2,5,36.806424037837346,40.403681260921296,43.12373035697506,False,True
pig_15,B1,5,B1_p5,2026-06-28 06:30:00,2,5,34.429804063472375,35.80785484774009,38.21850457495752,False,True
pig_15,B1,5,B1_p5,2026-06-28 07:00:00,2,5,36.808063328614715,43.98967857046976,46.95114350874093,False,True
pig_15,B1,5,B1_p5,2026-06-28 07:30:00,2,5,43.76355289753562,45.58534960782204,48.654238014136126,False,True
pig_15,B1,5,B1_p5,2026-06-28 08:00:00,2,5,39.10537287727935,46.22136472089802,49.33307081806129,False,True
pig_15,B1,5,B1_p5,2026-06-28 10:30:00,3,5,59.498081299048536,48.65980084287675,51.93566688196561,False,True
pig_15,B1,5,B1_p5,2026-06-28 11:00:00,3,5,52.24163296466266,44.466657974918874,47.46023403171731,False,True
pig_15,B1,5,B1_p5,2026-06-28 11:30:00,3,5,51.283293995533654,48.131176583174984,51.371454678421095,False,True
pig_15,B1,5,B1_p5,2026-06-28 12:00:00,3,5,53.28925367631754,50.50376440569012,53.90376941592361,False,True
pig_15,B1,5,B1_p5,2026-06-28 12:30:00,3,5,49.67407453198415,46.36050521932548,49.48157850717932,False,True
pig_15,B1,5,B1_p5,2026-06-28 13:00:00,3,5,52.068776102460944,46.381195191182684,49.50366136546398,False,True
pig_15,B1,5,B1_p5,2026-06-28 13:30:00,3,5,50.694285966761925,51.71592852690425,55.19753862408231,False,True
pig_15,B1,5,B1_p5,2026-06-28 14:00:00,3,5,54.133363727872705,51.29689529424719,54.75029531427053,False,True
pig_15,B1,5,B1_p5,2026-06-28 14:30:00,3,5,58.05686655734095,54.691351684951684,58.373272665169296,False,True
pig_15,B1,5,B1_p5,2026-06-28 16:00:00,3,5,57.309697205771734,56.62320896738093,60.43518608334621,False,True
pig_15,B1,5,B1_p5,2026-06-28 16:30:00,3,5,52.650616477637044,52.31173580851383,55.833456732408365,False,True
pig_15,B1,5,B1_p5,2026-06-28 17:00:00,3,5,53.573682917836365,49.31082984743975,52.63052433978093,False,True
pig_15,B1,5,B1_p5,2026-06-28 17:30:00,3,5,58.12572175577376,51.57358941258831,55.04561698245336,False,True
pig_15,B1,5,B1_p5,2026-06-28 18:00:00,3,5,51.85198447304337,48.622631581907875,51.89599531894048,False,True
pig_15,B1,5,B1_p5,2026-06-28 18:30:00,3,5,52.03590332904789,48.579620991424996,51.850089177505,False,True
pig_15,B1,5,B1_p5,2026-06-28 19:00:00,3,5,51.67551366714967,49.39534569054852,52.720729942720396,False,True
pig_15,B1,5,B1_p5,2026-06-28 19:30:00,3,5,51.86142120976508,48.08484907728067,51.32200832081334,False,True
pig_15,B1,5,B1_p5,2026-06-28 20:00:00,3,5,47.69008918544088,46.897826090415386,50.05507279376225,False,True
pig_15,B1,5,B1_p5,2026-06-28 20:30:00,3,5,44.7243040478776,48.256834897707634,51.505572538574086,False,True
pig_15,B1,5,B1_p5,2026-06-28 21:00:00,3,5,45.71978644586422,41.47492871799105,44.26709613560158,False,True
pig_15,B1,5,B1_p5,2026-06-29 07:30:00,3,5,36.51806903821227,39.113320836584485,41.74650052875559,False,True
pig_15,B1,5,B1_p5,2026-06-29 08:00:00,3,5,57.01445077353304,49.631875677081084,52.9731835569022,False,True
pig_15,B1,5,B1_p5,2026-06-29 09:30:00,4,5,40.693456195549935,38.44503224001548,38.44503224001548,False,True
pig_15,B1,5,B1_p5,2026-06-29 10:00:00,4,5,45.87591721733702,46.44450052445598,46.44450052445598,False,True
pig_15,B1,5,B1_p5,2026-06-29 10:30:00,4,5,38.870946689006175,39.08912205002278,39.08912205002278,False,True
pig_15,B1,5,B1_p5,2026-06-29 11:00:00,4,5,34.673315327753315,34.73300313356589,34.73300313356589,False,True
pig_15,B1,5,B1_p5,2026-06-29 11:30:00,4,5,42.63663203584886,38.07456319133845,38.07456319133845,False,True
pig_15,B1,5,B1_p5,2026-06-29 14:30:00,4,5,52.395711877879734,47.22488391984283,47.22488391984283,False,True
pig_15,B1,5,B1_p5,2026-06-29 15:00:00,4,5,43.155585932042925,41.97159655299602,41.97159655299602,False,True
pig_15,B1,5,B1_p5,2026-06-29 16:00:00,4,5,40.18856272244405,40.87322302704503,40.87322302704503,False,True
pig_15,B1,5,B1_p5,2026-06-29 16:30:00,4,5,41.17098743391513,37.091291510196115,37.091291510196115,False,True
pig_15,B1,5,B1_p5,2026-06-29 17:00:00,4,5,38.37185719196734,38.10762326828618,38.10762326828618,False,True
pig_15,B1,5,B1_p5,2026-06-29 17:30:00,4,5,35.664920865942236,29.631205967499916,29.631205967499916,False,True
pig_15,B1,5,B1_p5,2026-06-29 18:00:00,4,5,32.82153331929264,30.12124226668839,30.12124226668839,False,True
pig_15,B1,5,B1_p5,2026-06-29 18:30:00,4,5,32.46612239371142,30.029834792833086,30.029834792833086,False,True
pig_15,B1,5,B1_p5,2026-06-29 19:00:00,4,5,33.656925332665224,30.768288050093474,30.768288050093474,False,True
pig_15,B1,5,B1_p5,2026-06-29 19:30:00,4,5,35.00059669914452,33.56614471439733,33.56614471439733,False,True
pig_15,B1,5,B1_p5,2026-06-29 20:00:00,4,5,32.31515725557469,35.33715458934838,35.33715458934838,False,True
pig_15,B1,5,B1_p5,2026-06-29 20:30:00,4,5,34.07731789358351,36.63755278365406,36.63755278365406,False,True
pig_15,B1,5,B1_p5,2026-06-29 21:00:00,4,5,35.77249251779204,38.480313397794994,38.480313397794994,False,True
pig_15,B1,5,B1_p5,2026-06-29 21:30:00,4,5,34.80565332228808,34.767785364368,34.767785364368,False,True
pig_15,B1,5,B1_p5,2026-06-29 22:00:00,4,5,34.85998971128435,37.49579042391167,37.49579042391167,False,True
pig_15,B1,5,B1_p5,2026-06-29 22:30:00,4,5,34.73517302563554,36.725905974117,36.725905974117,False,True
pig_15,B1,5,B1_p5,2026-06-29 23:00:00,4,5,33.28325476852813,38.36834896153304,38.36834896153304,False,True
pig_15,B1,5,B1_p5,2026-06-29 23:30:00,4,5,34.13114318808574,36.421017110309904,36.421017110309904,False,True
pig_15,B1,5,B1_p5,2026-06-30 00:00:00,4,5,35.688625372618596,30.765109471607413,30.765109471607413,False,True
pig_15,B1,5,B1_p5,2026-06-30 00:30:00,4,5,30.972891245234507,33.0806890124818,33.0806890124818,False,True
pig_15,B1,5,B1_p5,2026-06-30 01:00:00,4,5,34.153678219567844,30.68960178490491,30.68960178490491,False,True
pig_15,B1,5,B1_p5,2026-06-30 01:30:00,4,5,31.32295213190787,29.972744744734744,29.972744744734744,False,True
pig_15,B1,5,B1_p5,2026-06-30 02:00:00,4,5,31.075653315459846,29.553682770266356,29.553682770266356,False,True
pig_15,B1,5,B1_p5,2026-06-30 02:30:00,4,5,32.87024715515413,27.991200329093534,27.991200329093534,False,True
pig_15,B1,5,B1_p5,2026-06-30 03:00:00,4,5,30.160349588764987,28.069230058471028,28.069230058471028,False,True
pig_15,B1,5,B1_p5,2026-06-30 03:30:00,4,5,31.19250826108602,30.1273023434986,30.1273023434986,False,True
pig_15,B1,5,B1_p5,2026-06-30 04:00:00,4,5,30.996931786520406,29.965855464309634,29.965855464309634,False,True
pig_15,B1,5,B1_p5,2026-06-30 04:30:00,4,5,29.282524643098846,29.825765330872002,29.825765330872002,False,True
pig_15,B1,5,B1_p5,2026-06-30 05:00:00,4,5,30.628426237990787,29.860464923477593,29.860464923477593,False,True
pig_15,B1,5,B1_p5,2026-06-30 05:30:00,4,5,31.33186721082729,30.224519690449085,30.224519690449085,False,True
pig_15,B1,5,B1_p5,2026-06-30 06:00:00,4,5,29.71009833945845,29.298889516830748,29.298889516830748,False,True
pig_15,B1,5,B1_p5,2026-06-30 06:30:00,4,5,29.837176499385905,29.616206815361522,29.616206815361522,False,True
pig_15,B1,5,B1_p5,2026-06-30 07:00:00,4,5,34.574408914578065,30.92229913717458,30.92229913717458,False,True
pig_15,B1,5,B1_p5,2026-06-30 07:30:00,4,5,34.44672223096106,33.023250879651634,33.023250879651634,False,True
pig_16,A1,2,A1_p2,2026-06-10 11:00:00,0,4,27.640782792009,31.46543440855137,31.46543440855137,True,False
pig_16,A1,2,A1_p2,2026-06-10 11:30:00,0,4,24.649134085305775,30.279404448126535,30.279404448126535,True,False
pig_16,A1,2,A1_p2,2026-06-10 12:00:00,0,4,23.559463151456022,32.516875748831396,32.516875748831396,True,False
pig_16,A1,2,A1_p2,2026-06-10 12:30:00,0,4,29.87359810094027,33.21219075012901,33.21219075012901,True,False
pig_16,A1,2,A1_p2,2026-06-10 13:00:00,0,4,24.424951530218785,34.26834063006382,34.26834063006382,True,False
pig_16,A1,2,A1_p2,2026-06-10 16:00:00,0,4,28.93600030536547,29.820699657833796,29.820699657833796,True,False
pig_16,A1,2,A1_p2,2026-06-10 16:30:00,0,4,33.52521714063688,30.13655209880632,30.13655209880632,True,False
pig_16,A1,2,A1_p2,2026-06-10 17:00:00,0,4,27.90301624425485,26.743811473055622,26.743811473055622,True,False
pig_16,A1,2,A1_p2,2026-06-10 17:30:00,0,4,30.200533514575824,27.688509806488334,27.688509806488334,True,False
pig_16,A1,2,A1_p2,2026-06-10 18:00:00,0,4,24.42000438768998,26.68046907500222,26.68046907500222,True,False
pig_16,A1,2,A1_p2,2026-06-10 18:30:00,0,4,17.83706167296272,27.78448878524096,27.78448878524096,True,False
pig_16,A1,2,A1_p2,2026-06-10 19:00:00,0,4,21.230109913707135,26.84692721862934,26.84692721862934,True,False
pig_16,A1,2,A1_p2,2026-06-10 19:30:00,0,4,18.59865569891728,26.690068524964133,26.690068524964133,True,False
pig_16,A1,2,A1_p2,2026-06-10 20:00:00,0,4,23.081041764612383,26.864199523013454,26.864199523013454,True,False
pig_16,A1,2,A1_p2,2026-06-10 20:30:00,0,4,18.82951036461209,26.315404028841375,26.315404028841375,True,False
pig_16,A1,2,A1_p2,2026-06-10 21:00:00,0,4,18.73024088311477,26.98426321570681,26.98426321570681,True,False
pig_16,A1,2,A1_p2,2026-06-10 21:30:00,0,4,19.467104512700022,27.21983286206411,27.21983286206411,True,False
pig_16,A1,2,A1_p2,2026-06-10 22:00:00,0,4,18.184408666108236,27.94344192467802,27.94344192467802,True,False
pig_16,A1,2,A1_p2,2026-06-10 22:30:00,0,4,18.781010297170212,26.280953729988386,26.280953729988386,True,False
pig_16,A1,2,A1_p2,2026-06-10 23:00:00,0,4,19.83534288560327,27.44069047153788,27.44069047153788,True,False
pig_16,A1,2,A1_p2,2026-06-10 23:30:00,0,4,20.317307378195302,26.825236232368226,26.825236232368226,True,False
pig_16,A1,2,A1_p2,2026-06-11 00:00:00,0,4,21.35742859850568,25.989654451600266,25.989654451600266,True,False
pig_16,A1,2,A1_p2,2026-06-11 00:30:00,0,4,21.591887071681416,26.10844944364718,26.10844944364718,True,False
pig_16,A1,2,A1_p2,2026-06-11 01:00:00,0,4,21.29506894013653,29.653081857066194,29.653081857066194,True,False
pig_16,A1,2,A1_p2,2026-06-11 01:30:00,0,4,19.505907357981364,27.261548905600996,27.261548905600996,True,False
pig_16,A1,2,A1_p2,2026-06-11 02:00:00,0,4,18.793739225047954,27.00315660704725,27.00315660704725,True,False
pig_16,A1,2,A1_p2,2026-06-11 02:30:00,0,4,18.203971009010722,26.940212179735735,26.940212179735735,True,False
pig_16,A1,2,A1_p2,2026-06-11 03:00:00,0,4,17.913752752810236,28.528194503242922,28.528194503242922,True,False
pig_16,A1,2,A1_p2,2026-06-11 03:30:00,0,4,18.50697003718111,27.144435501494186,27.144435501494186,True,False
pig_16,A1,2,A1_p2,2026-06-11 04:00:00,0,4,17.638182529002062,25.898468050583084,25.898468050583084,True,False
pig_16,A1,2,A1_p2,2026-06-11 04:30:00,0,4,18.742181085322756,26.5684231094109,26.5684231094109,True,False
pig_16,A1,2,A1_p2,2026-06-11 05:00:00,0,4,18.64605897572533,25.794325317189795,25.794325317189795,True,False
pig_16,A1,2,A1_p2,2026-06-11 05:30:00,0,4,20.48661388553278,27.242978497173745,27.242978497173745,True,False
pig_16,A1,2,A1_p2,2026-06-11 06:00:00,0,4,17.914990775945945,26.09337449258281,26.09337449258281,True,False
pig_16,A1,2,A1_p2,2026-06-11 06:30:00,0,4,17.795810357360423,26.96084876467615,26.96084876467615,True,False
pig_16,A1,2,A1_p2,2026-06-11 07:00:00,0,4,24.387818248382143,29.63529721613469,29.63529721613469,True,False
pig_16,A1,2,A1_p2,2026-06-11 09:30:00,1,4,48.373713881685276,32.259060536401016,32.259060536401016,True,False
pig_16,A1,2,A1_p2,2026-06-11 10:00:00,1,4,43.77118485045191,32.22545159803768,32.22545159803768,True,False
pig_16,A1,2,A1_p2,2026-06-11 10:30:00,1,4,43.46469688678962,33.67388167506533,33.67388167506533,True,False
pig_16,A1,2,A1_p2,2026-06-11 11:00:00,1,4,47.93995337120621,31.128507626829553,31.128507626829553,True,False
pig_16,A1,2,A1_p2,2026-06-11 11:30:00,1,4,43.72226040297232,29.31434229128356,29.31434229128356,True,False
pig_16,A1,2,A1_p2,2026-06-11 12:00:00,1,4,45.422547101685794,29.65707396517447,29.65707396517447,True,False
pig_16,A1,2,A1_p2,2026-06-11 12:30:00,1,4,42.0847748320852,31.187038504324995,31.187038504324995,True,False
pig_16,A1,2,A1_p2,2026-06-11 13:00:00,1,4,43.9929040104966,29.036667351873604,29.036667351873604,True,False
pig_16,A1,2,A1_p2,2026-06-11 13:30:00,1,4,40.092885413140394,28.737094277917762,28.737094277917762,True,False
pig_16,A1,2,A1_p2,2026-06-11 14:00:00,1,4,44.55348260730265,35.63816631707021,35.63816631707021,True,False
pig_16,A1,2,A1_p2,2026-06-11 14:30:00,1,4,41.77334529668637,45.35700792546662,45.35700792546662,True,False
pig_16,A1,2,A1_p2,2026-06-11 15:00:00,1,4,67.14230926353324,37.99560944122372,37.99560944122372,True,False
pig_16,A1,2,A1_p2,2026-06-11 15:30:00,1,4,53.82419020663326,37.521485699078404,37.521485699078404,True,False
pig_16,A1,2,A1_p2,2026-06-11 16:00:00,1,4,46.27559050860647,36.697536620775885,36.697536620775885,True,False
pig_16,A1,2,A1_p2,2026-06-11 16:30:00,1,4,46.3893186471293,35.31486365493254,35.31486365493254,True,False
pig_16,A1,2,A1_p2,2026-06-11 17:00:00,1,4,45.883358895170716,33.717608765355436,33.717608765355436,True,False
pig_16,A1,2,A1_p2,2026-06-11 17:30:00,1,4,48.476468488280645,40.357406479126034,40.357406479126034,True,False
pig_16,A1,2,A1_p2,2026-06-11 18:00:00,1,4,42.642513828906964,33.63388479860695,33.63388479860695,True,False
pig_16,A1,2,A1_p2,2026-06-11 18:30:00,1,4,41.05126225591373,33.338166891985516,33.338166891985516,True,False
pig_16,A1,2,A1_p2,2026-06-11 19:00:00,1,4,45.02902993154048,35.13528997261615,35.13528997261615,True,False
pig_16,A1,2,A1_p2,2026-06-11 19:30:00,1,4,42.87947678261383,32.17089768533259,32.17089768533259,True,False
pig_16,A1,2,A1_p2,2026-06-11 20:00:00,1,4,54.80730075066276,27.123633055325598,27.123633055325598,True,False
pig_16,A1,2,A1_p2,2026-06-11 20:30:00,1,4,43.40609523585812,29.144855836445373,29.144855836445373,True,False
pig_16,A1,2,A1_p2,2026-06-11 21:00:00,1,4,43.19318549432727,32.336264506398905,32.336264506398905,True,False
pig_16,A1,2,A1_p2,2026-06-11 21:30:00,1,4,40.02890680662735,32.2385233012486,32.2385233012486,True,False
pig_16,A1,2,A1_p2,2026-06-11 22:00:00,1,4,43.25151040326102,31.942087892782673,31.942087892782673,True,False
pig_16,A1,2,A1_p2,2026-06-11 22:30:00,1,4,43.236696193816115,28.78126458714409,28.78126458714409,True,False
pig_16,A1,2,A1_p2,2026-06-11 23:00:00,1,4,41.6143508018537,32.05687232229608,32.05687232229608,True,False
pig_16,A1,2,A1_p2,2026-06-11 23:30:00,1,4,42.13416729103318,29.79998433230378,29.79998433230378,True,False
pig_16,A1,2,A1_p2,2026-06-12 00:00:00,1,4,43.135164334208035,30.202376103018665,30.202376103018665,True,False
pig_16,A1,2,A1_p2,2026-06-12 00:30:00,1,4,41.75915024616454,28.96880024486382,28.96880024486382,True,False
pig_16,A1,2,A1_p2,2026-06-12 01:00:00,1,4,39.906509395514135,27.11089136155039,27.11089136155039,True,False
pig_16,A1,2,A1_p2,2026-06-12 01:30:00,1,4,42.86821613716758,28.46077915579623,28.46077915579623,True,False
pig_16,A1,2,A1_p2,2026-06-12 02:00:00,1,4,39.10880719225284,28.71259923878995,28.71259923878995,True,False
pig_16,A1,2,A1_p2,2026-06-12 02:30:00,1,4,43.183027913844626,28.78819452110252,28.78819452110252,True,False
pig_16,A1,2,A1_p2,2026-06-12 03:00:00,1,4,41.79579910701708,27.10237300920383,27.10237300920383,True,False
pig_16,A1,2,A1_p2,2026-06-12 03:30:00,1,4,39.16516792061162,23.959021515133344,23.959021515133344,True,False
pig_16,A1,2,A1_p2,2026-06-12 04:00:00,1,4,38.641790481251896,23.594809311279533,23.594809311279533,True,False
pig_16,A1,2,A1_p2,2026-06-12 04:30:00,1,4,39.51997084659419,24.018642745360324,24.018642745360324,True,False
pig_16,A1,2,A1_p2,2026-06-12 05:00:00,1,4,41.35015252642378,24.194994246610676,24.194994246610676,True,False
pig_16,A1,2,A1_p2,2026-06-12 05:30:00,1,4,38.630029729485535,24.431814507656533,24.431814507656533,True,False
pig_16,A1,2,A1_p2,2026-06-12 06:00:00,1,4,39.28081678106633,24.917959551987956,24.917959551987956,True,False
pig_16,A1,2,A1_p2,2026-06-12 06:30:00,1,4,38.540467609874284,25.532522873799742,25.532522873799742,True,False
pig_16,A1,2,A1_p2,2026-06-12 07:00:00,1,4,36.8658973689736,27.3704899934783,27.3704899934783,True,False
pig_16,A1,2,A1_p2,2026-06-12 07:30:00,1,4,36.799971905621604,34.21685029983208,34.21685029983208,True,False
pig_16,A1,2,A1_p2,2026-06-12 09:00:00,2,4,32.49903806176964,29.04844391249057,31.1330510208782,False,True
pig_16,A1,2,A1_p2,2026-06-12 09:30:00,2,4,34.604544534322514,29.83165822164884,31.972471236321187,False,True
pig_16,A1,2,A1_p2,2026-06-12 10:00:00,2,4,35.961004633431784,32.28631861592467,34.60328573103696,False,True
pig_16,A1,2,A1_p2,2026-06-12 10:30:00,2,4,33.661458129304904,30.28062061001129,32.45365256863115,False,True
pig_16,A1,2,A1_p2,2026-06-12 11:00:00,2,4,32.172292837210684,31.050998410238318,33.279315087149286,False,True
pig_16,A1,2,A1_p2,2026-06-12 11:30:00,2,4,31.1104033028518,29.40578849105539,31.516039763063766,False,True
pig_16,A1,2,A1_p2,2026-06-12 12:00:00,2,4,31.894554751607217,30.51065090684741,32.70019055838788,False,True
pig_16,A1,2,A1_p2,2026-06-12 12:30:00,2,4,30.034765502682223,30.259933773810076,32.43148118042002,False,True
pig_16,A1,2,A1_p2,2026-06-12 13:00:00,2,4,29.227122157871438,27.998025317096403,30.007251104634697,False,True
pig_16,A1,2,A1_p2,2026-06-12 13:30:00,2,4,32.00466311416171,29.47036076129494,31.585245941197027,False,True
pig_16,A1,2,A1_p2,2026-06-12 14:30:00,2,4,33.896159198811276,35.112786524095476,37.632589808702846,False,True
pig_16,A1,2,A1_p2,2026-06-12 15:00:00,2,4,36.357175718816976,31.61291532022397,33.88155691052473,False,True
pig_16,A1,2,A1_p2,2026-06-12 15:30:00,2,4,36.07965030733368,31.380330037662844,33.63228058128331,False,True
pig_16,A1,2,A1_p2,2026-06-12 16:00:00,2,4,39.291192606178015,33.35954309075254,35.75352814788821,False,True
pig_16,A1,2,A1_p2,2026-06-12 16:30:00,2,4,36.67682855548121,31.295283081192515,33.54113038945418,False,True
pig_16,A1,2,A1_p2,2026-06-12 17:00:00,2,4,34.06303217530891,33.159306443449225,35.538921893056674,False,True
pig_16,A1,2,A1_p2,2026-06-12 17:30:00,2,4,37.94517810099052,31.09126186534235,33.32246797361051,False,True
pig_16,A1,2,A1_p2,2026-06-12 18:00:00,2,4,40.333982033024284,33.22994926717922,35.61463426656867,False,True
pig_16,A1,2,A1_p2,2026-06-12 18:30:00,2,4,30.690596719792126,30.879532060693325,33.09554377654726,False,True
pig_16,A1,2,A1_p2,2026-06-12 19:00:00,2,4,29.680271686451277,29.427600748315136,31.5394173360654,False,True
pig_16,A1,2,A1_p2,2026-06-12 19:30:00,2,4,32.10172199676938,27.33671374064499,29.298481742930395,False,True
pig_16,A1,2,A1_p2,2026-06-12 20:00:00,2,4,24.21696449043928,26.385762670127214,28.279287451973612,False,True
pig_16,A1,2,A1_p2,2026-06-12 20:30:00,2,4,24.42813352447486,27.648393613919414,29.63252873787669,False,True
pig_16,A1,2,A1_p2,2026-06-12 21:00:00,2,4,37.18778794486688,30.267708781480508,32.43981414693694,False,True
pig_16,A1,2,A1_p2,2026-06-12 21:30:00,2,4,21.933442612357737,29.4113348716684,31.521984169281403,False,True
pig_16,A1,2,A1_p2,2026-06-12 22:00:00,2,4,31.320359076092842,30.59376577349753,32.78927000759372,False,True
pig_16,A1,2,A1_p2,2026-06-12 22:30:00,2,4,33.72463817645699,25.73266035501976,27.57931647386036,False,True
pig_16,A1,2,A1_p2,2026-06-12 23:00:00,2,4,20.44852671209724,27.572875700089647,29.551591422565238,False,True
pig_16,A1,2,A1_p2,2026-06-12 23:30:00,2,4,19.078924666441793,26.361321502373237,28.253092309645623,False,True
pig_16,A1,2,A1_p2,2026-06-13 00:00:00,2,4,23.74886102207702,26.900460090135926,28.830921167215603,False,True
pig_16,A1,2,A1_p2,2026-06-13 00:30:00,2,4,21.301781434778665,27.8383144461921,29.836078882555206,False,True
pig_16,A1,2,A1_p2,2026-06-13 01:00:00,2,4,27.242598624838337,29.7729791992955,31.909581223958206,False,True
pig_16,A1,2,A1_p2,2026-06-13 01:30:00,2,4,31.674794926697572,27.8510606647057,29.849739809539887,False,True
pig_16,A1,2,A1_p2,2026-06-13 02:00:00,2,4,24.232858553695472,27.2873772636298,29.245604726153477,False,True
pig_16,A1,2,A1_p2,2026-06-13 02:30:00,2,4,17.590728623151787,25.93006734841017,27.790890009971847,False,True
pig_16,A1,2,A1_p2,2026-06-13 03:00:00,2,4,18.349395268252003,26.731194702282938,28.64950876619436,False,True
pig_16,A1,2,A1_p2,2026-06-13 03:30:00,2,4,17.319473115919738,25.14102531687636,26.945223856584654,False,True
pig_16,A1,2,A1_p2,2026-06-13 04:00:00,2,4,18.117226259700743,26.373294624473225,28.26592466040221,False,True
pig_16,A1,2,A1_p2,2026-06-13 04:30:00,2,4,17.554325300056732,24.057633393319122,25.78408434311104,False,True
pig_16,A1,2,A1_p2,2026-06-13 05:00:00,2,4,16.321089739924368,24.49028239416415,26.247781588237775,False,True
pig_16,A1,2,A1_p2,2026-06-13 05:30:00,2,4,16.94668612221266,24.075842453874962,25.803600142753698,False,True
pig_16,A1,2,A1_p2,2026-06-13 06:00:00,2,4,23.18690860733262,23.91686193861054,25.63321068891709,False,True
pig_16,A1,2,A1_p2,2026-06-13 06:30:00,2,4,27.112024371706084,24.660155200122823,26.42984499758608,False,True
pig_16,A1,2,A1_p2,2026-06-13 07:00:00,2,4,26.804782331172383,25.805378280440134,27.65725286484451,False,True
pig_16,A1,2,A1_p2,2026-06-13 09:00:00,3,4,36.68200057652931,31.91386719250924,34.20410602960706,False,True
pig_16,A1,2,A1_p2,2026-06-13 09:30:00,3,4,34.92094036845491,29.76971841524844,31.906086435858338,False,True
pig_16,A1,2,A1_p2,2026-06-13 10:00:00,3,4,30.804368530339204,30.664366853889582,32.864937642135416,False,True
pig_16,A1,2,A1_p2,2026-06-13 10:30:00,3,4,31.554638117581092,29.53134315042127,31.650604617130398,False,True
pig_16,A1,2,A1_p2,2026-06-13 11:00:00,3,4,34.726716681990005,29.70375332805991,31.835387487879437,False,True
pig_16,A1,2,A1_p2,2026-06-13 11:30:00,3,4,33.57426582288863,30.461064260564562,32.64704541941491,False,True
pig_16,A1,2,A1_p2,2026-06-13 12:00:00,3,4,36.886882163505135,30.16462903341101,32.32933707403297,False,True
pig_16,A1,2,A1_p2,2026-06-13 12:30:00,3,4,33.85447425884997,29.84619454289415,31.988050729403476,False,True
pig_16,A1,2,A1_p2,2026-06-13 13:00:00,3,4,34.80353771517396,29.97800535719685,32.129320699635,False,True
pig_16,A1,2,A1_p2,2026-06-13 13:30:00,3,4,34.607108085796774,31.244955268864224,33.48719089604427,False,True
pig_16,A1,2,A1_p2,2026-06-13 14:00:00,3,4,34.66317875686863,31.43893389623412,33.69509003587635,False,True
pig_16,A1,2,A1_p2,2026-06-13 14:30:00,3,4,57.16210301002933,36.717148294122914,39.352085592803455,False,True
pig_16,A1,2,A1_p2,2026-06-13 15:00:00,3,4,29.500000755667088,31.627012824866434,33.89666609615351,False,True
pig_16,A1,2,A1_p2,2026-06-13 15:30:00,3,4,37.67759030298955,32.12324246145495,34.428506722127246,False,True
pig_16,A1,2,A1_p2,2026-06-13 16:00:00,3,4,35.06504776701515,31.600347434662826,33.86808711422245,False,True
pig_16,A1,2,A1_p2,2026-06-13 16:30:00,3,4,36.52384113064619,29.33982701110812,31.445344681193028,False,True
pig_16,A1,2,A1_p2,2026-06-13 17:00:00,3,4,34.36401205838374,28.910119800757837,30.984800338639722,False,True
pig_16,A1,2,A1_p2,2026-06-13 17:30:00,3,4,34.737238114934826,29.875577636746538,32.01954244588969,False,True
pig_16,A1,2,A1_p2,2026-06-13 18:00:00,3,4,35.04237922852296,30.082349039271058,32.241152410397504,False,True
pig_16,A1,2,A1_p2,2026-06-13 18:30:00,3,4,38.80697844101946,31.177909588313852,33.41533380794715,False,True
pig_16,A1,2,A1_p2,2026-06-13 19:00:00,3,4,38.34881210534318,28.156812138945188,30.177432965010908,False,True
pig_16,A1,2,A1_p2,2026-06-13 19:30:00,3,4,39.416048262104894,31.56163440542293,33.82659591703029,False,True
pig_16,A1,2,A1_p2,2026-06-13 20:00:00,3,4,32.06738960896684,29.14928970261586,31.241133820034996,False,True
pig_16,A1,2,A1_p2,2026-06-13 20:30:00,3,4,30.212449477294584,28.057641513603095,30.07114554569684,False,True
pig_16,A1,2,A1_p2,2026-06-13 21:00:00,3,4,37.89138030791945,31.89465507463552,34.18351519011894,False,True
pig_16,A1,2,A1_p2,2026-06-13 21:30:00,3,4,33.53746901492359,29.34691392592987,31.45294017516822,False,True
pig_16,A1,2,A1_p2,2026-06-13 22:00:00,3,4,30.339417858013704,29.901408265287877,32.047226761053054,False,True
pig_16,A1,2,A1_p2,2026-06-13 22:30:00,3,4,27.654801833167916,27.217492860475872,29.17070519984806,False,True
pig_16,A1,2,A1_p2,2026-06-13 23:00:00,3,4,27.18026277286258,27.29604535095173,29.254894862508458,False,True
pig_16,A1,2,A1_p2,2026-06-13 23:30:00,3,4,27.294749942712023,28.705364089953232,30.765350718188458,False,True
pig_16,A1,2,A1_p2,2026-06-14 00:00:00,3,4,25.961432851459346,26.401506484227916,28.296161091371893,False,True
pig_16,A1,2,A1_p2,2026-06-14 00:30:00,3,4,26.101963020463963,26.08846463699376,27.9606543829585,False,True
pig_16,A1,2,A1_p2,2026-06-14 01:00:00,3,4,24.822581804388342,25.81356462065647,27.666026682416195,False,True
pig_16,A1,2,A1_p2,2026-06-14 01:30:00,3,4,26.239268283491953,25.34629036091699,27.165219361616572,False,True
pig_16,A1,2,A1_p2,2026-06-14 02:00:00,3,4,23.58631960489229,24.670222214011375,26.440634451849597,False,True
pig_16,A1,2,A1_p2,2026-06-14 02:30:00,3,4,25.15698720838259,26.158700324382018,28.035930402752612,False,True
pig_16,A1,2,A1_p2,2026-06-14 03:00:00,3,4,25.497054250429372,24.45736694754526,26.21250402631232,False,True
pig_16,A1,2,A1_p2,2026-06-14 03:30:00,3,4,23.816143419906776,23.39826680266235,25.07739954545987,False,True
pig_16,A1,2,A1_p2,2026-06-14 04:00:00,3,4,23.21061415247193,24.245404827109883,25.985330841755932,False,True
pig_16,A1,2,A1_p2,2026-06-14 04:30:00,3,4,24.01936957503937,26.71390031466337,28.630973279276134,False,True
pig_16,A1,2,A1_p2,2026-06-14 05:00:00,3,4,25.556332197234823,26.439418279577268,28.336793555625754,False,True
pig_16,A1,2,A1_p2,2026-06-14 05:30:00,3,4,23.7494214532409,25.834239274615832,27.688185014149724,False,True
pig_16,A1,2,A1_p2,2026-06-14 06:00:00,3,4,24.958720231467947,23.6164788770447,25.31127120018889,False,True
pig_16,A1,2,A1_p2,2026-06-14 06:30:00,3,4,26.252725797571806,22.971343152782676,24.61983852037487,False,True
pig_16,A1,2,A1_p2,2026-06-14 07:00:00,3,4,27.88888982925623,25.729522269196636,27.575953189192386,False,True
pig_16,A1,2,A1_p2,2026-06-14 15:00:00,4,4,40.60855904546047,30.974034002130356,30.974034002130356,False,True
pig_16,A1,2,A1_p2,2026-06-14 15:30:00,4,4,23.183651749121385,23.52816597324925,23.52816597324925,False,True
pig_16,A1,2,A1_p2,2026-06-14 16:00:00,4,4,21.385677648213,22.193746928985142,22.193746928985142,False,True
pig_16,A1,2,A1_p2,2026-06-14 16:30:00,4,4,28.544090416237612,30.28722490750285,30.28722490750285,False,True
pig_16,A1,2,A1_p2,2026-06-14 17:00:00,4,4,34.31073766064286,28.49922985654287,28.49922985654287,False,True
pig_16,A1,2,A1_p2,2026-06-14 17:30:00,4,4,34.408276224545844,30.895301312871283,30.895301312871283,False,True
pig_16,A1,2,A1_p2,2026-06-14 18:00:00,4,4,7.830140721066641,20.065929371290203,20.065929371290203,False,True
pig_16,A1,2,A1_p2,2026-06-14 18:30:00,4,4,17.546938401708417,29.092382756003477,29.092382756003477,False,True
pig_16,A1,2,A1_p2,2026-06-14 19:00:00,4,4,29.704386202281047,20.87018472170694,20.87018472170694,False,True
pig_16,A1,2,A1_p2,2026-06-14 19:30:00,4,4,26.677363932420462,29.809327372512364,29.809327372512364,False,True
pig_16,A1,2,A1_p2,2026-06-14 20:00:00,4,4,24.79051845537934,29.6874342139039,29.6874342139039,False,True
pig_16,A1,2,A1_p2,2026-06-14 20:30:00,4,4,9.499108743341878,18.566076667582106,18.566076667582106,False,True
pig_16,A1,2,A1_p2,2026-06-14 21:00:00,4,4,11.587483979218828,18.350776681090803,18.350776681090803,False,True
pig_16,A1,2,A1_p2,2026-06-14 21:30:00,4,4,21.309245317356876,27.812007421481564,27.812007421481564,False,True
pig_16,A1,2,A1_p2,2026-06-14 22:00:00,4,4,21.711815190605694,18.364240340701205,18.364240340701205,False,True
pig_16,A1,2,A1_p2,2026-06-14 22:30:00,4,4,11.752746244648488,20.36148619231776,20.36148619231776,False,True
pig_16,A1,2,A1_p2,2026-06-14 23:00:00,4,4,12.746727596664407,18.425161051941163,18.425161051941163,False,True
pig_16,A1,2,A1_p2,2026-06-14 23:30:00,4,4,15.158532827712913,17.94709933150356,17.94709933150356,False,True
pig_16,A1,2,A1_p2,2026-06-15 00:00:00,4,4,21.708574203933637,25.16942088395184,25.16942088395184,False,True
pig_16,A1,2,A1_p2,2026-06-15 00:30:00,4,4,16.000633413559875,18.040794663556607,18.040794663556607,False,True
pig_16,A1,2,A1_p2,2026-06-15 01:00:00,4,4,15.342354618156122,21.32321575979628,21.32321575979628,False,True
pig_16,A1,2,A1_p2,2026-06-15 01:30:00,4,4,16.736984068346292,17.424104834399685,17.424104834399685,False,True
pig_16,A1,2,A1_p2,2026-06-15 02:00:00,4,4,14.045257362664108,19.31857204829046,19.31857204829046,False,True
pig_16,A1,2,A1_p2,2026-06-15 02:30:00,4,4,13.336983174942544,18.053163686446833,18.053163686446833,False,True
pig_16,A1,2,A1_p2,2026-06-15 03:00:00,4,4,13.341566423402888,18.07146502312979,18.07146502312979,False,True
pig_16,A1,2,A1_p2,2026-06-15 03:30:00,4,4,12.446822039848072,17.80876311738719,17.80876311738719,False,True
pig_16,A1,2,A1_p2,2026-06-15 04:00:00,4,4,13.840951251060432,18.16081729862773,18.16081729862773,False,True
pig_16,A1,2,A1_p2,2026-06-15 04:30:00,4,4,14.953409376410825,18.226546005009507,18.226546005009507,False,True
pig_16,A1,2,A1_p2,2026-06-15 05:00:00,4,4,16.876447671570283,17.795655568041006,17.795655568041006,False,True
pig_16,A1,2,A1_p2,2026-06-15 05:30:00,4,4,12.193373952418408,18.105699036904134,18.105699036904134,False,True
pig_16,B2,4,B2_p4,2026-06-20 16:30:00,0,4,35.20349342462574,27.888668527340396,27.888668527340396,True,False
pig_16,B2,4,B2_p4,2026-06-20 17:00:00,0,4,37.978622430111834,30.70769913702115,30.70769913702115,True,False
pig_16,B2,4,B2_p4,2026-06-20 17:30:00,0,4,34.38436066615883,31.48234662458129,31.48234662458129,True,False
pig_16,B2,4,B2_p4,2026-06-20 18:00:00,0,4,38.76462445730525,32.76991602255648,32.76991602255648,True,False
pig_16,B2,4,B2_p4,2026-06-20 18:30:00,0,4,38.71310706655088,33.662534161521464,33.662534161521464,True,False
pig_16,B2,4,B2_p4,2026-06-20 19:00:00,0,4,39.719535388988504,34.14670001851966,34.14670001851966,True,False
pig_16,B2,4,B2_p4,2026-06-20 19:30:00,0,4,34.725508483023006,32.891620180637595,32.891620180637595,True,False
pig_16,B2,4,B2_p4,2026-06-20 20:00:00,0,4,31.90684635893814,29.101691407434778,29.101691407434778,True,False
pig_16,B2,4,B2_p4,2026-06-20 20:30:00,0,4,27.368751054746426,32.16982902288172,32.16982902288172,True,False
pig_16,B2,4,B2_p4,2026-06-20 21:00:00,0,4,27.119105570031373,30.588654916815674,30.588654916815674,True,False
pig_16,B2,4,B2_p4,2026-06-20 21:30:00,0,4,27.39618094005933,31.49532530675586,31.49532530675586,True,False
pig_16,B2,4,B2_p4,2026-06-20 22:00:00,0,4,57.652332181447115,29.41234941217019,29.41234941217019,True,False
pig_16,B2,4,B2_p4,2026-06-20 22:30:00,0,4,27.85365264943774,26.274697014936564,26.274697014936564,True,False
pig_16,B2,4,B2_p4,2026-06-20 23:00:00,0,4,27.264740852384236,26.4292418576583,26.4292418576583,True,False
pig_16,B2,4,B2_p4,2026-06-20 23:30:00,0,4,29.472504861920594,27.161464608866716,27.161464608866716,True,False
pig_16,B2,4,B2_p4,2026-06-21 00:00:00,0,4,30.974430398765193,27.796879280822772,27.796879280822772,True,False
pig_16,B2,4,B2_p4,2026-06-21 00:30:00,0,4,29.122384418195487,26.247929424469923,26.247929424469923,True,False
pig_16,B2,4,B2_p4,2026-06-21 01:00:00,0,4,30.431318218395994,27.8312596922181,27.8312596922181,True,False
pig_16,B2,4,B2_p4,2026-06-21 01:30:00,0,4,28.81342161442049,27.652809357982783,27.652809357982783,True,False
pig_16,B2,4,B2_p4,2026-06-21 02:00:00,0,4,27.366378073485084,25.323914080589063,25.323914080589063,True,False
pig_16,B2,4,B2_p4,2026-06-21 02:30:00,0,4,28.25233707149286,27.064080393940998,27.064080393940998,True,False
pig_16,B2,4,B2_p4,2026-06-21 03:00:00,0,4,25.748517206546,28.73416651244528,28.73416651244528,True,False
pig_16,B2,4,B2_p4,2026-06-21 03:30:00,0,4,26.76469528357593,30.744577158061592,30.744577158061592,True,False
pig_16,B2,4,B2_p4,2026-06-21 04:00:00,0,4,24.830698265557505,25.270813092907908,25.270813092907908,True,False
pig_16,B2,4,B2_p4,2026-06-21 04:30:00,0,4,23.48160657538978,23.54059515372418,23.54059515372418,True,False
pig_16,B2,4,B2_p4,2026-06-21 05:00:00,0,4,24.469655397052573,24.12472812726881,24.12472812726881,True,False
pig_16,B2,4,B2_p4,2026-06-21 05:30:00,0,4,24.50641208313475,25.75308454662914,25.75308454662914,True,False
pig_16,B2,4,B2_p4,2026-06-21 06:00:00,0,4,22.159597912902928,23.591759464912265,23.591759464912265,True,False
pig_16,B2,4,B2_p4,2026-06-21 06:30:00,0,4,24.592085613898,23.4742588457828,23.4742588457828,True,False
pig_16,B2,4,B2_p4,2026-06-21 07:00:00,0,4,28.16533021271068,26.95981186737218,26.95981186737218,True,False
pig_16,B2,4,B2_p4,2026-06-21 07:30:00,0,4,21.897259311260644,24.439151365522235,24.439151365522235,True,False
pig_16,B2,4,B2_p4,2026-06-21 08:00:00,0,4,20.92319146572237,23.98518065516071,23.98518065516071,True,False
pig_16,B2,4,B2_p4,2026-06-21 09:30:00,1,4,43.741152367731814,46.586375911662344,46.586375911662344,True,False
pig_16,B2,4,B2_p4,2026-06-21 10:00:00,1,4,31.13396094774248,31.692272790160434,31.692272790160434,True,False
pig_16,B2,4,B2_p4,2026-06-21 10:30:00,1,4,35.4044636335371,35.181081450466216,35.181081450466216,True,False
pig_16,B2,4,B2_p4,2026-06-21 11:00:00,1,4,36.25696467508147,35.32288527920648,35.32288527920648,True,False
pig_16,B2,4,B2_p4,2026-06-21 11:30:00,1,4,33.4965651142877,34.35210647079735,34.35210647079735,True,False
pig_16,B2,4,B2_p4,2026-06-21 12:00:00,1,4,33.18429307969879,34.43477580121351,34.43477580121351,True,False
pig_16,B2,4,B2_p4,2026-06-21 12:30:00,1,4,35.16628389779402,31.98441332176322,31.98441332176322,True,False
pig_16,B2,4,B2_p4,2026-06-21 13:00:00,1,4,29.696730632789386,35.849527891499925,35.849527891499925,True,False
pig_16,B2,4,B2_p4,2026-06-21 13:30:00,1,4,31.07722826986815,30.14948475978523,30.14948475978523,True,False
pig_16,B2,4,B2_p4,2026-06-21 14:00:00,1,4,29.57790189405342,28.941276052972896,28.941276052972896,True,False
pig_16,B2,4,B2_p4,2026-06-21 14:30:00,1,4,32.19969112711842,33.110734469761056,33.110734469761056,True,False
pig_16,B2,4,B2_p4,2026-06-21 15:30:00,1,4,53.3558741881874,46.78333235617051,46.78333235617051,True,False
pig_16,B2,4,B2_p4,2026-06-21 16:00:00,1,4,35.956845406145476,36.66171994377489,36.66171994377489,True,False
pig_16,B2,4,B2_p4,2026-06-21 16:30:00,1,4,36.471522637527784,32.30848143068005,32.30848143068005,True,False
pig_16,B2,4,B2_p4,2026-06-21 17:00:00,1,4,37.16313187560503,34.54978551688311,34.54978551688311,True,False
pig_16,B2,4,B2_p4,2026-06-21 17:30:00,1,4,37.85769863778313,35.41594459510183,35.41594459510183,True,False
pig_16,B2,4,B2_p4,2026-06-21 18:00:00,1,4,34.96458909251781,34.12415283354238,34.12415283354238,True,False
pig_16,B2,4,B2_p4,2026-06-21 18:30:00,1,4,33.969672325777765,35.04544723302876,35.04544723302876,True,False
pig_16,B2,4,B2_p4,2026-06-21 19:00:00,1,4,31.28361093868033,34.080630767049676,34.080630767049676,True,False
pig_16,B2,4,B2_p4,2026-06-21 19:30:00,1,4,32.49296886373146,34.00851645985428,34.00851645985428,True,False
pig_16,B2,4,B2_p4,2026-06-21 20:00:00,1,4,35.02261117071999,35.13406588947316,35.13406588947316,True,False
pig_16,B2,4,B2_p4,2026-06-21 20:30:00,1,4,35.96589109861616,35.42620119326412,35.42620119326412,True,False
pig_16,B2,4,B2_p4,2026-06-21 21:00:00,1,4,34.52111657253216,35.57656449267583,35.57656449267583,True,False
pig_16,B2,4,B2_p4,2026-06-21 21:30:00,1,4,34.53982812889205,36.123809228009016,36.123809228009016,True,False
pig_16,B2,4,B2_p4,2026-06-21 22:00:00,1,4,37.54670327404409,37.91050150527165,37.91050150527165,True,False
pig_16,B2,4,B2_p4,2026-06-21 22:30:00,1,4,34.68474402700101,34.831946036487125,34.831946036487125,True,False
pig_16,B2,4,B2_p4,2026-06-21 23:00:00,1,4,30.379230973611428,33.277004185738136,33.277004185738136,True,False
pig_16,B2,4,B2_p4,2026-06-21 23:30:00,1,4,29.737492449401564,34.209775603915105,34.209775603915105,True,False
pig_16,B2,4,B2_p4,2026-06-22 00:00:00,1,4,27.187907794284534,30.270815186095,30.270815186095,True,False
pig_16,B2,4,B2_p4,2026-06-22 00:30:00,1,4,26.37653406794063,29.590452564388976,29.590452564388976,True,False
pig_16,B2,4,B2_p4,2026-06-22 01:00:00,1,4,27.179668844893655,29.39622473779086,29.39622473779086,True,False
pig_16,B2,4,B2_p4,2026-06-22 01:30:00,1,4,25.49968645082802,29.14799246653309,29.14799246653309,True,False
pig_16,B2,4,B2_p4,2026-06-22 02:00:00,1,4,26.896316436279747,29.015594462953032,29.015594462953032,True,False
pig_16,B2,4,B2_p4,2026-06-22 02:30:00,1,4,27.40670336817759,30.45119916783613,30.45119916783613,True,False
pig_16,B2,4,B2_p4,2026-06-22 03:00:00,1,4,26.85501941190909,28.41276377052091,28.41276377052091,True,False
pig_16,B2,4,B2_p4,2026-06-22 03:30:00,1,4,27.43207812683962,27.98811368581547,27.98811368581547,True,False
pig_16,B2,4,B2_p4,2026-06-22 04:00:00,1,4,51.50007638188739,30.22086662822573,30.22086662822573,True,False
pig_16,B2,4,B2_p4,2026-06-22 04:30:00,1,4,26.28049813833865,26.85355187118403,26.85355187118403,True,False
pig_16,B2,4,B2_p4,2026-06-22 05:00:00,1,4,26.997990500616837,26.154171775757778,26.154171775757778,True,False
pig_16,B2,4,B2_p4,2026-06-22 05:30:00,1,4,26.676986668015026,27.02891575864673,27.02891575864673,True,False
pig_16,B2,4,B2_p4,2026-06-22 06:00:00,1,4,27.214919883152234,24.482001709488962,24.482001709488962,True,False
pig_16,B2,4,B2_p4,2026-06-22 06:30:00,1,4,32.79298265383724,30.783651512848948,30.783651512848948,True,False
pig_16,B2,4,B2_p4,2026-06-22 07:00:00,1,4,26.765008219246027,27.741834804051948,27.741834804051948,True,False
pig_16,B2,4,B2_p4,2026-06-22 07:30:00,1,4,23.271853512502595,25.817114039843048,25.817114039843048,True,False
pig_16,B2,4,B2_p4,2026-06-22 08:00:00,1,4,30.053220765291215,29.60482696839169,29.60482696839169,True,False
pig_16,B2,4,B2_p4,2026-06-22 09:30:00,2,4,32.088862806318474,35.420897461859006,35.84410769937522,False,True
pig_16,B2,4,B2_p4,2026-06-22 10:00:00,2,4,32.1363705940941,35.87492550731724,36.30356048928451,False,True
pig_16,B2,4,B2_p4,2026-06-22 10:30:00,2,4,37.77628557656129,37.038988928597874,37.48153218484121,False,True
pig_16,B2,4,B2_p4,2026-06-22 11:00:00,2,4,35.72136197982704,38.456534146061195,38.91601428677559,False,True
pig_16,B2,4,B2_p4,2026-06-22 11:30:00,2,4,29.539988781444002,38.02212347516088,38.47641326056569,False,True
pig_16,B2,4,B2_p4,2026-06-22 12:00:00,2,4,30.879172482372176,36.17725479691321,36.60950202079489,False,True
pig_16,B2,4,B2_p4,2026-06-22 12:30:00,2,4,29.850146117850834,34.47997476370609,34.891942820839986,False,True
pig_16,B2,4,B2_p4,2026-06-22 13:00:00,2,4,34.372584043045116,36.763547844894916,37.20280012053616,False,True
pig_16,B2,4,B2_p4,2026-06-22 13:30:00,2,4,29.1815241937165,30.64081462370342,31.00691224865917,False,True
pig_16,B2,4,B2_p4,2026-06-22 14:00:00,2,4,36.373031729531625,34.727461479606774,35.142386517487175,False,True
pig_16,B2,4,B2_p4,2026-06-22 14:30:00,2,4,36.53423159352491,39.32191562372705,39.791735375432374,False,True
pig_16,B2,4,B2_p4,2026-06-22 15:30:00,2,4,62.66666482715514,53.2812795582732,53.91788632413241,False,True
pig_16,B2,4,B2_p4,2026-06-22 16:00:00,2,4,42.04782589492418,34.81044360228366,35.22636011373939,False,True
pig_16,B2,4,B2_p4,2026-06-22 16:30:00,2,4,39.12698143104604,37.79064035677356,38.242164373026995,False,True
pig_16,B2,4,B2_p4,2026-06-22 17:00:00,2,4,41.8486320792568,41.530024531035416,42.02622685241249,False,True
pig_16,B2,4,B2_p4,2026-06-22 17:30:00,2,4,35.01713363288874,34.74904076619366,35.164223634215475,False,True
pig_16,B2,4,B2_p4,2026-06-22 18:00:00,2,4,32.66449256550936,35.67220311731381,36.09841596441237,False,True
pig_16,B2,4,B2_p4,2026-06-22 18:30:00,2,4,32.92172317339013,37.03366836787463,37.47614805385497,False,True
pig_16,B2,4,B2_p4,2026-06-22 19:00:00,2,4,43.34145921993128,35.96299138409626,36.39267858052729,False,True
pig_16,B2,4,B2_p4,2026-06-22 19:30:00,2,4,43.01805874428952,35.12191160315865,35.54154954620065,False,True
pig_16,B2,4,B2_p4,2026-06-22 20:00:00,2,4,36.40969111730312,38.14884953837438,38.60465345162899,False,True
pig_16,B2,4,B2_p4,2026-06-22 20:30:00,2,4,48.10918326796407,38.75433569975284,39.21737398481991,False,True
pig_16,B2,4,B2_p4,2026-06-22 21:00:00,2,4,34.26858973977939,37.23876773345058,37.68369795449467,False,True
pig_16,B2,4,B2_p4,2026-06-22 21:30:00,2,4,30.270347281322664,33.17860333059368,33.57502255207491,False,True
pig_16,B2,4,B2_p4,2026-06-22 22:00:00,2,4,30.871781089805186,32.10570484747813,32.48930503685102,False,True
pig_16,B2,4,B2_p4,2026-06-22 22:30:00,2,4,31.457609164267197,32.947711547156466,33.34137206477894,False,True
pig_16,B2,4,B2_p4,2026-06-22 23:00:00,2,4,32.01713859767777,32.71694138066012,33.10784464750768,False,True
pig_16,B2,4,B2_p4,2026-06-22 23:30:00,2,4,30.204595623198745,32.6348715482833,33.024794241634936,False,True
pig_16,B2,4,B2_p4,2026-06-23 00:00:00,2,4,35.491249339558784,35.368707118893965,35.79129378419646,False,True
pig_16,B2,4,B2_p4,2026-06-23 00:30:00,2,4,34.05537489759355,33.16088382071823,33.557091328817805,False,True
pig_16,B2,4,B2_p4,2026-06-23 01:00:00,2,4,32.93838922188545,30.997960239160953,31.36832505358892,False,True
pig_16,B2,4,B2_p4,2026-06-23 01:30:00,2,4,32.718603919142744,30.888943935668394,31.258006219132998,False,True
pig_16,B2,4,B2_p4,2026-06-23 02:00:00,2,4,28.064863263315075,29.523064255144874,29.875806955949678,False,True
pig_16,B2,4,B2_p4,2026-06-23 02:30:00,2,4,27.898420875603918,28.59287122366833,28.934499942558617,False,True
pig_16,B2,4,B2_p4,2026-06-23 03:00:00,2,4,30.62270897920633,29.516272637480057,29.868934191777267,False,True
pig_16,B2,4,B2_p4,2026-06-23 03:30:00,2,4,27.193445028433878,29.60284404254778,29.95653995530359,False,True
pig_16,B2,4,B2_p4,2026-06-23 04:00:00,2,4,26.843257345054184,29.901831845169596,30.25910007562566,False,True
pig_16,B2,4,B2_p4,2026-06-23 04:30:00,2,4,25.99472467763143,27.53354200923266,27.862513822155734,False,True
pig_16,B2,4,B2_p4,2026-06-23 05:00:00,2,4,24.574269433260845,28.391874067809553,28.731101264994685,False,True
pig_16,B2,4,B2_p4,2026-06-23 05:30:00,2,4,26.877105484402676,24.79883724765463,25.095134703499923,False,True
pig_16,B2,4,B2_p4,2026-06-23 06:00:00,2,4,27.738521694127748,27.80181422181441,28.13399136139325,False,True
pig_16,B2,4,B2_p4,2026-06-23 06:30:00,2,4,24.230812802111195,24.42054039962033,24.71231795025767,False,True
pig_16,B2,4,B2_p4,2026-06-23 07:00:00,2,4,24.758198918375676,25.71867832603087,26.02596607825914,False,True
pig_16,B2,4,B2_p4,2026-06-23 07:30:00,2,4,28.32570335695913,30.513087203429215,30.877658736282704,False,True
pig_16,B2,4,B2_p4,2026-06-23 08:00:00,2,4,28.300150477685847,30.25427474029443,30.615753971940332,False,True
pig_16,B2,4,B2_p4,2026-06-23 09:30:00,3,4,41.82420155848706,37.979571768553,38.43335314453991,False,True
pig_16,B2,4,B2_p4,2026-06-23 10:00:00,3,4,44.8015319514767,44.475220254521176,45.00661188703895,False,True
pig_16,B2,4,B2_p4,2026-06-23 10:30:00,3,4,37.06478985613416,38.68116433331479,39.143328364097286,False,True
pig_16,B2,4,B2_p4,2026-06-23 11:00:00,3,4,32.5500941792564,36.437841129583006,36.87320184893333,False,True
pig_16,B2,4,B2_p4,2026-06-23 11:30:00,3,4,34.86453042029049,38.33705179147717,38.79510435244949,False,True
pig_16,B2,4,B2_p4,2026-06-23 12:00:00,3,4,36.11882058492842,36.43802917340873,36.873392139513875,False,True
pig_16,B2,4,B2_p4,2026-06-23 12:30:00,3,4,34.980553973442134,37.51627678134896,37.96452269111043,False,True
pig_16,B2,4,B2_p4,2026-06-23 13:00:00,3,4,32.61146354168437,34.47245846378786,34.88433671588288,False,True
pig_16,B2,4,B2_p4,2026-06-23 13:30:00,3,4,33.67246136446632,37.81329112401795,38.26508577250469,False,True
pig_16,B2,4,B2_p4,2026-06-23 14:00:00,3,4,35.63884405142302,40.28749749875831,40.76885405963436,False,True
pig_16,B2,4,B2_p4,2026-06-23 15:00:00,3,4,47.6977694890177,54.79492113373905,55.44961294702986,False,True
pig_16,B2,4,B2_p4,2026-06-23 15:30:00,3,4,45.41094357268329,45.01246558508683,45.550276245360685,False,True
pig_16,B2,4,B2_p4,2026-06-23 16:00:00,3,4,34.574639633686104,39.54615401115386,40.018652971687956,False,True
pig_16,B2,4,B2_p4,2026-06-23 16:30:00,3,4,31.49424938335636,38.15867880309252,38.6146001567779,False,True
pig_16,B2,4,B2_p4,2026-06-23 17:00:00,3,4,33.26188936153413,35.07523296991627,35.49431319486311,False,True
pig_16,B2,4,B2_p4,2026-06-23 17:30:00,3,4,35.76930033073574,38.71899434492708,39.18161037013509,False,True
pig_16,B2,4,B2_p4,2026-06-23 18:00:00,3,4,38.84963885156779,35.57168752717186,35.99669941015527,False,True
pig_16,B2,4,B2_p4,2026-06-24 06:00:00,3,4,37.803767029336484,36.70962319546338,37.14823117733091,False,True
pig_16,B2,4,B2_p4,2026-06-24 08:00:00,3,4,42.62745271370591,33.846125622715746,34.25052042607208,False,True
pig_16,B2,4,B2_p4,2026-06-24 14:30:00,4,4,28.812186764191374,28.07940691757988,28.07940691757988,False,True
pig_16,B2,4,B2_p4,2026-06-24 15:00:00,4,4,42.19974931714361,34.958486261754146,34.958486261754146,False,True
pig_16,B2,4,B2_p4,2026-06-24 15:30:00,4,4,23.760818722277328,24.238200315133227,24.238200315133227,False,True
pig_16,B1,6,B1_p6,2026-06-30 16:00:00,0,4,50.91932687295822,45.2381430083222,45.2381430083222,True,False
pig_16,B1,6,B1_p6,2026-06-30 16:30:00,0,4,41.21448229982136,45.664617084981685,45.664617084981685,True,False
pig_16,B1,6,B1_p6,2026-06-30 17:00:00,0,4,52.27640983891976,49.29481650150073,49.29481650150073,True,False
pig_16,B1,6,B1_p6,2026-06-30 17:30:00,0,4,40.03116091853003,45.284952752985134,45.284952752985134,True,False
pig_16,B1,6,B1_p6,2026-06-30 18:00:00,0,4,37.71405709828219,44.59742623795019,44.59742623795019,True,False
pig_16,B1,6,B1_p6,2026-06-30 18:30:00,0,4,39.17763922808706,44.56566525756688,44.56566525756688,True,False
pig_16,B1,6,B1_p6,2026-06-30 19:00:00,0,4,39.143614457479416,44.84401941707408,44.84401941707408,True,False
pig_16,B1,6,B1_p6,2026-06-30 19:30:00,0,4,41.91759157825226,43.4059337514898,43.4059337514898,True,False
pig_16,B1,6,B1_p6,2026-06-30 20:00:00,0,4,45.7220879947027,43.02921107612723,43.02921107612723,True,False
pig_16,B1,6,B1_p6,2026-06-30 20:30:00,0,4,42.07001979227247,40.9521295966035,40.9521295966035,True,False
pig_16,B1,6,B1_p6,2026-06-30 23:00:00,0,4,36.50851696719458,41.6848347647928,41.6848347647928,True,False
pig_16,B1,6,B1_p6,2026-07-01 00:00:00,0,4,34.78606734539165,40.63003384397947,40.63003384397947,True,False
pig_16,B1,6,B1_p6,2026-07-01 00:30:00,0,4,32.761068452278046,40.40190579889653,40.40190579889653,True,False
pig_16,B1,6,B1_p6,2026-07-01 02:00:00,0,4,35.833082756646405,41.88817121387238,41.88817121387238,True,False
pig_16,B1,6,B1_p6,2026-07-01 03:30:00,0,4,34.310548642705044,40.16101185518272,40.16101185518272,True,False
pig_16,B1,6,B1_p6,2026-07-01 04:00:00,0,4,30.91690037554953,39.989432151683296,39.989432151683296,True,False
pig_16,B1,6,B1_p6,2026-07-01 04:30:00,0,4,36.02764015519921,40.43518514606213,40.43518514606213,True,False
pig_16,B1,6,B1_p6,2026-07-01 09:30:00,1,4,55.76291326597844,52.28312605458452,52.28312605458452,True,False
pig_16,B1,6,B1_p6,2026-07-01 10:00:00,1,4,51.64639037785837,51.69664025056256,51.69664025056256,True,False
pig_16,B1,6,B1_p6,2026-07-01 10:30:00,1,4,53.73444049539478,50.97195905524451,50.97195905524451,True,False
pig_16,B1,6,B1_p6,2026-07-01 15:30:00,1,4,78.90848986504805,65.17248312854363,65.17248312854363,True,False
pig_16,B1,6,B1_p6,2026-07-01 16:00:00,1,4,51.52810547262876,50.86082092672838,50.86082092672838,True,False
pig_16,B1,6,B1_p6,2026-07-01 17:00:00,1,4,46.0537917606661,49.116939431759775,49.116939431759775,True,False
pig_16,B1,6,B1_p6,2026-07-01 17:30:00,1,4,51.51189275328626,51.58548811239343,51.58548811239343,True,False
pig_16,B1,6,B1_p6,2026-07-01 18:00:00,1,4,52.58992990706769,49.47192217210312,49.47192217210312,True,False
pig_16,B1,6,B1_p6,2026-07-01 18:30:00,1,4,47.56325852860242,47.44951823810352,47.44951823810352,True,False
pig_16,B1,6,B1_p6,2026-07-01 19:00:00,1,4,48.045582012108085,46.77588301614599,46.77588301614599,True,False
pig_16,B1,6,B1_p6,2026-07-01 19:30:00,1,4,48.24084751789529,47.981831860589544,47.981831860589544,True,False
pig_16,B1,6,B1_p6,2026-07-01 20:00:00,1,4,49.14382434336692,48.0643505048464,48.0643505048464,True,False
pig_16,B1,6,B1_p6,2026-07-01 20:30:00,1,4,47.260477596226906,48.90931391057145,48.90931391057145,True,False
pig_16,B1,6,B1_p6,2026-07-01 21:00:00,1,4,49.032776423432054,49.08211750210226,49.08211750210226,True,False
pig_16,B1,6,B1_p6,2026-07-01 21:30:00,1,4,48.913223718612386,47.34278781011412,47.34278781011412,True,False
pig_16,B1,6,B1_p6,2026-07-01 22:00:00,1,4,47.71160301246837,46.61930238373219,46.61930238373219,True,False
pig_16,B1,6,B1_p6,2026-07-01 22:30:00,1,4,49.86332584384671,47.52882377966657,47.52882377966657,True,False
pig_16,B1,6,B1_p6,2026-07-01 23:00:00,1,4,46.67910208359233,48.08680535273457,48.08680535273457,True,False
pig_16,B1,6,B1_p6,2026-07-01 23:30:00,1,4,49.98278588219176,45.52754977688725,45.52754977688725,True,False
pig_16,B1,6,B1_p6,2026-07-02 00:00:00,1,4,47.23272329977959,46.4631294947932,46.4631294947932,True,False
pig_16,B1,6,B1_p6,2026-07-02 00:30:00,1,4,48.567673247261965,44.640032557084325,44.640032557084325,True,False
pig_16,B1,6,B1_p6,2026-07-02 01:00:00,1,4,48.67524263569692,47.677704666521365,47.677704666521365,True,False
pig_16,B1,6,B1_p6,2026-07-02 01:30:00,1,4,47.686551216346906,44.465675194415894,44.465675194415894,True,False
pig_16,B1,6,B1_p6,2026-07-02 02:00:00,1,4,45.70917430190168,42.35900492116198,42.35900492116198,True,False
pig_16,B1,6,B1_p6,2026-07-02 02:30:00,1,4,47.60476647839257,45.007589676653815,45.007589676653815,True,False
pig_16,B1,6,B1_p6,2026-07-02 03:00:00,1,4,45.841449078768484,45.30901752758191,45.30901752758191,True,False
pig_16,B1,6,B1_p6,2026-07-02 03:30:00,1,4,44.851009068736815,44.17680318453017,44.17680318453017,True,False
pig_16,B1,6,B1_p6,2026-07-02 04:00:00,1,4,48.53407929026862,44.63987975863119,44.63987975863119,True,False
pig_16,B1,6,B1_p6,2026-07-02 04:30:00,1,4,43.151427358355974,42.006211792742164,42.006211792742164,True,False
pig_16,B1,6,B1_p6,2026-07-02 05:00:00,1,4,42.07369877485021,41.46319523518065,41.46319523518065,True,False
pig_16,B1,6,B1_p6,2026-07-02 05:30:00,1,4,40.5453780934987,39.91669803144497,39.91669803144497,True,False
pig_16,B1,6,B1_p6,2026-07-02 06:00:00,1,4,41.265228039840125,37.998773957488226,37.998773957488226,True,False
pig_16,B1,6,B1_p6,2026-07-02 06:30:00,1,4,41.75695504166506,39.40887694268625,39.40887694268625,True,False
pig_16,B1,6,B1_p6,2026-07-02 07:00:00,1,4,43.478149709046775,42.0969572554673,42.0969572554673,True,False
pig_16,B1,6,B1_p6,2026-07-02 07:30:00,1,4,43.74359705964896,46.798133372968586,46.798133372968586,True,False
pig_16,B1,6,B1_p6,2026-07-02 08:30:00,2,4,69.26489061178017,52.49836907301976,52.44519856861284,False,True
pig_16,B1,6,B1_p6,2026-07-02 09:00:00,2,4,54.30542987291542,52.13312541329595,52.080324828754385,False,True
pig_16,B1,6,B1_p6,2026-07-02 09:30:00,2,4,51.46725470820296,51.809994828967234,51.757521512042956,False,True
pig_16,B1,6,B1_p6,2026-07-02 10:00:00,2,4,62.171163664918936,58.98857861375294,58.92883480581146,False,True
pig_16,B1,6,B1_p6,2026-07-02 10:30:00,2,4,52.755071154892335,53.36159575689656,53.30755097393566,False,True
pig_16,B1,6,B1_p6,2026-07-02 11:00:00,2,4,50.385010849044406,49.526329922287616,49.476169507975904,False,True
pig_16,B1,6,B1_p6,2026-07-02 14:00:00,2,4,67.76765548344372,56.123495972377825,56.06665392866061,False,True
pig_16,B1,6,B1_p6,2026-07-02 14:30:00,2,4,70.08826932387436,60.86075980118991,60.79911984257106,False,True
pig_16,B1,6,B1_p6,2026-07-02 15:30:00,2,4,78.96532878739947,64.87157422121592,64.80587209781822,False,True
pig_16,B1,6,B1_p6,2026-07-02 16:00:00,2,4,55.703254277748236,52.75301791925102,52.69958950573492,False,True
pig_16,B1,6,B1_p6,2026-07-02 16:30:00,2,4,51.84984541245082,50.80917164245661,50.7577119622336,False,True
pig_16,B1,6,B1_p6,2026-07-02 17:00:00,2,4,50.20103556408799,48.430338642157295,48.38128825107524,False,True
pig_16,B1,6,B1_p6,2026-07-02 17:30:00,2,4,50.41158315386315,48.44467348499582,48.39560857554228,False,True
pig_16,B1,6,B1_p6,2026-07-02 18:00:00,2,4,54.84390093108926,49.742756025569875,49.692376414256785,False,True
pig_16,B1,6,B1_p6,2026-07-02 18:30:00,2,4,51.249134394239334,50.5840074060919,50.53277577287746,False,True
pig_16,B1,6,B1_p6,2026-07-02 19:00:00,2,4,53.12420380421338,50.5344986775726,50.48331718694572,False,True
pig_16,B1,6,B1_p6,2026-07-02 19:30:00,2,4,52.77381221632717,50.80823131061608,50.75677258276395,False,True
pig_16,B1,6,B1_p6,2026-07-02 20:00:00,2,4,52.20034213188363,50.85753702280029,50.806028357976146,False,True
pig_16,B1,6,B1_p6,2026-07-02 20:30:00,2,4,52.21343738853888,51.83293395593081,51.780437406190494,False,True
pig_16,B1,6,B1_p6,2026-07-02 21:00:00,2,4,50.01942186634969,49.11268277479195,49.06294130354205,False,True
pig_16,B1,6,B1_p6,2026-07-02 21:30:00,2,4,52.4792274727949,50.031800416031516,49.981128059699714,False,True
pig_16,B1,6,B1_p6,2026-07-02 22:00:00,2,4,50.004549527538906,47.15031848443124,47.10256450157366,False,True
pig_16,B1,6,B1_p6,2026-07-02 22:30:00,2,4,50.495581280467476,45.0501560420966,45.004529110009685,False,True
pig_16,B1,6,B1_p6,2026-07-02 23:00:00,2,4,52.02836713532854,48.34896254870793,48.299994575575454,False,True
pig_16,B1,6,B1_p6,2026-07-02 23:30:00,2,4,46.55522224242828,46.859712326416684,46.81225267034064,False,True
pig_16,B1,6,B1_p6,2026-07-03 00:00:00,2,4,54.51450667290919,45.16733314826096,45.12158753885225,False,True
pig_16,B1,6,B1_p6,2026-07-03 00:30:00,2,4,46.99650231607153,44.49443525485625,44.4493711584362,False,True
pig_16,B1,6,B1_p6,2026-07-03 01:00:00,2,4,49.374241581143025,46.65052831248656,46.603280518602254,False,True
pig_16,B1,6,B1_p6,2026-07-03 01:30:00,2,4,51.089413034448796,44.23675985939131,44.191956737378504,False,True
pig_16,B1,6,B1_p6,2026-07-03 02:00:00,2,4,48.34888353340659,44.61423836956191,44.56905293619081,False,True
pig_16,B1,6,B1_p6,2026-07-03 02:30:00,2,4,49.10766428212008,45.49683728720199,45.450757955020926,False,True
pig_16,B1,6,B1_p6,2026-07-03 03:00:00,2,4,45.58379287133887,44.07537210887854,44.03073244085967,False,True
pig_16,B1,6,B1_p6,2026-07-03 03:30:00,2,4,43.658821646519336,43.47059941817085,43.42657226573264,False,True
pig_16,B1,6,B1_p6,2026-07-03 04:00:00,2,4,45.285875673604416,42.88940012607216,42.845961614006356,False,True
pig_16,B1,6,B1_p6,2026-07-03 04:30:00,2,4,43.8299009905062,42.187044070547955,42.14431690678506,False,True
pig_16,B1,6,B1_p6,2026-07-03 05:00:00,2,4,42.17000938587053,40.13606761975441,40.095417691043586,False,True
pig_16,B1,6,B1_p6,2026-07-03 07:30:00,2,4,37.82409220276787,35.419533845832675,35.3836608365622,False,True
pig_16,B1,6,B1_p6,2026-07-03 09:30:00,3,4,62.129012237288904,55.229153936196866,55.17321768475503,False,True
pig_16,B1,6,B1_p6,2026-07-03 10:00:00,3,4,59.36702497558143,55.40862278552983,55.35250476750337,False,True
pig_16,B1,6,B1_p6,2026-07-03 10:30:00,3,4,54.30334104079831,53.451312745046366,53.397177096452914,False,True
pig_16,B1,6,B1_p6,2026-07-03 11:00:00,3,4,51.31917933896882,52.47253297010863,52.41938863258362,False,True
pig_16,B1,6,B1_p6,2026-07-03 11:30:00,3,4,51.97526964419666,48.716485482788954,48.66714528133528,False,True
pig_16,B1,6,B1_p6,2026-07-03 12:00:00,3,4,54.71778551341226,51.64660060121406,51.59429277044984,False,True
pig_16,B1,6,B1_p6,2026-07-03 12:30:00,3,4,52.800201445894956,51.8673057655436,51.814774403932226,False,True
pig_16,B1,6,B1_p6,2026-07-03 13:00:00,3,4,62.70542640758444,55.603724410578835,55.54740879304601,False,True
pig_16,B1,6,B1_p6,2026-07-03 13:30:00,3,4,61.08822317385305,54.91947421603902,54.8638516091392,False,True
pig_16,B1,6,B1_p6,2026-07-03 14:00:00,3,4,63.87288155795913,61.35208689748882,61.2899493213249,False,True
pig_16,B1,6,B1_p6,2026-07-03 14:30:00,3,4,70.66553018297517,64.311433848842,64.24629903728017,False,True
pig_16,B1,6,B1_p6,2026-07-03 15:00:00,3,4,77.44474758201338,57.33467118414726,57.2766024585717,False,True
pig_16,B1,6,B1_p6,2026-07-03 15:30:00,3,4,82.61684528295349,66.28390332061885,66.21677078610686,False,True
pig_16,B1,6,B1_p6,2026-07-03 16:00:00,3,4,75.25144151903683,56.8659638838863,56.80836986645909,False,True
pig_16,B1,6,B1_p6,2026-07-03 16:30:00,3,4,50.74313728063288,50.60933475643958,50.558077471609344,False,True
pig_16,B1,6,B1_p6,2026-07-03 17:00:00,3,4,63.092330439021836,59.3198993092425,59.259819938714756,False,True
pig_16,B1,6,B1_p6,2026-07-03 17:30:00,3,4,49.83981181543612,50.25019697130064,50.19930342228781,False,True
pig_16,B1,6,B1_p6,2026-07-03 18:00:00,3,4,51.57701780753886,51.90522583772774,51.852656070554424,False,True
pig_16,B1,6,B1_p6,2026-07-03 18:30:00,3,4,64.70712997341496,53.805533749748044,53.75103934506704,False,True
pig_16,B1,6,B1_p6,2026-07-03 19:00:00,3,4,57.8058656043513,53.64591023892633,53.59157750141205,False,True
pig_16,B1,6,B1_p6,2026-07-03 19:30:00,3,4,54.5196744552197,50.51844971426641,50.46728447807732,False,True
pig_16,B1,6,B1_p6,2026-07-03 20:00:00,3,4,61.838815666586164,52.17746579939948,52.12462030678293,False,True
pig_16,B1,6,B1_p6,2026-07-03 20:30:00,3,4,50.81003100223947,50.703063188488684,50.65171097522358,False,True
pig_16,B1,6,B1_p6,2026-07-03 21:00:00,3,4,50.8316080447283,46.747984992929915,46.70063849462967,False,True
pig_16,B1,6,B1_p6,2026-07-03 21:30:00,3,4,47.952693211109306,50.05228677181557,50.001593666841664,False,True
pig_16,B1,6,B1_p6,2026-07-03 22:00:00,3,4,50.2816506101922,48.96446736259918,48.914876004359755,False,True
pig_16,B1,6,B1_p6,2026-07-03 22:30:00,3,4,48.77334128560502,49.19895343621371,49.14912458978122,False,True
pig_16,B1,6,B1_p6,2026-07-03 23:00:00,3,4,55.44234218059589,54.30972027277001,54.25471522647828,False,True
pig_16,B1,6,B1_p6,2026-07-03 23:30:00,3,4,46.220694212906224,46.560410809968445,46.51325428735883,False,True
pig_16,B1,6,B1_p6,2026-07-04 00:00:00,3,4,47.08405047242801,46.77580916589163,46.72843448718622,False,True
pig_16,B1,6,B1_p6,2026-07-04 00:30:00,3,4,51.55646286105586,48.441460077149515,48.39239842224501,False,True
pig_16,B1,6,B1_p6,2026-07-04 01:00:00,3,4,46.51694253513578,43.695571058828094,43.651316054442816,False,True
pig_16,B1,6,B1_p6,2026-07-04 01:30:00,3,4,47.133673759357066,47.467020464151766,47.41894572458677,False,True
pig_16,B1,6,B1_p6,2026-07-04 02:00:00,3,4,53.17527530493952,46.329928783474756,46.28300569374738,False,True
pig_16,B1,6,B1_p6,2026-07-04 02:30:00,3,4,45.9334326912064,46.22325106216187,46.17643601594807,False,True
pig_16,B1,6,B1_p6,2026-07-04 03:00:00,3,4,45.61982032367875,47.53473407278591,47.486590752676605,False,True
pig_16,B1,6,B1_p6,2026-07-04 03:30:00,3,4,48.997686600376554,43.8020434218668,43.75768058195543,False,True
pig_16,B1,6,B1_p6,2026-07-04 04:00:00,3,4,48.007599481729955,46.20879990822249,46.1619994981804,False,True
pig_16,B1,6,B1_p6,2026-07-04 04:30:00,3,4,43.16119111994852,44.736574482535936,44.691265146785604,False,True
pig_16,B1,6,B1_p6,2026-07-04 05:00:00,3,4,45.893779287767295,43.962675477482314,43.918149948947054,False,True
pig_16,B1,6,B1_p6,2026-07-04 05:30:00,3,4,42.35308654401049,40.428894585959114,40.38794808122561,False,True
pig_16,B1,6,B1_p6,2026-07-04 06:00:00,3,4,39.90682181480671,44.10222266027034,44.057555797933134,False,True
pig_16,B1,6,B1_p6,2026-07-04 06:30:00,3,4,50.85610267246237,47.411446220075575,47.36342776627034,False,True
pig_16,B1,6,B1_p6,2026-07-04 07:00:00,3,4,42.577273886649444,40.03529553198223,39.99474766554175,False,True
pig_16,B1,6,B1_p6,2026-07-04 07:30:00,3,4,39.679176661923776,40.57955297794553,40.538453885944335,False,True
pig_16,B1,6,B1_p6,2026-07-04 10:00:00,4,4,33.53593787288672,37.52678321717422,37.52678321717422,False,True
pig_16,B1,6,B1_p6,2026-07-04 10:30:00,4,4,37.518590466000205,41.54858139496225,41.54858139496225,False,True
pig_16,B1,6,B1_p6,2026-07-04 11:00:00,4,4,32.05844884298822,37.56881693467554,37.56881693467554,False,True
pig_16,B1,6,B1_p6,2026-07-04 11:30:00,4,4,35.39834454384439,41.335738105081056,41.335738105081056,False,True
pig_16,B1,6,B1_p6,2026-07-04 12:00:00,4,4,32.22761924602678,37.265181739073256,37.265181739073256,False,True
pig_16,B1,6,B1_p6,2026-07-04 12:30:00,4,4,51.90138453489578,49.05515618043091,49.05515618043091,False,True
pig_16,B1,6,B1_p6,2026-07-04 13:00:00,4,4,40.47222742679854,43.2212103107117,43.2212103107117,False,True
pig_16,B1,6,B1_p6,2026-07-04 13:30:00,4,4,43.1885834459573,48.86812470234317,48.86812470234317,False,True
pig_16,B1,6,B1_p6,2026-07-04 14:00:00,4,4,38.296795751445906,42.34120619341073,42.34120619341073,False,True
pig_16,B1,6,B1_p6,2026-07-04 14:30:00,4,4,43.48216575972127,46.34622603188578,46.34622603188578,False,True
pig_16,B1,6,B1_p6,2026-07-04 15:00:00,4,4,35.94706672404092,41.50578165022568,41.50578165022568,False,True
pig_16,B1,6,B1_p6,2026-07-04 15:30:00,4,4,37.67000855343118,37.32366544085977,37.32366544085977,False,True
pig_16,B1,6,B1_p6,2026-07-04 16:00:00,4,4,33.42494139577174,34.33734929908784,34.33734929908784,False,True
pig_16,B1,6,B1_p6,2026-07-04 16:30:00,4,4,41.82982889960137,46.434747335795734,46.434747335795734,False,True
pig_16,B1,6,B1_p6,2026-07-04 17:00:00,4,4,53.85598596346918,45.03209459501325,45.03209459501325,False,True
pig_16,B1,6,B1_p6,2026-07-04 19:00:00,4,4,34.82714282676993,33.1589374128511,33.1589374128511,False,True
pig_16,B1,6,B1_p6,2026-07-04 19:30:00,4,4,30.765069822693746,31.922464968741103,31.922464968741103,False,True
pig_16,B1,6,B1_p6,2026-07-04 20:00:00,4,4,32.764412872208396,32.249125163745525,32.249125163745525,False,True
pig_16,B1,6,B1_p6,2026-07-04 20:30:00,4,4,30.741685436344707,31.798670530763534,31.798670530763534,False,True
pig_16,B1,6,B1_p6,2026-07-04 21:00:00,4,4,32.49963718001569,31.77538110956128,31.77538110956128,False,True
pig_16,B1,6,B1_p6,2026-07-04 21:30:00,4,4,29.72850336362513,31.658765144312824,31.658765144312824,False,True
pig_16,B1,6,B1_p6,2026-07-04 22:00:00,4,4,30.889103133377326,31.864083066291627,31.864083066291627,False,True
pig_16,B1,6,B1_p6,2026-07-04 22:30:00,4,4,30.47647586670538,31.28472647348442,31.28472647348442,False,True
pig_16,B1,6,B1_p6,2026-07-04 23:00:00,4,4,36.565499551939375,37.67915270049922,37.67915270049922,False,True
pig_16,B1,6,B1_p6,2026-07-04 23:30:00,4,4,34.52602870152913,33.786887596947636,33.786887596947636,False,True
pig_16,B1,6,B1_p6,2026-07-05 00:00:00,4,4,29.23604282026266,30.834503876549665,30.834503876549665,False,True
pig_16,B1,6,B1_p6,2026-07-05 00:30:00,4,4,31.617471544728673,33.57038040882298,33.57038040882298,False,True
pig_16,B1,6,B1_p6,2026-07-05 01:00:00,4,4,31.3930552649354,31.160103980576167,31.160103980576167,False,True
pig_16,B1,6,B1_p6,2026-07-05 01:30:00,4,4,28.56572075222278,30.89311506458879,30.89311506458879,False,True
pig_16,B1,6,B1_p6,2026-07-05 02:00:00,4,4,33.54942497596823,32.56125235992466,32.56125235992466,False,True
pig_16,B1,6,B1_p6,2026-07-05 02:30:00,4,4,30.695242357589485,30.943738964827933,30.943738964827933,False,True
pig_16,B1,6,B1_p6,2026-07-05 03:00:00,4,4,31.01653559650574,31.484208466354016,31.484208466354016,False,True
pig_16,B1,6,B1_p6,2026-07-05 03:30:00,4,4,32.11760331564306,31.406850776543124,31.406850776543124,False,True
pig_16,B1,6,B1_p6,2026-07-05 04:00:00,4,4,30.85008301483742,31.768773343014605,31.768773343014605,False,True
pig_16,B1,6,B1_p6,2026-07-05 04:30:00,4,4,30.69101852783291,31.150248201463477,31.150248201463477,False,True
pig_16,B1,6,B1_p6,2026-07-05 05:00:00,4,4,28.946417221374993,30.739226235811085,30.739226235811085,False,True
pig_16,B1,6,B1_p6,2026-07-05 05:30:00,4,4,29.50454302566476,30.5586358359893,30.5586358359893,False,True
pig_16,B1,6,B1_p6,2026-07-05 06:00:00,4,4,29.25814478195781,30.826367838014974,30.826367838014974,False,True
pig_16,B1,6,B1_p6,2026-07-05 06:30:00,4,4,28.816509032363733,30.676825658635693,30.676825658635693,False,True
pig_16,B1,6,B1_p6,2026-07-05 07:00:00,4,4,30.17672939093633,31.330381792795755,31.330381792795755,False,True
pig_16,B1,6,B1_p6,2026-07-05 07:30:00,4,4,28.843207649652165,32.08920681584403,32.08920681584403,False,True
pig_17,A1,7,A1_p7,2026-07-05 15:30:00,0,4,37.28933233134256,36.13762899346929,36.13762899346929,True,False
pig_17,A1,7,A1_p7,2026-07-05 16:00:00,0,4,36.27484818207062,33.697561040346514,33.697561040346514,True,False
pig_17,A1,7,A1_p7,2026-07-05 16:30:00,0,4,33.59406164824706,32.27958278117942,32.27958278117942,True,False
pig_17,A1,7,A1_p7,2026-07-05 17:00:00,0,4,32.91586261602006,30.970893275495982,30.970893275495982,True,False
pig_17,A1,7,A1_p7,2026-07-05 17:30:00,0,4,32.742434214460616,31.17177702684895,31.17177702684895,True,False
pig_17,A1,7,A1_p7,2026-07-05 18:00:00,0,4,30.546438988255197,31.167734338795892,31.167734338795892,True,False
pig_17,A1,7,A1_p7,2026-07-05 18:30:00,0,4,33.09576518259588,31.56200635687916,31.56200635687916,True,False
pig_17,A1,7,A1_p7,2026-07-05 19:00:00,0,4,33.137282977536096,31.227943641165794,31.227943641165794,True,False
pig_17,A1,7,A1_p7,2026-07-05 19:30:00,0,4,33.104234790471146,31.085648259576764,31.085648259576764,True,False
pig_17,A1,7,A1_p7,2026-07-05 20:00:00,0,4,31.353197333790376,30.12027073608438,30.12027073608438,True,False
pig_17,A1,7,A1_p7,2026-07-05 20:30:00,0,4,31.840447033765248,29.16178778765586,29.16178778765586,True,False
pig_17,A1,7,A1_p7,2026-07-05 21:00:00,0,4,32.81926731989447,28.81273195482623,28.81273195482623,True,False
pig_17,A1,7,A1_p7,2026-07-05 21:30:00,0,4,31.317914818671696,28.049352026620657,28.049352026620657,True,False
pig_17,A1,7,A1_p7,2026-07-05 22:00:00,0,4,31.97216833551531,29.287147732049206,29.287147732049206,True,False
pig_17,A1,7,A1_p7,2026-07-05 22:30:00,0,4,30.021965573472084,26.831772668682873,26.831772668682873,True,False
pig_17,A1,7,A1_p7,2026-07-05 23:00:00,0,4,30.125674584027212,28.483039806484932,28.483039806484932,True,False
pig_17,A1,7,A1_p7,2026-07-05 23:30:00,0,4,29.806165752356158,27.020108796524724,27.020108796524724,True,False
pig_17,A1,7,A1_p7,2026-07-06 00:00:00,0,4,29.503121283809225,27.977648023681283,27.977648023681283,True,False
pig_17,A1,7,A1_p7,2026-07-06 00:30:00,0,4,30.502244516304255,28.623026641511224,28.623026641511224,True,False
pig_17,A1,7,A1_p7,2026-07-06 01:00:00,0,4,30.151932918251273,26.24117060510162,26.24117060510162,True,False
pig_17,A1,7,A1_p7,2026-07-06 01:30:00,0,4,30.745691023916056,27.434774772567735,27.434774772567735,True,False
pig_17,A1,7,A1_p7,2026-07-06 02:00:00,0,4,27.486497731395964,27.486864660243683,27.486864660243683,True,False
pig_17,A1,7,A1_p7,2026-07-06 02:30:00,0,4,28.464100938582686,27.70653203807774,27.70653203807774,True,False
pig_17,A1,7,A1_p7,2026-07-06 03:00:00,0,4,27.991778316410027,25.758726071267628,25.758726071267628,True,False
pig_17,A1,7,A1_p7,2026-07-06 03:30:00,0,4,28.418656360599236,25.78062161725341,25.78062161725341,True,False
pig_17,A1,7,A1_p7,2026-07-06 04:00:00,0,4,27.105711849133538,25.40980361507299,25.40980361507299,True,False
pig_17,A1,7,A1_p7,2026-07-06 04:30:00,0,4,25.325756048032453,25.013393851165574,25.013393851165574,True,False
pig_17,A1,7,A1_p7,2026-07-06 05:00:00,0,4,25.668705871627324,25.565613817326188,25.565613817326188,True,False
pig_17,A1,7,A1_p7,2026-07-06 05:30:00,0,4,28.30070688816388,26.576563373196077,26.576563373196077,True,False
pig_17,A1,7,A1_p7,2026-07-06 06:00:00,0,4,24.742506996056264,26.96030936527402,26.96030936527402,True,False
pig_17,A1,7,A1_p7,2026-07-06 06:30:00,0,4,26.867160235837176,30.07847272119227,30.07847272119227,True,False
pig_17,A1,7,A1_p7,2026-07-06 07:00:00,0,4,25.082961101369627,27.02243258689057,27.02243258689057,True,False
pig_17,A1,7,A1_p7,2026-07-06 07:30:00,0,4,30.830213658670957,31.098513897571674,31.098513897571674,True,False
pig_17,A1,7,A1_p7,2026-07-06 08:00:00,0,4,30.45124766541639,37.131979625205915,37.131979625205915,True,False
pig_17,A1,7,A1_p7,2026-07-06 09:00:00,1,4,40.71274333097145,43.35060638513426,43.35060638513426,True,False
pig_17,A1,7,A1_p7,2026-07-06 09:30:00,1,4,35.52336684514047,36.46697664281655,36.46697664281655,True,False
pig_17,A1,7,A1_p7,2026-07-06 10:00:00,1,4,33.60474762640103,33.73580870598866,33.73580870598866,True,False
pig_17,A1,7,A1_p7,2026-07-06 10:30:00,1,4,30.119186330377225,32.26500507702611,32.26500507702611,True,False
pig_17,A1,7,A1_p7,2026-07-06 11:00:00,1,4,32.146019328923686,34.49019110003907,34.49019110003907,True,False
pig_17,A1,7,A1_p7,2026-07-06 11:30:00,1,4,31.231899983946754,31.455114001914943,31.455114001914943,True,False
pig_17,A1,7,A1_p7,2026-07-06 12:00:00,1,4,34.291320159244385,33.915579951682936,33.915579951682936,True,False
pig_17,A1,7,A1_p7,2026-07-06 12:30:00,1,4,36.81866885996753,38.68222969114938,38.68222969114938,True,False
pig_17,A1,7,A1_p7,2026-07-06 13:00:00,1,4,33.17342598748424,33.9052445202746,33.9052445202746,True,False
pig_17,A1,7,A1_p7,2026-07-06 13:30:00,1,4,36.31154326777957,40.22736100960332,40.22736100960332,True,False
pig_17,A1,7,A1_p7,2026-07-06 14:00:00,1,4,42.594717066371096,43.14365243010732,43.14365243010732,True,False
pig_17,A1,7,A1_p7,2026-07-06 14:30:00,1,4,41.57558282025656,50.93030055012281,50.93030055012281,True,False
pig_17,A1,7,A1_p7,2026-07-06 15:30:00,1,4,47.68727244646382,48.655575117596086,48.655575117596086,True,False
pig_17,A1,7,A1_p7,2026-07-06 16:00:00,1,4,40.35944904795272,36.67607441869601,36.67607441869601,True,False
pig_17,A1,7,A1_p7,2026-07-06 16:30:00,1,4,38.18967180563521,35.3211448958576,35.3211448958576,True,False
pig_17,A1,7,A1_p7,2026-07-06 17:00:00,1,4,34.20990975928571,33.45514157499147,33.45514157499147,True,False
pig_17,A1,7,A1_p7,2026-07-06 17:30:00,1,4,34.308023498712444,32.40407293688964,32.40407293688964,True,False
pig_17,A1,7,A1_p7,2026-07-06 18:00:00,1,4,37.079254548246574,34.086719745759936,34.086719745759936,True,False
pig_17,A1,7,A1_p7,2026-07-06 18:30:00,1,4,34.98781524750048,30.97784845640129,30.97784845640129,True,False
pig_17,A1,7,A1_p7,2026-07-06 19:00:00,1,4,32.543648715346464,32.8241294051494,32.8241294051494,True,False
pig_17,A1,7,A1_p7,2026-07-06 19:30:00,1,4,34.79630241342203,31.685995226275303,31.685995226275303,True,False
pig_17,A1,7,A1_p7,2026-07-06 20:00:00,1,4,33.702499269151645,30.55717924464846,30.55717924464846,True,False
pig_17,A1,7,A1_p7,2026-07-06 20:30:00,1,4,34.99152412769847,30.03590033578927,30.03590033578927,True,False
pig_17,A1,7,A1_p7,2026-07-06 21:00:00,1,4,32.03327589970041,28.2218871611166,28.2218871611166,True,False
pig_17,A1,7,A1_p7,2026-07-06 21:30:00,1,4,32.67247235657305,30.25715503671058,30.25715503671058,True,False
pig_17,A1,7,A1_p7,2026-07-06 22:00:00,1,4,34.88828257207521,31.614553055803285,31.614553055803285,True,False
pig_17,A1,7,A1_p7,2026-07-06 22:30:00,1,4,35.95935292376238,29.24618028269564,29.24618028269564,True,False
pig_17,A1,7,A1_p7,2026-07-06 23:00:00,1,4,31.79928059841142,28.239439607867766,28.239439607867766,True,False
pig_17,A1,7,A1_p7,2026-07-06 23:30:00,1,4,31.675433686552275,28.836585927031585,28.836585927031585,True,False
pig_17,A1,7,A1_p7,2026-07-07 00:00:00,1,4,31.777728352159542,29.60085507575044,29.60085507575044,True,False
pig_17,A1,7,A1_p7,2026-07-07 00:30:00,1,4,32.76615822629617,28.76675285376963,28.76675285376963,True,False
pig_17,A1,7,A1_p7,2026-07-07 01:00:00,1,4,30.079327596856874,29.84998804665578,29.84998804665578,True,False
pig_17,A1,7,A1_p7,2026-07-07 01:30:00,1,4,32.11251800090142,30.260706620011703,30.260706620011703,True,False
pig_17,A1,7,A1_p7,2026-07-07 02:00:00,1,4,32.62508483511634,27.353064263259917,27.353064263259917,True,False
pig_17,A1,7,A1_p7,2026-07-07 02:30:00,1,4,31.19468272744678,26.55367682578443,26.55367682578443,True,False
pig_17,A1,7,A1_p7,2026-07-07 03:00:00,1,4,29.19560513422504,25.857425032937986,25.857425032937986,True,False
pig_17,A1,7,A1_p7,2026-07-07 03:30:00,1,4,28.416940054252215,26.622897910932622,26.622897910932622,True,False
pig_17,A1,7,A1_p7,2026-07-07 04:00:00,1,4,29.91541743881362,26.668932459446765,26.668932459446765,True,False
pig_17,A1,7,A1_p7,2026-07-07 04:30:00,1,4,26.869862622145156,27.858855723584654,27.858855723584654,True,False
pig_17,A1,7,A1_p7,2026-07-07 05:00:00,1,4,27.33984916296877,27.342572163668002,27.342572163668002,True,False
pig_17,A1,7,A1_p7,2026-07-07 05:30:00,1,4,27.289201828459163,28.488807304876495,28.488807304876495,True,False
pig_17,A1,7,A1_p7,2026-07-07 06:00:00,1,4,28.92737350147571,31.091532961853844,31.091532961853844,True,False
pig_17,A1,7,A1_p7,2026-07-07 06:30:00,1,4,34.37186796293885,32.85362378000957,32.85362378000957,True,False
pig_17,A1,7,A1_p7,2026-07-07 07:00:00,1,4,23.48414734270819,28.09925685128966,28.09925685128966,True,False
pig_17,A1,7,A1_p7,2026-07-07 07:30:00,1,4,28.102993727690695,27.149451807666225,27.149451807666225,True,False
pig_17,A1,7,A1_p7,2026-07-07 08:00:00,1,4,29.834818039916527,40.75353906532682,40.75353906532682,True,False
pig_17,A1,7,A1_p7,2026-07-07 09:00:00,2,4,72.75327319296099,46.03626110519005,46.72148193791743,False,True
pig_17,A1,7,A1_p7,2026-07-07 09:30:00,2,4,55.9783887949785,38.195367206652534,38.76388125830127,False,True
pig_17,A1,7,A1_p7,2026-07-07 10:00:00,2,4,41.72705765903681,35.2459025725519,35.770515695581324,False,True
pig_17,A1,7,A1_p7,2026-07-07 10:30:00,2,4,44.11502222073929,34.59948151164992,35.1144730631831,False,True
pig_17,A1,7,A1_p7,2026-07-07 11:00:00,2,4,34.11536362184497,35.06055154113176,35.58240583047123,False,True
pig_17,A1,7,A1_p7,2026-07-07 11:30:00,2,4,39.960198046338974,33.674442233473954,34.17566515633746,False,True
pig_17,A1,7,A1_p7,2026-07-07 12:00:00,2,4,27.154678261185847,40.9584475193139,41.56808828601902,False,True
pig_17,A1,7,A1_p7,2026-07-07 12:30:00,2,4,43.14995764851231,34.35695210047912,34.86833375405157,False,True
pig_17,A1,7,A1_p7,2026-07-07 13:00:00,2,4,44.1464008772219,32.30187433383887,32.78266744557993,False,True
pig_17,A1,7,A1_p7,2026-07-07 13:30:00,2,4,26.26427715019502,37.75353378596012,38.315471424642524,False,True
pig_17,A1,7,A1_p7,2026-07-07 14:00:00,2,4,60.11047113978722,44.79596408373488,45.46272387428664,False,True
pig_17,A1,7,A1_p7,2026-07-07 14:30:00,2,4,43.31364702386006,46.80679800369155,47.50348779420488,False,True
pig_17,A1,7,A1_p7,2026-07-07 15:00:00,2,4,44.328831225529086,47.66845150052263,48.37796646216078,False,True
pig_17,A1,7,A1_p7,2026-07-07 16:30:00,2,4,35.55520937477332,39.18110785239064,39.764294034440724,False,True
pig_17,A1,7,A1_p7,2026-07-07 17:00:00,2,4,36.18620516094352,38.306423310338964,38.87659036234047,False,True
pig_17,A1,7,A1_p7,2026-07-07 17:30:00,2,4,35.363853598621084,35.84486589292949,36.37839420879408,False,True
pig_17,A1,7,A1_p7,2026-07-07 18:00:00,2,4,32.78456355826988,36.10538403783946,36.64279000266837,False,True
pig_17,A1,7,A1_p7,2026-07-07 18:30:00,2,4,31.245265175745075,35.506288676564644,36.03477748321258,False,True
pig_17,A1,7,A1_p7,2026-07-07 19:00:00,2,4,31.22687741057391,33.61950634893898,34.11991158566455,False,True
pig_17,A1,7,A1_p7,2026-07-07 19:30:00,2,4,31.850622261069926,32.52010434865865,33.00414567710739,False,True
pig_17,A1,7,A1_p7,2026-07-07 20:00:00,2,4,32.06064802380063,31.854986891533738,32.32912836437103,False,True
pig_17,A1,7,A1_p7,2026-07-07 20:30:00,2,4,34.412405887677835,32.87119307157478,33.36046013515714,False,True
pig_17,A1,7,A1_p7,2026-07-07 21:00:00,2,4,33.29037410985333,31.839677220468687,32.31359081846766,False,True
pig_17,A1,7,A1_p7,2026-07-07 21:30:00,2,4,33.146079816810364,33.184441390789516,33.67837095886267,False,True
pig_17,A1,7,A1_p7,2026-07-07 22:00:00,2,4,31.936393697045503,31.686047765666444,32.15767468572016,False,True
pig_17,A1,7,A1_p7,2026-07-07 22:30:00,2,4,29.847056777672883,30.76431637660812,31.222223903844117,False,True
pig_17,A1,7,A1_p7,2026-07-07 23:00:00,2,4,30.433717239955552,32.132003743782704,32.61026843848077,False,True
pig_17,A1,7,A1_p7,2026-07-07 23:30:00,2,4,29.922798147918556,30.56603685987084,31.020993121032877,False,True
pig_17,A1,7,A1_p7,2026-07-08 00:00:00,2,4,28.262838764508096,30.92296449337809,31.38323339819067,False,True
pig_17,A1,7,A1_p7,2026-07-08 00:30:00,2,4,28.606363651271288,31.65451546975997,32.12567305139349,False,True
pig_17,A1,7,A1_p7,2026-07-08 01:00:00,2,4,28.192590810207342,28.468524581693103,28.892260689971195,False,True
pig_17,A1,7,A1_p7,2026-07-08 01:30:00,2,4,29.648707410809276,30.67986368199478,31.13651418391334,False,True
pig_17,A1,7,A1_p7,2026-07-08 02:00:00,2,4,28.06376246646251,30.6077065503814,31.063283038715355,False,True
pig_17,A1,7,A1_p7,2026-07-08 02:30:00,2,4,27.39144102064695,29.039907948750766,29.47214873958089,False,True
pig_17,A1,7,A1_p7,2026-07-08 03:00:00,2,4,27.12769320757109,28.257793905191804,28.678393419703006,False,True
pig_17,A1,7,A1_p7,2026-07-08 03:30:00,2,4,27.637365550368564,26.619230605736647,27.015441134661835,False,True
pig_17,A1,7,A1_p7,2026-07-08 04:00:00,2,4,25.425109001047947,26.412159281767657,26.805287684090075,False,True
pig_17,A1,7,A1_p7,2026-07-08 04:30:00,2,4,25.84212346870256,25.96978364698067,26.3563275658205,False,True
pig_17,A1,7,A1_p7,2026-07-08 05:00:00,2,4,25.00118998654498,26.254893345894963,26.645680943535346,False,True
pig_17,A1,7,A1_p7,2026-07-08 05:30:00,2,4,25.742863302996632,27.08358606968944,27.486708238049548,False,True
pig_17,A1,7,A1_p7,2026-07-08 06:00:00,2,4,24.645366015130882,24.74992127663593,25.118308310247613,False,True
pig_17,A1,7,A1_p7,2026-07-08 06:30:00,2,4,27.33802174873933,28.751803430410227,29.179755966433582,False,True
pig_17,A1,7,A1_p7,2026-07-08 07:00:00,2,4,25.239642653328655,27.562493866188937,27.9727442763141,False,True
pig_17,A1,7,A1_p7,2026-07-08 07:30:00,2,4,33.824973000976996,37.79231713699246,38.35483204149646,False,True
pig_17,A1,7,A1_p7,2026-07-08 08:00:00,2,4,39.96341270192461,51.121741661638936,51.882656678430195,False,True
pig_17,A1,7,A1_p7,2026-07-08 09:30:00,3,4,35.990514233458924,37.65502054018561,38.215491871077504,False,True
pig_17,A1,7,A1_p7,2026-07-08 10:00:00,3,4,36.77607140510967,36.473189361646604,37.01606987771426,False,True
pig_17,A1,7,A1_p7,2026-07-08 10:30:00,3,4,34.72589641741666,35.181357405240206,35.70500981399285,False,True
pig_17,A1,7,A1_p7,2026-07-08 11:00:00,3,4,34.29672475537033,35.144999630901474,35.66811087701817,False,True
pig_17,A1,7,A1_p7,2026-07-08 11:30:00,3,4,32.24775862029111,33.944891453591154,34.45013984323607,False,True
pig_17,A1,7,A1_p7,2026-07-08 12:00:00,3,4,31.31561242636075,32.161871289881404,32.64058054424435,False,True
pig_17,A1,7,A1_p7,2026-07-08 12:30:00,3,4,34.09206863247867,35.19765334491311,35.72154830849284,False,True
pig_17,A1,7,A1_p7,2026-07-08 13:00:00,3,4,50.21178247405524,46.85403230502084,47.55142514844318,False,True
pig_17,A1,7,A1_p7,2026-07-08 13:30:00,3,4,34.82959750289977,36.78824301518955,37.33581290701562,False,True
pig_17,A1,7,A1_p7,2026-07-08 14:00:00,3,4,38.87196473455256,38.600801146727235,39.175349827934596,False,True
pig_17,A1,7,A1_p7,2026-07-08 14:30:00,3,4,31.77556732897153,47.764987681999486,48.47593952406781,False,True
pig_17,A1,7,A1_p7,2026-07-08 15:30:00,3,4,45.333825167130335,44.24993252693804,44.90856498071089,False,True
pig_17,A1,7,A1_p7,2026-07-08 16:00:00,3,4,39.05262957363129,38.88781026689361,39.46663089859389,False,True
pig_17,A1,7,A1_p7,2026-07-08 16:30:00,3,4,37.557721262493594,37.46355607117634,38.02117757369941,False,True
pig_17,A1,7,A1_p7,2026-07-08 17:00:00,3,4,39.64466097432047,40.97339173669352,41.58325493868838,False,True
pig_17,A1,7,A1_p7,2026-07-08 17:30:00,3,4,33.931830265745624,34.85376168238535,35.37253803455512,False,True
pig_17,A1,7,A1_p7,2026-07-08 18:00:00,3,4,36.13161591872128,35.30096766980541,35.82640040222292,False,True
pig_17,A1,7,A1_p7,2026-07-08 18:30:00,3,4,39.41867929382877,35.822597578928,36.355794444924655,False,True
pig_17,A1,7,A1_p7,2026-07-08 19:00:00,3,4,35.53785897151597,33.98039063561442,34.48616740828791,False,True
pig_17,A1,7,A1_p7,2026-07-08 19:30:00,3,4,35.865922246211234,33.9517436747418,34.4570940553949,False,True
pig_17,A1,7,A1_p7,2026-07-08 20:00:00,3,4,35.012172130533,33.016661145365354,33.5080934098625,False,True
pig_17,A1,7,A1_p7,2026-07-08 20:30:00,3,4,32.27077695969573,33.11843778806873,33.61138493397003,False,True
pig_17,A1,7,A1_p7,2026-07-08 21:00:00,3,4,33.75137579130257,32.473919829519886,32.95727373040819,False,True
pig_17,A1,7,A1_p7,2026-07-08 21:30:00,3,4,34.55306655336817,31.70568558577686,32.17760480244907,False,True
pig_17,A1,7,A1_p7,2026-07-08 22:00:00,3,4,35.039968572553896,32.01140805295964,32.48787775654189,False,True
pig_17,A1,7,A1_p7,2026-07-08 22:30:00,3,4,36.70945141521491,32.44018876958786,32.92304060483441,False,True
pig_17,A1,7,A1_p7,2026-07-08 23:00:00,3,4,31.97530933477493,29.07726506203206,29.510061890030634,False,True
pig_17,A1,7,A1_p7,2026-07-08 23:30:00,3,4,32.997845337949315,29.038265629090148,29.47048197502361,False,True
pig_17,A1,7,A1_p7,2026-07-09 00:00:00,3,4,32.181298149661785,30.109594004320435,30.55775640025398,False,True
pig_17,A1,7,A1_p7,2026-07-09 00:30:00,3,4,29.057980796944683,27.938631502003272,28.35448048459817,False,True
pig_17,A1,7,A1_p7,2026-07-09 01:00:00,3,4,30.779874160692266,28.693379379136854,29.120462309851185,False,True
pig_17,A1,7,A1_p7,2026-07-09 01:30:00,3,4,30.33301514947225,29.561009708685372,30.001006771925677,False,True
pig_17,A1,7,A1_p7,2026-07-09 02:00:00,3,4,32.913787159872214,30.779406943355326,31.237539084199476,False,True
pig_17,A1,7,A1_p7,2026-07-09 02:30:00,3,4,29.933408620614614,29.22498052164174,29.659976001481503,False,True
pig_17,A1,7,A1_p7,2026-07-09 03:00:00,3,4,26.889109619983145,27.2423741485028,27.647859777686605,False,True
pig_17,A1,7,A1_p7,2026-07-09 03:30:00,3,4,28.804891635635286,27.299109754904435,27.70543985795581,False,True
pig_17,A1,7,A1_p7,2026-07-09 04:00:00,3,4,28.262206637351536,26.44281322641342,26.83639789344918,False,True
pig_17,A1,7,A1_p7,2026-07-09 04:30:00,3,4,28.93202197700095,26.319451784375303,26.711200293825485,False,True
pig_17,A1,7,A1_p7,2026-07-09 05:00:00,3,4,31.13440246522139,30.439671132872625,30.892746519554343,False,True
pig_17,A1,7,A1_p7,2026-07-09 05:30:00,3,4,30.11823951060203,31.096103572928158,31.55894954419702,False,True
pig_17,A1,7,A1_p7,2026-07-09 06:00:00,3,4,25.833756853589627,26.129602548290052,26.518525271099016,False,True
pig_17,A1,7,A1_p7,2026-07-09 06:30:00,3,4,27.75054524705996,28.70790560943658,29.13520475396549,False,True
pig_17,A1,7,A1_p7,2026-07-09 07:00:00,3,4,24.35576346041865,25.38814868416333,25.766035331886936,False,True
pig_17,A1,7,A1_p7,2026-07-09 07:30:00,3,4,27.354736181483748,30.88139231823228,31.341042447327894,False,True
pig_17,A1,7,A1_p7,2026-07-09 08:00:00,3,4,44.52124309597915,41.52770369782982,42.145817485221535,False,True
pig_17,A1,7,A1_p7,2026-07-09 09:30:00,4,4,28.376864916686674,32.34269512123163,32.34269512123163,False,True
pig_17,A1,7,A1_p7,2026-07-09 10:00:00,4,4,29.092196790600102,31.921366181033584,31.921366181033584,False,True
pig_17,A1,7,A1_p7,2026-07-09 10:30:00,4,4,24.568150548130426,26.1291083424484,26.1291083424484,False,True
pig_17,A1,7,A1_p7,2026-07-09 11:00:00,4,4,29.746095397095296,32.61003767657695,32.61003767657695,False,True
pig_17,A1,7,A1_p7,2026-07-09 11:30:00,4,4,31.632938735503743,30.37961048021981,30.37961048021981,False,True
pig_17,A1,7,A1_p7,2026-07-09 12:00:00,4,4,29.521298956529947,28.992880746518164,28.992880746518164,False,True
pig_17,A1,7,A1_p7,2026-07-09 12:30:00,4,4,34.78907931730518,34.23850238812644,34.23850238812644,False,True
pig_17,A1,7,A1_p7,2026-07-09 13:00:00,4,4,36.25522081947637,37.22711720856033,37.22711720856033,False,True
pig_17,A1,7,A1_p7,2026-07-09 13:30:00,4,4,35.450140171627154,36.33088411086354,36.33088411086354,False,True
pig_17,A1,7,A1_p7,2026-07-09 14:00:00,4,4,38.222000131554076,38.573964359877436,38.573964359877436,False,True
pig_17,A1,7,A1_p7,2026-07-09 14:30:00,4,4,38.12686339972196,38.34608239180488,38.34608239180488,False,True
pig_17,A1,7,A1_p7,2026-07-09 15:00:00,4,4,30.651106682193753,36.04168260564585,36.04168260564585,False,True
pig_17,A1,7,A1_p7,2026-07-09 15:30:00,4,4,27.198554492950443,32.88679977069215,32.88679977069215,False,True
pig_17,A1,7,A1_p7,2026-07-09 16:00:00,4,4,55.125690658552514,36.62829385816118,36.62829385816118,False,True
pig_17,A1,7,A1_p7,2026-07-09 16:30:00,4,4,29.067353023563157,30.86945193174654,30.86945193174654,False,True
pig_17,A1,7,A1_p7,2026-07-09 17:00:00,4,4,28.317171198402306,32.250300816790926,32.250300816790926,False,True
pig_17,A1,7,A1_p7,2026-07-09 17:30:00,4,4,28.309887522005063,32.64112949430883,32.64112949430883,False,True
pig_17,A1,7,A1_p7,2026-07-09 18:00:00,4,4,32.562543291819196,34.738174750748556,34.738174750748556,False,True
pig_17,A1,7,A1_p7,2026-07-09 18:30:00,4,4,20.01744389171796,28.313207834556096,28.313207834556096,False,True
pig_17,A1,7,A1_p7,2026-07-09 19:00:00,4,4,27.634695033988052,31.224850316204385,31.224850316204385,False,True
pig_17,A1,7,A1_p7,2026-07-09 19:30:00,4,4,26.664137858306738,34.23355840425477,34.23355840425477,False,True
pig_17,A1,7,A1_p7,2026-07-09 20:00:00,4,4,22.8412188383013,22.902883557151732,22.902883557151732,False,True
pig_17,A1,7,A1_p7,2026-07-09 20:30:00,4,4,19.462140296978607,21.636682502482437,21.636682502482437,False,True
pig_17,A1,7,A1_p7,2026-07-09 21:00:00,4,4,20.870705756526842,21.83591456356352,21.83591456356352,False,True
pig_17,A1,7,A1_p7,2026-07-09 21:30:00,4,4,20.4083842884261,22.34798126204835,22.34798126204835,False,True
pig_17,A1,7,A1_p7,2026-07-09 22:00:00,4,4,20.557997740533626,21.450723304412957,21.450723304412957,False,True
pig_17,A1,7,A1_p7,2026-07-09 22:30:00,4,4,20.9363129937475,21.74172607546567,21.74172607546567,False,True
pig_17,A1,7,A1_p7,2026-07-09 23:00:00,4,4,21.329347001665333,21.580286030298847,21.580286030298847,False,True
pig_17,A1,7,A1_p7,2026-07-09 23:30:00,4,4,20.82009215344059,21.472881166006566,21.472881166006566,False,True
pig_17,A1,7,A1_p7,2026-07-10 00:00:00,4,4,21.675031485063318,22.017811370918174,22.017811370918174,False,True
pig_17,A1,7,A1_p7,2026-07-10 00:30:00,4,4,20.87329586212961,21.29866123537859,21.29866123537859,False,True
pig_17,A1,7,A1_p7,2026-07-10 01:00:00,4,4,21.385848432795832,21.235610436494788,21.235610436494788,False,True
pig_17,A1,7,A1_p7,2026-07-10 01:30:00,4,4,20.004770928928636,20.98948730326403,20.98948730326403,False,True
pig_17,A1,7,A1_p7,2026-07-10 02:00:00,4,4,20.175120386414903,20.827402732239424,20.827402732239424,False,True
pig_17,A1,7,A1_p7,2026-07-10 02:30:00,4,4,20.11766724779118,19.961879530572823,19.961879530572823,False,True
pig_17,A1,7,A1_p7,2026-07-10 03:00:00,4,4,20.256273459936654,20.96982006330522,20.96982006330522,False,True
pig_17,A1,7,A1_p7,2026-07-10 03:30:00,4,4,19.74009404599373,21.709201840987397,21.709201840987397,False,True
pig_17,A1,7,A1_p7,2026-07-10 04:00:00,4,4,21.253418215822137,20.354153149900753,20.354153149900753,False,True
pig_17,A1,7,A1_p7,2026-07-10 04:30:00,4,4,19.65966958487423,20.700859626207382,20.700859626207382,False,True
pig_17,A1,7,A1_p7,2026-07-10 05:00:00,4,4,19.714989885924837,20.616896544465853,20.616896544465853,False,True
pig_17,A1,7,A1_p7,2026-07-10 05:30:00,4,4,19.99543423223097,20.264436219253852,20.264436219253852,False,True
pig_17,A1,7,A1_p7,2026-07-10 06:00:00,4,4,20.397649730324414,20.41929071094857,20.41929071094857,False,True
pig_17,A1,7,A1_p7,2026-07-10 06:30:00,4,4,22.74595363404996,23.52232291015099,23.52232291015099,False,True
pig_17,A1,7,A1_p7,2026-07-10 07:00:00,4,4,20.02732475661605,24.14416345265142,24.14416345265142,False,True
pig_18,B2,8,B2_p8,2026-07-10 16:30:00,0,1,39.186775134029084,37.95594455521701,37.95594455521701,True,False
pig_18,B2,8,B2_p8,2026-07-10 17:00:00,0,1,36.45076998027278,37.51079904064972,37.51079904064972,True,False
pig_18,B2,8,B2_p8,2026-07-10 17:30:00,0,1,36.40363809992107,37.50528386399586,37.50528386399586,True,False
pig_18,B2,8,B2_p8,2026-07-10 18:00:00,0,1,35.17425063333828,36.17245194956486,36.17245194956486,True,False
pig_18,B2,8,B2_p8,2026-07-10 18:30:00,0,1,39.36022637122795,38.52243658723121,38.52243658723121,True,False
pig_18,B2,8,B2_p8,2026-07-10 19:00:00,0,1,37.701078135046195,37.03967108504348,37.03967108504348,True,False
pig_18,B2,8,B2_p8,2026-07-10 19:30:00,0,1,35.578642720160445,36.5373998818679,36.5373998818679,True,False
pig_18,B2,8,B2_p8,2026-07-10 20:00:00,0,1,40.73305339790539,37.04368424156736,37.04368424156736,True,False
pig_18,B2,8,B2_p8,2026-07-10 20:30:00,0,1,38.40443154161076,37.432499624336735,37.432499624336735,True,False
pig_18,B2,8,B2_p8,2026-07-10 21:00:00,0,1,39.946052586880306,38.626938334223794,38.626938334223794,True,False
pig_18,B2,8,B2_p8,2026-07-10 21:30:00,0,1,34.180308211420254,35.868176452687784,35.868176452687784,True,False
pig_18,B2,8,B2_p8,2026-07-10 22:00:00,0,1,32.66508240154268,35.19078698383331,35.19078698383331,True,False
pig_18,B2,8,B2_p8,2026-07-10 22:30:00,0,1,33.528251393480765,35.031698861174085,35.031698861174085,True,False
pig_18,B2,8,B2_p8,2026-07-10 23:00:00,0,1,33.24889173523137,34.58209991253784,34.58209991253784,True,False
pig_18,B2,8,B2_p8,2026-07-10 23:30:00,0,1,32.042245232327815,34.79910915174989,34.79910915174989,True,False
pig_18,B2,8,B2_p8,2026-07-11 00:00:00,0,1,33.77720836856223,33.96360561756345,33.96360561756345,True,False
pig_18,B2,8,B2_p8,2026-07-11 00:30:00,0,1,31.477667284797775,33.266035359539224,33.266035359539224,True,False
pig_18,B2,8,B2_p8,2026-07-11 01:00:00,0,1,31.636223681026436,33.595646952834606,33.595646952834606,True,False
pig_18,B2,8,B2_p8,2026-07-11 01:30:00,0,1,28.882462062541947,33.90086897611277,33.90086897611277,True,False
pig_18,B2,8,B2_p8,2026-07-11 02:00:00,0,1,35.98547052927819,36.84740995193661,36.84740995193661,True,False
pig_18,B2,8,B2_p8,2026-07-11 02:30:00,0,1,35.007206569685486,33.34301464540616,33.34301464540616,True,False
pig_18,B2,8,B2_p8,2026-07-11 03:00:00,0,1,33.93249885207289,33.66078980894236,33.66078980894236,True,False
pig_18,B2,8,B2_p8,2026-07-11 03:30:00,0,1,36.01228405262347,35.95922595456041,35.95922595456041,True,False
pig_18,B2,8,B2_p8,2026-07-11 04:00:00,0,1,36.348780363369094,34.22059587611764,34.22059587611764,True,False
pig_18,B2,8,B2_p8,2026-07-11 04:30:00,0,1,34.6072489540048,32.23243729404044,32.23243729404044,True,False
pig_18,B2,8,B2_p8,2026-07-11 05:00:00,0,1,30.682843110805674,32.99519272101117,32.99519272101117,True,False
pig_18,B2,8,B2_p8,2026-07-11 05:30:00,0,1,31.417317954297133,33.83920524587476,33.83920524587476,True,False
pig_18,B2,8,B2_p8,2026-07-11 06:00:00,0,1,32.20845238502099,34.87117113441878,34.87117113441878,True,False
pig_18,B2,8,B2_p8,2026-07-11 06:30:00,0,1,32.45306677424557,35.13725175659498,35.13725175659498,True,False
pig_18,B2,8,B2_p8,2026-07-11 07:00:00,0,1,35.20994523316777,34.50446084908513,34.50446084908513,True,False
pig_18,B2,8,B2_p8,2026-07-11 07:30:00,0,1,32.41343122934363,32.08966050974657,32.08966050974657,True,False
pig_18,B2,8,B2_p8,2026-07-11 08:00:00,0,1,39.35571062743817,41.83828750740509,41.83828750740509,True,False
pig_18,B2,8,B2_p8,2026-07-11 10:00:00,1,1,35.99989892090054,41.94880043831773,41.94880043831773,True,False
pig_18,B2,8,B2_p8,2026-07-11 10:30:00,1,1,38.008197321126914,41.6094364561514,41.6094364561514,True,False
pig_18,B2,8,B2_p8,2026-07-11 11:00:00,1,1,33.895767812974285,39.82545726419774,39.82545726419774,True,False
pig_18,B2,8,B2_p8,2026-07-11 11:30:00,1,1,40.59538008290711,44.159278460571564,44.159278460571564,True,False
pig_18,B2,8,B2_p8,2026-07-11 12:00:00,1,1,34.6343549387907,38.4136772182723,38.4136772182723,True,False
pig_18,B2,8,B2_p8,2026-07-11 12:30:00,1,1,37.382370121682776,41.25335976741043,41.25335976741043,True,False
pig_18,B2,8,B2_p8,2026-07-11 13:00:00,1,1,39.83791787512495,42.94095968598771,42.94095968598771,True,False
pig_18,B2,8,B2_p8,2026-07-11 13:30:00,1,1,40.54721418594577,48.55239098803749,48.55239098803749,True,False
pig_18,B2,8,B2_p8,2026-07-11 14:00:00,1,1,58.267838922609215,58.7036595440311,58.7036595440311,True,False
pig_18,B2,8,B2_p8,2026-07-11 15:30:00,1,1,36.69225233578644,47.87979098539611,47.87979098539611,True,False
pig_18,B2,8,B2_p8,2026-07-11 16:00:00,1,1,41.91801808851463,49.58852434068268,49.58852434068268,True,False
pig_18,B2,8,B2_p8,2026-07-11 16:30:00,1,1,38.45598857605374,42.389790207129394,42.389790207129394,True,False
pig_18,B2,8,B2_p8,2026-07-11 17:00:00,1,1,34.03637602929325,45.23909912237549,45.23909912237549,True,False
pig_18,B2,8,B2_p8,2026-07-11 17:30:00,1,1,42.69900282550775,48.3089177764422,48.3089177764422,True,False
pig_18,B2,8,B2_p8,2026-07-11 18:00:00,1,1,31.550441033538796,39.18704479643195,39.18704479643195,True,False
pig_18,B2,8,B2_p8,2026-07-11 18:30:00,1,1,35.30632679798005,40.235871820870656,40.235871820870656,True,False
pig_18,B2,8,B2_p8,2026-07-11 20:00:00,1,1,39.485028920072374,40.30707031972845,40.30707031972845,True,False
pig_18,B2,8,B2_p8,2026-07-11 20:30:00,1,1,39.68485519555297,39.08363936184452,39.08363936184452,True,False
pig_18,B2,8,B2_p8,2026-07-11 21:00:00,1,1,35.70656646158262,40.7597774202068,40.7597774202068,True,False
pig_18,B2,8,B2_p8,2026-07-11 21:30:00,1,1,37.076091081713756,40.64241173381317,40.64241173381317,True,False
pig_18,B2,8,B2_p8,2026-07-11 22:00:00,1,1,38.070485451319975,39.5367148657152,39.5367148657152,True,False
pig_18,B2,8,B2_p8,2026-07-11 22:30:00,1,1,36.89610644204558,38.27413891144043,38.27413891144043,True,False
pig_18,B2,8,B2_p8,2026-07-11 23:00:00,1,1,35.49812978031797,37.77444834915501,37.77444834915501,True,False
pig_18,B2,8,B2_p8,2026-07-11 23:30:00,1,1,35.32445291755248,38.01348135487635,38.01348135487635,True,False
pig_18,B2,8,B2_p8,2026-07-12 00:00:00,1,1,41.68792320187599,43.01025630151933,43.01025630151933,True,False
pig_18,B2,8,B2_p8,2026-07-12 00:30:00,1,1,31.732429899681183,38.965571864063946,38.965571864063946,True,False
pig_18,B2,8,B2_p8,2026-07-12 01:00:00,1,1,37.54975793311025,41.27314949769895,41.27314949769895,True,False
pig_18,B2,8,B2_p8,2026-07-12 01:30:00,1,1,33.99949522063771,38.778097439743156,38.778097439743156,True,False
pig_18,B2,8,B2_p8,2026-07-12 02:00:00,1,1,32.2948436369339,38.35626955023114,38.35626955023114,True,False
pig_18,B2,8,B2_p8,2026-07-12 02:30:00,1,1,33.6305848124608,36.48309325571054,36.48309325571054,True,False
pig_18,B2,8,B2_p8,2026-07-12 03:00:00,1,1,34.03880329861721,35.86150351525289,35.86150351525289,True,False
pig_18,B2,8,B2_p8,2026-07-12 03:30:00,1,1,34.133113371689056,35.835815497666424,35.835815497666424,True,False
pig_18,B2,8,B2_p8,2026-07-12 04:00:00,1,1,32.803933638737405,36.39257864991036,36.39257864991036,True,False
pig_18,B2,8,B2_p8,2026-07-12 04:30:00,1,1,32.18746795968214,35.701259221638225,35.701259221638225,True,False
pig_18,B2,8,B2_p8,2026-07-12 05:00:00,1,1,33.811208612956754,35.59173009814037,35.59173009814037,True,False
pig_18,B2,8,B2_p8,2026-07-12 05:30:00,1,1,33.559604255437314,38.09392601114439,38.09392601114439,True,False
pig_18,B2,8,B2_p8,2026-07-12 06:00:00,1,1,32.48038345585042,37.182387648447836,37.182387648447836,True,False
pig_18,B2,8,B2_p8,2026-07-12 06:30:00,1,1,36.96147619117631,37.56931878099547,37.56931878099547,True,False
pig_18,B2,8,B2_p8,2026-07-12 07:00:00,1,1,35.1787738168794,38.24030343948752,38.24030343948752,True,False
pig_18,B2,8,B2_p8,2026-07-12 07:30:00,1,1,33.846391438193,37.427579743258754,37.427579743258754,True,False
pig_18,B2,8,B2_p8,2026-07-12 08:00:00,1,1,37.49720828167296,39.1785847130087,39.1785847130087,True,False
pig_18,B2,8,B2_p8,2026-07-12 08:30:00,1,1,41.02541410445651,46.01485439622954,46.01485439622954,True,False
pig_18,B2,8,B2_p8,2026-07-12 10:00:00,2,1,52.07190272141604,51.986929109341965,50.266578846684325,False,True
pig_18,B2,8,B2_p8,2026-07-12 10:30:00,2,1,35.71774991645794,44.070453709498096,42.612075268734365,False,True
pig_18,B2,8,B2_p8,2026-07-12 11:00:00,2,1,51.48848004629828,55.05635953487623,53.23443575115772,False,True
pig_18,B2,8,B2_p8,2026-07-12 11:30:00,2,1,47.153587287742255,53.94916068354808,52.16387629875791,False,True
pig_18,B2,8,B2_p8,2026-07-12 12:00:00,2,1,42.95440381463808,47.90578991852987,46.32049262012963,False,True
pig_18,B2,8,B2_p8,2026-07-12 12:30:00,2,1,38.27698571686808,43.871062751270756,42.419282551511735,False,True
pig_18,B2,8,B2_p8,2026-07-12 13:00:00,2,1,41.38879591545938,49.09983015580011,47.47501970532483,False,True
pig_18,B2,8,B2_p8,2026-07-12 13:30:00,2,1,42.11440250683405,44.497283692975856,43.024780604213746,False,True
pig_18,B2,8,B2_p8,2026-07-12 14:00:00,2,1,41.45990896776969,47.68068662866594,46.102838443157665,False,True
pig_18,B2,8,B2_p8,2026-07-12 14:30:00,2,1,39.73127739765141,41.18612221745192,39.82319200809838,False,True
pig_18,B2,8,B2_p8,2026-07-12 15:00:00,2,1,54.127106819827155,59.52896014101684,57.55902916088645,False,True
pig_18,B2,8,B2_p8,2026-07-12 16:30:00,2,1,40.95456348120471,45.491232802016995,43.985837972194155,False,True
pig_18,B2,8,B2_p8,2026-07-12 17:00:00,2,1,42.25896716973274,53.568656292541064,51.795963550308485,False,True
pig_18,B2,8,B2_p8,2026-07-12 17:30:00,2,1,43.335758849704604,45.920257793378305,44.40066567840667,False,True
pig_18,B2,8,B2_p8,2026-07-12 18:00:00,2,1,41.05285645120382,45.89573261163713,44.37695208341573,False,True
pig_18,B2,8,B2_p8,2026-07-12 18:30:00,2,1,44.0487392906214,46.01222288792173,44.48958746615619,False,True
pig_18,B2,8,B2_p8,2026-07-12 19:00:00,2,1,39.496730137374705,41.05748862982932,39.69881516019947,False,True
pig_18,B2,8,B2_p8,2026-07-12 19:30:00,2,1,43.374129050792604,47.18072359038071,45.61942017023884,False,True
pig_18,B2,8,B2_p8,2026-07-12 20:00:00,2,1,40.11089515154371,43.42821762314726,41.991092044184974,False,True
pig_18,B2,8,B2_p8,2026-07-12 20:30:00,2,1,38.567355431256495,39.03066598449259,37.73906408323587,False,True
pig_18,B2,8,B2_p8,2026-07-12 21:00:00,2,1,40.48728168809794,38.63308670952214,37.35464149249049,False,True
pig_18,B2,8,B2_p8,2026-07-12 21:30:00,2,1,40.60132654910893,37.71517567592702,36.46710594971192,False,True
pig_18,B2,8,B2_p8,2026-07-12 22:00:00,2,1,37.92097817172065,38.94713898930043,37.65830116144792,False,True
pig_18,B2,8,B2_p8,2026-07-12 22:30:00,2,1,38.244028243098775,40.07433981429983,38.748200682666194,False,True
pig_18,B2,8,B2_p8,2026-07-13 10:00:00,3,1,47.40363420564856,50.01695352592115,48.36179364997089,False,True
pig_18,B2,8,B2_p8,2026-07-13 10:30:00,3,1,56.629041743715476,56.125901902453954,54.268584847301476,False,True
pig_18,B2,8,B2_p8,2026-07-13 11:00:00,3,1,41.982087689636785,42.851344217241824,41.43330851976267,False,True
pig_18,B2,8,B2_p8,2026-07-13 11:30:00,3,1,38.24407980188844,42.62265732957806,41.21218933332686,False,True
pig_18,B2,8,B2_p8,2026-07-13 12:00:00,3,1,44.004364344304946,45.00266542831708,43.51343825879022,False,True
pig_18,B2,8,B2_p8,2026-07-13 12:30:00,3,1,45.87163256452215,48.810029210349356,47.19480884609702,False,True
pig_18,B2,8,B2_p8,2026-07-13 13:00:00,3,1,41.76755030569203,42.28000301545836,40.880874127890756,False,True
pig_18,B2,8,B2_p8,2026-07-13 13:30:00,3,1,37.79647504503223,42.23017422853651,40.83269427403991,False,True
pig_18,B2,8,B2_p8,2026-07-13 14:00:00,3,1,53.28426771685338,53.38022464945125,51.61376748281886,False,True
pig_18,B2,8,B2_p8,2026-07-13 14:30:00,3,1,55.04646780613337,56.786561569391395,54.90738197973236,False,True
pig_18,B2,8,B2_p8,2026-07-13 15:00:00,3,1,42.562022783141614,48.39048597429276,46.7891491251607,False,True
pig_18,B2,8,B2_p8,2026-07-13 16:00:00,3,1,63.08174628402336,63.7852066186048,61.6744280279096,False,True
pig_18,B2,8,B2_p8,2026-07-13 16:30:00,3,1,50.11065540763583,56.407309160306994,54.54067978264855,False,True
pig_18,B2,8,B2_p8,2026-07-13 17:00:00,3,1,41.29826238592945,48.51549159668913,46.910018064375194,False,True
pig_18,B2,8,B2_p8,2026-07-13 17:30:00,3,1,42.46888090645659,50.715993466234295,49.03770097665347,False,True
pig_18,B2,8,B2_p8,2026-07-13 18:00:00,3,1,39.47537085550516,41.81737691495579,40.43355723966802,False,True
pig_18,B2,8,B2_p8,2026-07-13 18:30:00,3,1,40.52073055466481,42.58179596393987,41.172680151060774,False,True
pig_18,B2,8,B2_p8,2026-07-13 19:00:00,3,1,44.12805837326922,44.29246021491509,42.82673513997909,False,True
pig_18,B2,8,B2_p8,2026-07-13 19:30:00,3,1,47.47557323884188,43.52574137071032,42.08538853813621,False,True
pig_18,B2,8,B2_p8,2026-07-13 20:00:00,3,1,41.90859405612076,40.177231972693676,38.84768793612045,False,True
pig_18,B2,8,B2_p8,2026-07-13 20:30:00,3,1,42.6680419651286,39.8825764950008,38.56278319071984,False,True
pig_18,B2,8,B2_p8,2026-07-13 21:00:00,3,1,38.45537371427676,39.4735989275121,38.167339499490126,False,True
pig_18,B2,8,B2_p8,2026-07-13 21:30:00,3,1,40.38887989669837,38.837267477500326,37.55206551518983,False,True
pig_18,B2,8,B2_p8,2026-07-13 22:00:00,3,1,44.25305870021724,41.03309996688336,39.675233566326916,False,True
pig_18,B2,8,B2_p8,2026-07-13 22:30:00,3,1,40.90863275607974,39.19668777992182,37.89959188922839,False,True
pig_18,B2,8,B2_p8,2026-07-13 23:00:00,3,1,43.86661358389783,42.906701473498345,41.48683389496807,False,True
pig_18,B2,8,B2_p8,2026-07-13 23:30:00,3,1,43.27563481813516,39.50001391769728,38.192880365427506,False,True
pig_18,B2,8,B2_p8,2026-07-14 00:00:00,3,1,41.98087041157625,39.72333483589691,38.40881115293729,False,True
pig_18,B2,8,B2_p8,2026-07-14 00:30:00,3,1,45.82425382643492,42.6095555975711,41.19952116353421,False,True
pig_18,B2,8,B2_p8,2026-07-14 01:00:00,3,1,45.92642350516497,40.49983340759886,39.15961385175989,False,True
pig_18,B2,8,B2_p8,2026-07-14 01:30:00,3,1,42.75883175383271,41.50665237027617,40.13311518447589,False,True
pig_18,B2,8,B2_p8,2026-07-14 02:00:00,3,1,39.37362863015542,37.64756509721857,36.401732738719396,False,True
pig_18,B2,8,B2_p8,2026-07-14 02:30:00,3,1,36.85505305303786,37.22934827756624,35.99735554044619,False,True
pig_18,B2,8,B2_p8,2026-07-14 03:00:00,3,1,34.284257039098286,36.46023099335115,35.253689867714655,False,True
pig_18,B2,8,B2_p8,2026-07-14 03:30:00,3,1,35.680867229373725,37.99460207124465,36.73728557318105,False,True
pig_18,B2,8,B2_p8,2026-07-14 04:00:00,3,1,38.33363800496653,36.47629406669942,35.269221382209054,False,True
pig_18,B2,8,B2_p8,2026-07-14 04:30:00,3,1,35.67907636818482,38.409558888300076,37.13851064878832,False,True
pig_18,B2,8,B2_p8,2026-07-14 05:00:00,3,1,36.91519162481146,41.982640821295206,40.59335223661906,False,True
pig_18,B2,8,B2_p8,2026-07-14 05:30:00,3,1,47.16685011601872,35.98196122800591,34.7912469944465,False,True
pig_18,B2,8,B2_p8,2026-07-14 06:00:00,3,1,35.213733900637735,32.36393582389316,31.292949203810906,False,True
pig_18,B2,8,B2_p8,2026-07-14 16:30:00,4,1,28.60602068045972,39.99308929937557,39.99308929937557,False,True
pig_18,B2,8,B2_p8,2026-07-14 17:00:00,4,1,29.520148477349988,32.46215216879335,32.46215216879335,False,True
pig_18,B2,8,B2_p8,2026-07-14 17:30:00,4,1,23.986803050226357,32.96843583445951,32.96843583445951,False,True
pig_18,B2,8,B2_p8,2026-07-14 18:00:00,4,1,32.757807563807816,36.00244669877628,36.00244669877628,False,True
pig_18,B2,8,B2_p8,2026-07-14 18:30:00,4,1,24.05993730620859,25.977171715036327,25.977171715036327,False,True
pig_18,B2,8,B2_p8,2026-07-14 19:00:00,4,1,22.385772991382687,27.586005661403636,27.586005661403636,False,True
pig_18,B2,8,B2_p8,2026-07-14 19:30:00,4,1,24.7816645057748,28.04719446704174,28.04719446704174,False,True
pig_18,B2,8,B2_p8,2026-07-14 20:00:00,4,1,26.60635780549363,29.099010942356763,29.099010942356763,False,True
pig_18,B2,8,B2_p8,2026-07-14 20:30:00,4,1,23.649253604493456,29.934404917431742,29.934404917431742,False,True
pig_18,B2,8,B2_p8,2026-07-14 21:00:00,4,1,23.040250444719558,29.00049378511674,29.00049378511674,False,True
pig_18,B2,8,B2_p8,2026-07-14 21:30:00,4,1,24.648284115195032,26.655822743366794,26.655822743366794,False,True
pig_18,B2,8,B2_p8,2026-07-14 22:00:00,4,1,23.005873568224654,25.647162167994605,25.647162167994605,False,True
pig_18,B2,8,B2_p8,2026-07-14 22:30:00,4,1,23.125503263205072,25.323175135176136,25.323175135176136,False,True
pig_18,B2,8,B2_p8,2026-07-14 23:00:00,4,1,23.839907935592418,25.02075062897617,25.02075062897617,False,True
pig_18,B2,8,B2_p8,2026-07-14 23:30:00,4,1,24.27186124680356,25.22845788028061,25.22845788028061,False,True
pig_18,B2,8,B2_p8,2026-07-15 00:00:00,4,1,25.003273084477307,25.853842492771875,25.853842492771875,False,True
pig_18,B2,8,B2_p8,2026-07-15 00:30:00,4,1,23.955147253984638,24.756351164545187,24.756351164545187,False,True
pig_18,B2,8,B2_p8,2026-07-15 01:00:00,4,1,21.547024875011406,24.04393482451107,24.04393482451107,False,True
pig_18,B2,8,B2_p8,2026-07-15 01:30:00,4,1,22.619490017322228,24.352141768407236,24.352141768407236,False,True
pig_19,B1,2,B1_p2,2026-06-10 11:00:00,0,2,56.07738987504564,35.16672616190739,35.16672616190739,True,False
pig_19,B1,2,B1_p2,2026-06-10 11:30:00,0,2,41.878517646826,34.91999150779312,34.91999150779312,True,False
pig_19,B1,2,B1_p2,2026-06-10 12:00:00,0,2,61.776514708411725,37.75530534580807,37.75530534580807,True,False
pig_19,B1,2,B1_p2,2026-06-10 12:30:00,0,2,67.59853060089526,37.86464352381071,37.86464352381071,True,False
pig_19,B1,2,B1_p2,2026-06-10 13:00:00,0,2,41.19821345379839,36.71696207451026,36.71696207451026,True,False
pig_19,B1,2,B1_p2,2026-06-10 16:30:00,0,2,36.09872620036823,38.15069928512635,38.15069928512635,True,False
pig_19,B1,2,B1_p2,2026-06-10 17:00:00,0,2,34.82962613882907,36.75689801454345,36.75689801454345,True,False
pig_19,B1,2,B1_p2,2026-06-10 17:30:00,0,2,33.79611071777598,35.994767342824275,35.994767342824275,True,False
pig_19,B1,2,B1_p2,2026-06-10 18:00:00,0,2,34.67356405093714,35.89248026900338,35.89248026900338,True,False
pig_19,B1,2,B1_p2,2026-06-10 18:30:00,0,2,34.156929933832274,37.35250850577629,37.35250850577629,True,False
pig_19,B1,2,B1_p2,2026-06-10 19:00:00,0,2,44.60473144365288,41.41013289429313,41.41013289429313,True,False
pig_19,B1,2,B1_p2,2026-06-10 19:30:00,0,2,34.15785729574431,36.20567085726103,36.20567085726103,True,False
pig_19,B1,2,B1_p2,2026-06-10 20:00:00,0,2,37.666007657584444,38.54189397521918,38.54189397521918,True,False
pig_19,B1,2,B1_p2,2026-06-10 20:30:00,0,2,37.63554240533661,39.248294786492764,39.248294786492764,True,False
pig_19,B1,2,B1_p2,2026-06-10 21:00:00,0,2,34.166039371556266,36.46155371313624,36.46155371313624,True,False
pig_19,B1,2,B1_p2,2026-06-10 21:30:00,0,2,36.02489512258638,37.498993948758425,37.498993948758425,True,False
pig_19,B1,2,B1_p2,2026-06-10 22:00:00,0,2,34.55759178079078,37.05250718336346,37.05250718336346,True,False
pig_19,B1,2,B1_p2,2026-06-10 22:30:00,0,2,34.66406660105257,35.97624127361131,35.97624127361131,True,False
pig_19,B1,2,B1_p2,2026-06-10 23:00:00,0,2,33.94758119928131,37.934333537835215,37.934333537835215,True,False
pig_19,B1,2,B1_p2,2026-06-10 23:30:00,0,2,36.6937255067291,36.88720377865494,36.88720377865494,True,False
pig_19,B1,2,B1_p2,2026-06-11 00:00:00,0,2,34.40485401043721,36.1825883346226,36.1825883346226,True,False
pig_19,B1,2,B1_p2,2026-06-11 00:30:00,0,2,38.186203708559,37.61335521666958,37.61335521666958,True,False
pig_19,B1,2,B1_p2,2026-06-11 01:00:00,0,2,34.49200345839213,35.13849922832516,35.13849922832516,True,False
pig_19,B1,2,B1_p2,2026-06-11 01:30:00,0,2,36.05383608032573,35.98446644979525,35.98446644979525,True,False
pig_19,B1,2,B1_p2,2026-06-11 02:00:00,0,2,34.499550289089626,34.61332117913201,34.61332117913201,True,False
pig_19,B1,2,B1_p2,2026-06-11 02:30:00,0,2,35.992684662252046,36.006109370929074,36.006109370929074,True,False
pig_19,B1,2,B1_p2,2026-06-11 03:00:00,0,2,36.81137681268288,35.094119355558874,35.094119355558874,True,False
pig_19,B1,2,B1_p2,2026-06-11 03:30:00,0,2,34.542918445136785,35.25520669144656,35.25520669144656,True,False
pig_19,B1,2,B1_p2,2026-06-11 04:00:00,0,2,35.66413466280251,35.005469759871715,35.005469759871715,True,False
pig_19,B1,2,B1_p2,2026-06-11 04:30:00,0,2,32.39880348459297,34.03885117220888,34.03885117220888,True,False
pig_19,B1,2,B1_p2,2026-06-11 05:00:00,0,2,33.76802746647109,35.03614658413713,35.03614658413713,True,False
pig_19,B1,2,B1_p2,2026-06-11 05:30:00,0,2,32.91103036209245,34.45259927501884,34.45259927501884,True,False
pig_19,B1,2,B1_p2,2026-06-11 06:00:00,0,2,32.87484457283838,34.117140812639214,34.117140812639214,True,False
pig_19,B1,2,B1_p2,2026-06-11 06:30:00,0,2,31.6856405269124,32.40475307020141,32.40475307020141,True,False
pig_19,B1,2,B1_p2,2026-06-11 07:00:00,0,2,31.01598338812341,32.501636094136465,32.501636094136465,True,False
pig_19,B1,2,B1_p2,2026-06-11 09:30:00,1,2,33.81238457237703,37.32187999319094,37.32187999319094,True,False
pig_19,B1,2,B1_p2,2026-06-11 10:00:00,1,2,34.2039914291656,36.78753997209208,36.78753997209208,True,False
pig_19,B1,2,B1_p2,2026-06-11 10:30:00,1,2,36.56805999702533,40.00002848021466,40.00002848021466,True,False
pig_19,B1,2,B1_p2,2026-06-11 11:00:00,1,2,51.67579025189532,48.15796784472718,48.15796784472718,True,False
pig_19,B1,2,B1_p2,2026-06-11 11:30:00,1,2,35.17307846877569,36.53321149039186,36.53321149039186,True,False
pig_19,B1,2,B1_p2,2026-06-11 12:00:00,1,2,34.91080080768778,36.421990709148844,36.421990709148844,True,False
pig_19,B1,2,B1_p2,2026-06-11 12:30:00,1,2,35.04585918413537,36.22870362440932,36.22870362440932,True,False
pig_19,B1,2,B1_p2,2026-06-11 13:00:00,1,2,34.94787551304573,36.36753184089819,36.36753184089819,True,False
pig_19,B1,2,B1_p2,2026-06-11 13:30:00,1,2,35.60551245095161,36.72708719026183,36.72708719026183,True,False
pig_19,B1,2,B1_p2,2026-06-11 14:00:00,1,2,39.975947594358345,43.76338672098107,43.76338672098107,True,False
pig_19,B1,2,B1_p2,2026-06-11 15:30:00,1,2,38.39026487851778,38.92342232250566,38.92342232250566,True,False
pig_19,B1,2,B1_p2,2026-06-11 16:00:00,1,2,43.06439327245608,45.57570328989459,45.57570328989459,True,False
pig_19,B1,2,B1_p2,2026-06-11 16:30:00,1,2,45.18454463207359,41.428397354170535,41.428397354170535,True,False
pig_19,B1,2,B1_p2,2026-06-11 17:00:00,1,2,44.49204164229651,42.95631161289423,42.95631161289423,True,False
pig_19,B1,2,B1_p2,2026-06-11 17:30:00,1,2,37.804144619870186,37.40140478554958,37.40140478554958,True,False
pig_19,B1,2,B1_p2,2026-06-11 18:00:00,1,2,37.471831167416376,36.773751567707,36.773751567707,True,False
pig_19,B1,2,B1_p2,2026-06-11 18:30:00,1,2,47.68068587135622,40.58142846288092,40.58142846288092,True,False
pig_19,B1,2,B1_p2,2026-06-11 19:00:00,1,2,39.201997981713966,38.640537535367464,38.640537535367464,True,False
pig_19,B1,2,B1_p2,2026-06-11 19:30:00,1,2,37.11988052379866,37.62187756346149,37.62187756346149,True,False
pig_19,B1,2,B1_p2,2026-06-11 20:00:00,1,2,38.64727914114745,36.565678832946304,36.565678832946304,True,False
pig_19,B1,2,B1_p2,2026-06-11 20:30:00,1,2,39.54005768125714,39.88260889156868,39.88260889156868,True,False
pig_19,B1,2,B1_p2,2026-06-11 21:00:00,1,2,38.11749823626704,38.36628440372206,38.36628440372206,True,False
pig_19,B1,2,B1_p2,2026-06-11 21:30:00,1,2,36.145287099051586,35.77717592670468,35.77717592670468,True,False
pig_19,B1,2,B1_p2,2026-06-11 22:00:00,1,2,35.845811040265374,37.62890854756069,37.62890854756069,True,False
pig_19,B1,2,B1_p2,2026-06-11 22:30:00,1,2,35.13294539679808,38.16050797821913,38.16050797821913,True,False
pig_19,B1,2,B1_p2,2026-06-11 23:00:00,1,2,37.35969208839065,41.18889359192363,41.18889359192363,True,False
pig_19,B1,2,B1_p2,2026-06-11 23:30:00,1,2,36.86942794603103,39.93529246743678,39.93529246743678,True,False
pig_19,B1,2,B1_p2,2026-06-12 00:00:00,1,2,36.96824396861328,39.263079885987224,39.263079885987224,True,False
pig_19,B1,2,B1_p2,2026-06-12 00:30:00,1,2,36.583714060956225,38.5658114052559,38.5658114052559,True,False
pig_19,B1,2,B1_p2,2026-06-12 01:00:00,1,2,35.37813684538985,35.585910787889425,35.585910787889425,True,False
pig_19,B1,2,B1_p2,2026-06-12 01:30:00,1,2,34.082845041303806,35.282160959483164,35.282160959483164,True,False
pig_19,B1,2,B1_p2,2026-06-12 02:00:00,1,2,33.140647973671584,35.21923532026576,35.21923532026576,True,False
pig_19,B1,2,B1_p2,2026-06-12 02:30:00,1,2,35.049677927582636,36.11048585108189,36.11048585108189,True,False
pig_19,B1,2,B1_p2,2026-06-12 03:00:00,1,2,32.94575021665672,36.095329207908875,36.095329207908875,True,False
pig_19,B1,2,B1_p2,2026-06-12 03:30:00,1,2,33.90036853533927,35.295482255335955,35.295482255335955,True,False
pig_19,B1,2,B1_p2,2026-06-12 04:00:00,1,2,35.16311616017646,35.27989391237085,35.27989391237085,True,False
pig_19,B1,2,B1_p2,2026-06-12 04:30:00,1,2,32.95726599520821,33.91383023789393,33.91383023789393,True,False
pig_19,B1,2,B1_p2,2026-06-12 05:00:00,1,2,33.36254248540734,35.055711335146334,35.055711335146334,True,False
pig_19,B1,2,B1_p2,2026-06-12 05:30:00,1,2,32.50393624404254,34.151151143892754,34.151151143892754,True,False
pig_19,B1,2,B1_p2,2026-06-12 06:00:00,1,2,32.677256789090464,35.08519446166684,35.08519446166684,True,False
pig_19,B1,2,B1_p2,2026-06-12 06:30:00,1,2,32.33752795453344,34.79501126087113,34.79501126087113,True,False
pig_19,B1,2,B1_p2,2026-06-12 07:00:00,1,2,33.70331062154557,34.98661036251052,34.98661036251052,True,False
pig_19,B1,2,B1_p2,2026-06-12 07:30:00,1,2,32.2276287588936,37.5857760826115,37.5857760826115,True,False
pig_19,B1,2,B1_p2,2026-06-12 10:00:00,2,2,31.55528284577283,35.823307787136486,35.880551729913584,False,True
pig_19,B1,2,B1_p2,2026-06-12 10:30:00,2,2,32.53969988140253,36.16720962251534,36.22500310407602,False,True
pig_19,B1,2,B1_p2,2026-06-12 11:00:00,2,2,37.267547054406386,38.949134452788854,39.011373317973536,False,True
pig_19,B1,2,B1_p2,2026-06-12 11:30:00,2,2,42.361753648280754,43.4401354713714,43.50955074267824,False,True
pig_19,B1,2,B1_p2,2026-06-12 12:00:00,2,2,35.368710604596195,35.6413500425399,35.69830322549154,False,True
pig_19,B1,2,B1_p2,2026-06-12 12:30:00,2,2,35.871545393443924,39.783571290833216,39.847143546415346,False,True
pig_19,B1,2,B1_p2,2026-06-12 13:00:00,2,2,41.40984624582736,41.02782247935126,41.093382989180014,False,True
pig_19,B1,2,B1_p2,2026-06-12 13:30:00,2,2,40.912080600420566,39.98300006071901,40.04689099399443,False,True
pig_19,B1,2,B1_p2,2026-06-12 15:30:00,2,2,33.29011520760241,36.881445798552015,36.94038059556669,False,True
pig_19,B1,2,B1_p2,2026-06-12 16:00:00,2,2,35.60146949675299,37.320710660932896,37.38034738231467,False,True
pig_19,B1,2,B1_p2,2026-06-12 16:30:00,2,2,38.957981299559385,41.73059790799495,41.7972814195482,False,True
pig_19,B1,2,B1_p2,2026-06-12 17:00:00,2,2,48.21514651911663,46.35378110108067,46.427852239586905,False,True
pig_19,B1,2,B1_p2,2026-06-12 17:30:00,2,2,35.50535925940465,36.28797959975577,36.345966065998596,False,True
pig_19,B1,2,B1_p2,2026-06-12 18:00:00,2,2,34.83227586417896,36.79575322019213,36.854551084540475,False,True
pig_19,B1,2,B1_p2,2026-06-12 18:30:00,2,2,43.32995949636165,44.592321225016406,44.6635776343818,False,True
pig_19,B1,2,B1_p2,2026-06-12 19:00:00,2,2,39.259030640687314,35.802210390070535,35.85942062021011,False,True
pig_19,B1,2,B1_p2,2026-06-12 19:30:00,2,2,36.05923542456037,36.59419360360827,36.652669385271594,False,True
pig_19,B1,2,B1_p2,2026-06-12 20:00:00,2,2,37.10806222217623,37.13836402732772,37.19770936745789,False,True
pig_19,B1,2,B1_p2,2026-06-12 20:30:00,2,2,36.58157106083843,36.384434757559696,36.44257535455914,False,True
pig_19,B1,2,B1_p2,2026-06-12 21:00:00,2,2,38.18989198975536,37.04024735058124,37.09943590492651,False,True
pig_19,B1,2,B1_p2,2026-06-12 21:30:00,2,2,34.616553089489216,36.02442171906569,36.08198703234491,False,True
pig_19,B1,2,B1_p2,2026-06-12 22:00:00,2,2,41.43246997660102,39.1610813034933,39.2236588496693,False,True
pig_19,B1,2,B1_p2,2026-06-12 22:30:00,2,2,37.654753623904554,36.56406732488925,36.62249496619142,False,True
pig_19,B1,2,B1_p2,2026-06-12 23:00:00,2,2,34.622409490245744,35.157609015871,35.21378920365944,False,True
pig_19,B1,2,B1_p2,2026-06-12 23:30:00,2,2,37.333620252617266,36.713043096754134,36.77170879425732,False,True
pig_19,B1,2,B1_p2,2026-06-13 00:00:00,2,2,43.83922608257991,43.63978527850975,43.7095195807169,False,True
pig_19,B1,2,B1_p2,2026-06-13 00:30:00,2,2,40.39422050070188,34.515558349885836,34.57071257123359,False,True
pig_19,B1,2,B1_p2,2026-06-13 01:00:00,2,2,35.534845070304144,34.492026585678225,34.54714320438549,False,True
pig_19,B1,2,B1_p2,2026-06-13 01:30:00,2,2,36.31163509334796,35.45335264285422,35.5100054148987,False,True
pig_19,B1,2,B1_p2,2026-06-13 02:00:00,2,2,37.18617453122245,34.418459606814785,34.47345866898726,False,True
pig_19,B1,2,B1_p2,2026-06-13 02:30:00,2,2,35.345498723312865,33.221055054119034,33.27414072074181,False,True
pig_19,B1,2,B1_p2,2026-06-13 03:00:00,2,2,37.87309826396351,34.6588669908616,34.71425021260463,False,True
pig_19,B1,2,B1_p2,2026-06-13 03:30:00,2,2,35.69876336155545,36.21418092306118,36.272049462527086,False,True
pig_19,B1,2,B1_p2,2026-06-13 04:00:00,2,2,36.33168865317766,34.58825383754351,34.643524222824546,False,True
pig_19,B1,2,B1_p2,2026-06-13 04:30:00,2,2,36.43794229841252,34.250961799201164,34.305693207840044,False,True
pig_19,B1,2,B1_p2,2026-06-13 05:00:00,2,2,35.34304447613727,33.85392324522822,33.90802020513336,False,True
pig_19,B1,2,B1_p2,2026-06-13 05:30:00,2,2,36.47699317759276,34.28270462885668,34.337486761028266,False,True
pig_19,B1,2,B1_p2,2026-06-13 06:00:00,2,2,35.482123390992484,34.02909601184044,34.08347288949878,False,True
pig_19,B1,2,B1_p2,2026-06-13 06:30:00,2,2,38.28150379390147,34.43597986722627,34.49100692594196,False,True
pig_19,B1,2,B1_p2,2026-06-13 10:30:00,3,2,37.277793828973266,39.09001884111646,39.152482832855945,False,True
pig_19,B1,2,B1_p2,2026-06-13 11:00:00,3,2,36.72372578945334,38.304881807664856,38.36609118775088,False,True
pig_19,B1,2,B1_p2,2026-06-13 11:30:00,3,2,47.66471095813658,46.17033925149468,46.24411725864624,False,True
pig_19,B1,2,B1_p2,2026-06-13 12:00:00,3,2,50.18760177443018,49.88828987225781,49.968008987747204,False,True
pig_19,B1,2,B1_p2,2026-06-13 12:30:00,3,2,39.023650900669466,39.65166730475541,39.715028784038594,False,True
pig_19,B1,2,B1_p2,2026-06-13 13:00:00,3,2,40.61671034866612,40.23479933583243,40.299092632378745,False,True
pig_19,B1,2,B1_p2,2026-06-13 13:30:00,3,2,37.442474060857286,39.0105384586347,39.072875444501534,False,True
pig_19,B1,2,B1_p2,2026-06-13 14:00:00,3,2,39.02798837215847,40.205886754000396,40.270133849615476,False,True
pig_19,B1,2,B1_p2,2026-06-13 14:30:00,3,2,41.20402181358509,47.04917174050271,47.12435408019135,False,True
pig_19,B1,2,B1_p2,2026-06-13 16:00:00,3,2,39.46685058363588,42.15507542088937,42.22243722732825,False,True
pig_19,B1,2,B1_p2,2026-06-13 16:30:00,3,2,46.96379940534469,48.204532399624995,48.28156095072021,False,True
pig_19,B1,2,B1_p2,2026-06-13 17:00:00,3,2,42.75355466177529,45.03871690130946,45.1106866297436,False,True
pig_19,B1,2,B1_p2,2026-06-13 17:30:00,3,2,53.0969267379764,56.85418862376869,56.94503891429897,False,True
pig_19,B1,2,B1_p2,2026-06-13 18:00:00,3,2,38.62991971324619,39.39625777750317,39.45921112450417,False,True
pig_19,B1,2,B1_p2,2026-06-13 18:30:00,3,2,34.08591913032252,39.42816930132487,39.49117364142384,False,True
pig_19,B1,2,B1_p2,2026-06-13 19:00:00,3,2,33.214069627935594,39.11892622726315,39.18143641163142,False,True
pig_19,B1,2,B1_p2,2026-06-13 19:30:00,3,2,34.88694640344768,38.22217728527201,38.283254507463084,False,True
pig_19,B1,2,B1_p2,2026-06-13 20:00:00,3,2,34.28917693998237,38.00785746151332,38.068592210814955,False,True
pig_19,B1,2,B1_p2,2026-06-13 20:30:00,3,2,34.93536347148543,38.904007311252286,38.96617406541017,False,True
pig_19,B1,2,B1_p2,2026-06-13 21:00:00,3,2,36.72167955249945,38.97306108983397,39.03533818864716,False,True
pig_19,B1,2,B1_p2,2026-06-13 21:30:00,3,2,33.07814183481854,40.00872890462341,40.07266095136821,False,True
pig_19,B1,2,B1_p2,2026-06-13 22:00:00,3,2,36.00262001051688,40.169841164798264,40.234030661275426,False,True
pig_19,B1,2,B1_p2,2026-06-13 22:30:00,3,2,34.994007236133456,40.66527947045809,40.73026065379419,False,True
pig_19,B1,2,B1_p2,2026-06-13 23:00:00,3,2,34.99849231071141,38.49707578770265,38.55859228463173,False,True
pig_19,B1,2,B1_p2,2026-06-13 23:30:00,3,2,35.70460158174357,38.32583791130995,38.38708077825333,False,True
pig_19,B1,2,B1_p2,2026-06-14 00:00:00,3,2,35.27326176920234,41.27199567163305,41.33794635861489,False,True
pig_19,B1,2,B1_p2,2026-06-14 00:30:00,3,2,52.29675531027543,49.020211676802944,49.09854364460509,False,True
pig_19,B1,2,B1_p2,2026-06-14 01:00:00,3,2,35.34882964398414,39.07490500437861,39.1373448449255,False,True
pig_19,B1,2,B1_p2,2026-06-14 01:30:00,3,2,36.96244924941734,39.47428653415554,39.537364567400125,False,True
pig_19,B1,2,B1_p2,2026-06-14 02:00:00,3,2,35.566171396312555,38.97136727336237,39.03364166553736,False,True
pig_19,B1,2,B1_p2,2026-06-14 02:30:00,3,2,36.72135127331775,39.31468729939772,39.377510300652624,False,True
pig_19,B1,2,B1_p2,2026-06-14 03:00:00,3,2,35.985989284944864,37.99698160179449,38.05769897198934,False,True
pig_19,B1,2,B1_p2,2026-06-14 03:30:00,3,2,33.03043161253154,37.71211230514288,37.772374467744584,False,True
pig_19,B1,2,B1_p2,2026-06-14 04:00:00,3,2,38.76893297465629,39.097391108122316,39.15986688039399,False,True
pig_19,B1,2,B1_p2,2026-06-14 04:30:00,3,2,44.646512223696284,45.28041798582904,45.35277394110558,False,True
pig_19,B1,2,B1_p2,2026-06-14 05:00:00,3,2,41.04533751784769,39.743881885869456,39.807390719669314,False,True
pig_19,B1,2,B1_p2,2026-06-14 05:30:00,3,2,38.995930555787965,39.25147880533191,39.31420080241828,False,True
pig_19,B1,2,B1_p2,2026-06-14 06:00:00,3,2,37.5053332179593,40.331030699960955,40.395477769652246,False,True
pig_19,B1,2,B1_p2,2026-06-14 06:30:00,3,2,40.28721761102856,39.02715158470621,39.089515117558705,False,True
pig_19,B1,2,B1_p2,2026-06-14 07:00:00,3,2,37.621760507346245,39.29680799575452,39.3596024267322,False,True
pig_19,B1,2,B1_p2,2026-06-14 10:30:00,4,2,41.199442252109485,39.060332588914065,39.060332588914065,False,True
pig_19,B1,2,B1_p2,2026-06-14 11:00:00,4,2,36.38455054853927,34.809053207973776,34.809053207973776,False,True
pig_19,B1,2,B1_p2,2026-06-14 11:30:00,4,2,38.89838012372654,35.04083098058612,35.04083098058612,False,True
pig_19,B1,2,B1_p2,2026-06-14 12:00:00,4,2,40.914442628631626,38.02673037817161,38.02673037817161,False,True
pig_19,B1,2,B1_p2,2026-06-14 12:30:00,4,2,36.946090542955346,35.7600138127533,35.7600138127533,False,True
pig_19,B1,2,B1_p2,2026-06-14 13:00:00,4,2,43.54359393437002,37.98814704945625,37.98814704945625,False,True
pig_19,B1,2,B1_p2,2026-06-14 13:30:00,4,2,36.37782404080346,35.31914691341616,35.31914691341616,False,True
pig_19,B1,2,B1_p2,2026-06-14 14:00:00,4,2,39.74127949334674,37.929517171496364,37.929517171496364,False,True
pig_19,B1,2,B1_p2,2026-06-14 15:00:00,4,2,41.82985576573521,37.92476352664538,37.92476352664538,False,True
pig_19,B1,2,B1_p2,2026-06-14 15:30:00,4,2,33.91852744625845,36.4990445937639,36.4990445937639,False,True
pig_19,B1,2,B1_p2,2026-06-14 16:00:00,4,2,38.989753332591626,41.075670751221566,41.075670751221566,False,True
pig_19,A1,4,A1_p4,2026-06-20 10:30:00,0,2,36.240174705815086,30.33592178966147,30.33592178966147,True,False
pig_19,A1,4,A1_p4,2026-06-20 11:00:00,0,2,36.32842149149178,29.433766553362602,29.433766553362602,True,False
pig_19,A1,4,A1_p4,2026-06-20 11:30:00,0,2,32.25252342012206,36.26089120408009,36.26089120408009,True,False
pig_19,A1,4,A1_p4,2026-06-20 12:00:00,0,2,30.253655668557506,38.248587230147464,38.248587230147464,True,False
pig_19,A1,4,A1_p4,2026-06-20 16:00:00,0,2,34.10427409511985,33.54786243995005,33.54786243995005,True,False
pig_19,A1,4,A1_p4,2026-06-20 16:30:00,0,2,35.286858025648556,34.93571909097476,34.93571909097476,True,False
pig_19,A1,4,A1_p4,2026-06-20 17:00:00,0,2,32.09085452274984,30.171175997397192,30.171175997397192,True,False
pig_19,A1,4,A1_p4,2026-06-20 17:30:00,0,2,31.77987569773029,30.493319533529494,30.493319533529494,True,False
pig_19,A1,4,A1_p4,2026-06-20 18:00:00,0,2,30.275472411343436,28.862643648823763,28.862643648823763,True,False
pig_19,A1,4,A1_p4,2026-06-20 18:30:00,0,2,28.960720793574968,28.638647377012017,28.638647377012017,True,False
pig_19,A1,4,A1_p4,2026-06-20 19:00:00,0,2,29.36489917083283,29.279095066605862,29.279095066605862,True,False
pig_19,A1,4,A1_p4,2026-06-20 19:30:00,0,2,30.157268633626153,28.467235231171188,28.467235231171188,True,False
pig_19,A1,4,A1_p4,2026-06-20 20:00:00,0,2,29.60366669233747,29.00552977402951,29.00552977402951,True,False
pig_19,A1,4,A1_p4,2026-06-20 20:30:00,0,2,29.722125478014412,29.292966192793358,29.292966192793358,True,False
pig_19,A1,4,A1_p4,2026-06-20 21:00:00,0,2,31.793966380219544,29.63985914461624,29.63985914461624,True,False
pig_19,A1,4,A1_p4,2026-06-20 21:30:00,0,2,32.054182387593215,31.546842939736084,31.546842939736084,True,False
pig_19,A1,4,A1_p4,2026-06-20 22:00:00,0,2,30.028597979902024,29.354423967654796,29.354423967654796,True,False
pig_19,A1,4,A1_p4,2026-06-20 22:30:00,0,2,28.943775446627576,27.026833392057274,27.026833392057274,True,False
pig_19,A1,4,A1_p4,2026-06-20 23:00:00,0,2,29.412043189834122,27.49923222413107,27.49923222413107,True,False
pig_19,A1,4,A1_p4,2026-06-20 23:30:00,0,2,30.004014441113796,27.447728399677146,27.447728399677146,True,False
pig_19,A1,4,A1_p4,2026-06-21 00:00:00,0,2,29.191429495857356,28.080957407440696,28.080957407440696,True,False
pig_19,A1,4,A1_p4,2026-06-21 00:30:00,0,2,30.010776340677634,28.35426483362926,28.35426483362926,True,False
pig_19,A1,4,A1_p4,2026-06-21 01:00:00,0,2,29.698405656375705,27.810453497156622,27.810453497156622,True,False
pig_19,A1,4,A1_p4,2026-06-21 01:30:00,0,2,29.314628138374566,27.054759283362543,27.054759283362543,True,False
pig_19,A1,4,A1_p4,2026-06-21 02:00:00,0,2,28.942393538230128,27.323669234538862,27.323669234538862,True,False
pig_19,A1,4,A1_p4,2026-06-21 02:30:00,0,2,30.347279481289014,28.1779037406109,28.1779037406109,True,False
pig_19,A1,4,A1_p4,2026-06-21 03:00:00,0,2,28.925895618916314,26.75880068585522,26.75880068585522,True,False
pig_19,A1,4,A1_p4,2026-06-21 03:30:00,0,2,28.163752524140065,27.388409848615254,27.388409848615254,True,False
pig_19,A1,4,A1_p4,2026-06-21 04:00:00,0,2,26.91703901167039,26.397073778916813,26.397073778916813,True,False
pig_19,A1,4,A1_p4,2026-06-21 04:30:00,0,2,28.68158478264119,26.98447208566295,26.98447208566295,True,False
pig_19,A1,4,A1_p4,2026-06-21 05:00:00,0,2,29.610017077808983,28.03824238352024,28.03824238352024,True,False
pig_19,A1,4,A1_p4,2026-06-21 05:30:00,0,2,28.432898228101127,25.91897547283125,25.91897547283125,True,False
pig_19,A1,4,A1_p4,2026-06-21 06:00:00,0,2,28.685539210959735,28.496274842954286,28.496274842954286,True,False
pig_19,A1,4,A1_p4,2026-06-21 06:30:00,0,2,26.966721568753805,27.087171462177125,27.087171462177125,True,False
pig_19,A1,4,A1_p4,2026-06-21 07:00:00,0,2,31.101838208632685,30.06793123800798,30.06793123800798,True,False
pig_19,A1,4,A1_p4,2026-06-21 07:30:00,0,2,35.113113738361534,32.674796403097275,32.674796403097275,True,False
pig_19,A1,4,A1_p4,2026-06-21 08:00:00,0,2,28.223894865926685,30.394485243659297,30.394485243659297,True,False
pig_19,A1,4,A1_p4,2026-06-21 08:30:00,0,2,33.90064773149379,42.00393012518412,42.00393012518412,True,False
pig_19,A1,4,A1_p4,2026-06-21 09:30:00,1,2,32.817833607651615,37.222017238853304,37.222017238853304,True,False
pig_19,A1,4,A1_p4,2026-06-21 10:00:00,1,2,32.433967559534494,37.66497087797407,37.66497087797407,True,False
pig_19,A1,4,A1_p4,2026-06-21 10:30:00,1,2,32.44540827726888,34.162656544564726,34.162656544564726,True,False
pig_19,A1,4,A1_p4,2026-06-21 11:00:00,1,2,32.09159863583076,33.71922018886103,33.71922018886103,True,False
pig_19,A1,4,A1_p4,2026-06-21 11:30:00,1,2,36.28808990057351,36.43823978704998,36.43823978704998,True,False
pig_19,A1,4,A1_p4,2026-06-21 12:00:00,1,2,32.69722913072453,33.6117180364946,33.6117180364946,True,False
pig_19,A1,4,A1_p4,2026-06-21 12:30:00,1,2,31.512660598212882,33.86677504608196,33.86677504608196,True,False
pig_19,A1,4,A1_p4,2026-06-21 13:00:00,1,2,34.29735633873058,35.318284353316436,35.318284353316436,True,False
pig_19,A1,4,A1_p4,2026-06-21 13:30:00,1,2,33.26318498732138,35.133849921589885,35.133849921589885,True,False
pig_19,A1,4,A1_p4,2026-06-21 14:00:00,1,2,37.30912299340234,38.044880377883075,38.044880377883075,True,False
pig_19,A1,4,A1_p4,2026-06-21 14:30:00,1,2,33.10706968817501,35.38580184448749,35.38580184448749,True,False
pig_19,A1,4,A1_p4,2026-06-21 15:30:00,1,2,55.95454018804561,47.86479850460718,47.86479850460718,True,False
pig_19,A1,4,A1_p4,2026-06-21 16:00:00,1,2,36.9624254057727,39.230088564709476,39.230088564709476,True,False
pig_19,A1,4,A1_p4,2026-06-21 16:30:00,1,2,35.415309932509906,35.95277208470793,35.95277208470793,True,False
pig_19,A1,4,A1_p4,2026-06-21 17:00:00,1,2,31.190955358832912,34.04258684613468,34.04258684613468,True,False
pig_19,A1,4,A1_p4,2026-06-21 17:30:00,1,2,31.788335551095027,33.20825818088467,33.20825818088467,True,False
pig_19,A1,4,A1_p4,2026-06-21 18:00:00,1,2,33.18525168478193,33.0229073259861,33.0229073259861,True,False
pig_19,A1,4,A1_p4,2026-06-21 18:30:00,1,2,33.900888168254006,33.107858346949065,33.107858346949065,True,False
pig_19,A1,4,A1_p4,2026-06-21 19:00:00,1,2,35.95736260215399,35.371771432495876,35.371771432495876,True,False
pig_19,A1,4,A1_p4,2026-06-21 19:30:00,1,2,32.94183208261303,32.92662064880394,32.92662064880394,True,False
pig_19,A1,4,A1_p4,2026-06-21 20:00:00,1,2,30.99024106479814,30.149399509490163,30.149399509490163,True,False
pig_19,A1,4,A1_p4,2026-06-21 20:30:00,1,2,30.356096210857466,30.72271743686213,30.72271743686213,True,False
pig_19,A1,4,A1_p4,2026-06-21 21:00:00,1,2,32.90081224703625,30.63694635696636,30.63694635696636,True,False
pig_19,A1,4,A1_p4,2026-06-21 21:30:00,1,2,31.514145368669816,31.04730911803796,31.04730911803796,True,False
pig_19,A1,4,A1_p4,2026-06-21 22:00:00,1,2,32.54870358026666,32.17658468180639,32.17658468180639,True,False
pig_19,A1,4,A1_p4,2026-06-21 22:30:00,1,2,31.718130808866714,30.898993717652377,30.898993717652377,True,False
pig_19,A1,4,A1_p4,2026-06-21 23:00:00,1,2,32.06795605392528,30.96306421525923,30.96306421525923,True,False
pig_19,A1,4,A1_p4,2026-06-21 23:30:00,1,2,30.848607696936433,30.78642554219884,30.78642554219884,True,False
pig_19,A1,4,A1_p4,2026-06-22 00:00:00,1,2,31.538010006588415,31.039195620504742,31.039195620504742,True,False
pig_19,A1,4,A1_p4,2026-06-22 00:30:00,1,2,31.51870219021338,30.029457541281282,30.029457541281282,True,False
pig_19,A1,4,A1_p4,2026-06-22 01:00:00,1,2,31.12812609159204,30.704490854733763,30.704490854733763,True,False
pig_19,A1,4,A1_p4,2026-06-22 01:30:00,1,2,32.24286906481194,29.509737837423593,29.509737837423593,True,False
pig_19,A1,4,A1_p4,2026-06-22 02:00:00,1,2,33.70325731434134,30.073170978086818,30.073170978086818,True,False
pig_19,A1,4,A1_p4,2026-06-22 02:30:00,1,2,31.022666157877865,29.147836939631468,29.147836939631468,True,False
pig_19,A1,4,A1_p4,2026-06-22 03:00:00,1,2,29.81180373401345,30.552414756838253,30.552414756838253,True,False
pig_19,A1,4,A1_p4,2026-06-22 03:30:00,1,2,29.776567433761173,28.94040360837682,28.94040360837682,True,False
pig_19,A1,4,A1_p4,2026-06-22 04:00:00,1,2,31.552273666251637,29.65091009576725,29.65091009576725,True,False
pig_19,A1,4,A1_p4,2026-06-22 04:30:00,1,2,35.42672981141044,30.295979937207058,30.295979937207058,True,False
pig_19,A1,4,A1_p4,2026-06-22 05:00:00,1,2,32.17475252034093,29.876606810761174,29.876606810761174,True,False
pig_19,A1,4,A1_p4,2026-06-22 05:30:00,1,2,30.754860751911956,28.024431907799578,28.024431907799578,True,False
pig_19,A1,4,A1_p4,2026-06-22 06:00:00,1,2,30.27303440196402,28.799578496591458,28.799578496591458,True,False
pig_19,A1,4,A1_p4,2026-06-22 06:30:00,1,2,33.51658676400184,30.60169704841254,30.60169704841254,True,False
pig_19,A1,4,A1_p4,2026-06-22 07:00:00,1,2,31.69077976805472,30.881471378752146,30.881471378752146,True,False
pig_19,A1,4,A1_p4,2026-06-22 07:30:00,1,2,31.714567683149895,36.271495983139644,36.271495983139644,True,False
pig_19,A1,4,A1_p4,2026-06-22 08:00:00,1,2,41.77689108035368,42.8420029621214,42.8420029621214,True,False
pig_19,A1,4,A1_p4,2026-06-22 09:30:00,2,2,36.43783521855096,37.73846544770432,38.03099670545385,False,True
pig_19,A1,4,A1_p4,2026-06-22 10:00:00,2,2,35.647904167543174,36.34892331433868,36.63068347943388,False,True
pig_19,A1,4,A1_p4,2026-06-22 10:30:00,2,2,33.96039398781687,35.418288452004724,35.69283476291813,False,True
pig_19,A1,4,A1_p4,2026-06-22 11:00:00,2,2,35.486721762516964,35.41340461493168,35.68791306858236,False,True
pig_19,A1,4,A1_p4,2026-06-22 11:30:00,2,2,32.643835845632,35.59862638427769,35.874570592045735,False,True
pig_19,A1,4,A1_p4,2026-06-22 12:00:00,2,2,40.255173671725466,38.40095678044043,38.69862336683977,False,True
pig_19,A1,4,A1_p4,2026-06-22 12:30:00,2,2,37.15596777639399,35.421473840281564,35.696044842862435,False,True
pig_19,A1,4,A1_p4,2026-06-22 13:00:00,2,2,35.41595402412889,33.667053382245655,33.92802492292148,False,True
pig_19,A1,4,A1_p4,2026-06-22 13:30:00,2,2,38.82366049613376,36.14159464750078,36.421747695958935,False,True
pig_19,A1,4,A1_p4,2026-06-22 14:00:00,2,2,35.14738214382393,34.97736170083614,35.24849015001182,False,True
pig_19,A1,4,A1_p4,2026-06-22 14:30:00,2,2,40.32337944009383,37.00862718963289,37.29550107628758,False,True
pig_19,A1,4,A1_p4,2026-06-22 15:30:00,2,2,40.68546519795451,42.44754191400933,42.77657577050485,False,True
pig_19,A1,4,A1_p4,2026-06-22 16:00:00,2,2,39.25645631919763,38.89999780257773,39.201532725862066,False,True
pig_19,A1,4,A1_p4,2026-06-22 16:30:00,2,2,32.12212962605354,36.53071712063385,36.81388646785068,False,True
pig_19,A1,4,A1_p4,2026-06-22 17:00:00,2,2,37.835700067451576,37.4222825815399,37.71236293487611,False,True
pig_19,A1,4,A1_p4,2026-06-22 17:30:00,2,2,33.314911538297146,35.83745232806203,36.115247804897045,False,True
pig_19,A1,4,A1_p4,2026-06-22 18:00:00,2,2,36.6951682412402,35.62049689456277,35.8966106324854,False,True
pig_19,A1,4,A1_p4,2026-06-22 18:30:00,2,2,33.02851530603934,33.74973269569306,34.01134512844719,False,True
pig_19,A1,4,A1_p4,2026-06-22 19:00:00,2,2,33.15368143237806,33.210246061355434,33.46767664140809,False,True
pig_19,A1,4,A1_p4,2026-06-22 19:30:00,2,2,33.45693206917532,33.26250367829738,33.52033933540417,False,True
pig_19,A1,4,A1_p4,2026-06-22 20:00:00,2,2,32.58700042091113,32.50531190920925,32.75727816336228,False,True
pig_19,A1,4,A1_p4,2026-06-22 20:30:00,2,2,33.26547481959791,30.20848970787705,30.4426520508373,False,True
pig_19,A1,4,A1_p4,2026-06-22 21:00:00,2,2,30.98371755907703,30.167545186673056,30.401390146503296,False,True
pig_19,A1,4,A1_p4,2026-06-22 21:30:00,2,2,32.964962661943034,33.332247836961,33.59062411876497,False,True
pig_19,A1,4,A1_p4,2026-06-22 22:00:00,2,2,33.36577383619839,30.81513453716211,31.053999312317544,False,True
pig_19,A1,4,A1_p4,2026-06-22 22:30:00,2,2,36.177168377557464,34.417904643554195,34.68469643847851,False,True
pig_19,A1,4,A1_p4,2026-06-22 23:00:00,2,2,32.039257668085675,30.254446674398356,30.48896525466342,False,True
pig_19,A1,4,A1_p4,2026-06-22 23:30:00,2,2,31.523354058654828,31.467047334809884,31.710965438667913,False,True
pig_19,A1,4,A1_p4,2026-06-23 00:00:00,2,2,31.8364544577109,31.09225956652513,31.333272487675153,False,True
pig_19,A1,4,A1_p4,2026-06-23 00:30:00,2,2,34.06954832522955,30.606027522097385,30.843271395676794,False,True
pig_19,A1,4,A1_p4,2026-06-23 01:00:00,2,2,35.935428317952876,32.54157153330894,32.793818855420554,False,True
pig_19,A1,4,A1_p4,2026-06-23 01:30:00,2,2,31.77228478650877,31.164846276737887,31.406421856739627,False,True
pig_19,A1,4,A1_p4,2026-06-23 02:00:00,2,2,32.07926698271719,29.170670745927193,29.39678839277557,False,True
pig_19,A1,4,A1_p4,2026-06-23 02:30:00,2,2,33.63403901428369,29.204340574247297,29.43071921414639,False,True
pig_19,A1,4,A1_p4,2026-06-23 03:00:00,2,2,33.73035680373961,29.13635905340829,29.362210731769366,False,True
pig_19,A1,4,A1_p4,2026-06-23 03:30:00,2,2,32.86515832259219,29.896187688610414,30.127929209700724,False,True
pig_19,A1,4,A1_p4,2026-06-23 04:00:00,2,2,32.21139168566726,30.289514099741922,30.52430450658817,False,True
pig_19,A1,4,A1_p4,2026-06-23 04:30:00,2,2,31.015788262178837,28.521862046742932,28.742950426434845,False,True
pig_19,A1,4,A1_p4,2026-06-23 05:00:00,2,2,31.162994630680252,28.85257120816358,29.076223093440372,False,True
pig_19,A1,4,A1_p4,2026-06-23 05:30:00,2,2,29.851190147552884,28.08488499645835,28.3025861306804,False,True
pig_19,A1,4,A1_p4,2026-06-23 06:00:00,2,2,32.20034552000862,30.520787804883646,30.757370939310274,False,True
pig_19,A1,4,A1_p4,2026-06-23 06:30:00,2,2,34.49410531742478,34.672594384628816,34.94136041749335,False,True
pig_19,A1,4,A1_p4,2026-06-23 07:00:00,2,2,38.37891936881009,32.304372171465836,32.55478083302689,False,True
pig_19,A1,4,A1_p4,2026-06-23 07:30:00,2,2,28.594428317016202,32.00745163286467,32.255558702731996,False,True
pig_19,A1,4,A1_p4,2026-06-23 08:00:00,2,2,42.44387556582073,43.93375450502846,44.27430879918292,False,True
pig_19,A1,4,A1_p4,2026-06-23 09:30:00,3,2,38.2050398937119,37.18343186612205,37.47166075837295,False,True
pig_19,A1,4,A1_p4,2026-06-23 10:00:00,3,2,39.46342043185548,38.70010142228215,39.00008684060242,False,True
pig_19,A1,4,A1_p4,2026-06-23 10:30:00,3,2,33.96341967181119,36.102856246767715,36.38270901292888,False,True
pig_19,A1,4,A1_p4,2026-06-23 11:00:00,3,2,35.60950704432143,34.33027964762324,34.596392213809295,False,True
pig_19,A1,4,A1_p4,2026-06-23 11:30:00,3,2,34.61855510168671,35.25850616755843,35.531813919561706,False,True
pig_19,A1,4,A1_p4,2026-06-23 12:00:00,3,2,34.158360626043965,34.92299789885044,35.193704944792515,False,True
pig_19,A1,4,A1_p4,2026-06-23 12:30:00,3,2,32.617597541012444,34.60861833882491,34.87688845875492,False,True
pig_19,A1,4,A1_p4,2026-06-23 13:00:00,3,2,40.929267838613725,38.70525678221736,39.00528216252094,False,True
pig_19,A1,4,A1_p4,2026-06-23 13:30:00,3,2,35.54151684903772,35.40957567743282,35.68405445091794,False,True
pig_19,A1,4,A1_p4,2026-06-23 14:00:00,3,2,40.58801416451939,39.90845609736949,40.2178081263539,False,True
pig_19,A1,4,A1_p4,2026-06-23 15:00:00,3,2,46.616685264666174,43.30017951084734,43.63582262253246,False,True
pig_19,A1,4,A1_p4,2026-06-23 15:30:00,3,2,37.273706835030254,38.10026206668723,38.39559780571985,False,True
pig_19,A1,4,A1_p4,2026-06-23 16:00:00,3,2,35.34081565278086,37.58726693446549,37.87862617075832,False,True
pig_19,A1,4,A1_p4,2026-06-23 16:30:00,3,2,37.04446531473682,36.62604748415471,36.909955788581684,False,True
pig_19,A1,4,A1_p4,2026-06-23 17:00:00,3,2,38.26173232432802,36.38754916884093,36.669608743826416,False,True
pig_19,A1,4,A1_p4,2026-06-23 17:30:00,3,2,38.21136950651824,35.25483983024183,35.52811916248151,False,True
pig_19,A1,4,A1_p4,2026-06-23 18:00:00,3,2,33.5917498998597,32.62212389261113,32.87499561962904,False,True
pig_19,A1,4,A1_p4,2026-06-23 18:30:00,3,2,31.29151411388365,31.911019773026013,32.158379347389456,False,True
pig_19,A1,4,A1_p4,2026-06-23 19:00:00,3,2,34.1168004661896,32.41566456872624,32.666935917854545,False,True
pig_19,A1,4,A1_p4,2026-06-23 19:30:00,3,2,35.18980765021044,31.874764386295396,32.12184292554639,False,True
pig_19,A1,4,A1_p4,2026-06-23 20:00:00,3,2,31.08894085713833,31.216712237224254,31.4586898583391,False,True
pig_19,A1,4,A1_p4,2026-06-23 20:30:00,3,2,31.03523634281418,30.879702611324504,31.119067888546496,False,True
pig_19,A1,4,A1_p4,2026-06-23 21:00:00,3,2,31.893555061282537,31.165750376689026,31.407332964858497,False,True
pig_19,A1,4,A1_p4,2026-06-23 21:30:00,3,2,33.32712470208014,31.447517454622513,31.691284171815852,False,True
pig_19,A1,4,A1_p4,2026-06-23 22:00:00,3,2,32.702469255489994,31.544334598293116,31.788851797533713,False,True
pig_19,A1,4,A1_p4,2026-06-23 22:30:00,3,2,32.22359159837667,31.37860267636414,31.621835197836415,False,True
pig_19,A1,4,A1_p4,2026-06-23 23:00:00,3,2,31.391657462268,30.11450101442646,30.34793480018697,False,True
pig_19,A1,4,A1_p4,2026-06-23 23:30:00,3,2,31.945096033123974,30.91887904128052,31.15854799620093,False,True
pig_19,A1,4,A1_p4,2026-06-24 00:00:00,3,2,33.272389747527534,31.241825778195434,31.483998067949813,False,True
pig_19,A1,4,A1_p4,2026-06-24 00:30:00,3,2,31.812122372525458,30.54246886907095,30.779220065153005,False,True
pig_19,A1,4,A1_p4,2026-06-24 01:00:00,3,2,33.22036039311835,31.429031869619728,31.672655295045182,False,True
pig_19,A1,4,A1_p4,2026-06-24 01:30:00,3,2,33.56839646710145,29.519589020661563,29.748411321781084,False,True
pig_19,A1,4,A1_p4,2026-06-24 02:00:00,3,2,33.92081406468041,30.35298726379682,30.588269685469164,False,True
pig_19,A1,4,A1_p4,2026-06-24 02:30:00,3,2,33.5749101860883,30.531501226963066,30.768167406918934,False,True
pig_19,A1,4,A1_p4,2026-06-24 03:00:00,3,2,28.93994112086649,29.415938333513502,29.64395718209413,False,True
pig_19,A1,4,A1_p4,2026-06-24 03:30:00,3,2,29.069276887759795,28.501856724524945,28.722790032143827,False,True
pig_19,A1,4,A1_p4,2026-06-24 04:00:00,3,2,31.247027102472813,30.050924760692887,30.283865732523438,False,True
pig_19,A1,4,A1_p4,2026-06-24 04:30:00,3,2,31.02423280048817,30.630338219855076,30.86777053880202,False,True
pig_19,A1,4,A1_p4,2026-06-24 05:00:00,3,2,29.99961402248406,28.417566601742998,28.637846531029165,False,True
pig_19,A1,4,A1_p4,2026-06-24 05:30:00,3,2,28.45988739005048,28.479059570296425,28.699816164842304,False,True
pig_19,A1,4,A1_p4,2026-06-24 06:00:00,3,2,32.02811445144192,31.263822226911415,31.50616502303728,False,True
pig_19,A1,4,A1_p4,2026-06-24 06:30:00,3,2,39.80488581378138,38.78285396206989,39.083480840085436,False,True
pig_19,A1,4,A1_p4,2026-06-24 07:00:00,3,2,41.06044394953301,32.81758477734487,33.07197162740166,False,True
pig_19,A1,4,A1_p4,2026-06-24 07:30:00,3,2,32.42853856625781,31.47232448407191,31.716283493968184,False,True
pig_19,A1,4,A1_p4,2026-06-24 08:00:00,3,2,41.90300181305638,40.17680693263928,40.488239094094055,False,True
pig_19,A1,4,A1_p4,2026-06-24 14:30:00,4,2,31.352172176645908,33.932734835662885,33.932734835662885,False,True
pig_19,A1,4,A1_p4,2026-06-24 15:00:00,4,2,34.24869894877504,29.277566559910404,29.277566559910404,False,True
pig_19,A1,4,A1_p4,2026-06-24 15:30:00,4,2,27.733949941175204,27.367371987045935,27.367371987045935,False,True
pig_19,A1,4,A1_p4,2026-06-24 16:00:00,4,2,28.372231202778824,28.600487567336984,28.600487567336984,False,True
pig_19,A1,4,A1_p4,2026-06-24 16:30:00,4,2,27.32073618826789,27.359882604986787,27.359882604986787,False,True
pig_19,A1,4,A1_p4,2026-06-24 17:00:00,4,2,31.300215585866454,30.414965273208047,30.414965273208047,False,True
pig_19,A1,4,A1_p4,2026-06-24 17:30:00,4,2,26.086486806806896,26.80377167976262,26.80377167976262,False,True
pig_19,A1,4,A1_p4,2026-06-24 18:00:00,4,2,28.53829435418202,28.1177245224302,28.1177245224302,False,True
pig_19,A1,4,A1_p4,2026-06-24 18:30:00,4,2,22.112079805830245,19.92103177402911,19.92103177402911,False,True
pig_19,A1,4,A1_p4,2026-06-24 19:00:00,4,2,21.79306576879893,21.093454330582908,21.093454330582908,False,True
pig_19,A1,4,A1_p4,2026-06-24 19:30:00,4,2,23.078310153892076,19.56157055584793,19.56157055584793,False,True
pig_19,A1,4,A1_p4,2026-06-24 20:00:00,4,2,20.658528501295812,19.706554816571362,19.706554816571362,False,True
pig_19,A1,4,A1_p4,2026-06-24 20:30:00,4,2,24.311849110548252,23.778727133189005,23.778727133189005,False,True
pig_19,A1,4,A1_p4,2026-06-24 21:00:00,4,2,20.666923370226986,20.042484225235086,20.042484225235086,False,True
pig_19,A1,4,A1_p4,2026-06-24 21:30:00,4,2,22.225133435353197,20.990344543846803,20.990344543846803,False,True
pig_19,A1,4,A1_p4,2026-06-24 22:00:00,4,2,20.2894310850771,19.3424858927874,19.3424858927874,False,True
pig_19,A1,4,A1_p4,2026-06-24 22:30:00,4,2,21.722081405009323,19.505121518389082,19.505121518389082,False,True
pig_19,A1,4,A1_p4,2026-06-24 23:00:00,4,2,20.69923582691931,20.454453637020023,20.454453637020023,False,True
pig_19,A1,4,A1_p4,2026-06-24 23:30:00,4,2,20.73222164778075,19.613665127640967,19.613665127640967,False,True
pig_19,A1,4,A1_p4,2026-06-25 00:00:00,4,2,20.34326416830569,19.30917628388526,19.30917628388526,False,True
pig_19,A1,4,A1_p4,2026-06-25 00:30:00,4,2,19.969313515570423,19.34965747831365,19.34965747831365,False,True
pig_19,A1,4,A1_p4,2026-06-25 01:00:00,4,2,19.8565938675966,18.515894961731604,18.515894961731604,False,True
pig_19,A1,4,A1_p4,2026-06-25 01:30:00,4,2,20.870785728474946,18.210167991385575,18.210167991385575,False,True
pig_19,A1,4,A1_p4,2026-06-25 02:00:00,4,2,23.473677145029495,21.775731873434253,21.775731873434253,False,True
pig_19,A1,4,A1_p4,2026-06-25 02:30:00,4,2,21.618309081389008,19.1951642479447,19.1951642479447,False,True
pig_19,A1,4,A1_p4,2026-06-25 03:00:00,4,2,20.27826106580654,18.965810673716476,18.965810673716476,False,True
pig_19,A1,4,A1_p4,2026-06-25 03:30:00,4,2,20.23612820320518,18.765483395015558,18.765483395015558,False,True
pig_19,A1,4,A1_p4,2026-06-25 04:00:00,4,2,20.40095511340635,17.492109566710027,17.492109566710027,False,True
pig_19,A1,4,A1_p4,2026-06-25 04:30:00,4,2,19.5662635965207,17.586982385370128,17.586982385370128,False,True
pig_19,A1,4,A1_p4,2026-06-25 05:00:00,4,2,19.090687980986097,18.301620519824592,18.301620519824592,False,True
pig_19,A1,4,A1_p4,2026-06-25 05:30:00,4,2,22.447535057837314,19.968786047862366,19.968786047862366,False,True
pig_19,A1,4,A1_p4,2026-06-25 06:00:00,4,2,24.562421845310595,23.006846959046214,23.006846959046214,False,True
pig_19,A1,4,A1_p4,2026-06-25 06:30:00,4,2,24.89850088712412,25.008128124521704,25.008128124521704,False,True
pig_19,A1,4,A1_p4,2026-06-25 07:00:00,4,2,24.06508385239337,24.005948717149668,24.005948717149668,False,True
pig_19,A1,4,A1_p4,2026-06-25 07:30:00,4,2,23.468115948873297,20.339954981467535,20.339954981467535,False,True
pig_19,B2,6,B2_p6,2026-06-30 16:30:00,0,2,37.68671897002255,38.20495342743223,38.20495342743223,True,False
pig_19,B2,6,B2_p6,2026-06-30 17:00:00,0,2,39.45348616704827,38.332343103825224,38.332343103825224,True,False
pig_19,B2,6,B2_p6,2026-06-30 17:30:00,0,2,34.54322937295573,35.447706340525215,35.447706340525215,True,False
pig_19,B2,6,B2_p6,2026-06-30 18:00:00,0,2,37.20929919817615,38.019384039141364,38.019384039141364,True,False
pig_19,B2,6,B2_p6,2026-06-30 18:30:00,0,2,31.796612123237857,36.55469548309299,36.55469548309299,True,False
pig_19,B2,6,B2_p6,2026-06-30 19:00:00,0,2,36.07523205095441,36.76059981738598,36.76059981738598,True,False
pig_19,B2,6,B2_p6,2026-06-30 19:30:00,0,2,36.51322436609179,36.22438653773847,36.22438653773847,True,False
pig_19,B2,6,B2_p6,2026-06-30 20:00:00,0,2,36.56528738797583,35.44015142459685,35.44015142459685,True,False
pig_19,B2,6,B2_p6,2026-07-01 08:00:00,0,2,39.485999768561705,40.42640262019796,40.42640262019796,True,False
pig_19,B2,6,B2_p6,2026-07-01 08:30:00,0,2,28.74632216681509,38.31533467741008,38.31533467741008,True,False
pig_19,B2,6,B2_p6,2026-07-01 09:30:00,1,2,37.59937310593558,40.364313988505025,40.364313988505025,True,False
pig_19,B2,6,B2_p6,2026-07-01 10:00:00,1,2,40.53633500920201,41.38912615168932,41.38912615168932,True,False
pig_19,B2,6,B2_p6,2026-07-01 10:30:00,1,2,41.33225950222704,42.47819875246688,42.47819875246688,True,False
pig_19,B2,6,B2_p6,2026-07-01 11:00:00,1,2,36.486821199082875,40.070502662119885,40.070502662119885,True,False
pig_19,B2,6,B2_p6,2026-07-01 11:30:00,1,2,35.40449686960256,40.112140493886585,40.112140493886585,True,False
pig_19,B2,6,B2_p6,2026-07-01 12:00:00,1,2,41.26759719633534,40.69639486187747,40.69639486187747,True,False
pig_19,B2,6,B2_p6,2026-07-01 12:30:00,1,2,41.33997853603847,40.99827705062509,40.99827705062509,True,False
pig_19,B2,6,B2_p6,2026-07-01 13:00:00,1,2,38.31458254050488,42.42274395586187,42.42274395586187,True,False
pig_19,B2,6,B2_p6,2026-07-01 13:30:00,1,2,46.848093959785835,41.9756108584221,41.9756108584221,True,False
pig_19,B2,6,B2_p6,2026-07-01 14:00:00,1,2,46.2130621319681,47.43081921252214,47.43081921252214,True,False
pig_19,B2,6,B2_p6,2026-07-01 14:30:00,1,2,46.7870389527923,47.95493002068171,47.95493002068171,True,False
pig_19,B2,6,B2_p6,2026-07-01 15:30:00,1,2,62.80076574305556,61.07420406206184,61.07420406206184,True,False
pig_19,B2,6,B2_p6,2026-07-01 16:00:00,1,2,57.692295980201564,59.02549045471843,59.02549045471843,True,False
pig_19,B2,6,B2_p6,2026-07-01 16:30:00,1,2,52.90641573864015,47.63228423043464,47.63228423043464,True,False
pig_19,B2,6,B2_p6,2026-07-01 17:00:00,1,2,40.532305313100736,41.875365421560105,41.875365421560105,True,False
pig_19,B2,6,B2_p6,2026-07-01 17:30:00,1,2,39.308304728016346,42.35269393765052,42.35269393765052,True,False
pig_19,B2,6,B2_p6,2026-07-01 18:00:00,1,2,37.9143697693655,42.54794084101351,42.54794084101351,True,False
pig_19,B2,6,B2_p6,2026-07-01 18:30:00,1,2,37.432275757792496,38.25758134145744,38.25758134145744,True,False
pig_19,B2,6,B2_p6,2026-07-01 19:00:00,1,2,35.19922033148285,39.0490105455262,39.0490105455262,True,False
pig_19,B2,6,B2_p6,2026-07-01 19:30:00,1,2,33.98086315675106,40.38737600434272,40.38737600434272,True,False
pig_19,B2,6,B2_p6,2026-07-01 20:00:00,1,2,35.20129412271986,40.04737793396623,40.04737793396623,True,False
pig_19,B2,6,B2_p6,2026-07-01 20:30:00,1,2,37.22893974563512,40.501788724954295,40.501788724954295,True,False
pig_19,B2,6,B2_p6,2026-07-01 21:00:00,1,2,36.51555479858386,36.994760747316825,36.994760747316825,True,False
pig_19,B2,6,B2_p6,2026-07-01 21:30:00,1,2,35.67798323695937,39.366405806285286,39.366405806285286,True,False
pig_19,B2,6,B2_p6,2026-07-01 22:00:00,1,2,37.73416621525309,39.64085449862735,39.64085449862735,True,False
pig_19,B2,6,B2_p6,2026-07-01 22:30:00,1,2,37.45190068464179,37.28126706411547,37.28126706411547,True,False
pig_19,B2,6,B2_p6,2026-07-01 23:00:00,1,2,39.59933052355988,38.340953691282735,38.340953691282735,True,False
pig_19,B2,6,B2_p6,2026-07-01 23:30:00,1,2,34.369771890869664,39.36593379074051,39.36593379074051,True,False
pig_19,B2,6,B2_p6,2026-07-02 00:00:00,1,2,37.878088061346034,37.60191978468649,37.60191978468649,True,False
pig_19,B2,6,B2_p6,2026-07-02 00:30:00,1,2,38.910917457368235,38.814095330018375,38.814095330018375,True,False
pig_19,B2,6,B2_p6,2026-07-02 01:00:00,1,2,39.458002703630164,34.90322364459111,34.90322364459111,True,False
pig_19,B2,6,B2_p6,2026-07-02 01:30:00,1,2,37.754672325724485,33.577621874988864,33.577621874988864,True,False
pig_19,B2,6,B2_p6,2026-07-02 09:00:00,2,2,38.86639295698977,41.58500968041912,40.9459350964624,False,True
pig_19,B2,6,B2_p6,2026-07-02 09:30:00,2,2,39.407830622222335,44.84536802941004,44.156188559787935,False,True
pig_19,B2,6,B2_p6,2026-07-02 10:00:00,2,2,37.616480293489296,42.550441548914996,41.89653029726386,False,True
pig_19,B2,6,B2_p6,2026-07-02 10:30:00,2,2,34.40631277882802,40.59145980986584,39.96765400845946,False,True
pig_19,B2,6,B2_p6,2026-07-02 11:00:00,2,2,37.43107592374766,42.077028796545214,41.43039290830233,False,True
pig_19,B2,6,B2_p6,2026-07-02 11:30:00,2,2,51.89551899720267,50.540883055519316,49.76417543756438,False,True
pig_19,B2,6,B2_p6,2026-07-02 12:00:00,2,2,39.12375109504246,43.352574070578456,42.6863357204969,False,True
pig_19,B2,6,B2_p6,2026-07-02 12:30:00,2,2,37.5215968230077,44.58038528467588,43.895278045375434,False,True
pig_19,B2,6,B2_p6,2026-07-02 13:00:00,2,2,40.47073681219786,43.7240890229044,43.05214126538454,False,True
pig_19,B2,6,B2_p6,2026-07-02 13:30:00,2,2,53.04969595621928,54.01648439840453,53.186364060354705,False,True
pig_19,B2,6,B2_p6,2026-07-02 14:00:00,2,2,49.79495058463087,51.79250757660124,50.99656510872737,False,True
pig_19,B2,6,B2_p6,2026-07-02 14:30:00,2,2,60.721402185967975,50.54527817525377,49.76850301350512,False,True
pig_19,B2,6,B2_p6,2026-07-02 15:30:00,2,2,49.35482011238568,46.086632182658064,45.37837708029201,False,True
pig_19,B2,6,B2_p6,2026-07-02 16:00:00,2,2,48.80526747482672,48.112582340959314,47.37319262387311,False,True
pig_19,B2,6,B2_p6,2026-07-02 16:30:00,2,2,44.0118024513921,45.654709586157665,44.9530922303205,False,True
pig_19,B2,6,B2_p6,2026-07-02 17:00:00,2,2,41.746809935126485,43.73610251967468,43.063970139847186,False,True
pig_19,B2,6,B2_p6,2026-07-02 17:30:00,2,2,38.928407607612186,42.75684036868741,42.09975719905697,False,True
pig_19,B2,6,B2_p6,2026-07-02 18:00:00,2,2,39.09597456991071,41.73858590197183,41.097151172841436,False,True
pig_19,B2,6,B2_p6,2026-07-02 18:30:00,2,2,40.140772758017974,42.6403485941889,41.9850556593785,False,True
pig_19,B2,6,B2_p6,2026-07-02 19:00:00,2,2,38.95985088118918,39.82024063711279,39.20828686064892,False,True
pig_19,B2,6,B2_p6,2026-07-02 19:30:00,2,2,38.88916644662394,41.1680217862146,40.5353554336627,False,True
pig_19,B2,6,B2_p6,2026-07-02 20:00:00,2,2,33.891519090648075,38.988591021982586,38.38941795991248,False,True
pig_19,B2,6,B2_p6,2026-07-02 20:30:00,2,2,33.498329999337635,40.551895935851306,39.92869814840284,False,True
pig_19,B2,6,B2_p6,2026-07-02 21:00:00,2,2,36.05892665669013,40.74621290106782,40.12002886846381,False,True
pig_19,B2,6,B2_p6,2026-07-02 21:30:00,2,2,35.978869511766625,42.380026443401746,41.728734115336124,False,True
pig_19,B2,6,B2_p6,2026-07-02 22:00:00,2,2,40.03031850883343,38.0690704123163,37.48402845795971,False,True
pig_19,B2,6,B2_p6,2026-07-02 22:30:00,2,2,35.21738084504119,36.05362189370997,35.49955316584565,False,True
pig_19,B2,6,B2_p6,2026-07-02 23:00:00,2,2,30.531540248883914,35.183999268861236,34.64329482109316,False,True
pig_19,B2,6,B2_p6,2026-07-02 23:30:00,2,2,33.46723897492158,35.93843487824138,35.38613633378097,False,True
pig_19,B2,6,B2_p6,2026-07-03 00:00:00,2,2,39.2417096765939,35.43917168366508,34.8945457698187,False,True
pig_19,B2,6,B2_p6,2026-07-03 00:30:00,2,2,34.44854011118602,37.117284022193424,36.54686903308123,False,True
pig_19,B2,6,B2_p6,2026-07-03 01:00:00,2,2,31.883139349173966,37.044969106643585,36.475665446467566,False,True
pig_19,B2,6,B2_p6,2026-07-03 01:30:00,2,2,37.26975110168554,37.89813261137226,37.31571761333624,False,True
pig_19,B2,6,B2_p6,2026-07-03 02:00:00,2,2,34.34214874282889,32.31518486305173,31.818568089831086,False,True
pig_19,B2,6,B2_p6,2026-07-03 02:30:00,2,2,33.423061018922894,34.72863282540219,34.194926407035524,False,True
pig_19,B2,6,B2_p6,2026-07-03 03:00:00,2,2,32.15206820805844,32.42014379294935,31.92191402059818,False,True
pig_19,B2,6,B2_p6,2026-07-03 03:30:00,2,2,30.298798491918298,31.24164089683088,30.7615222480268,False,True
pig_19,B2,6,B2_p6,2026-07-03 04:00:00,2,2,29.4917526963746,32.08901668205735,31.59587564053146,False,True
pig_19,B2,6,B2_p6,2026-07-03 04:30:00,2,2,31.40190140516887,34.643064562744144,34.110673149526654,False,True
pig_19,B2,6,B2_p6,2026-07-03 05:00:00,2,2,29.075931577420533,33.974920720002345,33.452797279585745,False,True
pig_19,B2,6,B2_p6,2026-07-03 05:30:00,2,2,34.29447964272801,37.19214676603008,36.62058129319216,False,True
pig_19,B2,6,B2_p6,2026-07-03 06:00:00,2,2,31.521589567654054,32.77540050448529,32.2717111798371,False,True
pig_19,B2,6,B2_p6,2026-07-03 06:30:00,2,2,36.571714959558975,37.36232819612057,36.78814739079943,False,True
pig_19,B2,6,B2_p6,2026-07-03 07:00:00,2,2,29.797650708496896,32.91597287686581,32.41012324899574,False,True
pig_19,B2,6,B2_p6,2026-07-03 07:30:00,2,2,38.98823524973167,45.87618747898003,45.17116647136308,False,True
pig_19,B2,6,B2_p6,2026-07-03 08:00:00,2,2,45.06065114927587,43.113878349270614,42.451308252965106,False,True
pig_19,B2,6,B2_p6,2026-07-03 09:30:00,3,2,46.780110872599145,46.50341493878592,45.78875475755805,False,True
pig_19,B2,6,B2_p6,2026-07-03 10:00:00,3,2,41.703119465324484,45.736897077389614,45.03401667178598,False,True
pig_19,B2,6,B2_p6,2026-07-03 10:30:00,3,2,40.46612853063903,42.7974857946926,42.13977798991324,False,True
pig_19,B2,6,B2_p6,2026-07-03 11:00:00,3,2,31.380696728769216,41.18144148067809,40.54856889550241,False,True
pig_19,B2,6,B2_p6,2026-07-03 11:30:00,3,2,48.15318580566127,46.688506308966545,45.971001660674666,False,True
pig_19,B2,6,B2_p6,2026-07-03 16:00:00,3,2,72.80372985237892,50.973022055525334,50.18967336537244,False,True
pig_19,B2,6,B2_p6,2026-07-03 16:30:00,3,2,44.92280418298598,46.157221708594285,45.44788179292012,False,True
pig_19,B2,6,B2_p6,2026-07-03 17:00:00,3,2,42.108809829369314,46.45955276148371,45.74556665014126,False,True
pig_19,B2,6,B2_p6,2026-07-03 17:30:00,3,2,39.36706006038135,44.670346968044,43.98385720591111,False,True
pig_19,B2,6,B2_p6,2026-07-03 18:00:00,3,2,41.02188722331255,43.10693937554417,42.44447591674533,False,True
pig_19,B2,6,B2_p6,2026-07-03 18:30:00,3,2,52.058045806105035,42.452210445440684,41.79980880030562,False,True
pig_19,B2,6,B2_p6,2026-07-03 19:00:00,3,2,34.93053532005813,42.34442652120953,41.6936812894567,False,True
pig_19,B2,6,B2_p6,2026-07-03 19:30:00,3,2,45.29600671273526,41.798982824502716,41.15661992105097,False,True
pig_19,B2,6,B2_p6,2026-07-03 20:00:00,3,2,36.41986756846894,40.267091139445384,39.64827020577597,False,True
pig_19,B2,6,B2_p6,2026-07-03 20:30:00,3,2,44.54015388271736,38.50512975808715,37.91338648402136,False,True
pig_19,B2,6,B2_p6,2026-07-03 21:00:00,3,2,32.19204475201208,36.5404158056937,35.97886607399735,False,True
pig_19,B2,6,B2_p6,2026-07-03 21:30:00,3,2,32.72914347686297,37.89172777421115,37.309411205120455,False,True
pig_19,B2,6,B2_p6,2026-07-03 22:00:00,3,2,34.29343880522399,39.29058777661918,38.68677365634542,False,True
pig_19,B2,6,B2_p6,2026-07-03 22:30:00,3,2,29.527000201391154,38.737463047120855,38.14214929654995,False,True
pig_19,B2,6,B2_p6,2026-07-03 23:00:00,3,2,32.911450223563726,38.197692234646354,37.61067363201614,False,True
pig_19,B2,6,B2_p6,2026-07-03 23:30:00,3,2,33.62063059631194,38.072756149324135,37.487657552901986,False,True
pig_19,B2,6,B2_p6,2026-07-04 00:00:00,3,2,30.77634156403993,38.190474164355145,37.603566488361814,False,True
pig_19,B2,6,B2_p6,2026-07-04 00:30:00,3,2,33.94740992332152,39.09744998020739,38.49660398373201,False,True
pig_19,B2,6,B2_p6,2026-07-04 01:00:00,3,2,34.21398568771201,36.54080835364705,35.97925258931006,False,True
pig_19,B2,6,B2_p6,2026-07-04 01:30:00,3,2,32.989353182307674,33.84159565568147,33.321521142526564,False,True
pig_19,B2,6,B2_p6,2026-07-04 02:00:00,3,2,34.13097146536839,33.663049328452075,33.14571869874623,False,True
pig_19,B2,6,B2_p6,2026-07-04 02:30:00,3,2,31.256359311108646,34.103966243594726,33.57985964350268,False,True
pig_19,B2,6,B2_p6,2026-07-04 03:00:00,3,2,31.533375926823673,35.96034768673951,35.40771238826408,False,True
pig_19,B2,6,B2_p6,2026-07-04 03:30:00,3,2,32.131094060941386,36.119578933137596,35.564496583589516,False,True
pig_19,B2,6,B2_p6,2026-07-04 04:00:00,3,2,30.30120523674144,34.90997391909255,34.373480667564245,False,True
pig_19,B2,6,B2_p6,2026-07-04 04:30:00,3,2,34.50178403760067,37.48152925569248,36.90551657950878,False,True
pig_19,B2,6,B2_p6,2026-07-04 05:00:00,3,2,32.90981730921903,35.374053090523546,34.83042791319592,False,True
pig_19,B2,6,B2_p6,2026-07-04 05:30:00,3,2,37.59612545478314,40.658450675207334,40.03361536437614,False,True
pig_19,B2,6,B2_p6,2026-07-04 06:00:00,3,2,43.69626543617989,41.969626131416604,41.324640797401315,False,True
pig_19,B2,6,B2_p6,2026-07-04 06:30:00,3,2,44.29171936729448,45.296515564933095,44.60040290169668,False,True
pig_19,B2,6,B2_p6,2026-07-04 07:00:00,3,2,34.09699485211476,38.220817558600146,37.6334435681295,False,True
pig_19,B2,6,B2_p6,2026-07-04 07:30:00,3,2,28.531074784519276,38.839161276383244,38.24228463682772,False,True
pig_19,B2,6,B2_p6,2026-07-04 10:00:00,4,2,33.34426975600741,35.50381979688029,35.50381979688029,False,True
pig_19,B2,6,B2_p6,2026-07-04 10:30:00,4,2,37.099198481738426,40.67036832084127,40.67036832084127,False,True
pig_19,B2,6,B2_p6,2026-07-04 11:00:00,4,2,42.75611221567889,44.959967404687525,44.959967404687525,False,True
pig_19,B2,6,B2_p6,2026-07-04 11:30:00,4,2,33.666934901491686,39.86391443558877,39.86391443558877,False,True
pig_19,B2,6,B2_p6,2026-07-04 12:00:00,4,2,38.42214410507182,40.25234935490356,40.25234935490356,False,True
pig_19,B2,6,B2_p6,2026-07-04 12:30:00,4,2,40.467083616597556,43.2905152375411,43.2905152375411,False,True
pig_19,B2,6,B2_p6,2026-07-04 13:00:00,4,2,28.271672425610596,27.98074031611106,27.98074031611106,False,True
pig_19,B2,6,B2_p6,2026-07-04 13:30:00,4,2,29.004374309687208,33.69722373654219,33.69722373654219,False,True
pig_19,B2,6,B2_p6,2026-07-04 14:00:00,4,2,25.02302898891897,34.13656903278526,34.13656903278526,False,True
pig_19,B2,6,B2_p6,2026-07-04 14:30:00,4,2,25.339012935259312,32.39735455174383,32.39735455174383,False,True
pig_19,B2,6,B2_p6,2026-07-04 15:00:00,4,2,30.632384657756308,36.34768976882439,36.34768976882439,False,True
pig_19,B2,6,B2_p6,2026-07-04 15:30:00,4,2,35.949429430943944,38.15175285450486,38.15175285450486,False,True
pig_19,B2,6,B2_p6,2026-07-04 16:00:00,4,2,33.493221973409035,33.88035975164477,33.88035975164477,False,True
pig_19,B2,6,B2_p6,2026-07-04 16:30:00,4,2,36.39725061846705,41.42871873586612,41.42871873586612,False,True
pig_19,B2,6,B2_p6,2026-07-04 17:00:00,4,2,32.876546038187286,30.33049995013824,30.33049995013824,False,True
pig_19,B2,6,B2_p6,2026-07-04 17:30:00,4,2,24.109672766810522,24.22079830749766,24.22079830749766,False,True
pig_19,B2,6,B2_p6,2026-07-04 18:00:00,4,2,23.183713869194868,28.04067962791465,28.04067962791465,False,True
pig_19,B2,6,B2_p6,2026-07-04 18:30:00,4,2,23.093698927443,27.534326085210687,27.534326085210687,False,True
pig_19,B2,6,B2_p6,2026-07-04 19:00:00,4,2,24.222034292857007,25.320565930444353,25.320565930444353,False,True
pig_19,B2,6,B2_p6,2026-07-04 19:30:00,4,2,22.441059301000234,27.41139643365154,27.41139643365154,False,True
pig_19,B2,6,B2_p6,2026-07-04 20:00:00,4,2,24.19976848898363,25.950034716189762,25.950034716189762,False,True
pig_19,B2,6,B2_p6,2026-07-04 20:30:00,4,2,25.484234665741827,27.418120950635,27.418120950635,False,True
pig_19,B2,6,B2_p6,2026-07-04 21:00:00,4,2,23.743202783464977,24.10917079019991,24.10917079019991,False,True
pig_19,B2,6,B2_p6,2026-07-04 21:30:00,4,2,21.217901933600434,24.688590010041956,24.688590010041956,False,True
pig_19,B2,6,B2_p6,2026-07-04 22:00:00,4,2,24.138819374344592,23.090600675352036,23.090600675352036,False,True
pig_19,B2,6,B2_p6,2026-07-04 22:30:00,4,2,21.703679586592337,23.422901579367505,23.422901579367505,False,True
pig_19,B2,6,B2_p6,2026-07-04 23:00:00,4,2,26.30020226438107,24.19263769564111,24.19263769564111,False,True
pig_19,B2,6,B2_p6,2026-07-04 23:30:00,4,2,22.352018622333944,24.00264076012163,24.00264076012163,False,True
pig_19,B2,6,B2_p6,2026-07-05 00:00:00,4,2,19.744356949530065,23.49334965823644,23.49334965823644,False,True
pig_19,B2,6,B2_p6,2026-07-05 00:30:00,4,2,20.075392098645313,24.2688012613428,24.2688012613428,False,True
pig_19,B2,6,B2_p6,2026-07-05 01:00:00,4,2,21.248453171834832,24.105157939114385,24.105157939114385,False,True
pig_19,B2,6,B2_p6,2026-07-05 01:30:00,4,2,20.695101053853953,23.224459368951663,23.224459368951663,False,True
pig_19,B2,6,B2_p6,2026-07-05 02:00:00,4,2,22.250118665252746,24.435624830865052,24.435624830865052,False,True
pig_19,B2,6,B2_p6,2026-07-05 02:30:00,4,2,20.67782787663531,21.807828213385488,21.807828213385488,False,True
pig_19,B2,6,B2_p6,2026-07-05 03:00:00,4,2,19.751831937471618,21.423467270568615,21.423467270568615,False,True
pig_19,B2,6,B2_p6,2026-07-05 03:30:00,4,2,20.919888577021396,24.033207248775195,24.033207248775195,False,True
pig_19,B2,6,B2_p6,2026-07-05 04:00:00,4,2,19.67462161913321,23.342191632420256,23.342191632420256,False,True
pig_19,B2,6,B2_p6,2026-07-05 04:30:00,4,2,21.968094786437113,26.219039709761837,26.219039709761837,False,True
pig_20,B1,8,B1_p8,2026-07-10 16:30:00,0,1,54.48527333307487,53.94911992460473,53.94911992460473,True,False
pig_20,B1,8,B1_p8,2026-07-10 17:00:00,0,1,60.01960581473284,60.03715596400149,60.03715596400149,True,False
pig_20,B1,8,B1_p8,2026-07-10 17:30:00,0,1,59.87191388784281,55.42379549926575,55.42379549926575,True,False
pig_20,B1,8,B1_p8,2026-07-10 18:00:00,0,1,54.752184696653586,52.09173221700618,52.09173221700618,True,False
pig_20,B1,8,B1_p8,2026-07-10 18:30:00,0,1,54.043685689410566,53.855081878122135,53.855081878122135,True,False
pig_20,B1,8,B1_p8,2026-07-10 19:00:00,0,1,55.873322900885384,55.62686209574266,55.62686209574266,True,False
pig_20,B1,8,B1_p8,2026-07-10 19:30:00,0,1,52.02252613019621,53.915655294483905,53.915655294483905,True,False
pig_20,B1,8,B1_p8,2026-07-10 20:00:00,0,1,51.41636983085432,52.68403976292775,52.68403976292775,True,False
pig_20,B1,8,B1_p8,2026-07-10 20:30:00,0,1,48.33283828610848,50.914262276143944,50.914262276143944,True,False
pig_20,B1,8,B1_p8,2026-07-10 21:00:00,0,1,51.2329911755065,49.839423685155495,49.839423685155495,True,False
pig_20,B1,8,B1_p8,2026-07-10 21:30:00,0,1,50.21198468510222,53.14908212447041,53.14908212447041,True,False
pig_20,B1,8,B1_p8,2026-07-10 22:00:00,0,1,59.25433083028271,58.06382814652766,58.06382814652766,True,False
pig_20,B1,8,B1_p8,2026-07-10 22:30:00,0,1,52.88176431185941,54.00580461308225,54.00580461308225,True,False
pig_20,B1,8,B1_p8,2026-07-10 23:00:00,0,1,53.64703155629708,56.06626051763834,56.06626051763834,True,False
pig_20,B1,8,B1_p8,2026-07-10 23:30:00,0,1,51.87896578611054,51.97479593856576,51.97479593856576,True,False
pig_20,B1,8,B1_p8,2026-07-11 00:00:00,0,1,52.82665238423863,51.19971355396869,51.19971355396869,True,False
pig_20,B1,8,B1_p8,2026-07-11 00:30:00,0,1,50.97676861628301,49.24077493227162,49.24077493227162,True,False
pig_20,B1,8,B1_p8,2026-07-11 01:00:00,0,1,49.74678427093899,48.73163130840453,48.73163130840453,True,False
pig_20,B1,8,B1_p8,2026-07-11 01:30:00,0,1,48.196043365278555,50.91993959090736,50.91993959090736,True,False
pig_20,B1,8,B1_p8,2026-07-11 02:00:00,0,1,49.59754974763618,51.428553284645226,51.428553284645226,True,False
pig_20,B1,8,B1_p8,2026-07-11 02:30:00,0,1,47.843378651479455,50.74086521554581,50.74086521554581,True,False
pig_20,B1,8,B1_p8,2026-07-11 03:00:00,0,1,46.504999124230494,47.95968827685262,47.95968827685262,True,False
pig_20,B1,8,B1_p8,2026-07-11 03:30:00,0,1,46.3723164298308,49.909900845245346,49.909900845245346,True,False
pig_20,B1,8,B1_p8,2026-07-11 04:00:00,0,1,47.18379410860524,50.68370120035302,50.68370120035302,True,False
pig_20,B1,8,B1_p8,2026-07-11 04:30:00,0,1,46.97653340245331,48.27766575268147,48.27766575268147,True,False
pig_20,B1,8,B1_p8,2026-07-11 05:00:00,0,1,47.1773794709089,48.56336221994219,48.56336221994219,True,False
pig_20,B1,8,B1_p8,2026-07-11 05:30:00,0,1,43.71492933195891,46.84342713364407,46.84342713364407,True,False
pig_20,B1,8,B1_p8,2026-07-11 06:00:00,0,1,37.322720048187676,53.3987585969798,53.3987585969798,True,False
pig_20,B1,8,B1_p8,2026-07-11 06:30:00,0,1,76.25318427752889,61.75873560865284,61.75873560865284,True,False
pig_20,B1,8,B1_p8,2026-07-11 07:00:00,0,1,50.589295735577025,51.0044218538346,51.0044218538346,True,False
pig_20,B1,8,B1_p8,2026-07-11 07:30:00,0,1,49.686328350271275,50.34186046901945,50.34186046901945,True,False
pig_20,B1,8,B1_p8,2026-07-11 08:00:00,0,1,51.9026409129483,50.886987071397186,50.886987071397186,True,False
pig_20,B1,8,B1_p8,2026-07-11 10:00:00,1,1,54.02328152509082,65.84664738482877,65.84664738482877,True,False
pig_20,B1,8,B1_p8,2026-07-11 10:30:00,1,1,66.96759661500347,75.0436754235684,75.0436754235684,True,False
pig_20,B1,8,B1_p8,2026-07-11 11:00:00,1,1,40.169313334514186,58.38824238911644,58.38824238911644,True,False
pig_20,B1,8,B1_p8,2026-07-11 11:30:00,1,1,43.34784462942258,55.97356530006648,55.97356530006648,True,False
pig_20,B1,8,B1_p8,2026-07-11 12:00:00,1,1,45.66530317810752,54.26964287617197,54.26964287617197,True,False
pig_20,B1,8,B1_p8,2026-07-11 12:30:00,1,1,66.7605557421967,75.81447835812534,75.81447835812534,True,False
pig_20,B1,8,B1_p8,2026-07-11 13:00:00,1,1,52.34497103039118,61.46034584530278,61.46034584530278,True,False
pig_20,B1,8,B1_p8,2026-07-11 13:30:00,1,1,44.56598344638415,56.205375139428696,56.205375139428696,True,False
pig_20,B1,8,B1_p8,2026-07-11 14:00:00,1,1,56.27141091069727,66.91743091512195,66.91743091512195,True,False
pig_20,B1,8,B1_p8,2026-07-11 15:30:00,1,1,49.0672516060862,60.79911183453696,60.79911183453696,True,False
pig_20,B1,8,B1_p8,2026-07-11 16:00:00,1,1,66.0058101407055,78.72300700770076,78.72300700770076,True,False
pig_20,B1,8,B1_p8,2026-07-11 16:30:00,1,1,61.59524039459933,70.51021170495369,70.51021170495369,True,False
pig_20,B1,8,B1_p8,2026-07-11 17:00:00,1,1,49.31107599068946,58.20364540748789,58.20364540748789,True,False
pig_20,B1,8,B1_p8,2026-07-11 17:30:00,1,1,49.51159449119359,60.98646409672945,60.98646409672945,True,False
pig_20,B1,8,B1_p8,2026-07-11 18:00:00,1,1,48.415292054920656,58.30012662940635,58.30012662940635,True,False
pig_20,B1,8,B1_p8,2026-07-11 18:30:00,1,1,49.56667093100205,57.59321070019855,57.59321070019855,True,False
pig_20,B1,8,B1_p8,2026-07-11 19:00:00,1,1,50.555873787600135,56.443039719880474,56.443039719880474,True,False
pig_20,B1,8,B1_p8,2026-07-11 19:30:00,1,1,62.25993551721725,66.1386060148193,66.1386060148193,True,False
pig_20,B1,8,B1_p8,2026-07-11 20:00:00,1,1,45.34150678228826,53.939801305753484,53.939801305753484,True,False
pig_20,B1,8,B1_p8,2026-07-11 20:30:00,1,1,47.811947485525636,53.20222384892003,53.20222384892003,True,False
pig_20,B1,8,B1_p8,2026-07-11 21:00:00,1,1,45.40537546016971,54.06207245736522,54.06207245736522,True,False
pig_20,B1,8,B1_p8,2026-07-11 21:30:00,1,1,47.20159897178487,55.34055923983465,55.34055923983465,True,False
pig_20,B1,8,B1_p8,2026-07-11 22:00:00,1,1,44.676808590315446,54.614444587878864,54.614444587878864,True,False
pig_20,B1,8,B1_p8,2026-07-11 22:30:00,1,1,48.261652397725,55.63879984660268,55.63879984660268,True,False
pig_20,B1,8,B1_p8,2026-07-11 23:00:00,1,1,43.445345178458055,52.70037399169229,52.70037399169229,True,False
pig_20,B1,8,B1_p8,2026-07-11 23:30:00,1,1,48.20841934946994,56.09491494258164,56.09491494258164,True,False
pig_20,B1,8,B1_p8,2026-07-12 00:00:00,1,1,66.20552231138294,62.94643578830048,62.94643578830048,True,False
pig_20,B1,8,B1_p8,2026-07-12 00:30:00,1,1,47.04057643054659,53.78656619370591,53.78656619370591,True,False
pig_20,B1,8,B1_p8,2026-07-12 01:00:00,1,1,49.70533920612269,53.647632540275666,53.647632540275666,True,False
pig_20,B1,8,B1_p8,2026-07-12 01:30:00,1,1,47.90827689512347,52.158072320057855,52.158072320057855,True,False
pig_20,B1,8,B1_p8,2026-07-12 02:00:00,1,1,46.1207424002021,49.64894915057397,49.64894915057397,True,False
pig_20,B1,8,B1_p8,2026-07-12 02:30:00,1,1,49.821692654752354,52.23192914633662,52.23192914633662,True,False
pig_20,B1,8,B1_p8,2026-07-12 03:00:00,1,1,48.91437877077445,50.370911980458146,50.370911980458146,True,False
pig_20,B1,8,B1_p8,2026-07-12 03:30:00,1,1,46.17533409558182,50.19711459054434,50.19711459054434,True,False
pig_20,B1,8,B1_p8,2026-07-12 04:00:00,1,1,47.61331877973285,52.95195278872143,52.95195278872143,True,False
pig_20,B1,8,B1_p8,2026-07-12 04:30:00,1,1,47.84223722411518,52.6961678239163,52.6961678239163,True,False
pig_20,B1,8,B1_p8,2026-07-12 05:00:00,1,1,46.53948954089522,52.868193714370264,52.868193714370264,True,False
pig_20,B1,8,B1_p8,2026-07-12 05:30:00,1,1,47.64406849031326,50.4186731457027,50.4186731457027,True,False
pig_20,B1,8,B1_p8,2026-07-12 06:00:00,1,1,48.44465324504557,50.36922270580226,50.36922270580226,True,False
pig_20,B1,8,B1_p8,2026-07-12 06:30:00,1,1,44.33733514676509,47.4476862132949,47.4476862132949,True,False
pig_20,B1,8,B1_p8,2026-07-12 07:00:00,1,1,46.26869034202824,51.60772799073632,51.60772799073632,True,False
pig_20,B1,8,B1_p8,2026-07-12 07:30:00,1,1,60.253805342856054,63.77538605460345,63.77538605460345,True,False
pig_20,B1,8,B1_p8,2026-07-12 08:00:00,1,1,63.61524233977198,59.30547718699658,59.30547718699658,True,False
pig_20,B1,8,B1_p8,2026-07-13 09:30:00,3,1,61.383335533824024,60.113116482326106,57.80361087208396,False,True
pig_20,B1,8,B1_p8,2026-07-13 10:00:00,3,1,54.55851369887143,55.12329604489262,53.00549598859129,False,True
pig_20,B1,8,B1_p8,2026-07-13 10:30:00,3,1,53.59316566298044,54.79302334598417,52.68791214522177,False,True
pig_20,B1,8,B1_p8,2026-07-13 11:00:00,3,1,55.64126100979932,54.374456527655134,52.285426383270455,False,True
pig_20,B1,8,B1_p8,2026-07-13 11:30:00,3,1,51.24627749064712,56.36339436281601,54.197950561021344,False,True
pig_20,B1,8,B1_p8,2026-07-13 12:00:00,3,1,53.61036940588844,59.03521537821322,56.76712200531475,False,True
pig_20,B1,8,B1_p8,2026-07-13 12:30:00,3,1,54.21290800335787,61.81436337133147,59.439496996842124,False,True
pig_20,B1,8,B1_p8,2026-07-13 13:00:00,3,1,77.3634153328536,75.43563125252055,72.53744490343854,False,True
pig_20,B1,8,B1_p8,2026-07-13 13:30:00,3,1,67.06995910127269,65.45595353533508,62.94117970959189,False,True
pig_20,B1,8,B1_p8,2026-07-13 14:00:00,3,1,55.545682631555394,54.993381471434866,52.88057264589665,False,True
pig_20,B1,8,B1_p8,2026-07-13 14:30:00,3,1,57.71436030377967,66.49772765069474,63.942929562281094,False,True
pig_20,B1,8,B1_p8,2026-07-13 20:00:00,3,1,57.50288683392017,61.15019369960057,58.80084427836162,False,True
pig_20,B1,8,B1_p8,2026-07-13 20:30:00,3,1,54.26358071585813,60.33990624161457,58.02168752095541,False,True
pig_20,B1,8,B1_p8,2026-07-13 21:00:00,3,1,52.69378212302528,58.936416851578876,56.672119251797795,False,True
pig_20,B1,8,B1_p8,2026-07-13 21:30:00,3,1,52.789135764622,57.3579977518889,55.15434195508471,False,True
pig_20,B1,8,B1_p8,2026-07-13 22:00:00,3,1,56.00755055766552,59.262095094683104,56.98528515527306,False,True
pig_20,B1,8,B1_p8,2026-07-13 22:30:00,3,1,61.37840462296661,64.52243620448675,62.04352748837377,False,True
pig_20,B1,8,B1_p8,2026-07-13 23:00:00,3,1,54.160888342381995,59.996072917683406,57.6910640426798,False,True
pig_20,B1,8,B1_p8,2026-07-13 23:30:00,3,1,51.332182466209105,57.334041333763565,55.131305926473324,False,True
pig_20,B1,8,B1_p8,2026-07-14 00:00:00,3,1,50.78780626577655,56.19714456887577,54.038087972640795,False,True
pig_20,B1,8,B1_p8,2026-07-14 00:30:00,3,1,51.64016310178869,54.08120637035737,52.003442700298336,False,True
pig_20,B1,8,B1_p8,2026-07-14 01:00:00,3,1,50.1567205504748,52.87127431942257,50.839995427115284,False,True
pig_20,B1,8,B1_p8,2026-07-14 01:30:00,3,1,57.191210999700495,58.83590060756842,56.57546477445403,False,True
pig_20,B1,8,B1_p8,2026-07-14 02:00:00,3,1,53.13831063487025,56.41740748321995,54.24988853357236,False,True
pig_20,B1,8,B1_p8,2026-07-14 02:30:00,3,1,48.96262162887177,54.8608060272839,52.753090661375865,False,True
pig_20,B1,8,B1_p8,2026-07-14 03:00:00,3,1,48.133502908200285,52.43765457461029,50.423035062018414,False,True
pig_20,B1,8,B1_p8,2026-07-14 03:30:00,3,1,50.17733104542316,53.45170516155504,51.39812650565695,False,True
pig_20,B1,8,B1_p8,2026-07-14 04:00:00,3,1,51.64600692913501,59.251010902205316,56.97462681003478,False,True
pig_20,B1,8,B1_p8,2026-07-14 04:30:00,3,1,72.93018769806679,65.87686245667163,63.345917592524316,False,True
pig_20,B1,8,B1_p8,2026-07-14 05:00:00,3,1,51.80625391375412,51.088266534068566,49.125489604799434,False,True
pig_20,B1,8,B1_p8,2026-07-14 05:30:00,3,1,51.49768936259541,49.97336749565551,48.05342423954697,False,True
pig_20,B1,8,B1_p8,2026-07-14 06:00:00,3,1,47.97834779707938,49.620837581806725,47.71443828850457,False,True
pig_20,B1,8,B1_p8,2026-07-14 06:30:00,3,1,49.57738270940206,49.93970192769435,48.02105208012338,False,True
pig_20,B1,8,B1_p8,2026-07-14 07:00:00,3,1,52.66805763217798,56.27390038343328,54.11189488029224,False,True
pig_20,B1,8,B1_p8,2026-07-14 16:00:00,4,1,38.40545114214678,48.81646904823384,48.81646904823384,False,True
pig_20,B1,8,B1_p8,2026-07-14 16:30:00,4,1,43.164581916819735,49.50789013795643,49.50789013795643,False,True
pig_20,B1,8,B1_p8,2026-07-14 17:00:00,4,1,45.937263084659286,56.12140722695597,56.12140722695597,False,True
pig_20,B1,8,B1_p8,2026-07-14 17:30:00,4,1,53.900865860659664,65.92287537720034,65.92287537720034,False,True
pig_20,B1,8,B1_p8,2026-07-14 18:00:00,4,1,43.115258139482364,47.35616901819539,47.35616901819539,False,True
pig_20,B1,8,B1_p8,2026-07-14 18:30:00,4,1,49.86896542440408,62.33231261822117,62.33231261822117,False,True
pig_20,B1,8,B1_p8,2026-07-14 19:00:00,4,1,38.618589628541315,42.305280776629296,42.305280776629296,False,True
pig_20,B1,8,B1_p8,2026-07-14 19:30:00,4,1,34.44525896664267,38.25171516253308,38.25171516253308,False,True
pig_20,B1,8,B1_p8,2026-07-14 20:00:00,4,1,33.97894293156287,36.252805333746736,36.252805333746736,False,True
pig_20,B1,8,B1_p8,2026-07-14 20:30:00,4,1,34.4162890972887,36.244706789702846,36.244706789702846,False,True
pig_20,B1,8,B1_p8,2026-07-14 21:00:00,4,1,34.00021381630537,35.82528360769726,35.82528360769726,False,True
pig_20,B1,8,B1_p8,2026-07-14 21:30:00,4,1,34.56243747692274,37.34360143039442,37.34360143039442,False,True
pig_20,B1,8,B1_p8,2026-07-14 22:00:00,4,1,34.323648494462795,37.742247244016525,37.742247244016525,False,True
pig_20,B1,8,B1_p8,2026-07-14 22:30:00,4,1,33.597140806417144,37.40569098135221,37.40569098135221,False,True
pig_20,B1,8,B1_p8,2026-07-14 23:00:00,4,1,32.43063754632844,36.94848578678092,36.94848578678092,False,True
pig_20,B1,8,B1_p8,2026-07-14 23:30:00,4,1,33.271591324295564,38.419573197232076,38.419573197232076,False,True
pig_20,B1,8,B1_p8,2026-07-15 00:00:00,4,1,34.09305864826538,37.51702054790695,37.51702054790695,False,True
pig_20,B1,8,B1_p8,2026-07-15 00:30:00,4,1,31.899455280987134,36.45550904157297,36.45550904157297,False,True
pig_20,B1,8,B1_p8,2026-07-15 01:00:00,4,1,33.04951121877143,37.396290093834985,37.396290093834985,False,True
pig_20,B1,8,B1_p8,2026-07-15 01:30:00,4,1,33.08786397061153,37.1580488990132,37.1580488990132,False,True
pig_20,B1,8,B1_p8,2026-07-15 02:00:00,4,1,32.87084724848351,34.42670669867078,34.42670669867078,False,True
pig_20,B1,8,B1_p8,2026-07-15 02:30:00,4,1,31.055509925482376,35.44214311635896,35.44214311635896,False,True
pig_20,B1,8,B1_p8,2026-07-15 03:00:00,4,1,38.674616455600784,43.417720180216456,43.417720180216456,False,True
pig_20,B1,8,B1_p8,2026-07-15 03:30:00,4,1,31.988107767288326,34.0455791875471,34.0455791875471,False,True
pig_20,B1,8,B1_p8,2026-07-15 04:00:00,4,1,31.382249299279756,34.072536276042925,34.072536276042925,False,True
pig_20,B1,8,B1_p8,2026-07-15 04:30:00,4,1,31.00426902134086,34.529201009584106,34.529201009584106,False,True
pig_20,B1,8,B1_p8,2026-07-15 05:00:00,4,1,31.310374627145087,34.86647958156156,34.86647958156156,False,True
pig_20,B1,8,B1_p8,2026-07-15 05:30:00,4,1,31.19240840711381,35.79877049767924,35.79877049767924,False,True
pig_20,B1,8,B1_p8,2026-07-15 06:00:00,4,1,31.37052951995385,34.491838661065536,34.491838661065536,False,True
pig_20,B1,8,B1_p8,2026-07-15 06:30:00,4,1,29.74959851434828,33.4439199645017,33.4439199645017,False,True
pig_20,B1,8,B1_p8,2026-07-15 07:00:00,4,1,30.343507061645873,33.96490438962671,33.96490438962671,False,True
