outer_fold,held_test_pigs,component_order,candidate_name,algorithm_family,algorithm_class,feature_branch,feature_order,feature_type,feature,actual_X_input
1,pig_14|pig_18|pig_20,1,cat_d8,cat,CatBoostRegressor,compact_base,1,numeric,hour_of_day,yes
1,pig_14|pig_18|pig_20,1,cat_d8,cat,CatBoostRegressor,compact_base,2,numeric,sin_hour,yes
1,pig_14|pig_18|pig_20,1,cat_d8,cat,CatBoostRegressor,compact_base,3,numeric,cos_hour,yes
1,pig_14|pig_18|pig_20,1,cat_d8,cat,CatBoostRegressor,compact_base,4,numeric,weight,yes
1,pig_14|pig_18|pig_20,1,cat_d8,cat,CatBoostRegressor,compact_base,5,numeric,is_fasting,yes
1,pig_14|pig_18|pig_20,1,cat_d8,cat,CatBoostRegressor,compact_base,6,numeric,day_in_phase,yes
1,pig_14|pig_18|pig_20,1,cat_d8,cat,CatBoostRegressor,compact_base,7,numeric,win_s,yes
1,pig_14|pig_18|pig_20,1,cat_d8,cat,CatBoostRegressor,compact_base,8,numeric,is_adaptation,yes
1,pig_14|pig_18|pig_20,1,cat_d8,cat,CatBoostRegressor,compact_base,9,numeric,is_formal,yes
1,pig_14|pig_18|pig_20,1,cat_d8,cat,CatBoostRegressor,compact_base,10,numeric,小室温度(℃),yes
1,pig_14|pig_18|pig_20,1,cat_d8,cat,CatBoostRegressor,compact_base,11,numeric,小室湿度(%),yes
1,pig_14|pig_18|pig_20,1,cat_d8,cat,CatBoostRegressor,compact_base,12,numeric,beat_count,yes
1,pig_14|pig_18|pig_20,1,cat_d8,cat,CatBoostRegressor,compact_base,13,numeric,HR_mean,yes
1,pig_14|pig_18|pig_20,1,cat_d8,cat,CatBoostRegressor,compact_base,14,numeric,HR_std,yes
1,pig_14|pig_18|pig_20,1,cat_d8,cat,CatBoostRegressor,compact_base,15,numeric,RR_mean,yes
1,pig_14|pig_18|pig_20,1,cat_d8,cat,CatBoostRegressor,compact_base,16,numeric,SDNN,yes
1,pig_14|pig_18|pig_20,1,cat_d8,cat,CatBoostRegressor,compact_base,17,numeric,RMSSD,yes
1,pig_14|pig_18|pig_20,1,cat_d8,cat,CatBoostRegressor,compact_base,18,numeric,pNN50,yes
1,pig_14|pig_18|pig_20,1,cat_d8,cat,CatBoostRegressor,compact_base,19,numeric,RR_cv,yes
1,pig_14|pig_18|pig_20,1,cat_d8,cat,CatBoostRegressor,compact_base,20,numeric,RR_skew,yes
1,pig_14|pig_18|pig_20,1,cat_d8,cat,CatBoostRegressor,compact_base,21,numeric,RR_kurt,yes
1,pig_14|pig_18|pig_20,1,cat_d8,cat,CatBoostRegressor,compact_base,22,numeric,RR_range,yes
1,pig_14|pig_18|pig_20,1,cat_d8,cat,CatBoostRegressor,compact_base,23,numeric,Acc_Mean_mean,yes
1,pig_14|pig_18|pig_20,1,cat_d8,cat,CatBoostRegressor,compact_base,24,numeric,Acc_Mean_std,yes
1,pig_14|pig_18|pig_20,1,cat_d8,cat,CatBoostRegressor,compact_base,25,numeric,Acc_Mean_p25,yes
1,pig_14|pig_18|pig_20,1,cat_d8,cat,CatBoostRegressor,compact_base,26,numeric,Acc_Mean_p75,yes
1,pig_14|pig_18|pig_20,1,cat_d8,cat,CatBoostRegressor,compact_base,27,numeric,Acc_Std_mean,yes
1,pig_14|pig_18|pig_20,1,cat_d8,cat,CatBoostRegressor,compact_base,28,numeric,Acc_Std_std,yes
1,pig_14|pig_18|pig_20,1,cat_d8,cat,CatBoostRegressor,compact_base,29,numeric,Acc_Std_p25,yes
1,pig_14|pig_18|pig_20,1,cat_d8,cat,CatBoostRegressor,compact_base,30,numeric,Acc_Std_p75,yes
1,pig_14|pig_18|pig_20,1,cat_d8,cat,CatBoostRegressor,compact_base,31,numeric,AccMag_Mean_mean,yes
1,pig_14|pig_18|pig_20,1,cat_d8,cat,CatBoostRegressor,compact_base,32,numeric,AccMag_Mean_std,yes
1,pig_14|pig_18|pig_20,1,cat_d8,cat,CatBoostRegressor,compact_base,33,numeric,AccMag_Mean_p25,yes
1,pig_14|pig_18|pig_20,1,cat_d8,cat,CatBoostRegressor,compact_base,34,numeric,AccMag_Mean_p75,yes
1,pig_14|pig_18|pig_20,1,cat_d8,cat,CatBoostRegressor,compact_base,35,numeric,AccMag_Std_mean,yes
1,pig_14|pig_18|pig_20,1,cat_d8,cat,CatBoostRegressor,compact_base,36,numeric,AccMag_Std_std,yes
1,pig_14|pig_18|pig_20,1,cat_d8,cat,CatBoostRegressor,compact_base,37,numeric,AccMag_Std_p25,yes
1,pig_14|pig_18|pig_20,1,cat_d8,cat,CatBoostRegressor,compact_base,38,numeric,AccMag_Std_p75,yes
1,pig_14|pig_18|pig_20,1,cat_d8,cat,CatBoostRegressor,compact_base,39,numeric,Jerk_Mean_mean,yes
1,pig_14|pig_18|pig_20,1,cat_d8,cat,CatBoostRegressor,compact_base,40,numeric,Jerk_Mean_std,yes
1,pig_14|pig_18|pig_20,1,cat_d8,cat,CatBoostRegressor,compact_base,41,numeric,Jerk_Mean_p25,yes
1,pig_14|pig_18|pig_20,1,cat_d8,cat,CatBoostRegressor,compact_base,42,numeric,Jerk_Mean_p75,yes
1,pig_14|pig_18|pig_20,1,cat_d8,cat,CatBoostRegressor,compact_base,43,numeric,ODBA_mean,yes
1,pig_14|pig_18|pig_20,1,cat_d8,cat,CatBoostRegressor,compact_base,44,numeric,ODBA_std,yes
1,pig_14|pig_18|pig_20,1,cat_d8,cat,CatBoostRegressor,compact_base,45,numeric,ODBA_p25,yes
1,pig_14|pig_18|pig_20,1,cat_d8,cat,CatBoostRegressor,compact_base,46,numeric,ODBA_p75,yes
1,pig_14|pig_18|pig_20,1,cat_d8,cat,CatBoostRegressor,compact_base,47,numeric,VeDBA_RMS_mean,yes
1,pig_14|pig_18|pig_20,1,cat_d8,cat,CatBoostRegressor,compact_base,48,numeric,VeDBA_RMS_std,yes
1,pig_14|pig_18|pig_20,1,cat_d8,cat,CatBoostRegressor,compact_base,49,numeric,VeDBA_RMS_p25,yes
1,pig_14|pig_18|pig_20,1,cat_d8,cat,CatBoostRegressor,compact_base,50,numeric,VeDBA_RMS_p75,yes
1,pig_14|pig_18|pig_20,1,cat_d8,cat,CatBoostRegressor,compact_base,51,numeric,Power_Loco_mean,yes
1,pig_14|pig_18|pig_20,1,cat_d8,cat,CatBoostRegressor,compact_base,52,numeric,Power_Loco_std,yes
1,pig_14|pig_18|pig_20,1,cat_d8,cat,CatBoostRegressor,compact_base,53,numeric,Power_Loco_p25,yes
1,pig_14|pig_18|pig_20,1,cat_d8,cat,CatBoostRegressor,compact_base,54,numeric,Power_Loco_p75,yes
1,pig_14|pig_18|pig_20,1,cat_d8,cat,CatBoostRegressor,compact_base,55,numeric,Power_High_mean,yes
1,pig_14|pig_18|pig_20,1,cat_d8,cat,CatBoostRegressor,compact_base,56,numeric,Power_High_std,yes
1,pig_14|pig_18|pig_20,1,cat_d8,cat,CatBoostRegressor,compact_base,57,numeric,Power_High_p25,yes
1,pig_14|pig_18|pig_20,1,cat_d8,cat,CatBoostRegressor,compact_base,58,numeric,Power_High_p75,yes
1,pig_14|pig_18|pig_20,1,cat_d8,cat,CatBoostRegressor,compact_base,59,numeric,Dominant_Frequency_mean,yes
1,pig_14|pig_18|pig_20,1,cat_d8,cat,CatBoostRegressor,compact_base,60,numeric,Dominant_Frequency_std,yes
1,pig_14|pig_18|pig_20,1,cat_d8,cat,CatBoostRegressor,compact_base,61,numeric,Dominant_Frequency_p25,yes
1,pig_14|pig_18|pig_20,1,cat_d8,cat,CatBoostRegressor,compact_base,62,numeric,Dominant_Frequency_p75,yes
1,pig_14|pig_18|pig_20,1,cat_d8,cat,CatBoostRegressor,compact_base,63,numeric,Spectral_Entropy_mean,yes
1,pig_14|pig_18|pig_20,1,cat_d8,cat,CatBoostRegressor,compact_base,64,numeric,Spectral_Entropy_std,yes
1,pig_14|pig_18|pig_20,1,cat_d8,cat,CatBoostRegressor,compact_base,65,numeric,Spectral_Entropy_p25,yes
1,pig_14|pig_18|pig_20,1,cat_d8,cat,CatBoostRegressor,compact_base,66,numeric,Spectral_Entropy_p75,yes
1,pig_14|pig_18|pig_20,1,cat_d8,cat,CatBoostRegressor,compact_base,67,numeric,Zero_Crossing_Rate_mean,yes
1,pig_14|pig_18|pig_20,1,cat_d8,cat,CatBoostRegressor,compact_base,68,numeric,Zero_Crossing_Rate_std,yes
1,pig_14|pig_18|pig_20,1,cat_d8,cat,CatBoostRegressor,compact_base,69,numeric,Zero_Crossing_Rate_p25,yes
1,pig_14|pig_18|pig_20,1,cat_d8,cat,CatBoostRegressor,compact_base,70,numeric,Zero_Crossing_Rate_p75,yes
1,pig_14|pig_18|pig_20,1,cat_d8,cat,CatBoostRegressor,compact_base,71,numeric,Tilt_Mag_Mean_mean,yes
1,pig_14|pig_18|pig_20,1,cat_d8,cat,CatBoostRegressor,compact_base,72,numeric,Tilt_Mag_Mean_std,yes
1,pig_14|pig_18|pig_20,1,cat_d8,cat,CatBoostRegressor,compact_base,73,numeric,Tilt_Mag_Mean_p25,yes
1,pig_14|pig_18|pig_20,1,cat_d8,cat,CatBoostRegressor,compact_base,74,numeric,Tilt_Mag_Mean_p75,yes
1,pig_14|pig_18|pig_20,1,cat_d8,cat,CatBoostRegressor,compact_base,75,numeric,Tilt_Mag_Std_mean,yes
1,pig_14|pig_18|pig_20,1,cat_d8,cat,CatBoostRegressor,compact_base,76,numeric,Tilt_Mag_Std_std,yes
1,pig_14|pig_18|pig_20,1,cat_d8,cat,CatBoostRegressor,compact_base,77,numeric,Tilt_Mag_Std_p25,yes
1,pig_14|pig_18|pig_20,1,cat_d8,cat,CatBoostRegressor,compact_base,78,numeric,Tilt_Mag_Std_p75,yes
1,pig_14|pig_18|pig_20,1,cat_d8,cat,CatBoostRegressor,compact_base,79,numeric,Roll_Mean_mean,yes
1,pig_14|pig_18|pig_20,1,cat_d8,cat,CatBoostRegressor,compact_base,80,numeric,Roll_Mean_std,yes
1,pig_14|pig_18|pig_20,1,cat_d8,cat,CatBoostRegressor,compact_base,81,numeric,Roll_Mean_p25,yes
1,pig_14|pig_18|pig_20,1,cat_d8,cat,CatBoostRegressor,compact_base,82,numeric,Roll_Mean_p75,yes
1,pig_14|pig_18|pig_20,1,cat_d8,cat,CatBoostRegressor,compact_base,83,numeric,Pitch_Mean_mean,yes
1,pig_14|pig_18|pig_20,1,cat_d8,cat,CatBoostRegressor,compact_base,84,numeric,Pitch_Mean_std,yes
1,pig_14|pig_18|pig_20,1,cat_d8,cat,CatBoostRegressor,compact_base,85,numeric,Pitch_Mean_p25,yes
1,pig_14|pig_18|pig_20,1,cat_d8,cat,CatBoostRegressor,compact_base,86,numeric,Pitch_Mean_p75,yes
1,pig_14|pig_18|pig_20,1,cat_d8,cat,CatBoostRegressor,compact_base,87,numeric,AngX_Rate_mean,yes
1,pig_14|pig_18|pig_20,1,cat_d8,cat,CatBoostRegressor,compact_base,88,numeric,AngX_Rate_std,yes
1,pig_14|pig_18|pig_20,1,cat_d8,cat,CatBoostRegressor,compact_base,89,numeric,AngX_Rate_p25,yes
1,pig_14|pig_18|pig_20,1,cat_d8,cat,CatBoostRegressor,compact_base,90,numeric,AngX_Rate_p75,yes
1,pig_14|pig_18|pig_20,1,cat_d8,cat,CatBoostRegressor,compact_base,91,numeric,AngY_Rate_mean,yes
1,pig_14|pig_18|pig_20,1,cat_d8,cat,CatBoostRegressor,compact_base,92,numeric,AngY_Rate_std,yes
1,pig_14|pig_18|pig_20,1,cat_d8,cat,CatBoostRegressor,compact_base,93,numeric,AngY_Rate_p25,yes
1,pig_14|pig_18|pig_20,1,cat_d8,cat,CatBoostRegressor,compact_base,94,numeric,AngY_Rate_p75,yes
1,pig_14|pig_18|pig_20,1,cat_d8,cat,CatBoostRegressor,compact_base,95,numeric,AngZ_Rate_mean,yes
1,pig_14|pig_18|pig_20,1,cat_d8,cat,CatBoostRegressor,compact_base,96,numeric,AngZ_Rate_std,yes
1,pig_14|pig_18|pig_20,1,cat_d8,cat,CatBoostRegressor,compact_base,97,numeric,AngZ_Rate_p25,yes
1,pig_14|pig_18|pig_20,1,cat_d8,cat,CatBoostRegressor,compact_base,98,numeric,AngZ_Rate_p75,yes
1,pig_14|pig_18|pig_20,1,cat_d8,cat,CatBoostRegressor,compact_base,99,numeric,Peak_Count_mean,yes
1,pig_14|pig_18|pig_20,1,cat_d8,cat,CatBoostRegressor,compact_base,100,numeric,Peak_Count_std,yes
1,pig_14|pig_18|pig_20,1,cat_d8,cat,CatBoostRegressor,compact_base,101,numeric,Peak_Count_p25,yes
1,pig_14|pig_18|pig_20,1,cat_d8,cat,CatBoostRegressor,compact_base,102,numeric,Peak_Count_p75,yes
1,pig_14|pig_18|pig_20,1,cat_d8,cat,CatBoostRegressor,compact_base,103,numeric,DynY_Mean_mean,yes
1,pig_14|pig_18|pig_20,1,cat_d8,cat,CatBoostRegressor,compact_base,104,numeric,DynY_Mean_std,yes
1,pig_14|pig_18|pig_20,1,cat_d8,cat,CatBoostRegressor,compact_base,105,numeric,DynY_Mean_p25,yes
1,pig_14|pig_18|pig_20,1,cat_d8,cat,CatBoostRegressor,compact_base,106,numeric,DynY_Mean_p75,yes
1,pig_14|pig_18|pig_20,1,cat_d8,cat,CatBoostRegressor,compact_base,107,numeric,DynZ_Mean_mean,yes
1,pig_14|pig_18|pig_20,1,cat_d8,cat,CatBoostRegressor,compact_base,108,numeric,DynZ_Mean_std,yes
1,pig_14|pig_18|pig_20,1,cat_d8,cat,CatBoostRegressor,compact_base,109,numeric,DynZ_Mean_p25,yes
1,pig_14|pig_18|pig_20,1,cat_d8,cat,CatBoostRegressor,compact_base,110,numeric,DynZ_Mean_p75,yes
1,pig_14|pig_18|pig_20,1,cat_d8,cat,CatBoostRegressor,compact_base,111,numeric,Frac_Rest,yes
1,pig_14|pig_18|pig_20,1,cat_d8,cat,CatBoostRegressor,compact_base,112,numeric,Frac_Moderate,yes
1,pig_14|pig_18|pig_20,1,cat_d8,cat,CatBoostRegressor,compact_base,113,numeric,Frac_Vigorous,yes
1,pig_14|pig_18|pig_20,1,cat_d8,cat,CatBoostRegressor,compact_base,114,numeric,Frac_Lying,yes
1,pig_14|pig_18|pig_20,1,cat_d8,cat,CatBoostRegressor,compact_base,115,numeric,Frac_HeadDown,yes
1,pig_14|pig_18|pig_20,1,cat_d8,cat,CatBoostRegressor,compact_base,116,numeric,Active_Fraction,yes
1,pig_14|pig_18|pig_20,1,cat_d8,cat,CatBoostRegressor,compact_base,117,numeric,move_coverage,yes
1,pig_14|pig_18|pig_20,1,cat_d8,cat,CatBoostRegressor,compact_base,118,numeric,StepFreq_std,yes
1,pig_14|pig_18|pig_20,1,cat_d8,cat,CatBoostRegressor,compact_base,119,numeric,LyingTransitions,yes
1,pig_14|pig_18|pig_20,1,cat_d8,cat,CatBoostRegressor,compact_base,120,numeric,HeadDownTransitions,yes
1,pig_14|pig_18|pig_20,1,cat_d8,cat,CatBoostRegressor,compact_base,121,numeric,data_count_mean,yes
1,pig_14|pig_18|pig_20,1,cat_d8,cat,CatBoostRegressor,compact_base,122,categorical,chamber,yes
1,pig_14|pig_18|pig_20,1,cat_d8,cat,CatBoostRegressor,compact_base,123,categorical,phase_label,yes
1,pig_14|pig_18|pig_20,2,elastic,elastic,ElasticNet,full_motion_feed_event,1,numeric,hour_of_day,yes
1,pig_14|pig_18|pig_20,2,elastic,elastic,ElasticNet,full_motion_feed_event,2,numeric,sin_hour,yes
1,pig_14|pig_18|pig_20,2,elastic,elastic,ElasticNet,full_motion_feed_event,3,numeric,cos_hour,yes
1,pig_14|pig_18|pig_20,2,elastic,elastic,ElasticNet,full_motion_feed_event,4,numeric,weight,yes
1,pig_14|pig_18|pig_20,2,elastic,elastic,ElasticNet,full_motion_feed_event,5,numeric,is_fasting,yes
1,pig_14|pig_18|pig_20,2,elastic,elastic,ElasticNet,full_motion_feed_event,6,numeric,day_in_phase,yes
1,pig_14|pig_18|pig_20,2,elastic,elastic,ElasticNet,full_motion_feed_event,7,numeric,win_s,yes
1,pig_14|pig_18|pig_20,2,elastic,elastic,ElasticNet,full_motion_feed_event,8,numeric,is_adaptation,yes
1,pig_14|pig_18|pig_20,2,elastic,elastic,ElasticNet,full_motion_feed_event,9,numeric,is_formal,yes
1,pig_14|pig_18|pig_20,2,elastic,elastic,ElasticNet,full_motion_feed_event,10,numeric,小室温度(℃),yes
1,pig_14|pig_18|pig_20,2,elastic,elastic,ElasticNet,full_motion_feed_event,11,numeric,小室湿度(%),yes
1,pig_14|pig_18|pig_20,2,elastic,elastic,ElasticNet,full_motion_feed_event,12,numeric,beat_count,yes
1,pig_14|pig_18|pig_20,2,elastic,elastic,ElasticNet,full_motion_feed_event,13,numeric,HR_mean,yes
1,pig_14|pig_18|pig_20,2,elastic,elastic,ElasticNet,full_motion_feed_event,14,numeric,HR_std,yes
1,pig_14|pig_18|pig_20,2,elastic,elastic,ElasticNet,full_motion_feed_event,15,numeric,RR_mean,yes
1,pig_14|pig_18|pig_20,2,elastic,elastic,ElasticNet,full_motion_feed_event,16,numeric,SDNN,yes
1,pig_14|pig_18|pig_20,2,elastic,elastic,ElasticNet,full_motion_feed_event,17,numeric,RMSSD,yes
1,pig_14|pig_18|pig_20,2,elastic,elastic,ElasticNet,full_motion_feed_event,18,numeric,pNN50,yes
1,pig_14|pig_18|pig_20,2,elastic,elastic,ElasticNet,full_motion_feed_event,19,numeric,RR_cv,yes
1,pig_14|pig_18|pig_20,2,elastic,elastic,ElasticNet,full_motion_feed_event,20,numeric,RR_skew,yes
1,pig_14|pig_18|pig_20,2,elastic,elastic,ElasticNet,full_motion_feed_event,21,numeric,RR_kurt,yes
1,pig_14|pig_18|pig_20,2,elastic,elastic,ElasticNet,full_motion_feed_event,22,numeric,RR_range,yes
1,pig_14|pig_18|pig_20,2,elastic,elastic,ElasticNet,full_motion_feed_event,23,numeric,Acc_Mean_mean,yes
1,pig_14|pig_18|pig_20,2,elastic,elastic,ElasticNet,full_motion_feed_event,24,numeric,Acc_Mean_std,yes
1,pig_14|pig_18|pig_20,2,elastic,elastic,ElasticNet,full_motion_feed_event,25,numeric,Acc_Mean_p25,yes
1,pig_14|pig_18|pig_20,2,elastic,elastic,ElasticNet,full_motion_feed_event,26,numeric,Acc_Mean_p75,yes
1,pig_14|pig_18|pig_20,2,elastic,elastic,ElasticNet,full_motion_feed_event,27,numeric,Acc_Std_mean,yes
1,pig_14|pig_18|pig_20,2,elastic,elastic,ElasticNet,full_motion_feed_event,28,numeric,Acc_Std_std,yes
1,pig_14|pig_18|pig_20,2,elastic,elastic,ElasticNet,full_motion_feed_event,29,numeric,Acc_Std_p25,yes
1,pig_14|pig_18|pig_20,2,elastic,elastic,ElasticNet,full_motion_feed_event,30,numeric,Acc_Std_p75,yes
1,pig_14|pig_18|pig_20,2,elastic,elastic,ElasticNet,full_motion_feed_event,31,numeric,Acc_Sum_mean,yes
1,pig_14|pig_18|pig_20,2,elastic,elastic,ElasticNet,full_motion_feed_event,32,numeric,Acc_Sum_std,yes
1,pig_14|pig_18|pig_20,2,elastic,elastic,ElasticNet,full_motion_feed_event,33,numeric,Acc_Sum_p25,yes
1,pig_14|pig_18|pig_20,2,elastic,elastic,ElasticNet,full_motion_feed_event,34,numeric,Acc_Sum_p75,yes
1,pig_14|pig_18|pig_20,2,elastic,elastic,ElasticNet,full_motion_feed_event,35,numeric,Acc_Max_mean,yes
1,pig_14|pig_18|pig_20,2,elastic,elastic,ElasticNet,full_motion_feed_event,36,numeric,Acc_Max_std,yes
1,pig_14|pig_18|pig_20,2,elastic,elastic,ElasticNet,full_motion_feed_event,37,numeric,Acc_Max_p25,yes
1,pig_14|pig_18|pig_20,2,elastic,elastic,ElasticNet,full_motion_feed_event,38,numeric,Acc_Max_p75,yes
1,pig_14|pig_18|pig_20,2,elastic,elastic,ElasticNet,full_motion_feed_event,39,numeric,Acc_Min_mean,yes
1,pig_14|pig_18|pig_20,2,elastic,elastic,ElasticNet,full_motion_feed_event,40,numeric,Acc_Min_std,yes
1,pig_14|pig_18|pig_20,2,elastic,elastic,ElasticNet,full_motion_feed_event,41,numeric,Acc_Min_p25,yes
1,pig_14|pig_18|pig_20,2,elastic,elastic,ElasticNet,full_motion_feed_event,42,numeric,Acc_Min_p75,yes
1,pig_14|pig_18|pig_20,2,elastic,elastic,ElasticNet,full_motion_feed_event,43,numeric,Acc_Range_mean,yes
1,pig_14|pig_18|pig_20,2,elastic,elastic,ElasticNet,full_motion_feed_event,44,numeric,Acc_Range_std,yes
1,pig_14|pig_18|pig_20,2,elastic,elastic,ElasticNet,full_motion_feed_event,45,numeric,Acc_Range_p25,yes
1,pig_14|pig_18|pig_20,2,elastic,elastic,ElasticNet,full_motion_feed_event,46,numeric,Acc_Range_p75,yes
1,pig_14|pig_18|pig_20,2,elastic,elastic,ElasticNet,full_motion_feed_event,47,numeric,Acc_P25_mean,yes
1,pig_14|pig_18|pig_20,2,elastic,elastic,ElasticNet,full_motion_feed_event,48,numeric,Acc_P25_std,yes
1,pig_14|pig_18|pig_20,2,elastic,elastic,ElasticNet,full_motion_feed_event,49,numeric,Acc_P25_p25,yes
1,pig_14|pig_18|pig_20,2,elastic,elastic,ElasticNet,full_motion_feed_event,50,numeric,Acc_P25_p75,yes
1,pig_14|pig_18|pig_20,2,elastic,elastic,ElasticNet,full_motion_feed_event,51,numeric,Acc_P75_mean,yes
1,pig_14|pig_18|pig_20,2,elastic,elastic,ElasticNet,full_motion_feed_event,52,numeric,Acc_P75_std,yes
1,pig_14|pig_18|pig_20,2,elastic,elastic,ElasticNet,full_motion_feed_event,53,numeric,Acc_P75_p25,yes
1,pig_14|pig_18|pig_20,2,elastic,elastic,ElasticNet,full_motion_feed_event,54,numeric,Acc_P75_p75,yes
1,pig_14|pig_18|pig_20,2,elastic,elastic,ElasticNet,full_motion_feed_event,55,numeric,Gyro_Mean_mean,yes
1,pig_14|pig_18|pig_20,2,elastic,elastic,ElasticNet,full_motion_feed_event,56,numeric,Gyro_Mean_std,yes
1,pig_14|pig_18|pig_20,2,elastic,elastic,ElasticNet,full_motion_feed_event,57,numeric,Gyro_Mean_p25,yes
1,pig_14|pig_18|pig_20,2,elastic,elastic,ElasticNet,full_motion_feed_event,58,numeric,Gyro_Mean_p75,yes
1,pig_14|pig_18|pig_20,2,elastic,elastic,ElasticNet,full_motion_feed_event,59,numeric,Gyro_Max_mean,yes
1,pig_14|pig_18|pig_20,2,elastic,elastic,ElasticNet,full_motion_feed_event,60,numeric,Gyro_Max_std,yes
1,pig_14|pig_18|pig_20,2,elastic,elastic,ElasticNet,full_motion_feed_event,61,numeric,Gyro_Max_p25,yes
1,pig_14|pig_18|pig_20,2,elastic,elastic,ElasticNet,full_motion_feed_event,62,numeric,Gyro_Max_p75,yes
1,pig_14|pig_18|pig_20,2,elastic,elastic,ElasticNet,full_motion_feed_event,63,numeric,DynX_Mean_mean,yes
1,pig_14|pig_18|pig_20,2,elastic,elastic,ElasticNet,full_motion_feed_event,64,numeric,DynX_Mean_std,yes
1,pig_14|pig_18|pig_20,2,elastic,elastic,ElasticNet,full_motion_feed_event,65,numeric,DynX_Mean_p25,yes
1,pig_14|pig_18|pig_20,2,elastic,elastic,ElasticNet,full_motion_feed_event,66,numeric,DynX_Mean_p75,yes
1,pig_14|pig_18|pig_20,2,elastic,elastic,ElasticNet,full_motion_feed_event,67,numeric,DynX_Std_mean,yes
1,pig_14|pig_18|pig_20,2,elastic,elastic,ElasticNet,full_motion_feed_event,68,numeric,DynX_Std_std,yes
1,pig_14|pig_18|pig_20,2,elastic,elastic,ElasticNet,full_motion_feed_event,69,numeric,DynX_Std_p25,yes
1,pig_14|pig_18|pig_20,2,elastic,elastic,ElasticNet,full_motion_feed_event,70,numeric,DynX_Std_p75,yes
1,pig_14|pig_18|pig_20,2,elastic,elastic,ElasticNet,full_motion_feed_event,71,numeric,DynX_Mean_abs_mean,yes
1,pig_14|pig_18|pig_20,2,elastic,elastic,ElasticNet,full_motion_feed_event,72,numeric,DynX_Mean_abs_std,yes
1,pig_14|pig_18|pig_20,2,elastic,elastic,ElasticNet,full_motion_feed_event,73,numeric,DynX_Mean_abs_p25,yes
1,pig_14|pig_18|pig_20,2,elastic,elastic,ElasticNet,full_motion_feed_event,74,numeric,DynX_Mean_abs_p75,yes
1,pig_14|pig_18|pig_20,2,elastic,elastic,ElasticNet,full_motion_feed_event,75,numeric,DynY_Mean_mean,yes
1,pig_14|pig_18|pig_20,2,elastic,elastic,ElasticNet,full_motion_feed_event,76,numeric,DynY_Mean_std,yes
1,pig_14|pig_18|pig_20,2,elastic,elastic,ElasticNet,full_motion_feed_event,77,numeric,DynY_Mean_p25,yes
1,pig_14|pig_18|pig_20,2,elastic,elastic,ElasticNet,full_motion_feed_event,78,numeric,DynY_Mean_p75,yes
1,pig_14|pig_18|pig_20,2,elastic,elastic,ElasticNet,full_motion_feed_event,79,numeric,DynY_Std_mean,yes
1,pig_14|pig_18|pig_20,2,elastic,elastic,ElasticNet,full_motion_feed_event,80,numeric,DynY_Std_std,yes
1,pig_14|pig_18|pig_20,2,elastic,elastic,ElasticNet,full_motion_feed_event,81,numeric,DynY_Std_p25,yes
1,pig_14|pig_18|pig_20,2,elastic,elastic,ElasticNet,full_motion_feed_event,82,numeric,DynY_Std_p75,yes
1,pig_14|pig_18|pig_20,2,elastic,elastic,ElasticNet,full_motion_feed_event,83,numeric,DynY_Mean_abs_mean,yes
1,pig_14|pig_18|pig_20,2,elastic,elastic,ElasticNet,full_motion_feed_event,84,numeric,DynY_Mean_abs_std,yes
1,pig_14|pig_18|pig_20,2,elastic,elastic,ElasticNet,full_motion_feed_event,85,numeric,DynY_Mean_abs_p25,yes
1,pig_14|pig_18|pig_20,2,elastic,elastic,ElasticNet,full_motion_feed_event,86,numeric,DynY_Mean_abs_p75,yes
1,pig_14|pig_18|pig_20,2,elastic,elastic,ElasticNet,full_motion_feed_event,87,numeric,DynZ_Mean_mean,yes
1,pig_14|pig_18|pig_20,2,elastic,elastic,ElasticNet,full_motion_feed_event,88,numeric,DynZ_Mean_std,yes
1,pig_14|pig_18|pig_20,2,elastic,elastic,ElasticNet,full_motion_feed_event,89,numeric,DynZ_Mean_p25,yes
1,pig_14|pig_18|pig_20,2,elastic,elastic,ElasticNet,full_motion_feed_event,90,numeric,DynZ_Mean_p75,yes
1,pig_14|pig_18|pig_20,2,elastic,elastic,ElasticNet,full_motion_feed_event,91,numeric,DynZ_Std_mean,yes
1,pig_14|pig_18|pig_20,2,elastic,elastic,ElasticNet,full_motion_feed_event,92,numeric,DynZ_Std_std,yes
1,pig_14|pig_18|pig_20,2,elastic,elastic,ElasticNet,full_motion_feed_event,93,numeric,DynZ_Std_p25,yes
1,pig_14|pig_18|pig_20,2,elastic,elastic,ElasticNet,full_motion_feed_event,94,numeric,DynZ_Std_p75,yes
1,pig_14|pig_18|pig_20,2,elastic,elastic,ElasticNet,full_motion_feed_event,95,numeric,DynZ_Mean_abs_mean,yes
1,pig_14|pig_18|pig_20,2,elastic,elastic,ElasticNet,full_motion_feed_event,96,numeric,DynZ_Mean_abs_std,yes
1,pig_14|pig_18|pig_20,2,elastic,elastic,ElasticNet,full_motion_feed_event,97,numeric,DynZ_Mean_abs_p25,yes
1,pig_14|pig_18|pig_20,2,elastic,elastic,ElasticNet,full_motion_feed_event,98,numeric,DynZ_Mean_abs_p75,yes
1,pig_14|pig_18|pig_20,2,elastic,elastic,ElasticNet,full_motion_feed_event,99,numeric,AccMag_Mean_mean,yes
1,pig_14|pig_18|pig_20,2,elastic,elastic,ElasticNet,full_motion_feed_event,100,numeric,AccMag_Mean_std,yes
1,pig_14|pig_18|pig_20,2,elastic,elastic,ElasticNet,full_motion_feed_event,101,numeric,AccMag_Mean_p25,yes
1,pig_14|pig_18|pig_20,2,elastic,elastic,ElasticNet,full_motion_feed_event,102,numeric,AccMag_Mean_p75,yes
1,pig_14|pig_18|pig_20,2,elastic,elastic,ElasticNet,full_motion_feed_event,103,numeric,AccMag_Std_mean,yes
1,pig_14|pig_18|pig_20,2,elastic,elastic,ElasticNet,full_motion_feed_event,104,numeric,AccMag_Std_std,yes
1,pig_14|pig_18|pig_20,2,elastic,elastic,ElasticNet,full_motion_feed_event,105,numeric,AccMag_Std_p25,yes
1,pig_14|pig_18|pig_20,2,elastic,elastic,ElasticNet,full_motion_feed_event,106,numeric,AccMag_Std_p75,yes
1,pig_14|pig_18|pig_20,2,elastic,elastic,ElasticNet,full_motion_feed_event,107,numeric,Roll_Mean_mean,yes
1,pig_14|pig_18|pig_20,2,elastic,elastic,ElasticNet,full_motion_feed_event,108,numeric,Roll_Mean_std,yes
1,pig_14|pig_18|pig_20,2,elastic,elastic,ElasticNet,full_motion_feed_event,109,numeric,Roll_Mean_p25,yes
1,pig_14|pig_18|pig_20,2,elastic,elastic,ElasticNet,full_motion_feed_event,110,numeric,Roll_Mean_p75,yes
1,pig_14|pig_18|pig_20,2,elastic,elastic,ElasticNet,full_motion_feed_event,111,numeric,Roll_Std_mean,yes
1,pig_14|pig_18|pig_20,2,elastic,elastic,ElasticNet,full_motion_feed_event,112,numeric,Roll_Std_std,yes
1,pig_14|pig_18|pig_20,2,elastic,elastic,ElasticNet,full_motion_feed_event,113,numeric,Roll_Std_p25,yes
1,pig_14|pig_18|pig_20,2,elastic,elastic,ElasticNet,full_motion_feed_event,114,numeric,Roll_Std_p75,yes
1,pig_14|pig_18|pig_20,2,elastic,elastic,ElasticNet,full_motion_feed_event,115,numeric,Pitch_Mean_mean,yes
1,pig_14|pig_18|pig_20,2,elastic,elastic,ElasticNet,full_motion_feed_event,116,numeric,Pitch_Mean_std,yes
1,pig_14|pig_18|pig_20,2,elastic,elastic,ElasticNet,full_motion_feed_event,117,numeric,Pitch_Mean_p25,yes
1,pig_14|pig_18|pig_20,2,elastic,elastic,ElasticNet,full_motion_feed_event,118,numeric,Pitch_Mean_p75,yes
1,pig_14|pig_18|pig_20,2,elastic,elastic,ElasticNet,full_motion_feed_event,119,numeric,Pitch_Std_mean,yes
1,pig_14|pig_18|pig_20,2,elastic,elastic,ElasticNet,full_motion_feed_event,120,numeric,Pitch_Std_std,yes
1,pig_14|pig_18|pig_20,2,elastic,elastic,ElasticNet,full_motion_feed_event,121,numeric,Pitch_Std_p25,yes
1,pig_14|pig_18|pig_20,2,elastic,elastic,ElasticNet,full_motion_feed_event,122,numeric,Pitch_Std_p75,yes
1,pig_14|pig_18|pig_20,2,elastic,elastic,ElasticNet,full_motion_feed_event,123,numeric,Tilt_Mag_Mean_mean,yes
1,pig_14|pig_18|pig_20,2,elastic,elastic,ElasticNet,full_motion_feed_event,124,numeric,Tilt_Mag_Mean_std,yes
1,pig_14|pig_18|pig_20,2,elastic,elastic,ElasticNet,full_motion_feed_event,125,numeric,Tilt_Mag_Mean_p25,yes
1,pig_14|pig_18|pig_20,2,elastic,elastic,ElasticNet,full_motion_feed_event,126,numeric,Tilt_Mag_Mean_p75,yes
1,pig_14|pig_18|pig_20,2,elastic,elastic,ElasticNet,full_motion_feed_event,127,numeric,Tilt_Mag_Std_mean,yes
1,pig_14|pig_18|pig_20,2,elastic,elastic,ElasticNet,full_motion_feed_event,128,numeric,Tilt_Mag_Std_std,yes
1,pig_14|pig_18|pig_20,2,elastic,elastic,ElasticNet,full_motion_feed_event,129,numeric,Tilt_Mag_Std_p25,yes
1,pig_14|pig_18|pig_20,2,elastic,elastic,ElasticNet,full_motion_feed_event,130,numeric,Tilt_Mag_Std_p75,yes
1,pig_14|pig_18|pig_20,2,elastic,elastic,ElasticNet,full_motion_feed_event,131,numeric,AngX_Std_mean,yes
1,pig_14|pig_18|pig_20,2,elastic,elastic,ElasticNet,full_motion_feed_event,132,numeric,AngX_Std_std,yes
1,pig_14|pig_18|pig_20,2,elastic,elastic,ElasticNet,full_motion_feed_event,133,numeric,AngX_Std_p25,yes
1,pig_14|pig_18|pig_20,2,elastic,elastic,ElasticNet,full_motion_feed_event,134,numeric,AngX_Std_p75,yes
1,pig_14|pig_18|pig_20,2,elastic,elastic,ElasticNet,full_motion_feed_event,135,numeric,AngY_Std_mean,yes
1,pig_14|pig_18|pig_20,2,elastic,elastic,ElasticNet,full_motion_feed_event,136,numeric,AngY_Std_std,yes
1,pig_14|pig_18|pig_20,2,elastic,elastic,ElasticNet,full_motion_feed_event,137,numeric,AngY_Std_p25,yes
1,pig_14|pig_18|pig_20,2,elastic,elastic,ElasticNet,full_motion_feed_event,138,numeric,AngY_Std_p75,yes
1,pig_14|pig_18|pig_20,2,elastic,elastic,ElasticNet,full_motion_feed_event,139,numeric,AngZ_Std_mean,yes
1,pig_14|pig_18|pig_20,2,elastic,elastic,ElasticNet,full_motion_feed_event,140,numeric,AngZ_Std_std,yes
1,pig_14|pig_18|pig_20,2,elastic,elastic,ElasticNet,full_motion_feed_event,141,numeric,AngZ_Std_p25,yes
1,pig_14|pig_18|pig_20,2,elastic,elastic,ElasticNet,full_motion_feed_event,142,numeric,AngZ_Std_p75,yes
1,pig_14|pig_18|pig_20,2,elastic,elastic,ElasticNet,full_motion_feed_event,143,numeric,AngX_Rate_mean,yes
1,pig_14|pig_18|pig_20,2,elastic,elastic,ElasticNet,full_motion_feed_event,144,numeric,AngX_Rate_std,yes
1,pig_14|pig_18|pig_20,2,elastic,elastic,ElasticNet,full_motion_feed_event,145,numeric,AngX_Rate_p25,yes
1,pig_14|pig_18|pig_20,2,elastic,elastic,ElasticNet,full_motion_feed_event,146,numeric,AngX_Rate_p75,yes
1,pig_14|pig_18|pig_20,2,elastic,elastic,ElasticNet,full_motion_feed_event,147,numeric,AngY_Rate_mean,yes
1,pig_14|pig_18|pig_20,2,elastic,elastic,ElasticNet,full_motion_feed_event,148,numeric,AngY_Rate_std,yes
1,pig_14|pig_18|pig_20,2,elastic,elastic,ElasticNet,full_motion_feed_event,149,numeric,AngY_Rate_p25,yes
1,pig_14|pig_18|pig_20,2,elastic,elastic,ElasticNet,full_motion_feed_event,150,numeric,AngY_Rate_p75,yes
1,pig_14|pig_18|pig_20,2,elastic,elastic,ElasticNet,full_motion_feed_event,151,numeric,AngZ_Rate_mean,yes
1,pig_14|pig_18|pig_20,2,elastic,elastic,ElasticNet,full_motion_feed_event,152,numeric,AngZ_Rate_std,yes
1,pig_14|pig_18|pig_20,2,elastic,elastic,ElasticNet,full_motion_feed_event,153,numeric,AngZ_Rate_p25,yes
1,pig_14|pig_18|pig_20,2,elastic,elastic,ElasticNet,full_motion_feed_event,154,numeric,AngZ_Rate_p75,yes
1,pig_14|pig_18|pig_20,2,elastic,elastic,ElasticNet,full_motion_feed_event,155,numeric,Jerk_Mean_mean,yes
1,pig_14|pig_18|pig_20,2,elastic,elastic,ElasticNet,full_motion_feed_event,156,numeric,Jerk_Mean_std,yes
1,pig_14|pig_18|pig_20,2,elastic,elastic,ElasticNet,full_motion_feed_event,157,numeric,Jerk_Mean_p25,yes
1,pig_14|pig_18|pig_20,2,elastic,elastic,ElasticNet,full_motion_feed_event,158,numeric,Jerk_Mean_p75,yes
1,pig_14|pig_18|pig_20,2,elastic,elastic,ElasticNet,full_motion_feed_event,159,numeric,ODBA_mean,yes
1,pig_14|pig_18|pig_20,2,elastic,elastic,ElasticNet,full_motion_feed_event,160,numeric,ODBA_std,yes
1,pig_14|pig_18|pig_20,2,elastic,elastic,ElasticNet,full_motion_feed_event,161,numeric,ODBA_p25,yes
1,pig_14|pig_18|pig_20,2,elastic,elastic,ElasticNet,full_motion_feed_event,162,numeric,ODBA_p75,yes
1,pig_14|pig_18|pig_20,2,elastic,elastic,ElasticNet,full_motion_feed_event,163,numeric,VeDBA_RMS_mean,yes
1,pig_14|pig_18|pig_20,2,elastic,elastic,ElasticNet,full_motion_feed_event,164,numeric,VeDBA_RMS_std,yes
1,pig_14|pig_18|pig_20,2,elastic,elastic,ElasticNet,full_motion_feed_event,165,numeric,VeDBA_RMS_p25,yes
1,pig_14|pig_18|pig_20,2,elastic,elastic,ElasticNet,full_motion_feed_event,166,numeric,VeDBA_RMS_p75,yes
1,pig_14|pig_18|pig_20,2,elastic,elastic,ElasticNet,full_motion_feed_event,167,numeric,Axis_Dominance_mean,yes
1,pig_14|pig_18|pig_20,2,elastic,elastic,ElasticNet,full_motion_feed_event,168,numeric,Axis_Dominance_std,yes
1,pig_14|pig_18|pig_20,2,elastic,elastic,ElasticNet,full_motion_feed_event,169,numeric,Axis_Dominance_p25,yes
1,pig_14|pig_18|pig_20,2,elastic,elastic,ElasticNet,full_motion_feed_event,170,numeric,Axis_Dominance_p75,yes
1,pig_14|pig_18|pig_20,2,elastic,elastic,ElasticNet,full_motion_feed_event,171,numeric,Skewness_mean,yes
1,pig_14|pig_18|pig_20,2,elastic,elastic,ElasticNet,full_motion_feed_event,172,numeric,Skewness_std,yes
1,pig_14|pig_18|pig_20,2,elastic,elastic,ElasticNet,full_motion_feed_event,173,numeric,Skewness_p25,yes
1,pig_14|pig_18|pig_20,2,elastic,elastic,ElasticNet,full_motion_feed_event,174,numeric,Skewness_p75,yes
1,pig_14|pig_18|pig_20,2,elastic,elastic,ElasticNet,full_motion_feed_event,175,numeric,Kurtosis_mean,yes
1,pig_14|pig_18|pig_20,2,elastic,elastic,ElasticNet,full_motion_feed_event,176,numeric,Kurtosis_std,yes
1,pig_14|pig_18|pig_20,2,elastic,elastic,ElasticNet,full_motion_feed_event,177,numeric,Kurtosis_p25,yes
1,pig_14|pig_18|pig_20,2,elastic,elastic,ElasticNet,full_motion_feed_event,178,numeric,Kurtosis_p75,yes
1,pig_14|pig_18|pig_20,2,elastic,elastic,ElasticNet,full_motion_feed_event,179,numeric,Autocorr_Lag1_mean,yes
1,pig_14|pig_18|pig_20,2,elastic,elastic,ElasticNet,full_motion_feed_event,180,numeric,Autocorr_Lag1_std,yes
1,pig_14|pig_18|pig_20,2,elastic,elastic,ElasticNet,full_motion_feed_event,181,numeric,Autocorr_Lag1_p25,yes
1,pig_14|pig_18|pig_20,2,elastic,elastic,ElasticNet,full_motion_feed_event,182,numeric,Autocorr_Lag1_p75,yes
1,pig_14|pig_18|pig_20,2,elastic,elastic,ElasticNet,full_motion_feed_event,183,numeric,Peak_Count_mean,yes
1,pig_14|pig_18|pig_20,2,elastic,elastic,ElasticNet,full_motion_feed_event,184,numeric,Peak_Count_std,yes
1,pig_14|pig_18|pig_20,2,elastic,elastic,ElasticNet,full_motion_feed_event,185,numeric,Peak_Count_p25,yes
1,pig_14|pig_18|pig_20,2,elastic,elastic,ElasticNet,full_motion_feed_event,186,numeric,Peak_Count_p75,yes
1,pig_14|pig_18|pig_20,2,elastic,elastic,ElasticNet,full_motion_feed_event,187,numeric,Corr_XY_mean,yes
1,pig_14|pig_18|pig_20,2,elastic,elastic,ElasticNet,full_motion_feed_event,188,numeric,Corr_XY_std,yes
1,pig_14|pig_18|pig_20,2,elastic,elastic,ElasticNet,full_motion_feed_event,189,numeric,Corr_XY_p25,yes
1,pig_14|pig_18|pig_20,2,elastic,elastic,ElasticNet,full_motion_feed_event,190,numeric,Corr_XY_p75,yes
1,pig_14|pig_18|pig_20,2,elastic,elastic,ElasticNet,full_motion_feed_event,191,numeric,Corr_XZ_mean,yes
1,pig_14|pig_18|pig_20,2,elastic,elastic,ElasticNet,full_motion_feed_event,192,numeric,Corr_XZ_std,yes
1,pig_14|pig_18|pig_20,2,elastic,elastic,ElasticNet,full_motion_feed_event,193,numeric,Corr_XZ_p25,yes
1,pig_14|pig_18|pig_20,2,elastic,elastic,ElasticNet,full_motion_feed_event,194,numeric,Corr_XZ_p75,yes
1,pig_14|pig_18|pig_20,2,elastic,elastic,ElasticNet,full_motion_feed_event,195,numeric,Corr_YZ_mean,yes
1,pig_14|pig_18|pig_20,2,elastic,elastic,ElasticNet,full_motion_feed_event,196,numeric,Corr_YZ_std,yes
1,pig_14|pig_18|pig_20,2,elastic,elastic,ElasticNet,full_motion_feed_event,197,numeric,Corr_YZ_p25,yes
1,pig_14|pig_18|pig_20,2,elastic,elastic,ElasticNet,full_motion_feed_event,198,numeric,Corr_YZ_p75,yes
1,pig_14|pig_18|pig_20,2,elastic,elastic,ElasticNet,full_motion_feed_event,199,numeric,Spectral_Entropy_mean,yes
1,pig_14|pig_18|pig_20,2,elastic,elastic,ElasticNet,full_motion_feed_event,200,numeric,Spectral_Entropy_std,yes
1,pig_14|pig_18|pig_20,2,elastic,elastic,ElasticNet,full_motion_feed_event,201,numeric,Spectral_Entropy_p25,yes
1,pig_14|pig_18|pig_20,2,elastic,elastic,ElasticNet,full_motion_feed_event,202,numeric,Spectral_Entropy_p75,yes
1,pig_14|pig_18|pig_20,2,elastic,elastic,ElasticNet,full_motion_feed_event,203,numeric,Zero_Crossing_Rate_mean,yes
1,pig_14|pig_18|pig_20,2,elastic,elastic,ElasticNet,full_motion_feed_event,204,numeric,Zero_Crossing_Rate_std,yes
1,pig_14|pig_18|pig_20,2,elastic,elastic,ElasticNet,full_motion_feed_event,205,numeric,Zero_Crossing_Rate_p25,yes
1,pig_14|pig_18|pig_20,2,elastic,elastic,ElasticNet,full_motion_feed_event,206,numeric,Zero_Crossing_Rate_p75,yes
1,pig_14|pig_18|pig_20,2,elastic,elastic,ElasticNet,full_motion_feed_event,207,numeric,Dominant_Frequency_mean,yes
1,pig_14|pig_18|pig_20,2,elastic,elastic,ElasticNet,full_motion_feed_event,208,numeric,Dominant_Frequency_std,yes
1,pig_14|pig_18|pig_20,2,elastic,elastic,ElasticNet,full_motion_feed_event,209,numeric,Dominant_Frequency_p25,yes
1,pig_14|pig_18|pig_20,2,elastic,elastic,ElasticNet,full_motion_feed_event,210,numeric,Dominant_Frequency_p75,yes
1,pig_14|pig_18|pig_20,2,elastic,elastic,ElasticNet,full_motion_feed_event,211,numeric,Coefficient_of_Variation_mean,yes
1,pig_14|pig_18|pig_20,2,elastic,elastic,ElasticNet,full_motion_feed_event,212,numeric,Coefficient_of_Variation_std,yes
1,pig_14|pig_18|pig_20,2,elastic,elastic,ElasticNet,full_motion_feed_event,213,numeric,Coefficient_of_Variation_p25,yes
1,pig_14|pig_18|pig_20,2,elastic,elastic,ElasticNet,full_motion_feed_event,214,numeric,Coefficient_of_Variation_p75,yes
1,pig_14|pig_18|pig_20,2,elastic,elastic,ElasticNet,full_motion_feed_event,215,numeric,Power_Low_mean,yes
1,pig_14|pig_18|pig_20,2,elastic,elastic,ElasticNet,full_motion_feed_event,216,numeric,Power_Low_std,yes
1,pig_14|pig_18|pig_20,2,elastic,elastic,ElasticNet,full_motion_feed_event,217,numeric,Power_Low_p25,yes
1,pig_14|pig_18|pig_20,2,elastic,elastic,ElasticNet,full_motion_feed_event,218,numeric,Power_Low_p75,yes
1,pig_14|pig_18|pig_20,2,elastic,elastic,ElasticNet,full_motion_feed_event,219,numeric,Power_Loco_mean,yes
1,pig_14|pig_18|pig_20,2,elastic,elastic,ElasticNet,full_motion_feed_event,220,numeric,Power_Loco_std,yes
1,pig_14|pig_18|pig_20,2,elastic,elastic,ElasticNet,full_motion_feed_event,221,numeric,Power_Loco_p25,yes
1,pig_14|pig_18|pig_20,2,elastic,elastic,ElasticNet,full_motion_feed_event,222,numeric,Power_Loco_p75,yes
1,pig_14|pig_18|pig_20,2,elastic,elastic,ElasticNet,full_motion_feed_event,223,numeric,Power_High_mean,yes
1,pig_14|pig_18|pig_20,2,elastic,elastic,ElasticNet,full_motion_feed_event,224,numeric,Power_High_std,yes
1,pig_14|pig_18|pig_20,2,elastic,elastic,ElasticNet,full_motion_feed_event,225,numeric,Power_High_p25,yes
1,pig_14|pig_18|pig_20,2,elastic,elastic,ElasticNet,full_motion_feed_event,226,numeric,Power_High_p75,yes
1,pig_14|pig_18|pig_20,2,elastic,elastic,ElasticNet,full_motion_feed_event,227,numeric,Sample_Entropy_mean,yes
1,pig_14|pig_18|pig_20,2,elastic,elastic,ElasticNet,full_motion_feed_event,228,numeric,Sample_Entropy_std,yes
1,pig_14|pig_18|pig_20,2,elastic,elastic,ElasticNet,full_motion_feed_event,229,numeric,Sample_Entropy_p25,yes
1,pig_14|pig_18|pig_20,2,elastic,elastic,ElasticNet,full_motion_feed_event,230,numeric,Sample_Entropy_p75,yes
1,pig_14|pig_18|pig_20,2,elastic,elastic,ElasticNet,full_motion_feed_event,231,numeric,Frac_Rest,yes
1,pig_14|pig_18|pig_20,2,elastic,elastic,ElasticNet,full_motion_feed_event,232,numeric,Frac_Moderate,yes
1,pig_14|pig_18|pig_20,2,elastic,elastic,ElasticNet,full_motion_feed_event,233,numeric,Frac_Vigorous,yes
1,pig_14|pig_18|pig_20,2,elastic,elastic,ElasticNet,full_motion_feed_event,234,numeric,Frac_Lying,yes
1,pig_14|pig_18|pig_20,2,elastic,elastic,ElasticNet,full_motion_feed_event,235,numeric,Frac_HeadDown,yes
1,pig_14|pig_18|pig_20,2,elastic,elastic,ElasticNet,full_motion_feed_event,236,numeric,Active_Fraction,yes
1,pig_14|pig_18|pig_20,2,elastic,elastic,ElasticNet,full_motion_feed_event,237,numeric,move_coverage,yes
1,pig_14|pig_18|pig_20,2,elastic,elastic,ElasticNet,full_motion_feed_event,238,numeric,StepFreq_std,yes
1,pig_14|pig_18|pig_20,2,elastic,elastic,ElasticNet,full_motion_feed_event,239,numeric,LyingTransitions,yes
1,pig_14|pig_18|pig_20,2,elastic,elastic,ElasticNet,full_motion_feed_event,240,numeric,HeadDownTransitions,yes
1,pig_14|pig_18|pig_20,2,elastic,elastic,ElasticNet,full_motion_feed_event,241,numeric,data_count_mean,yes
1,pig_14|pig_18|pig_20,2,elastic,elastic,ElasticNet,full_motion_feed_event,242,numeric,planned_meal_g_per_w075_if_fed,yes
1,pig_14|pig_18|pig_20,2,elastic,elastic,ElasticNet,full_motion_feed_event,243,numeric,planned_feed_available,yes
1,pig_14|pig_18|pig_20,2,elastic,elastic,ElasticNet,full_motion_feed_event,244,numeric,meal_history_known,yes
1,pig_14|pig_18|pig_20,2,elastic,elastic,ElasticNet,full_motion_feed_event,245,numeric,hours_since_last_meal_capped48,yes
1,pig_14|pig_18|pig_20,2,elastic,elastic,ElasticNet,full_motion_feed_event,246,numeric,last_meal_is_afternoon,yes
1,pig_14|pig_18|pig_20,2,elastic,elastic,ElasticNet,full_motion_feed_event,247,numeric,last_meal_is_morning,yes
1,pig_14|pig_18|pig_20,2,elastic,elastic,ElasticNet,full_motion_feed_event,248,numeric,fed_to_fasting_carryover_6h,yes
1,pig_14|pig_18|pig_20,2,elastic,elastic,ElasticNet,full_motion_feed_event,249,numeric,hours_in_fasting,yes
1,pig_14|pig_18|pig_20,2,elastic,elastic,ElasticNet,full_motion_feed_event,250,numeric,hours_since_afternoon_meal_capped48,yes
1,pig_14|pig_18|pig_20,2,elastic,elastic,ElasticNet,full_motion_feed_event,251,numeric,hours_since_morning_meal_capped48,yes
1,pig_14|pig_18|pig_20,2,elastic,elastic,ElasticNet,full_motion_feed_event,252,numeric,meal_afternoon_kernel_tau0p5h,yes
1,pig_14|pig_18|pig_20,2,elastic,elastic,ElasticNet,full_motion_feed_event,253,numeric,meal_afternoon_kernel_tau1p5h,yes
1,pig_14|pig_18|pig_20,2,elastic,elastic,ElasticNet,full_motion_feed_event,254,numeric,meal_afternoon_kernel_tau3p0h,yes
1,pig_14|pig_18|pig_20,2,elastic,elastic,ElasticNet,full_motion_feed_event,255,numeric,meal_afternoon_kernel_tau6p0h,yes
1,pig_14|pig_18|pig_20,2,elastic,elastic,ElasticNet,full_motion_feed_event,256,numeric,meal_morning_kernel_tau0p5h,yes
1,pig_14|pig_18|pig_20,2,elastic,elastic,ElasticNet,full_motion_feed_event,257,numeric,meal_morning_kernel_tau1p5h,yes
1,pig_14|pig_18|pig_20,2,elastic,elastic,ElasticNet,full_motion_feed_event,258,numeric,meal_morning_kernel_tau3p0h,yes
1,pig_14|pig_18|pig_20,2,elastic,elastic,ElasticNet,full_motion_feed_event,259,numeric,meal_morning_kernel_tau6p0h,yes
1,pig_14|pig_18|pig_20,2,elastic,elastic,ElasticNet,full_motion_feed_event,260,numeric,meal_any_kernel_tau1p5h,yes
1,pig_14|pig_18|pig_20,2,elastic,elastic,ElasticNet,full_motion_feed_event,261,numeric,meal_any_kernel_tau3p0h,yes
1,pig_14|pig_18|pig_20,2,elastic,elastic,ElasticNet,full_motion_feed_event,262,numeric,dose_x_meal_afternoon_kernel_tau0p5h,yes
1,pig_14|pig_18|pig_20,2,elastic,elastic,ElasticNet,full_motion_feed_event,263,numeric,dose_x_meal_afternoon_kernel_tau1p5h,yes
1,pig_14|pig_18|pig_20,2,elastic,elastic,ElasticNet,full_motion_feed_event,264,numeric,dose_x_meal_afternoon_kernel_tau3p0h,yes
1,pig_14|pig_18|pig_20,2,elastic,elastic,ElasticNet,full_motion_feed_event,265,numeric,dose_x_meal_afternoon_kernel_tau6p0h,yes
1,pig_14|pig_18|pig_20,2,elastic,elastic,ElasticNet,full_motion_feed_event,266,numeric,dose_x_meal_morning_kernel_tau0p5h,yes
1,pig_14|pig_18|pig_20,2,elastic,elastic,ElasticNet,full_motion_feed_event,267,numeric,dose_x_meal_morning_kernel_tau1p5h,yes
1,pig_14|pig_18|pig_20,2,elastic,elastic,ElasticNet,full_motion_feed_event,268,numeric,dose_x_meal_morning_kernel_tau3p0h,yes
1,pig_14|pig_18|pig_20,2,elastic,elastic,ElasticNet,full_motion_feed_event,269,numeric,dose_x_meal_morning_kernel_tau6p0h,yes
1,pig_14|pig_18|pig_20,2,elastic,elastic,ElasticNet,full_motion_feed_event,270,numeric,dose_x_meal_any_kernel_tau1p5h,yes
1,pig_14|pig_18|pig_20,2,elastic,elastic,ElasticNet,full_motion_feed_event,271,numeric,dose_x_meal_any_kernel_tau3p0h,yes
1,pig_14|pig_18|pig_20,2,elastic,elastic,ElasticNet,full_motion_feed_event,272,categorical,chamber,yes
1,pig_14|pig_18|pig_20,2,elastic,elastic,ElasticNet,full_motion_feed_event,273,categorical,phase_label,yes
1,pig_14|pig_18|pig_20,3,rf_leaf3,rf,RandomForestRegressor,compact_feed_event,1,numeric,hour_of_day,yes
1,pig_14|pig_18|pig_20,3,rf_leaf3,rf,RandomForestRegressor,compact_feed_event,2,numeric,sin_hour,yes
1,pig_14|pig_18|pig_20,3,rf_leaf3,rf,RandomForestRegressor,compact_feed_event,3,numeric,cos_hour,yes
1,pig_14|pig_18|pig_20,3,rf_leaf3,rf,RandomForestRegressor,compact_feed_event,4,numeric,weight,yes
1,pig_14|pig_18|pig_20,3,rf_leaf3,rf,RandomForestRegressor,compact_feed_event,5,numeric,is_fasting,yes
1,pig_14|pig_18|pig_20,3,rf_leaf3,rf,RandomForestRegressor,compact_feed_event,6,numeric,day_in_phase,yes
1,pig_14|pig_18|pig_20,3,rf_leaf3,rf,RandomForestRegressor,compact_feed_event,7,numeric,win_s,yes
1,pig_14|pig_18|pig_20,3,rf_leaf3,rf,RandomForestRegressor,compact_feed_event,8,numeric,is_adaptation,yes
1,pig_14|pig_18|pig_20,3,rf_leaf3,rf,RandomForestRegressor,compact_feed_event,9,numeric,is_formal,yes
1,pig_14|pig_18|pig_20,3,rf_leaf3,rf,RandomForestRegressor,compact_feed_event,10,numeric,小室温度(℃),yes
1,pig_14|pig_18|pig_20,3,rf_leaf3,rf,RandomForestRegressor,compact_feed_event,11,numeric,小室湿度(%),yes
1,pig_14|pig_18|pig_20,3,rf_leaf3,rf,RandomForestRegressor,compact_feed_event,12,numeric,beat_count,yes
1,pig_14|pig_18|pig_20,3,rf_leaf3,rf,RandomForestRegressor,compact_feed_event,13,numeric,HR_mean,yes
1,pig_14|pig_18|pig_20,3,rf_leaf3,rf,RandomForestRegressor,compact_feed_event,14,numeric,HR_std,yes
1,pig_14|pig_18|pig_20,3,rf_leaf3,rf,RandomForestRegressor,compact_feed_event,15,numeric,RR_mean,yes
1,pig_14|pig_18|pig_20,3,rf_leaf3,rf,RandomForestRegressor,compact_feed_event,16,numeric,SDNN,yes
1,pig_14|pig_18|pig_20,3,rf_leaf3,rf,RandomForestRegressor,compact_feed_event,17,numeric,RMSSD,yes
1,pig_14|pig_18|pig_20,3,rf_leaf3,rf,RandomForestRegressor,compact_feed_event,18,numeric,pNN50,yes
1,pig_14|pig_18|pig_20,3,rf_leaf3,rf,RandomForestRegressor,compact_feed_event,19,numeric,RR_cv,yes
1,pig_14|pig_18|pig_20,3,rf_leaf3,rf,RandomForestRegressor,compact_feed_event,20,numeric,RR_skew,yes
1,pig_14|pig_18|pig_20,3,rf_leaf3,rf,RandomForestRegressor,compact_feed_event,21,numeric,RR_kurt,yes
1,pig_14|pig_18|pig_20,3,rf_leaf3,rf,RandomForestRegressor,compact_feed_event,22,numeric,RR_range,yes
1,pig_14|pig_18|pig_20,3,rf_leaf3,rf,RandomForestRegressor,compact_feed_event,23,numeric,Acc_Mean_mean,yes
1,pig_14|pig_18|pig_20,3,rf_leaf3,rf,RandomForestRegressor,compact_feed_event,24,numeric,Acc_Mean_std,yes
1,pig_14|pig_18|pig_20,3,rf_leaf3,rf,RandomForestRegressor,compact_feed_event,25,numeric,Acc_Mean_p25,yes
1,pig_14|pig_18|pig_20,3,rf_leaf3,rf,RandomForestRegressor,compact_feed_event,26,numeric,Acc_Mean_p75,yes
1,pig_14|pig_18|pig_20,3,rf_leaf3,rf,RandomForestRegressor,compact_feed_event,27,numeric,Acc_Std_mean,yes
1,pig_14|pig_18|pig_20,3,rf_leaf3,rf,RandomForestRegressor,compact_feed_event,28,numeric,Acc_Std_std,yes
1,pig_14|pig_18|pig_20,3,rf_leaf3,rf,RandomForestRegressor,compact_feed_event,29,numeric,Acc_Std_p25,yes
1,pig_14|pig_18|pig_20,3,rf_leaf3,rf,RandomForestRegressor,compact_feed_event,30,numeric,Acc_Std_p75,yes
1,pig_14|pig_18|pig_20,3,rf_leaf3,rf,RandomForestRegressor,compact_feed_event,31,numeric,AccMag_Mean_mean,yes
1,pig_14|pig_18|pig_20,3,rf_leaf3,rf,RandomForestRegressor,compact_feed_event,32,numeric,AccMag_Mean_std,yes
1,pig_14|pig_18|pig_20,3,rf_leaf3,rf,RandomForestRegressor,compact_feed_event,33,numeric,AccMag_Mean_p25,yes
1,pig_14|pig_18|pig_20,3,rf_leaf3,rf,RandomForestRegressor,compact_feed_event,34,numeric,AccMag_Mean_p75,yes
1,pig_14|pig_18|pig_20,3,rf_leaf3,rf,RandomForestRegressor,compact_feed_event,35,numeric,AccMag_Std_mean,yes
1,pig_14|pig_18|pig_20,3,rf_leaf3,rf,RandomForestRegressor,compact_feed_event,36,numeric,AccMag_Std_std,yes
1,pig_14|pig_18|pig_20,3,rf_leaf3,rf,RandomForestRegressor,compact_feed_event,37,numeric,AccMag_Std_p25,yes
1,pig_14|pig_18|pig_20,3,rf_leaf3,rf,RandomForestRegressor,compact_feed_event,38,numeric,AccMag_Std_p75,yes
1,pig_14|pig_18|pig_20,3,rf_leaf3,rf,RandomForestRegressor,compact_feed_event,39,numeric,Jerk_Mean_mean,yes
1,pig_14|pig_18|pig_20,3,rf_leaf3,rf,RandomForestRegressor,compact_feed_event,40,numeric,Jerk_Mean_std,yes
1,pig_14|pig_18|pig_20,3,rf_leaf3,rf,RandomForestRegressor,compact_feed_event,41,numeric,Jerk_Mean_p25,yes
1,pig_14|pig_18|pig_20,3,rf_leaf3,rf,RandomForestRegressor,compact_feed_event,42,numeric,Jerk_Mean_p75,yes
1,pig_14|pig_18|pig_20,3,rf_leaf3,rf,RandomForestRegressor,compact_feed_event,43,numeric,ODBA_mean,yes
1,pig_14|pig_18|pig_20,3,rf_leaf3,rf,RandomForestRegressor,compact_feed_event,44,numeric,ODBA_std,yes
1,pig_14|pig_18|pig_20,3,rf_leaf3,rf,RandomForestRegressor,compact_feed_event,45,numeric,ODBA_p25,yes
1,pig_14|pig_18|pig_20,3,rf_leaf3,rf,RandomForestRegressor,compact_feed_event,46,numeric,ODBA_p75,yes
1,pig_14|pig_18|pig_20,3,rf_leaf3,rf,RandomForestRegressor,compact_feed_event,47,numeric,VeDBA_RMS_mean,yes
1,pig_14|pig_18|pig_20,3,rf_leaf3,rf,RandomForestRegressor,compact_feed_event,48,numeric,VeDBA_RMS_std,yes
1,pig_14|pig_18|pig_20,3,rf_leaf3,rf,RandomForestRegressor,compact_feed_event,49,numeric,VeDBA_RMS_p25,yes
1,pig_14|pig_18|pig_20,3,rf_leaf3,rf,RandomForestRegressor,compact_feed_event,50,numeric,VeDBA_RMS_p75,yes
1,pig_14|pig_18|pig_20,3,rf_leaf3,rf,RandomForestRegressor,compact_feed_event,51,numeric,Power_Loco_mean,yes
1,pig_14|pig_18|pig_20,3,rf_leaf3,rf,RandomForestRegressor,compact_feed_event,52,numeric,Power_Loco_std,yes
1,pig_14|pig_18|pig_20,3,rf_leaf3,rf,RandomForestRegressor,compact_feed_event,53,numeric,Power_Loco_p25,yes
1,pig_14|pig_18|pig_20,3,rf_leaf3,rf,RandomForestRegressor,compact_feed_event,54,numeric,Power_Loco_p75,yes
1,pig_14|pig_18|pig_20,3,rf_leaf3,rf,RandomForestRegressor,compact_feed_event,55,numeric,Power_High_mean,yes
1,pig_14|pig_18|pig_20,3,rf_leaf3,rf,RandomForestRegressor,compact_feed_event,56,numeric,Power_High_std,yes
1,pig_14|pig_18|pig_20,3,rf_leaf3,rf,RandomForestRegressor,compact_feed_event,57,numeric,Power_High_p25,yes
1,pig_14|pig_18|pig_20,3,rf_leaf3,rf,RandomForestRegressor,compact_feed_event,58,numeric,Power_High_p75,yes
1,pig_14|pig_18|pig_20,3,rf_leaf3,rf,RandomForestRegressor,compact_feed_event,59,numeric,Dominant_Frequency_mean,yes
1,pig_14|pig_18|pig_20,3,rf_leaf3,rf,RandomForestRegressor,compact_feed_event,60,numeric,Dominant_Frequency_std,yes
1,pig_14|pig_18|pig_20,3,rf_leaf3,rf,RandomForestRegressor,compact_feed_event,61,numeric,Dominant_Frequency_p25,yes
1,pig_14|pig_18|pig_20,3,rf_leaf3,rf,RandomForestRegressor,compact_feed_event,62,numeric,Dominant_Frequency_p75,yes
1,pig_14|pig_18|pig_20,3,rf_leaf3,rf,RandomForestRegressor,compact_feed_event,63,numeric,Spectral_Entropy_mean,yes
1,pig_14|pig_18|pig_20,3,rf_leaf3,rf,RandomForestRegressor,compact_feed_event,64,numeric,Spectral_Entropy_std,yes
1,pig_14|pig_18|pig_20,3,rf_leaf3,rf,RandomForestRegressor,compact_feed_event,65,numeric,Spectral_Entropy_p25,yes
1,pig_14|pig_18|pig_20,3,rf_leaf3,rf,RandomForestRegressor,compact_feed_event,66,numeric,Spectral_Entropy_p75,yes
1,pig_14|pig_18|pig_20,3,rf_leaf3,rf,RandomForestRegressor,compact_feed_event,67,numeric,Zero_Crossing_Rate_mean,yes
1,pig_14|pig_18|pig_20,3,rf_leaf3,rf,RandomForestRegressor,compact_feed_event,68,numeric,Zero_Crossing_Rate_std,yes
1,pig_14|pig_18|pig_20,3,rf_leaf3,rf,RandomForestRegressor,compact_feed_event,69,numeric,Zero_Crossing_Rate_p25,yes
1,pig_14|pig_18|pig_20,3,rf_leaf3,rf,RandomForestRegressor,compact_feed_event,70,numeric,Zero_Crossing_Rate_p75,yes
1,pig_14|pig_18|pig_20,3,rf_leaf3,rf,RandomForestRegressor,compact_feed_event,71,numeric,Tilt_Mag_Mean_mean,yes
1,pig_14|pig_18|pig_20,3,rf_leaf3,rf,RandomForestRegressor,compact_feed_event,72,numeric,Tilt_Mag_Mean_std,yes
1,pig_14|pig_18|pig_20,3,rf_leaf3,rf,RandomForestRegressor,compact_feed_event,73,numeric,Tilt_Mag_Mean_p25,yes
1,pig_14|pig_18|pig_20,3,rf_leaf3,rf,RandomForestRegressor,compact_feed_event,74,numeric,Tilt_Mag_Mean_p75,yes
1,pig_14|pig_18|pig_20,3,rf_leaf3,rf,RandomForestRegressor,compact_feed_event,75,numeric,Tilt_Mag_Std_mean,yes
1,pig_14|pig_18|pig_20,3,rf_leaf3,rf,RandomForestRegressor,compact_feed_event,76,numeric,Tilt_Mag_Std_std,yes
1,pig_14|pig_18|pig_20,3,rf_leaf3,rf,RandomForestRegressor,compact_feed_event,77,numeric,Tilt_Mag_Std_p25,yes
1,pig_14|pig_18|pig_20,3,rf_leaf3,rf,RandomForestRegressor,compact_feed_event,78,numeric,Tilt_Mag_Std_p75,yes
1,pig_14|pig_18|pig_20,3,rf_leaf3,rf,RandomForestRegressor,compact_feed_event,79,numeric,Roll_Mean_mean,yes
1,pig_14|pig_18|pig_20,3,rf_leaf3,rf,RandomForestRegressor,compact_feed_event,80,numeric,Roll_Mean_std,yes
1,pig_14|pig_18|pig_20,3,rf_leaf3,rf,RandomForestRegressor,compact_feed_event,81,numeric,Roll_Mean_p25,yes
1,pig_14|pig_18|pig_20,3,rf_leaf3,rf,RandomForestRegressor,compact_feed_event,82,numeric,Roll_Mean_p75,yes
1,pig_14|pig_18|pig_20,3,rf_leaf3,rf,RandomForestRegressor,compact_feed_event,83,numeric,Pitch_Mean_mean,yes
1,pig_14|pig_18|pig_20,3,rf_leaf3,rf,RandomForestRegressor,compact_feed_event,84,numeric,Pitch_Mean_std,yes
1,pig_14|pig_18|pig_20,3,rf_leaf3,rf,RandomForestRegressor,compact_feed_event,85,numeric,Pitch_Mean_p25,yes
1,pig_14|pig_18|pig_20,3,rf_leaf3,rf,RandomForestRegressor,compact_feed_event,86,numeric,Pitch_Mean_p75,yes
1,pig_14|pig_18|pig_20,3,rf_leaf3,rf,RandomForestRegressor,compact_feed_event,87,numeric,AngX_Rate_mean,yes
1,pig_14|pig_18|pig_20,3,rf_leaf3,rf,RandomForestRegressor,compact_feed_event,88,numeric,AngX_Rate_std,yes
1,pig_14|pig_18|pig_20,3,rf_leaf3,rf,RandomForestRegressor,compact_feed_event,89,numeric,AngX_Rate_p25,yes
1,pig_14|pig_18|pig_20,3,rf_leaf3,rf,RandomForestRegressor,compact_feed_event,90,numeric,AngX_Rate_p75,yes
1,pig_14|pig_18|pig_20,3,rf_leaf3,rf,RandomForestRegressor,compact_feed_event,91,numeric,AngY_Rate_mean,yes
1,pig_14|pig_18|pig_20,3,rf_leaf3,rf,RandomForestRegressor,compact_feed_event,92,numeric,AngY_Rate_std,yes
1,pig_14|pig_18|pig_20,3,rf_leaf3,rf,RandomForestRegressor,compact_feed_event,93,numeric,AngY_Rate_p25,yes
1,pig_14|pig_18|pig_20,3,rf_leaf3,rf,RandomForestRegressor,compact_feed_event,94,numeric,AngY_Rate_p75,yes
1,pig_14|pig_18|pig_20,3,rf_leaf3,rf,RandomForestRegressor,compact_feed_event,95,numeric,AngZ_Rate_mean,yes
1,pig_14|pig_18|pig_20,3,rf_leaf3,rf,RandomForestRegressor,compact_feed_event,96,numeric,AngZ_Rate_std,yes
1,pig_14|pig_18|pig_20,3,rf_leaf3,rf,RandomForestRegressor,compact_feed_event,97,numeric,AngZ_Rate_p25,yes
1,pig_14|pig_18|pig_20,3,rf_leaf3,rf,RandomForestRegressor,compact_feed_event,98,numeric,AngZ_Rate_p75,yes
1,pig_14|pig_18|pig_20,3,rf_leaf3,rf,RandomForestRegressor,compact_feed_event,99,numeric,Peak_Count_mean,yes
1,pig_14|pig_18|pig_20,3,rf_leaf3,rf,RandomForestRegressor,compact_feed_event,100,numeric,Peak_Count_std,yes
1,pig_14|pig_18|pig_20,3,rf_leaf3,rf,RandomForestRegressor,compact_feed_event,101,numeric,Peak_Count_p25,yes
1,pig_14|pig_18|pig_20,3,rf_leaf3,rf,RandomForestRegressor,compact_feed_event,102,numeric,Peak_Count_p75,yes
1,pig_14|pig_18|pig_20,3,rf_leaf3,rf,RandomForestRegressor,compact_feed_event,103,numeric,DynY_Mean_mean,yes
1,pig_14|pig_18|pig_20,3,rf_leaf3,rf,RandomForestRegressor,compact_feed_event,104,numeric,DynY_Mean_std,yes
1,pig_14|pig_18|pig_20,3,rf_leaf3,rf,RandomForestRegressor,compact_feed_event,105,numeric,DynY_Mean_p25,yes
1,pig_14|pig_18|pig_20,3,rf_leaf3,rf,RandomForestRegressor,compact_feed_event,106,numeric,DynY_Mean_p75,yes
1,pig_14|pig_18|pig_20,3,rf_leaf3,rf,RandomForestRegressor,compact_feed_event,107,numeric,DynZ_Mean_mean,yes
1,pig_14|pig_18|pig_20,3,rf_leaf3,rf,RandomForestRegressor,compact_feed_event,108,numeric,DynZ_Mean_std,yes
1,pig_14|pig_18|pig_20,3,rf_leaf3,rf,RandomForestRegressor,compact_feed_event,109,numeric,DynZ_Mean_p25,yes
1,pig_14|pig_18|pig_20,3,rf_leaf3,rf,RandomForestRegressor,compact_feed_event,110,numeric,DynZ_Mean_p75,yes
1,pig_14|pig_18|pig_20,3,rf_leaf3,rf,RandomForestRegressor,compact_feed_event,111,numeric,Frac_Rest,yes
1,pig_14|pig_18|pig_20,3,rf_leaf3,rf,RandomForestRegressor,compact_feed_event,112,numeric,Frac_Moderate,yes
1,pig_14|pig_18|pig_20,3,rf_leaf3,rf,RandomForestRegressor,compact_feed_event,113,numeric,Frac_Vigorous,yes
1,pig_14|pig_18|pig_20,3,rf_leaf3,rf,RandomForestRegressor,compact_feed_event,114,numeric,Frac_Lying,yes
1,pig_14|pig_18|pig_20,3,rf_leaf3,rf,RandomForestRegressor,compact_feed_event,115,numeric,Frac_HeadDown,yes
1,pig_14|pig_18|pig_20,3,rf_leaf3,rf,RandomForestRegressor,compact_feed_event,116,numeric,Active_Fraction,yes
1,pig_14|pig_18|pig_20,3,rf_leaf3,rf,RandomForestRegressor,compact_feed_event,117,numeric,move_coverage,yes
1,pig_14|pig_18|pig_20,3,rf_leaf3,rf,RandomForestRegressor,compact_feed_event,118,numeric,StepFreq_std,yes
1,pig_14|pig_18|pig_20,3,rf_leaf3,rf,RandomForestRegressor,compact_feed_event,119,numeric,LyingTransitions,yes
1,pig_14|pig_18|pig_20,3,rf_leaf3,rf,RandomForestRegressor,compact_feed_event,120,numeric,HeadDownTransitions,yes
1,pig_14|pig_18|pig_20,3,rf_leaf3,rf,RandomForestRegressor,compact_feed_event,121,numeric,data_count_mean,yes
1,pig_14|pig_18|pig_20,3,rf_leaf3,rf,RandomForestRegressor,compact_feed_event,122,numeric,planned_meal_g_per_w075_if_fed,yes
1,pig_14|pig_18|pig_20,3,rf_leaf3,rf,RandomForestRegressor,compact_feed_event,123,numeric,planned_feed_available,yes
1,pig_14|pig_18|pig_20,3,rf_leaf3,rf,RandomForestRegressor,compact_feed_event,124,numeric,meal_history_known,yes
1,pig_14|pig_18|pig_20,3,rf_leaf3,rf,RandomForestRegressor,compact_feed_event,125,numeric,hours_since_last_meal_capped48,yes
1,pig_14|pig_18|pig_20,3,rf_leaf3,rf,RandomForestRegressor,compact_feed_event,126,numeric,last_meal_is_afternoon,yes
1,pig_14|pig_18|pig_20,3,rf_leaf3,rf,RandomForestRegressor,compact_feed_event,127,numeric,last_meal_is_morning,yes
1,pig_14|pig_18|pig_20,3,rf_leaf3,rf,RandomForestRegressor,compact_feed_event,128,numeric,fed_to_fasting_carryover_6h,yes
1,pig_14|pig_18|pig_20,3,rf_leaf3,rf,RandomForestRegressor,compact_feed_event,129,numeric,hours_in_fasting,yes
1,pig_14|pig_18|pig_20,3,rf_leaf3,rf,RandomForestRegressor,compact_feed_event,130,numeric,hours_since_afternoon_meal_capped48,yes
1,pig_14|pig_18|pig_20,3,rf_leaf3,rf,RandomForestRegressor,compact_feed_event,131,numeric,hours_since_morning_meal_capped48,yes
1,pig_14|pig_18|pig_20,3,rf_leaf3,rf,RandomForestRegressor,compact_feed_event,132,numeric,meal_afternoon_kernel_tau0p5h,yes
1,pig_14|pig_18|pig_20,3,rf_leaf3,rf,RandomForestRegressor,compact_feed_event,133,numeric,meal_afternoon_kernel_tau1p5h,yes
1,pig_14|pig_18|pig_20,3,rf_leaf3,rf,RandomForestRegressor,compact_feed_event,134,numeric,meal_afternoon_kernel_tau3p0h,yes
1,pig_14|pig_18|pig_20,3,rf_leaf3,rf,RandomForestRegressor,compact_feed_event,135,numeric,meal_afternoon_kernel_tau6p0h,yes
1,pig_14|pig_18|pig_20,3,rf_leaf3,rf,RandomForestRegressor,compact_feed_event,136,numeric,meal_morning_kernel_tau0p5h,yes
1,pig_14|pig_18|pig_20,3,rf_leaf3,rf,RandomForestRegressor,compact_feed_event,137,numeric,meal_morning_kernel_tau1p5h,yes
1,pig_14|pig_18|pig_20,3,rf_leaf3,rf,RandomForestRegressor,compact_feed_event,138,numeric,meal_morning_kernel_tau3p0h,yes
1,pig_14|pig_18|pig_20,3,rf_leaf3,rf,RandomForestRegressor,compact_feed_event,139,numeric,meal_morning_kernel_tau6p0h,yes
1,pig_14|pig_18|pig_20,3,rf_leaf3,rf,RandomForestRegressor,compact_feed_event,140,numeric,meal_any_kernel_tau1p5h,yes
1,pig_14|pig_18|pig_20,3,rf_leaf3,rf,RandomForestRegressor,compact_feed_event,141,numeric,meal_any_kernel_tau3p0h,yes
1,pig_14|pig_18|pig_20,3,rf_leaf3,rf,RandomForestRegressor,compact_feed_event,142,numeric,dose_x_meal_afternoon_kernel_tau0p5h,yes
1,pig_14|pig_18|pig_20,3,rf_leaf3,rf,RandomForestRegressor,compact_feed_event,143,numeric,dose_x_meal_afternoon_kernel_tau1p5h,yes
1,pig_14|pig_18|pig_20,3,rf_leaf3,rf,RandomForestRegressor,compact_feed_event,144,numeric,dose_x_meal_afternoon_kernel_tau3p0h,yes
1,pig_14|pig_18|pig_20,3,rf_leaf3,rf,RandomForestRegressor,compact_feed_event,145,numeric,dose_x_meal_afternoon_kernel_tau6p0h,yes
1,pig_14|pig_18|pig_20,3,rf_leaf3,rf,RandomForestRegressor,compact_feed_event,146,numeric,dose_x_meal_morning_kernel_tau0p5h,yes
1,pig_14|pig_18|pig_20,3,rf_leaf3,rf,RandomForestRegressor,compact_feed_event,147,numeric,dose_x_meal_morning_kernel_tau1p5h,yes
1,pig_14|pig_18|pig_20,3,rf_leaf3,rf,RandomForestRegressor,compact_feed_event,148,numeric,dose_x_meal_morning_kernel_tau3p0h,yes
1,pig_14|pig_18|pig_20,3,rf_leaf3,rf,RandomForestRegressor,compact_feed_event,149,numeric,dose_x_meal_morning_kernel_tau6p0h,yes
1,pig_14|pig_18|pig_20,3,rf_leaf3,rf,RandomForestRegressor,compact_feed_event,150,numeric,dose_x_meal_any_kernel_tau1p5h,yes
1,pig_14|pig_18|pig_20,3,rf_leaf3,rf,RandomForestRegressor,compact_feed_event,151,numeric,dose_x_meal_any_kernel_tau3p0h,yes
1,pig_14|pig_18|pig_20,3,rf_leaf3,rf,RandomForestRegressor,compact_feed_event,152,categorical,chamber,yes
1,pig_14|pig_18|pig_20,3,rf_leaf3,rf,RandomForestRegressor,compact_feed_event,153,categorical,phase_label,yes
2,pig_12|pig_19,1,elastic,elastic,ElasticNet,full_motion_feed_event,1,numeric,hour_of_day,yes
2,pig_12|pig_19,1,elastic,elastic,ElasticNet,full_motion_feed_event,2,numeric,sin_hour,yes
2,pig_12|pig_19,1,elastic,elastic,ElasticNet,full_motion_feed_event,3,numeric,cos_hour,yes
2,pig_12|pig_19,1,elastic,elastic,ElasticNet,full_motion_feed_event,4,numeric,weight,yes
2,pig_12|pig_19,1,elastic,elastic,ElasticNet,full_motion_feed_event,5,numeric,is_fasting,yes
2,pig_12|pig_19,1,elastic,elastic,ElasticNet,full_motion_feed_event,6,numeric,day_in_phase,yes
2,pig_12|pig_19,1,elastic,elastic,ElasticNet,full_motion_feed_event,7,numeric,win_s,yes
2,pig_12|pig_19,1,elastic,elastic,ElasticNet,full_motion_feed_event,8,numeric,is_adaptation,yes
2,pig_12|pig_19,1,elastic,elastic,ElasticNet,full_motion_feed_event,9,numeric,is_formal,yes
2,pig_12|pig_19,1,elastic,elastic,ElasticNet,full_motion_feed_event,10,numeric,小室温度(℃),yes
2,pig_12|pig_19,1,elastic,elastic,ElasticNet,full_motion_feed_event,11,numeric,小室湿度(%),yes
2,pig_12|pig_19,1,elastic,elastic,ElasticNet,full_motion_feed_event,12,numeric,beat_count,yes
2,pig_12|pig_19,1,elastic,elastic,ElasticNet,full_motion_feed_event,13,numeric,HR_mean,yes
2,pig_12|pig_19,1,elastic,elastic,ElasticNet,full_motion_feed_event,14,numeric,HR_std,yes
2,pig_12|pig_19,1,elastic,elastic,ElasticNet,full_motion_feed_event,15,numeric,RR_mean,yes
2,pig_12|pig_19,1,elastic,elastic,ElasticNet,full_motion_feed_event,16,numeric,SDNN,yes
2,pig_12|pig_19,1,elastic,elastic,ElasticNet,full_motion_feed_event,17,numeric,RMSSD,yes
2,pig_12|pig_19,1,elastic,elastic,ElasticNet,full_motion_feed_event,18,numeric,pNN50,yes
2,pig_12|pig_19,1,elastic,elastic,ElasticNet,full_motion_feed_event,19,numeric,RR_cv,yes
2,pig_12|pig_19,1,elastic,elastic,ElasticNet,full_motion_feed_event,20,numeric,RR_skew,yes
2,pig_12|pig_19,1,elastic,elastic,ElasticNet,full_motion_feed_event,21,numeric,RR_kurt,yes
2,pig_12|pig_19,1,elastic,elastic,ElasticNet,full_motion_feed_event,22,numeric,RR_range,yes
2,pig_12|pig_19,1,elastic,elastic,ElasticNet,full_motion_feed_event,23,numeric,Acc_Mean_mean,yes
2,pig_12|pig_19,1,elastic,elastic,ElasticNet,full_motion_feed_event,24,numeric,Acc_Mean_std,yes
2,pig_12|pig_19,1,elastic,elastic,ElasticNet,full_motion_feed_event,25,numeric,Acc_Mean_p25,yes
2,pig_12|pig_19,1,elastic,elastic,ElasticNet,full_motion_feed_event,26,numeric,Acc_Mean_p75,yes
2,pig_12|pig_19,1,elastic,elastic,ElasticNet,full_motion_feed_event,27,numeric,Acc_Std_mean,yes
2,pig_12|pig_19,1,elastic,elastic,ElasticNet,full_motion_feed_event,28,numeric,Acc_Std_std,yes
2,pig_12|pig_19,1,elastic,elastic,ElasticNet,full_motion_feed_event,29,numeric,Acc_Std_p25,yes
2,pig_12|pig_19,1,elastic,elastic,ElasticNet,full_motion_feed_event,30,numeric,Acc_Std_p75,yes
2,pig_12|pig_19,1,elastic,elastic,ElasticNet,full_motion_feed_event,31,numeric,Acc_Sum_mean,yes
2,pig_12|pig_19,1,elastic,elastic,ElasticNet,full_motion_feed_event,32,numeric,Acc_Sum_std,yes
2,pig_12|pig_19,1,elastic,elastic,ElasticNet,full_motion_feed_event,33,numeric,Acc_Sum_p25,yes
2,pig_12|pig_19,1,elastic,elastic,ElasticNet,full_motion_feed_event,34,numeric,Acc_Sum_p75,yes
2,pig_12|pig_19,1,elastic,elastic,ElasticNet,full_motion_feed_event,35,numeric,Acc_Max_mean,yes
2,pig_12|pig_19,1,elastic,elastic,ElasticNet,full_motion_feed_event,36,numeric,Acc_Max_std,yes
2,pig_12|pig_19,1,elastic,elastic,ElasticNet,full_motion_feed_event,37,numeric,Acc_Max_p25,yes
2,pig_12|pig_19,1,elastic,elastic,ElasticNet,full_motion_feed_event,38,numeric,Acc_Max_p75,yes
2,pig_12|pig_19,1,elastic,elastic,ElasticNet,full_motion_feed_event,39,numeric,Acc_Min_mean,yes
2,pig_12|pig_19,1,elastic,elastic,ElasticNet,full_motion_feed_event,40,numeric,Acc_Min_std,yes
2,pig_12|pig_19,1,elastic,elastic,ElasticNet,full_motion_feed_event,41,numeric,Acc_Min_p25,yes
2,pig_12|pig_19,1,elastic,elastic,ElasticNet,full_motion_feed_event,42,numeric,Acc_Min_p75,yes
2,pig_12|pig_19,1,elastic,elastic,ElasticNet,full_motion_feed_event,43,numeric,Acc_Range_mean,yes
2,pig_12|pig_19,1,elastic,elastic,ElasticNet,full_motion_feed_event,44,numeric,Acc_Range_std,yes
2,pig_12|pig_19,1,elastic,elastic,ElasticNet,full_motion_feed_event,45,numeric,Acc_Range_p25,yes
2,pig_12|pig_19,1,elastic,elastic,ElasticNet,full_motion_feed_event,46,numeric,Acc_Range_p75,yes
2,pig_12|pig_19,1,elastic,elastic,ElasticNet,full_motion_feed_event,47,numeric,Acc_P25_mean,yes
2,pig_12|pig_19,1,elastic,elastic,ElasticNet,full_motion_feed_event,48,numeric,Acc_P25_std,yes
2,pig_12|pig_19,1,elastic,elastic,ElasticNet,full_motion_feed_event,49,numeric,Acc_P25_p25,yes
2,pig_12|pig_19,1,elastic,elastic,ElasticNet,full_motion_feed_event,50,numeric,Acc_P25_p75,yes
2,pig_12|pig_19,1,elastic,elastic,ElasticNet,full_motion_feed_event,51,numeric,Acc_P75_mean,yes
2,pig_12|pig_19,1,elastic,elastic,ElasticNet,full_motion_feed_event,52,numeric,Acc_P75_std,yes
2,pig_12|pig_19,1,elastic,elastic,ElasticNet,full_motion_feed_event,53,numeric,Acc_P75_p25,yes
2,pig_12|pig_19,1,elastic,elastic,ElasticNet,full_motion_feed_event,54,numeric,Acc_P75_p75,yes
2,pig_12|pig_19,1,elastic,elastic,ElasticNet,full_motion_feed_event,55,numeric,Gyro_Mean_mean,yes
2,pig_12|pig_19,1,elastic,elastic,ElasticNet,full_motion_feed_event,56,numeric,Gyro_Mean_std,yes
2,pig_12|pig_19,1,elastic,elastic,ElasticNet,full_motion_feed_event,57,numeric,Gyro_Mean_p25,yes
2,pig_12|pig_19,1,elastic,elastic,ElasticNet,full_motion_feed_event,58,numeric,Gyro_Mean_p75,yes
2,pig_12|pig_19,1,elastic,elastic,ElasticNet,full_motion_feed_event,59,numeric,Gyro_Max_mean,yes
2,pig_12|pig_19,1,elastic,elastic,ElasticNet,full_motion_feed_event,60,numeric,Gyro_Max_std,yes
2,pig_12|pig_19,1,elastic,elastic,ElasticNet,full_motion_feed_event,61,numeric,Gyro_Max_p25,yes
2,pig_12|pig_19,1,elastic,elastic,ElasticNet,full_motion_feed_event,62,numeric,Gyro_Max_p75,yes
2,pig_12|pig_19,1,elastic,elastic,ElasticNet,full_motion_feed_event,63,numeric,DynX_Mean_mean,yes
2,pig_12|pig_19,1,elastic,elastic,ElasticNet,full_motion_feed_event,64,numeric,DynX_Mean_std,yes
2,pig_12|pig_19,1,elastic,elastic,ElasticNet,full_motion_feed_event,65,numeric,DynX_Mean_p25,yes
2,pig_12|pig_19,1,elastic,elastic,ElasticNet,full_motion_feed_event,66,numeric,DynX_Mean_p75,yes
2,pig_12|pig_19,1,elastic,elastic,ElasticNet,full_motion_feed_event,67,numeric,DynX_Std_mean,yes
2,pig_12|pig_19,1,elastic,elastic,ElasticNet,full_motion_feed_event,68,numeric,DynX_Std_std,yes
2,pig_12|pig_19,1,elastic,elastic,ElasticNet,full_motion_feed_event,69,numeric,DynX_Std_p25,yes
2,pig_12|pig_19,1,elastic,elastic,ElasticNet,full_motion_feed_event,70,numeric,DynX_Std_p75,yes
2,pig_12|pig_19,1,elastic,elastic,ElasticNet,full_motion_feed_event,71,numeric,DynX_Mean_abs_mean,yes
2,pig_12|pig_19,1,elastic,elastic,ElasticNet,full_motion_feed_event,72,numeric,DynX_Mean_abs_std,yes
2,pig_12|pig_19,1,elastic,elastic,ElasticNet,full_motion_feed_event,73,numeric,DynX_Mean_abs_p25,yes
2,pig_12|pig_19,1,elastic,elastic,ElasticNet,full_motion_feed_event,74,numeric,DynX_Mean_abs_p75,yes
2,pig_12|pig_19,1,elastic,elastic,ElasticNet,full_motion_feed_event,75,numeric,DynY_Mean_mean,yes
2,pig_12|pig_19,1,elastic,elastic,ElasticNet,full_motion_feed_event,76,numeric,DynY_Mean_std,yes
2,pig_12|pig_19,1,elastic,elastic,ElasticNet,full_motion_feed_event,77,numeric,DynY_Mean_p25,yes
2,pig_12|pig_19,1,elastic,elastic,ElasticNet,full_motion_feed_event,78,numeric,DynY_Mean_p75,yes
2,pig_12|pig_19,1,elastic,elastic,ElasticNet,full_motion_feed_event,79,numeric,DynY_Std_mean,yes
2,pig_12|pig_19,1,elastic,elastic,ElasticNet,full_motion_feed_event,80,numeric,DynY_Std_std,yes
2,pig_12|pig_19,1,elastic,elastic,ElasticNet,full_motion_feed_event,81,numeric,DynY_Std_p25,yes
2,pig_12|pig_19,1,elastic,elastic,ElasticNet,full_motion_feed_event,82,numeric,DynY_Std_p75,yes
2,pig_12|pig_19,1,elastic,elastic,ElasticNet,full_motion_feed_event,83,numeric,DynY_Mean_abs_mean,yes
2,pig_12|pig_19,1,elastic,elastic,ElasticNet,full_motion_feed_event,84,numeric,DynY_Mean_abs_std,yes
2,pig_12|pig_19,1,elastic,elastic,ElasticNet,full_motion_feed_event,85,numeric,DynY_Mean_abs_p25,yes
2,pig_12|pig_19,1,elastic,elastic,ElasticNet,full_motion_feed_event,86,numeric,DynY_Mean_abs_p75,yes
2,pig_12|pig_19,1,elastic,elastic,ElasticNet,full_motion_feed_event,87,numeric,DynZ_Mean_mean,yes
2,pig_12|pig_19,1,elastic,elastic,ElasticNet,full_motion_feed_event,88,numeric,DynZ_Mean_std,yes
2,pig_12|pig_19,1,elastic,elastic,ElasticNet,full_motion_feed_event,89,numeric,DynZ_Mean_p25,yes
2,pig_12|pig_19,1,elastic,elastic,ElasticNet,full_motion_feed_event,90,numeric,DynZ_Mean_p75,yes
2,pig_12|pig_19,1,elastic,elastic,ElasticNet,full_motion_feed_event,91,numeric,DynZ_Std_mean,yes
2,pig_12|pig_19,1,elastic,elastic,ElasticNet,full_motion_feed_event,92,numeric,DynZ_Std_std,yes
2,pig_12|pig_19,1,elastic,elastic,ElasticNet,full_motion_feed_event,93,numeric,DynZ_Std_p25,yes
2,pig_12|pig_19,1,elastic,elastic,ElasticNet,full_motion_feed_event,94,numeric,DynZ_Std_p75,yes
2,pig_12|pig_19,1,elastic,elastic,ElasticNet,full_motion_feed_event,95,numeric,DynZ_Mean_abs_mean,yes
2,pig_12|pig_19,1,elastic,elastic,ElasticNet,full_motion_feed_event,96,numeric,DynZ_Mean_abs_std,yes
2,pig_12|pig_19,1,elastic,elastic,ElasticNet,full_motion_feed_event,97,numeric,DynZ_Mean_abs_p25,yes
2,pig_12|pig_19,1,elastic,elastic,ElasticNet,full_motion_feed_event,98,numeric,DynZ_Mean_abs_p75,yes
2,pig_12|pig_19,1,elastic,elastic,ElasticNet,full_motion_feed_event,99,numeric,AccMag_Mean_mean,yes
2,pig_12|pig_19,1,elastic,elastic,ElasticNet,full_motion_feed_event,100,numeric,AccMag_Mean_std,yes
2,pig_12|pig_19,1,elastic,elastic,ElasticNet,full_motion_feed_event,101,numeric,AccMag_Mean_p25,yes
2,pig_12|pig_19,1,elastic,elastic,ElasticNet,full_motion_feed_event,102,numeric,AccMag_Mean_p75,yes
2,pig_12|pig_19,1,elastic,elastic,ElasticNet,full_motion_feed_event,103,numeric,AccMag_Std_mean,yes
2,pig_12|pig_19,1,elastic,elastic,ElasticNet,full_motion_feed_event,104,numeric,AccMag_Std_std,yes
2,pig_12|pig_19,1,elastic,elastic,ElasticNet,full_motion_feed_event,105,numeric,AccMag_Std_p25,yes
2,pig_12|pig_19,1,elastic,elastic,ElasticNet,full_motion_feed_event,106,numeric,AccMag_Std_p75,yes
2,pig_12|pig_19,1,elastic,elastic,ElasticNet,full_motion_feed_event,107,numeric,Roll_Mean_mean,yes
2,pig_12|pig_19,1,elastic,elastic,ElasticNet,full_motion_feed_event,108,numeric,Roll_Mean_std,yes
2,pig_12|pig_19,1,elastic,elastic,ElasticNet,full_motion_feed_event,109,numeric,Roll_Mean_p25,yes
2,pig_12|pig_19,1,elastic,elastic,ElasticNet,full_motion_feed_event,110,numeric,Roll_Mean_p75,yes
2,pig_12|pig_19,1,elastic,elastic,ElasticNet,full_motion_feed_event,111,numeric,Roll_Std_mean,yes
2,pig_12|pig_19,1,elastic,elastic,ElasticNet,full_motion_feed_event,112,numeric,Roll_Std_std,yes
2,pig_12|pig_19,1,elastic,elastic,ElasticNet,full_motion_feed_event,113,numeric,Roll_Std_p25,yes
2,pig_12|pig_19,1,elastic,elastic,ElasticNet,full_motion_feed_event,114,numeric,Roll_Std_p75,yes
2,pig_12|pig_19,1,elastic,elastic,ElasticNet,full_motion_feed_event,115,numeric,Pitch_Mean_mean,yes
2,pig_12|pig_19,1,elastic,elastic,ElasticNet,full_motion_feed_event,116,numeric,Pitch_Mean_std,yes
2,pig_12|pig_19,1,elastic,elastic,ElasticNet,full_motion_feed_event,117,numeric,Pitch_Mean_p25,yes
2,pig_12|pig_19,1,elastic,elastic,ElasticNet,full_motion_feed_event,118,numeric,Pitch_Mean_p75,yes
2,pig_12|pig_19,1,elastic,elastic,ElasticNet,full_motion_feed_event,119,numeric,Pitch_Std_mean,yes
2,pig_12|pig_19,1,elastic,elastic,ElasticNet,full_motion_feed_event,120,numeric,Pitch_Std_std,yes
2,pig_12|pig_19,1,elastic,elastic,ElasticNet,full_motion_feed_event,121,numeric,Pitch_Std_p25,yes
2,pig_12|pig_19,1,elastic,elastic,ElasticNet,full_motion_feed_event,122,numeric,Pitch_Std_p75,yes
2,pig_12|pig_19,1,elastic,elastic,ElasticNet,full_motion_feed_event,123,numeric,Tilt_Mag_Mean_mean,yes
2,pig_12|pig_19,1,elastic,elastic,ElasticNet,full_motion_feed_event,124,numeric,Tilt_Mag_Mean_std,yes
2,pig_12|pig_19,1,elastic,elastic,ElasticNet,full_motion_feed_event,125,numeric,Tilt_Mag_Mean_p25,yes
2,pig_12|pig_19,1,elastic,elastic,ElasticNet,full_motion_feed_event,126,numeric,Tilt_Mag_Mean_p75,yes
2,pig_12|pig_19,1,elastic,elastic,ElasticNet,full_motion_feed_event,127,numeric,Tilt_Mag_Std_mean,yes
2,pig_12|pig_19,1,elastic,elastic,ElasticNet,full_motion_feed_event,128,numeric,Tilt_Mag_Std_std,yes
2,pig_12|pig_19,1,elastic,elastic,ElasticNet,full_motion_feed_event,129,numeric,Tilt_Mag_Std_p25,yes
2,pig_12|pig_19,1,elastic,elastic,ElasticNet,full_motion_feed_event,130,numeric,Tilt_Mag_Std_p75,yes
2,pig_12|pig_19,1,elastic,elastic,ElasticNet,full_motion_feed_event,131,numeric,AngX_Std_mean,yes
2,pig_12|pig_19,1,elastic,elastic,ElasticNet,full_motion_feed_event,132,numeric,AngX_Std_std,yes
2,pig_12|pig_19,1,elastic,elastic,ElasticNet,full_motion_feed_event,133,numeric,AngX_Std_p25,yes
2,pig_12|pig_19,1,elastic,elastic,ElasticNet,full_motion_feed_event,134,numeric,AngX_Std_p75,yes
2,pig_12|pig_19,1,elastic,elastic,ElasticNet,full_motion_feed_event,135,numeric,AngY_Std_mean,yes
2,pig_12|pig_19,1,elastic,elastic,ElasticNet,full_motion_feed_event,136,numeric,AngY_Std_std,yes
2,pig_12|pig_19,1,elastic,elastic,ElasticNet,full_motion_feed_event,137,numeric,AngY_Std_p25,yes
2,pig_12|pig_19,1,elastic,elastic,ElasticNet,full_motion_feed_event,138,numeric,AngY_Std_p75,yes
2,pig_12|pig_19,1,elastic,elastic,ElasticNet,full_motion_feed_event,139,numeric,AngZ_Std_mean,yes
2,pig_12|pig_19,1,elastic,elastic,ElasticNet,full_motion_feed_event,140,numeric,AngZ_Std_std,yes
2,pig_12|pig_19,1,elastic,elastic,ElasticNet,full_motion_feed_event,141,numeric,AngZ_Std_p25,yes
2,pig_12|pig_19,1,elastic,elastic,ElasticNet,full_motion_feed_event,142,numeric,AngZ_Std_p75,yes
2,pig_12|pig_19,1,elastic,elastic,ElasticNet,full_motion_feed_event,143,numeric,AngX_Rate_mean,yes
2,pig_12|pig_19,1,elastic,elastic,ElasticNet,full_motion_feed_event,144,numeric,AngX_Rate_std,yes
2,pig_12|pig_19,1,elastic,elastic,ElasticNet,full_motion_feed_event,145,numeric,AngX_Rate_p25,yes
2,pig_12|pig_19,1,elastic,elastic,ElasticNet,full_motion_feed_event,146,numeric,AngX_Rate_p75,yes
2,pig_12|pig_19,1,elastic,elastic,ElasticNet,full_motion_feed_event,147,numeric,AngY_Rate_mean,yes
2,pig_12|pig_19,1,elastic,elastic,ElasticNet,full_motion_feed_event,148,numeric,AngY_Rate_std,yes
2,pig_12|pig_19,1,elastic,elastic,ElasticNet,full_motion_feed_event,149,numeric,AngY_Rate_p25,yes
2,pig_12|pig_19,1,elastic,elastic,ElasticNet,full_motion_feed_event,150,numeric,AngY_Rate_p75,yes
2,pig_12|pig_19,1,elastic,elastic,ElasticNet,full_motion_feed_event,151,numeric,AngZ_Rate_mean,yes
2,pig_12|pig_19,1,elastic,elastic,ElasticNet,full_motion_feed_event,152,numeric,AngZ_Rate_std,yes
2,pig_12|pig_19,1,elastic,elastic,ElasticNet,full_motion_feed_event,153,numeric,AngZ_Rate_p25,yes
2,pig_12|pig_19,1,elastic,elastic,ElasticNet,full_motion_feed_event,154,numeric,AngZ_Rate_p75,yes
2,pig_12|pig_19,1,elastic,elastic,ElasticNet,full_motion_feed_event,155,numeric,Jerk_Mean_mean,yes
2,pig_12|pig_19,1,elastic,elastic,ElasticNet,full_motion_feed_event,156,numeric,Jerk_Mean_std,yes
2,pig_12|pig_19,1,elastic,elastic,ElasticNet,full_motion_feed_event,157,numeric,Jerk_Mean_p25,yes
2,pig_12|pig_19,1,elastic,elastic,ElasticNet,full_motion_feed_event,158,numeric,Jerk_Mean_p75,yes
2,pig_12|pig_19,1,elastic,elastic,ElasticNet,full_motion_feed_event,159,numeric,ODBA_mean,yes
2,pig_12|pig_19,1,elastic,elastic,ElasticNet,full_motion_feed_event,160,numeric,ODBA_std,yes
2,pig_12|pig_19,1,elastic,elastic,ElasticNet,full_motion_feed_event,161,numeric,ODBA_p25,yes
2,pig_12|pig_19,1,elastic,elastic,ElasticNet,full_motion_feed_event,162,numeric,ODBA_p75,yes
2,pig_12|pig_19,1,elastic,elastic,ElasticNet,full_motion_feed_event,163,numeric,VeDBA_RMS_mean,yes
2,pig_12|pig_19,1,elastic,elastic,ElasticNet,full_motion_feed_event,164,numeric,VeDBA_RMS_std,yes
2,pig_12|pig_19,1,elastic,elastic,ElasticNet,full_motion_feed_event,165,numeric,VeDBA_RMS_p25,yes
2,pig_12|pig_19,1,elastic,elastic,ElasticNet,full_motion_feed_event,166,numeric,VeDBA_RMS_p75,yes
2,pig_12|pig_19,1,elastic,elastic,ElasticNet,full_motion_feed_event,167,numeric,Axis_Dominance_mean,yes
2,pig_12|pig_19,1,elastic,elastic,ElasticNet,full_motion_feed_event,168,numeric,Axis_Dominance_std,yes
2,pig_12|pig_19,1,elastic,elastic,ElasticNet,full_motion_feed_event,169,numeric,Axis_Dominance_p25,yes
2,pig_12|pig_19,1,elastic,elastic,ElasticNet,full_motion_feed_event,170,numeric,Axis_Dominance_p75,yes
2,pig_12|pig_19,1,elastic,elastic,ElasticNet,full_motion_feed_event,171,numeric,Skewness_mean,yes
2,pig_12|pig_19,1,elastic,elastic,ElasticNet,full_motion_feed_event,172,numeric,Skewness_std,yes
2,pig_12|pig_19,1,elastic,elastic,ElasticNet,full_motion_feed_event,173,numeric,Skewness_p25,yes
2,pig_12|pig_19,1,elastic,elastic,ElasticNet,full_motion_feed_event,174,numeric,Skewness_p75,yes
2,pig_12|pig_19,1,elastic,elastic,ElasticNet,full_motion_feed_event,175,numeric,Kurtosis_mean,yes
2,pig_12|pig_19,1,elastic,elastic,ElasticNet,full_motion_feed_event,176,numeric,Kurtosis_std,yes
2,pig_12|pig_19,1,elastic,elastic,ElasticNet,full_motion_feed_event,177,numeric,Kurtosis_p25,yes
2,pig_12|pig_19,1,elastic,elastic,ElasticNet,full_motion_feed_event,178,numeric,Kurtosis_p75,yes
2,pig_12|pig_19,1,elastic,elastic,ElasticNet,full_motion_feed_event,179,numeric,Autocorr_Lag1_mean,yes
2,pig_12|pig_19,1,elastic,elastic,ElasticNet,full_motion_feed_event,180,numeric,Autocorr_Lag1_std,yes
2,pig_12|pig_19,1,elastic,elastic,ElasticNet,full_motion_feed_event,181,numeric,Autocorr_Lag1_p25,yes
2,pig_12|pig_19,1,elastic,elastic,ElasticNet,full_motion_feed_event,182,numeric,Autocorr_Lag1_p75,yes
2,pig_12|pig_19,1,elastic,elastic,ElasticNet,full_motion_feed_event,183,numeric,Peak_Count_mean,yes
2,pig_12|pig_19,1,elastic,elastic,ElasticNet,full_motion_feed_event,184,numeric,Peak_Count_std,yes
2,pig_12|pig_19,1,elastic,elastic,ElasticNet,full_motion_feed_event,185,numeric,Peak_Count_p25,yes
2,pig_12|pig_19,1,elastic,elastic,ElasticNet,full_motion_feed_event,186,numeric,Peak_Count_p75,yes
2,pig_12|pig_19,1,elastic,elastic,ElasticNet,full_motion_feed_event,187,numeric,Corr_XY_mean,yes
2,pig_12|pig_19,1,elastic,elastic,ElasticNet,full_motion_feed_event,188,numeric,Corr_XY_std,yes
2,pig_12|pig_19,1,elastic,elastic,ElasticNet,full_motion_feed_event,189,numeric,Corr_XY_p25,yes
2,pig_12|pig_19,1,elastic,elastic,ElasticNet,full_motion_feed_event,190,numeric,Corr_XY_p75,yes
2,pig_12|pig_19,1,elastic,elastic,ElasticNet,full_motion_feed_event,191,numeric,Corr_XZ_mean,yes
2,pig_12|pig_19,1,elastic,elastic,ElasticNet,full_motion_feed_event,192,numeric,Corr_XZ_std,yes
2,pig_12|pig_19,1,elastic,elastic,ElasticNet,full_motion_feed_event,193,numeric,Corr_XZ_p25,yes
2,pig_12|pig_19,1,elastic,elastic,ElasticNet,full_motion_feed_event,194,numeric,Corr_XZ_p75,yes
2,pig_12|pig_19,1,elastic,elastic,ElasticNet,full_motion_feed_event,195,numeric,Corr_YZ_mean,yes
2,pig_12|pig_19,1,elastic,elastic,ElasticNet,full_motion_feed_event,196,numeric,Corr_YZ_std,yes
2,pig_12|pig_19,1,elastic,elastic,ElasticNet,full_motion_feed_event,197,numeric,Corr_YZ_p25,yes
2,pig_12|pig_19,1,elastic,elastic,ElasticNet,full_motion_feed_event,198,numeric,Corr_YZ_p75,yes
2,pig_12|pig_19,1,elastic,elastic,ElasticNet,full_motion_feed_event,199,numeric,Spectral_Entropy_mean,yes
2,pig_12|pig_19,1,elastic,elastic,ElasticNet,full_motion_feed_event,200,numeric,Spectral_Entropy_std,yes
2,pig_12|pig_19,1,elastic,elastic,ElasticNet,full_motion_feed_event,201,numeric,Spectral_Entropy_p25,yes
2,pig_12|pig_19,1,elastic,elastic,ElasticNet,full_motion_feed_event,202,numeric,Spectral_Entropy_p75,yes
2,pig_12|pig_19,1,elastic,elastic,ElasticNet,full_motion_feed_event,203,numeric,Zero_Crossing_Rate_mean,yes
2,pig_12|pig_19,1,elastic,elastic,ElasticNet,full_motion_feed_event,204,numeric,Zero_Crossing_Rate_std,yes
2,pig_12|pig_19,1,elastic,elastic,ElasticNet,full_motion_feed_event,205,numeric,Zero_Crossing_Rate_p25,yes
2,pig_12|pig_19,1,elastic,elastic,ElasticNet,full_motion_feed_event,206,numeric,Zero_Crossing_Rate_p75,yes
2,pig_12|pig_19,1,elastic,elastic,ElasticNet,full_motion_feed_event,207,numeric,Dominant_Frequency_mean,yes
2,pig_12|pig_19,1,elastic,elastic,ElasticNet,full_motion_feed_event,208,numeric,Dominant_Frequency_std,yes
2,pig_12|pig_19,1,elastic,elastic,ElasticNet,full_motion_feed_event,209,numeric,Dominant_Frequency_p25,yes
2,pig_12|pig_19,1,elastic,elastic,ElasticNet,full_motion_feed_event,210,numeric,Dominant_Frequency_p75,yes
2,pig_12|pig_19,1,elastic,elastic,ElasticNet,full_motion_feed_event,211,numeric,Coefficient_of_Variation_mean,yes
2,pig_12|pig_19,1,elastic,elastic,ElasticNet,full_motion_feed_event,212,numeric,Coefficient_of_Variation_std,yes
2,pig_12|pig_19,1,elastic,elastic,ElasticNet,full_motion_feed_event,213,numeric,Coefficient_of_Variation_p25,yes
2,pig_12|pig_19,1,elastic,elastic,ElasticNet,full_motion_feed_event,214,numeric,Coefficient_of_Variation_p75,yes
2,pig_12|pig_19,1,elastic,elastic,ElasticNet,full_motion_feed_event,215,numeric,Power_Low_mean,yes
2,pig_12|pig_19,1,elastic,elastic,ElasticNet,full_motion_feed_event,216,numeric,Power_Low_std,yes
2,pig_12|pig_19,1,elastic,elastic,ElasticNet,full_motion_feed_event,217,numeric,Power_Low_p25,yes
2,pig_12|pig_19,1,elastic,elastic,ElasticNet,full_motion_feed_event,218,numeric,Power_Low_p75,yes
2,pig_12|pig_19,1,elastic,elastic,ElasticNet,full_motion_feed_event,219,numeric,Power_Loco_mean,yes
2,pig_12|pig_19,1,elastic,elastic,ElasticNet,full_motion_feed_event,220,numeric,Power_Loco_std,yes
2,pig_12|pig_19,1,elastic,elastic,ElasticNet,full_motion_feed_event,221,numeric,Power_Loco_p25,yes
2,pig_12|pig_19,1,elastic,elastic,ElasticNet,full_motion_feed_event,222,numeric,Power_Loco_p75,yes
2,pig_12|pig_19,1,elastic,elastic,ElasticNet,full_motion_feed_event,223,numeric,Power_High_mean,yes
2,pig_12|pig_19,1,elastic,elastic,ElasticNet,full_motion_feed_event,224,numeric,Power_High_std,yes
2,pig_12|pig_19,1,elastic,elastic,ElasticNet,full_motion_feed_event,225,numeric,Power_High_p25,yes
2,pig_12|pig_19,1,elastic,elastic,ElasticNet,full_motion_feed_event,226,numeric,Power_High_p75,yes
2,pig_12|pig_19,1,elastic,elastic,ElasticNet,full_motion_feed_event,227,numeric,Sample_Entropy_mean,yes
2,pig_12|pig_19,1,elastic,elastic,ElasticNet,full_motion_feed_event,228,numeric,Sample_Entropy_std,yes
2,pig_12|pig_19,1,elastic,elastic,ElasticNet,full_motion_feed_event,229,numeric,Sample_Entropy_p25,yes
2,pig_12|pig_19,1,elastic,elastic,ElasticNet,full_motion_feed_event,230,numeric,Sample_Entropy_p75,yes
2,pig_12|pig_19,1,elastic,elastic,ElasticNet,full_motion_feed_event,231,numeric,Frac_Rest,yes
2,pig_12|pig_19,1,elastic,elastic,ElasticNet,full_motion_feed_event,232,numeric,Frac_Moderate,yes
2,pig_12|pig_19,1,elastic,elastic,ElasticNet,full_motion_feed_event,233,numeric,Frac_Vigorous,yes
2,pig_12|pig_19,1,elastic,elastic,ElasticNet,full_motion_feed_event,234,numeric,Frac_Lying,yes
2,pig_12|pig_19,1,elastic,elastic,ElasticNet,full_motion_feed_event,235,numeric,Frac_HeadDown,yes
2,pig_12|pig_19,1,elastic,elastic,ElasticNet,full_motion_feed_event,236,numeric,Active_Fraction,yes
2,pig_12|pig_19,1,elastic,elastic,ElasticNet,full_motion_feed_event,237,numeric,move_coverage,yes
2,pig_12|pig_19,1,elastic,elastic,ElasticNet,full_motion_feed_event,238,numeric,StepFreq_std,yes
2,pig_12|pig_19,1,elastic,elastic,ElasticNet,full_motion_feed_event,239,numeric,LyingTransitions,yes
2,pig_12|pig_19,1,elastic,elastic,ElasticNet,full_motion_feed_event,240,numeric,HeadDownTransitions,yes
2,pig_12|pig_19,1,elastic,elastic,ElasticNet,full_motion_feed_event,241,numeric,data_count_mean,yes
2,pig_12|pig_19,1,elastic,elastic,ElasticNet,full_motion_feed_event,242,numeric,planned_meal_g_per_w075_if_fed,yes
2,pig_12|pig_19,1,elastic,elastic,ElasticNet,full_motion_feed_event,243,numeric,planned_feed_available,yes
2,pig_12|pig_19,1,elastic,elastic,ElasticNet,full_motion_feed_event,244,numeric,meal_history_known,yes
2,pig_12|pig_19,1,elastic,elastic,ElasticNet,full_motion_feed_event,245,numeric,hours_since_last_meal_capped48,yes
2,pig_12|pig_19,1,elastic,elastic,ElasticNet,full_motion_feed_event,246,numeric,last_meal_is_afternoon,yes
2,pig_12|pig_19,1,elastic,elastic,ElasticNet,full_motion_feed_event,247,numeric,last_meal_is_morning,yes
2,pig_12|pig_19,1,elastic,elastic,ElasticNet,full_motion_feed_event,248,numeric,fed_to_fasting_carryover_6h,yes
2,pig_12|pig_19,1,elastic,elastic,ElasticNet,full_motion_feed_event,249,numeric,hours_in_fasting,yes
2,pig_12|pig_19,1,elastic,elastic,ElasticNet,full_motion_feed_event,250,numeric,hours_since_afternoon_meal_capped48,yes
2,pig_12|pig_19,1,elastic,elastic,ElasticNet,full_motion_feed_event,251,numeric,hours_since_morning_meal_capped48,yes
2,pig_12|pig_19,1,elastic,elastic,ElasticNet,full_motion_feed_event,252,numeric,meal_afternoon_kernel_tau0p5h,yes
2,pig_12|pig_19,1,elastic,elastic,ElasticNet,full_motion_feed_event,253,numeric,meal_afternoon_kernel_tau1p5h,yes
2,pig_12|pig_19,1,elastic,elastic,ElasticNet,full_motion_feed_event,254,numeric,meal_afternoon_kernel_tau3p0h,yes
2,pig_12|pig_19,1,elastic,elastic,ElasticNet,full_motion_feed_event,255,numeric,meal_afternoon_kernel_tau6p0h,yes
2,pig_12|pig_19,1,elastic,elastic,ElasticNet,full_motion_feed_event,256,numeric,meal_morning_kernel_tau0p5h,yes
2,pig_12|pig_19,1,elastic,elastic,ElasticNet,full_motion_feed_event,257,numeric,meal_morning_kernel_tau1p5h,yes
2,pig_12|pig_19,1,elastic,elastic,ElasticNet,full_motion_feed_event,258,numeric,meal_morning_kernel_tau3p0h,yes
2,pig_12|pig_19,1,elastic,elastic,ElasticNet,full_motion_feed_event,259,numeric,meal_morning_kernel_tau6p0h,yes
2,pig_12|pig_19,1,elastic,elastic,ElasticNet,full_motion_feed_event,260,numeric,meal_any_kernel_tau1p5h,yes
2,pig_12|pig_19,1,elastic,elastic,ElasticNet,full_motion_feed_event,261,numeric,meal_any_kernel_tau3p0h,yes
2,pig_12|pig_19,1,elastic,elastic,ElasticNet,full_motion_feed_event,262,numeric,dose_x_meal_afternoon_kernel_tau0p5h,yes
2,pig_12|pig_19,1,elastic,elastic,ElasticNet,full_motion_feed_event,263,numeric,dose_x_meal_afternoon_kernel_tau1p5h,yes
2,pig_12|pig_19,1,elastic,elastic,ElasticNet,full_motion_feed_event,264,numeric,dose_x_meal_afternoon_kernel_tau3p0h,yes
2,pig_12|pig_19,1,elastic,elastic,ElasticNet,full_motion_feed_event,265,numeric,dose_x_meal_afternoon_kernel_tau6p0h,yes
2,pig_12|pig_19,1,elastic,elastic,ElasticNet,full_motion_feed_event,266,numeric,dose_x_meal_morning_kernel_tau0p5h,yes
2,pig_12|pig_19,1,elastic,elastic,ElasticNet,full_motion_feed_event,267,numeric,dose_x_meal_morning_kernel_tau1p5h,yes
2,pig_12|pig_19,1,elastic,elastic,ElasticNet,full_motion_feed_event,268,numeric,dose_x_meal_morning_kernel_tau3p0h,yes
2,pig_12|pig_19,1,elastic,elastic,ElasticNet,full_motion_feed_event,269,numeric,dose_x_meal_morning_kernel_tau6p0h,yes
2,pig_12|pig_19,1,elastic,elastic,ElasticNet,full_motion_feed_event,270,numeric,dose_x_meal_any_kernel_tau1p5h,yes
2,pig_12|pig_19,1,elastic,elastic,ElasticNet,full_motion_feed_event,271,numeric,dose_x_meal_any_kernel_tau3p0h,yes
2,pig_12|pig_19,1,elastic,elastic,ElasticNet,full_motion_feed_event,272,categorical,chamber,yes
2,pig_12|pig_19,1,elastic,elastic,ElasticNet,full_motion_feed_event,273,categorical,phase_label,yes
2,pig_12|pig_19,2,extra_leaf3,extra,ExtraTreesRegressor,full_motion_feed_event,1,numeric,hour_of_day,yes
2,pig_12|pig_19,2,extra_leaf3,extra,ExtraTreesRegressor,full_motion_feed_event,2,numeric,sin_hour,yes
2,pig_12|pig_19,2,extra_leaf3,extra,ExtraTreesRegressor,full_motion_feed_event,3,numeric,cos_hour,yes
2,pig_12|pig_19,2,extra_leaf3,extra,ExtraTreesRegressor,full_motion_feed_event,4,numeric,weight,yes
2,pig_12|pig_19,2,extra_leaf3,extra,ExtraTreesRegressor,full_motion_feed_event,5,numeric,is_fasting,yes
2,pig_12|pig_19,2,extra_leaf3,extra,ExtraTreesRegressor,full_motion_feed_event,6,numeric,day_in_phase,yes
2,pig_12|pig_19,2,extra_leaf3,extra,ExtraTreesRegressor,full_motion_feed_event,7,numeric,win_s,yes
2,pig_12|pig_19,2,extra_leaf3,extra,ExtraTreesRegressor,full_motion_feed_event,8,numeric,is_adaptation,yes
2,pig_12|pig_19,2,extra_leaf3,extra,ExtraTreesRegressor,full_motion_feed_event,9,numeric,is_formal,yes
2,pig_12|pig_19,2,extra_leaf3,extra,ExtraTreesRegressor,full_motion_feed_event,10,numeric,小室温度(℃),yes
2,pig_12|pig_19,2,extra_leaf3,extra,ExtraTreesRegressor,full_motion_feed_event,11,numeric,小室湿度(%),yes
2,pig_12|pig_19,2,extra_leaf3,extra,ExtraTreesRegressor,full_motion_feed_event,12,numeric,beat_count,yes
2,pig_12|pig_19,2,extra_leaf3,extra,ExtraTreesRegressor,full_motion_feed_event,13,numeric,HR_mean,yes
2,pig_12|pig_19,2,extra_leaf3,extra,ExtraTreesRegressor,full_motion_feed_event,14,numeric,HR_std,yes
2,pig_12|pig_19,2,extra_leaf3,extra,ExtraTreesRegressor,full_motion_feed_event,15,numeric,RR_mean,yes
2,pig_12|pig_19,2,extra_leaf3,extra,ExtraTreesRegressor,full_motion_feed_event,16,numeric,SDNN,yes
2,pig_12|pig_19,2,extra_leaf3,extra,ExtraTreesRegressor,full_motion_feed_event,17,numeric,RMSSD,yes
2,pig_12|pig_19,2,extra_leaf3,extra,ExtraTreesRegressor,full_motion_feed_event,18,numeric,pNN50,yes
2,pig_12|pig_19,2,extra_leaf3,extra,ExtraTreesRegressor,full_motion_feed_event,19,numeric,RR_cv,yes
2,pig_12|pig_19,2,extra_leaf3,extra,ExtraTreesRegressor,full_motion_feed_event,20,numeric,RR_skew,yes
2,pig_12|pig_19,2,extra_leaf3,extra,ExtraTreesRegressor,full_motion_feed_event,21,numeric,RR_kurt,yes
2,pig_12|pig_19,2,extra_leaf3,extra,ExtraTreesRegressor,full_motion_feed_event,22,numeric,RR_range,yes
2,pig_12|pig_19,2,extra_leaf3,extra,ExtraTreesRegressor,full_motion_feed_event,23,numeric,Acc_Mean_mean,yes
2,pig_12|pig_19,2,extra_leaf3,extra,ExtraTreesRegressor,full_motion_feed_event,24,numeric,Acc_Mean_std,yes
2,pig_12|pig_19,2,extra_leaf3,extra,ExtraTreesRegressor,full_motion_feed_event,25,numeric,Acc_Mean_p25,yes
2,pig_12|pig_19,2,extra_leaf3,extra,ExtraTreesRegressor,full_motion_feed_event,26,numeric,Acc_Mean_p75,yes
2,pig_12|pig_19,2,extra_leaf3,extra,ExtraTreesRegressor,full_motion_feed_event,27,numeric,Acc_Std_mean,yes
2,pig_12|pig_19,2,extra_leaf3,extra,ExtraTreesRegressor,full_motion_feed_event,28,numeric,Acc_Std_std,yes
2,pig_12|pig_19,2,extra_leaf3,extra,ExtraTreesRegressor,full_motion_feed_event,29,numeric,Acc_Std_p25,yes
2,pig_12|pig_19,2,extra_leaf3,extra,ExtraTreesRegressor,full_motion_feed_event,30,numeric,Acc_Std_p75,yes
2,pig_12|pig_19,2,extra_leaf3,extra,ExtraTreesRegressor,full_motion_feed_event,31,numeric,Acc_Sum_mean,yes
2,pig_12|pig_19,2,extra_leaf3,extra,ExtraTreesRegressor,full_motion_feed_event,32,numeric,Acc_Sum_std,yes
2,pig_12|pig_19,2,extra_leaf3,extra,ExtraTreesRegressor,full_motion_feed_event,33,numeric,Acc_Sum_p25,yes
2,pig_12|pig_19,2,extra_leaf3,extra,ExtraTreesRegressor,full_motion_feed_event,34,numeric,Acc_Sum_p75,yes
2,pig_12|pig_19,2,extra_leaf3,extra,ExtraTreesRegressor,full_motion_feed_event,35,numeric,Acc_Max_mean,yes
2,pig_12|pig_19,2,extra_leaf3,extra,ExtraTreesRegressor,full_motion_feed_event,36,numeric,Acc_Max_std,yes
2,pig_12|pig_19,2,extra_leaf3,extra,ExtraTreesRegressor,full_motion_feed_event,37,numeric,Acc_Max_p25,yes
2,pig_12|pig_19,2,extra_leaf3,extra,ExtraTreesRegressor,full_motion_feed_event,38,numeric,Acc_Max_p75,yes
2,pig_12|pig_19,2,extra_leaf3,extra,ExtraTreesRegressor,full_motion_feed_event,39,numeric,Acc_Min_mean,yes
2,pig_12|pig_19,2,extra_leaf3,extra,ExtraTreesRegressor,full_motion_feed_event,40,numeric,Acc_Min_std,yes
2,pig_12|pig_19,2,extra_leaf3,extra,ExtraTreesRegressor,full_motion_feed_event,41,numeric,Acc_Min_p25,yes
2,pig_12|pig_19,2,extra_leaf3,extra,ExtraTreesRegressor,full_motion_feed_event,42,numeric,Acc_Min_p75,yes
2,pig_12|pig_19,2,extra_leaf3,extra,ExtraTreesRegressor,full_motion_feed_event,43,numeric,Acc_Range_mean,yes
2,pig_12|pig_19,2,extra_leaf3,extra,ExtraTreesRegressor,full_motion_feed_event,44,numeric,Acc_Range_std,yes
2,pig_12|pig_19,2,extra_leaf3,extra,ExtraTreesRegressor,full_motion_feed_event,45,numeric,Acc_Range_p25,yes
2,pig_12|pig_19,2,extra_leaf3,extra,ExtraTreesRegressor,full_motion_feed_event,46,numeric,Acc_Range_p75,yes
2,pig_12|pig_19,2,extra_leaf3,extra,ExtraTreesRegressor,full_motion_feed_event,47,numeric,Acc_P25_mean,yes
2,pig_12|pig_19,2,extra_leaf3,extra,ExtraTreesRegressor,full_motion_feed_event,48,numeric,Acc_P25_std,yes
2,pig_12|pig_19,2,extra_leaf3,extra,ExtraTreesRegressor,full_motion_feed_event,49,numeric,Acc_P25_p25,yes
2,pig_12|pig_19,2,extra_leaf3,extra,ExtraTreesRegressor,full_motion_feed_event,50,numeric,Acc_P25_p75,yes
2,pig_12|pig_19,2,extra_leaf3,extra,ExtraTreesRegressor,full_motion_feed_event,51,numeric,Acc_P75_mean,yes
2,pig_12|pig_19,2,extra_leaf3,extra,ExtraTreesRegressor,full_motion_feed_event,52,numeric,Acc_P75_std,yes
2,pig_12|pig_19,2,extra_leaf3,extra,ExtraTreesRegressor,full_motion_feed_event,53,numeric,Acc_P75_p25,yes
2,pig_12|pig_19,2,extra_leaf3,extra,ExtraTreesRegressor,full_motion_feed_event,54,numeric,Acc_P75_p75,yes
2,pig_12|pig_19,2,extra_leaf3,extra,ExtraTreesRegressor,full_motion_feed_event,55,numeric,Gyro_Mean_mean,yes
2,pig_12|pig_19,2,extra_leaf3,extra,ExtraTreesRegressor,full_motion_feed_event,56,numeric,Gyro_Mean_std,yes
2,pig_12|pig_19,2,extra_leaf3,extra,ExtraTreesRegressor,full_motion_feed_event,57,numeric,Gyro_Mean_p25,yes
2,pig_12|pig_19,2,extra_leaf3,extra,ExtraTreesRegressor,full_motion_feed_event,58,numeric,Gyro_Mean_p75,yes
2,pig_12|pig_19,2,extra_leaf3,extra,ExtraTreesRegressor,full_motion_feed_event,59,numeric,Gyro_Max_mean,yes
2,pig_12|pig_19,2,extra_leaf3,extra,ExtraTreesRegressor,full_motion_feed_event,60,numeric,Gyro_Max_std,yes
2,pig_12|pig_19,2,extra_leaf3,extra,ExtraTreesRegressor,full_motion_feed_event,61,numeric,Gyro_Max_p25,yes
2,pig_12|pig_19,2,extra_leaf3,extra,ExtraTreesRegressor,full_motion_feed_event,62,numeric,Gyro_Max_p75,yes
2,pig_12|pig_19,2,extra_leaf3,extra,ExtraTreesRegressor,full_motion_feed_event,63,numeric,DynX_Mean_mean,yes
2,pig_12|pig_19,2,extra_leaf3,extra,ExtraTreesRegressor,full_motion_feed_event,64,numeric,DynX_Mean_std,yes
2,pig_12|pig_19,2,extra_leaf3,extra,ExtraTreesRegressor,full_motion_feed_event,65,numeric,DynX_Mean_p25,yes
2,pig_12|pig_19,2,extra_leaf3,extra,ExtraTreesRegressor,full_motion_feed_event,66,numeric,DynX_Mean_p75,yes
2,pig_12|pig_19,2,extra_leaf3,extra,ExtraTreesRegressor,full_motion_feed_event,67,numeric,DynX_Std_mean,yes
2,pig_12|pig_19,2,extra_leaf3,extra,ExtraTreesRegressor,full_motion_feed_event,68,numeric,DynX_Std_std,yes
2,pig_12|pig_19,2,extra_leaf3,extra,ExtraTreesRegressor,full_motion_feed_event,69,numeric,DynX_Std_p25,yes
2,pig_12|pig_19,2,extra_leaf3,extra,ExtraTreesRegressor,full_motion_feed_event,70,numeric,DynX_Std_p75,yes
2,pig_12|pig_19,2,extra_leaf3,extra,ExtraTreesRegressor,full_motion_feed_event,71,numeric,DynX_Mean_abs_mean,yes
2,pig_12|pig_19,2,extra_leaf3,extra,ExtraTreesRegressor,full_motion_feed_event,72,numeric,DynX_Mean_abs_std,yes
2,pig_12|pig_19,2,extra_leaf3,extra,ExtraTreesRegressor,full_motion_feed_event,73,numeric,DynX_Mean_abs_p25,yes
2,pig_12|pig_19,2,extra_leaf3,extra,ExtraTreesRegressor,full_motion_feed_event,74,numeric,DynX_Mean_abs_p75,yes
2,pig_12|pig_19,2,extra_leaf3,extra,ExtraTreesRegressor,full_motion_feed_event,75,numeric,DynY_Mean_mean,yes
2,pig_12|pig_19,2,extra_leaf3,extra,ExtraTreesRegressor,full_motion_feed_event,76,numeric,DynY_Mean_std,yes
2,pig_12|pig_19,2,extra_leaf3,extra,ExtraTreesRegressor,full_motion_feed_event,77,numeric,DynY_Mean_p25,yes
2,pig_12|pig_19,2,extra_leaf3,extra,ExtraTreesRegressor,full_motion_feed_event,78,numeric,DynY_Mean_p75,yes
2,pig_12|pig_19,2,extra_leaf3,extra,ExtraTreesRegressor,full_motion_feed_event,79,numeric,DynY_Std_mean,yes
2,pig_12|pig_19,2,extra_leaf3,extra,ExtraTreesRegressor,full_motion_feed_event,80,numeric,DynY_Std_std,yes
2,pig_12|pig_19,2,extra_leaf3,extra,ExtraTreesRegressor,full_motion_feed_event,81,numeric,DynY_Std_p25,yes
2,pig_12|pig_19,2,extra_leaf3,extra,ExtraTreesRegressor,full_motion_feed_event,82,numeric,DynY_Std_p75,yes
2,pig_12|pig_19,2,extra_leaf3,extra,ExtraTreesRegressor,full_motion_feed_event,83,numeric,DynY_Mean_abs_mean,yes
2,pig_12|pig_19,2,extra_leaf3,extra,ExtraTreesRegressor,full_motion_feed_event,84,numeric,DynY_Mean_abs_std,yes
2,pig_12|pig_19,2,extra_leaf3,extra,ExtraTreesRegressor,full_motion_feed_event,85,numeric,DynY_Mean_abs_p25,yes
2,pig_12|pig_19,2,extra_leaf3,extra,ExtraTreesRegressor,full_motion_feed_event,86,numeric,DynY_Mean_abs_p75,yes
2,pig_12|pig_19,2,extra_leaf3,extra,ExtraTreesRegressor,full_motion_feed_event,87,numeric,DynZ_Mean_mean,yes
2,pig_12|pig_19,2,extra_leaf3,extra,ExtraTreesRegressor,full_motion_feed_event,88,numeric,DynZ_Mean_std,yes
2,pig_12|pig_19,2,extra_leaf3,extra,ExtraTreesRegressor,full_motion_feed_event,89,numeric,DynZ_Mean_p25,yes
2,pig_12|pig_19,2,extra_leaf3,extra,ExtraTreesRegressor,full_motion_feed_event,90,numeric,DynZ_Mean_p75,yes
2,pig_12|pig_19,2,extra_leaf3,extra,ExtraTreesRegressor,full_motion_feed_event,91,numeric,DynZ_Std_mean,yes
2,pig_12|pig_19,2,extra_leaf3,extra,ExtraTreesRegressor,full_motion_feed_event,92,numeric,DynZ_Std_std,yes
2,pig_12|pig_19,2,extra_leaf3,extra,ExtraTreesRegressor,full_motion_feed_event,93,numeric,DynZ_Std_p25,yes
2,pig_12|pig_19,2,extra_leaf3,extra,ExtraTreesRegressor,full_motion_feed_event,94,numeric,DynZ_Std_p75,yes
2,pig_12|pig_19,2,extra_leaf3,extra,ExtraTreesRegressor,full_motion_feed_event,95,numeric,DynZ_Mean_abs_mean,yes
2,pig_12|pig_19,2,extra_leaf3,extra,ExtraTreesRegressor,full_motion_feed_event,96,numeric,DynZ_Mean_abs_std,yes
2,pig_12|pig_19,2,extra_leaf3,extra,ExtraTreesRegressor,full_motion_feed_event,97,numeric,DynZ_Mean_abs_p25,yes
2,pig_12|pig_19,2,extra_leaf3,extra,ExtraTreesRegressor,full_motion_feed_event,98,numeric,DynZ_Mean_abs_p75,yes
2,pig_12|pig_19,2,extra_leaf3,extra,ExtraTreesRegressor,full_motion_feed_event,99,numeric,AccMag_Mean_mean,yes
2,pig_12|pig_19,2,extra_leaf3,extra,ExtraTreesRegressor,full_motion_feed_event,100,numeric,AccMag_Mean_std,yes
2,pig_12|pig_19,2,extra_leaf3,extra,ExtraTreesRegressor,full_motion_feed_event,101,numeric,AccMag_Mean_p25,yes
2,pig_12|pig_19,2,extra_leaf3,extra,ExtraTreesRegressor,full_motion_feed_event,102,numeric,AccMag_Mean_p75,yes
2,pig_12|pig_19,2,extra_leaf3,extra,ExtraTreesRegressor,full_motion_feed_event,103,numeric,AccMag_Std_mean,yes
2,pig_12|pig_19,2,extra_leaf3,extra,ExtraTreesRegressor,full_motion_feed_event,104,numeric,AccMag_Std_std,yes
2,pig_12|pig_19,2,extra_leaf3,extra,ExtraTreesRegressor,full_motion_feed_event,105,numeric,AccMag_Std_p25,yes
2,pig_12|pig_19,2,extra_leaf3,extra,ExtraTreesRegressor,full_motion_feed_event,106,numeric,AccMag_Std_p75,yes
2,pig_12|pig_19,2,extra_leaf3,extra,ExtraTreesRegressor,full_motion_feed_event,107,numeric,Roll_Mean_mean,yes
2,pig_12|pig_19,2,extra_leaf3,extra,ExtraTreesRegressor,full_motion_feed_event,108,numeric,Roll_Mean_std,yes
2,pig_12|pig_19,2,extra_leaf3,extra,ExtraTreesRegressor,full_motion_feed_event,109,numeric,Roll_Mean_p25,yes
2,pig_12|pig_19,2,extra_leaf3,extra,ExtraTreesRegressor,full_motion_feed_event,110,numeric,Roll_Mean_p75,yes
2,pig_12|pig_19,2,extra_leaf3,extra,ExtraTreesRegressor,full_motion_feed_event,111,numeric,Roll_Std_mean,yes
2,pig_12|pig_19,2,extra_leaf3,extra,ExtraTreesRegressor,full_motion_feed_event,112,numeric,Roll_Std_std,yes
2,pig_12|pig_19,2,extra_leaf3,extra,ExtraTreesRegressor,full_motion_feed_event,113,numeric,Roll_Std_p25,yes
2,pig_12|pig_19,2,extra_leaf3,extra,ExtraTreesRegressor,full_motion_feed_event,114,numeric,Roll_Std_p75,yes
2,pig_12|pig_19,2,extra_leaf3,extra,ExtraTreesRegressor,full_motion_feed_event,115,numeric,Pitch_Mean_mean,yes
2,pig_12|pig_19,2,extra_leaf3,extra,ExtraTreesRegressor,full_motion_feed_event,116,numeric,Pitch_Mean_std,yes
2,pig_12|pig_19,2,extra_leaf3,extra,ExtraTreesRegressor,full_motion_feed_event,117,numeric,Pitch_Mean_p25,yes
2,pig_12|pig_19,2,extra_leaf3,extra,ExtraTreesRegressor,full_motion_feed_event,118,numeric,Pitch_Mean_p75,yes
2,pig_12|pig_19,2,extra_leaf3,extra,ExtraTreesRegressor,full_motion_feed_event,119,numeric,Pitch_Std_mean,yes
2,pig_12|pig_19,2,extra_leaf3,extra,ExtraTreesRegressor,full_motion_feed_event,120,numeric,Pitch_Std_std,yes
2,pig_12|pig_19,2,extra_leaf3,extra,ExtraTreesRegressor,full_motion_feed_event,121,numeric,Pitch_Std_p25,yes
2,pig_12|pig_19,2,extra_leaf3,extra,ExtraTreesRegressor,full_motion_feed_event,122,numeric,Pitch_Std_p75,yes
2,pig_12|pig_19,2,extra_leaf3,extra,ExtraTreesRegressor,full_motion_feed_event,123,numeric,Tilt_Mag_Mean_mean,yes
2,pig_12|pig_19,2,extra_leaf3,extra,ExtraTreesRegressor,full_motion_feed_event,124,numeric,Tilt_Mag_Mean_std,yes
2,pig_12|pig_19,2,extra_leaf3,extra,ExtraTreesRegressor,full_motion_feed_event,125,numeric,Tilt_Mag_Mean_p25,yes
2,pig_12|pig_19,2,extra_leaf3,extra,ExtraTreesRegressor,full_motion_feed_event,126,numeric,Tilt_Mag_Mean_p75,yes
2,pig_12|pig_19,2,extra_leaf3,extra,ExtraTreesRegressor,full_motion_feed_event,127,numeric,Tilt_Mag_Std_mean,yes
2,pig_12|pig_19,2,extra_leaf3,extra,ExtraTreesRegressor,full_motion_feed_event,128,numeric,Tilt_Mag_Std_std,yes
2,pig_12|pig_19,2,extra_leaf3,extra,ExtraTreesRegressor,full_motion_feed_event,129,numeric,Tilt_Mag_Std_p25,yes
2,pig_12|pig_19,2,extra_leaf3,extra,ExtraTreesRegressor,full_motion_feed_event,130,numeric,Tilt_Mag_Std_p75,yes
2,pig_12|pig_19,2,extra_leaf3,extra,ExtraTreesRegressor,full_motion_feed_event,131,numeric,AngX_Std_mean,yes
2,pig_12|pig_19,2,extra_leaf3,extra,ExtraTreesRegressor,full_motion_feed_event,132,numeric,AngX_Std_std,yes
2,pig_12|pig_19,2,extra_leaf3,extra,ExtraTreesRegressor,full_motion_feed_event,133,numeric,AngX_Std_p25,yes
2,pig_12|pig_19,2,extra_leaf3,extra,ExtraTreesRegressor,full_motion_feed_event,134,numeric,AngX_Std_p75,yes
2,pig_12|pig_19,2,extra_leaf3,extra,ExtraTreesRegressor,full_motion_feed_event,135,numeric,AngY_Std_mean,yes
2,pig_12|pig_19,2,extra_leaf3,extra,ExtraTreesRegressor,full_motion_feed_event,136,numeric,AngY_Std_std,yes
2,pig_12|pig_19,2,extra_leaf3,extra,ExtraTreesRegressor,full_motion_feed_event,137,numeric,AngY_Std_p25,yes
2,pig_12|pig_19,2,extra_leaf3,extra,ExtraTreesRegressor,full_motion_feed_event,138,numeric,AngY_Std_p75,yes
2,pig_12|pig_19,2,extra_leaf3,extra,ExtraTreesRegressor,full_motion_feed_event,139,numeric,AngZ_Std_mean,yes
2,pig_12|pig_19,2,extra_leaf3,extra,ExtraTreesRegressor,full_motion_feed_event,140,numeric,AngZ_Std_std,yes
2,pig_12|pig_19,2,extra_leaf3,extra,ExtraTreesRegressor,full_motion_feed_event,141,numeric,AngZ_Std_p25,yes
2,pig_12|pig_19,2,extra_leaf3,extra,ExtraTreesRegressor,full_motion_feed_event,142,numeric,AngZ_Std_p75,yes
2,pig_12|pig_19,2,extra_leaf3,extra,ExtraTreesRegressor,full_motion_feed_event,143,numeric,AngX_Rate_mean,yes
2,pig_12|pig_19,2,extra_leaf3,extra,ExtraTreesRegressor,full_motion_feed_event,144,numeric,AngX_Rate_std,yes
2,pig_12|pig_19,2,extra_leaf3,extra,ExtraTreesRegressor,full_motion_feed_event,145,numeric,AngX_Rate_p25,yes
2,pig_12|pig_19,2,extra_leaf3,extra,ExtraTreesRegressor,full_motion_feed_event,146,numeric,AngX_Rate_p75,yes
2,pig_12|pig_19,2,extra_leaf3,extra,ExtraTreesRegressor,full_motion_feed_event,147,numeric,AngY_Rate_mean,yes
2,pig_12|pig_19,2,extra_leaf3,extra,ExtraTreesRegressor,full_motion_feed_event,148,numeric,AngY_Rate_std,yes
2,pig_12|pig_19,2,extra_leaf3,extra,ExtraTreesRegressor,full_motion_feed_event,149,numeric,AngY_Rate_p25,yes
2,pig_12|pig_19,2,extra_leaf3,extra,ExtraTreesRegressor,full_motion_feed_event,150,numeric,AngY_Rate_p75,yes
2,pig_12|pig_19,2,extra_leaf3,extra,ExtraTreesRegressor,full_motion_feed_event,151,numeric,AngZ_Rate_mean,yes
2,pig_12|pig_19,2,extra_leaf3,extra,ExtraTreesRegressor,full_motion_feed_event,152,numeric,AngZ_Rate_std,yes
2,pig_12|pig_19,2,extra_leaf3,extra,ExtraTreesRegressor,full_motion_feed_event,153,numeric,AngZ_Rate_p25,yes
2,pig_12|pig_19,2,extra_leaf3,extra,ExtraTreesRegressor,full_motion_feed_event,154,numeric,AngZ_Rate_p75,yes
2,pig_12|pig_19,2,extra_leaf3,extra,ExtraTreesRegressor,full_motion_feed_event,155,numeric,Jerk_Mean_mean,yes
2,pig_12|pig_19,2,extra_leaf3,extra,ExtraTreesRegressor,full_motion_feed_event,156,numeric,Jerk_Mean_std,yes
2,pig_12|pig_19,2,extra_leaf3,extra,ExtraTreesRegressor,full_motion_feed_event,157,numeric,Jerk_Mean_p25,yes
2,pig_12|pig_19,2,extra_leaf3,extra,ExtraTreesRegressor,full_motion_feed_event,158,numeric,Jerk_Mean_p75,yes
2,pig_12|pig_19,2,extra_leaf3,extra,ExtraTreesRegressor,full_motion_feed_event,159,numeric,ODBA_mean,yes
2,pig_12|pig_19,2,extra_leaf3,extra,ExtraTreesRegressor,full_motion_feed_event,160,numeric,ODBA_std,yes
2,pig_12|pig_19,2,extra_leaf3,extra,ExtraTreesRegressor,full_motion_feed_event,161,numeric,ODBA_p25,yes
2,pig_12|pig_19,2,extra_leaf3,extra,ExtraTreesRegressor,full_motion_feed_event,162,numeric,ODBA_p75,yes
2,pig_12|pig_19,2,extra_leaf3,extra,ExtraTreesRegressor,full_motion_feed_event,163,numeric,VeDBA_RMS_mean,yes
2,pig_12|pig_19,2,extra_leaf3,extra,ExtraTreesRegressor,full_motion_feed_event,164,numeric,VeDBA_RMS_std,yes
2,pig_12|pig_19,2,extra_leaf3,extra,ExtraTreesRegressor,full_motion_feed_event,165,numeric,VeDBA_RMS_p25,yes
2,pig_12|pig_19,2,extra_leaf3,extra,ExtraTreesRegressor,full_motion_feed_event,166,numeric,VeDBA_RMS_p75,yes
2,pig_12|pig_19,2,extra_leaf3,extra,ExtraTreesRegressor,full_motion_feed_event,167,numeric,Axis_Dominance_mean,yes
2,pig_12|pig_19,2,extra_leaf3,extra,ExtraTreesRegressor,full_motion_feed_event,168,numeric,Axis_Dominance_std,yes
2,pig_12|pig_19,2,extra_leaf3,extra,ExtraTreesRegressor,full_motion_feed_event,169,numeric,Axis_Dominance_p25,yes
2,pig_12|pig_19,2,extra_leaf3,extra,ExtraTreesRegressor,full_motion_feed_event,170,numeric,Axis_Dominance_p75,yes
2,pig_12|pig_19,2,extra_leaf3,extra,ExtraTreesRegressor,full_motion_feed_event,171,numeric,Skewness_mean,yes
2,pig_12|pig_19,2,extra_leaf3,extra,ExtraTreesRegressor,full_motion_feed_event,172,numeric,Skewness_std,yes
2,pig_12|pig_19,2,extra_leaf3,extra,ExtraTreesRegressor,full_motion_feed_event,173,numeric,Skewness_p25,yes
2,pig_12|pig_19,2,extra_leaf3,extra,ExtraTreesRegressor,full_motion_feed_event,174,numeric,Skewness_p75,yes
2,pig_12|pig_19,2,extra_leaf3,extra,ExtraTreesRegressor,full_motion_feed_event,175,numeric,Kurtosis_mean,yes
2,pig_12|pig_19,2,extra_leaf3,extra,ExtraTreesRegressor,full_motion_feed_event,176,numeric,Kurtosis_std,yes
2,pig_12|pig_19,2,extra_leaf3,extra,ExtraTreesRegressor,full_motion_feed_event,177,numeric,Kurtosis_p25,yes
2,pig_12|pig_19,2,extra_leaf3,extra,ExtraTreesRegressor,full_motion_feed_event,178,numeric,Kurtosis_p75,yes
2,pig_12|pig_19,2,extra_leaf3,extra,ExtraTreesRegressor,full_motion_feed_event,179,numeric,Autocorr_Lag1_mean,yes
2,pig_12|pig_19,2,extra_leaf3,extra,ExtraTreesRegressor,full_motion_feed_event,180,numeric,Autocorr_Lag1_std,yes
2,pig_12|pig_19,2,extra_leaf3,extra,ExtraTreesRegressor,full_motion_feed_event,181,numeric,Autocorr_Lag1_p25,yes
2,pig_12|pig_19,2,extra_leaf3,extra,ExtraTreesRegressor,full_motion_feed_event,182,numeric,Autocorr_Lag1_p75,yes
2,pig_12|pig_19,2,extra_leaf3,extra,ExtraTreesRegressor,full_motion_feed_event,183,numeric,Peak_Count_mean,yes
2,pig_12|pig_19,2,extra_leaf3,extra,ExtraTreesRegressor,full_motion_feed_event,184,numeric,Peak_Count_std,yes
2,pig_12|pig_19,2,extra_leaf3,extra,ExtraTreesRegressor,full_motion_feed_event,185,numeric,Peak_Count_p25,yes
2,pig_12|pig_19,2,extra_leaf3,extra,ExtraTreesRegressor,full_motion_feed_event,186,numeric,Peak_Count_p75,yes
2,pig_12|pig_19,2,extra_leaf3,extra,ExtraTreesRegressor,full_motion_feed_event,187,numeric,Corr_XY_mean,yes
2,pig_12|pig_19,2,extra_leaf3,extra,ExtraTreesRegressor,full_motion_feed_event,188,numeric,Corr_XY_std,yes
2,pig_12|pig_19,2,extra_leaf3,extra,ExtraTreesRegressor,full_motion_feed_event,189,numeric,Corr_XY_p25,yes
2,pig_12|pig_19,2,extra_leaf3,extra,ExtraTreesRegressor,full_motion_feed_event,190,numeric,Corr_XY_p75,yes
2,pig_12|pig_19,2,extra_leaf3,extra,ExtraTreesRegressor,full_motion_feed_event,191,numeric,Corr_XZ_mean,yes
2,pig_12|pig_19,2,extra_leaf3,extra,ExtraTreesRegressor,full_motion_feed_event,192,numeric,Corr_XZ_std,yes
2,pig_12|pig_19,2,extra_leaf3,extra,ExtraTreesRegressor,full_motion_feed_event,193,numeric,Corr_XZ_p25,yes
2,pig_12|pig_19,2,extra_leaf3,extra,ExtraTreesRegressor,full_motion_feed_event,194,numeric,Corr_XZ_p75,yes
2,pig_12|pig_19,2,extra_leaf3,extra,ExtraTreesRegressor,full_motion_feed_event,195,numeric,Corr_YZ_mean,yes
2,pig_12|pig_19,2,extra_leaf3,extra,ExtraTreesRegressor,full_motion_feed_event,196,numeric,Corr_YZ_std,yes
2,pig_12|pig_19,2,extra_leaf3,extra,ExtraTreesRegressor,full_motion_feed_event,197,numeric,Corr_YZ_p25,yes
2,pig_12|pig_19,2,extra_leaf3,extra,ExtraTreesRegressor,full_motion_feed_event,198,numeric,Corr_YZ_p75,yes
2,pig_12|pig_19,2,extra_leaf3,extra,ExtraTreesRegressor,full_motion_feed_event,199,numeric,Spectral_Entropy_mean,yes
2,pig_12|pig_19,2,extra_leaf3,extra,ExtraTreesRegressor,full_motion_feed_event,200,numeric,Spectral_Entropy_std,yes
2,pig_12|pig_19,2,extra_leaf3,extra,ExtraTreesRegressor,full_motion_feed_event,201,numeric,Spectral_Entropy_p25,yes
2,pig_12|pig_19,2,extra_leaf3,extra,ExtraTreesRegressor,full_motion_feed_event,202,numeric,Spectral_Entropy_p75,yes
2,pig_12|pig_19,2,extra_leaf3,extra,ExtraTreesRegressor,full_motion_feed_event,203,numeric,Zero_Crossing_Rate_mean,yes
2,pig_12|pig_19,2,extra_leaf3,extra,ExtraTreesRegressor,full_motion_feed_event,204,numeric,Zero_Crossing_Rate_std,yes
2,pig_12|pig_19,2,extra_leaf3,extra,ExtraTreesRegressor,full_motion_feed_event,205,numeric,Zero_Crossing_Rate_p25,yes
2,pig_12|pig_19,2,extra_leaf3,extra,ExtraTreesRegressor,full_motion_feed_event,206,numeric,Zero_Crossing_Rate_p75,yes
2,pig_12|pig_19,2,extra_leaf3,extra,ExtraTreesRegressor,full_motion_feed_event,207,numeric,Dominant_Frequency_mean,yes
2,pig_12|pig_19,2,extra_leaf3,extra,ExtraTreesRegressor,full_motion_feed_event,208,numeric,Dominant_Frequency_std,yes
2,pig_12|pig_19,2,extra_leaf3,extra,ExtraTreesRegressor,full_motion_feed_event,209,numeric,Dominant_Frequency_p25,yes
2,pig_12|pig_19,2,extra_leaf3,extra,ExtraTreesRegressor,full_motion_feed_event,210,numeric,Dominant_Frequency_p75,yes
2,pig_12|pig_19,2,extra_leaf3,extra,ExtraTreesRegressor,full_motion_feed_event,211,numeric,Coefficient_of_Variation_mean,yes
2,pig_12|pig_19,2,extra_leaf3,extra,ExtraTreesRegressor,full_motion_feed_event,212,numeric,Coefficient_of_Variation_std,yes
2,pig_12|pig_19,2,extra_leaf3,extra,ExtraTreesRegressor,full_motion_feed_event,213,numeric,Coefficient_of_Variation_p25,yes
2,pig_12|pig_19,2,extra_leaf3,extra,ExtraTreesRegressor,full_motion_feed_event,214,numeric,Coefficient_of_Variation_p75,yes
2,pig_12|pig_19,2,extra_leaf3,extra,ExtraTreesRegressor,full_motion_feed_event,215,numeric,Power_Low_mean,yes
2,pig_12|pig_19,2,extra_leaf3,extra,ExtraTreesRegressor,full_motion_feed_event,216,numeric,Power_Low_std,yes
2,pig_12|pig_19,2,extra_leaf3,extra,ExtraTreesRegressor,full_motion_feed_event,217,numeric,Power_Low_p25,yes
2,pig_12|pig_19,2,extra_leaf3,extra,ExtraTreesRegressor,full_motion_feed_event,218,numeric,Power_Low_p75,yes
2,pig_12|pig_19,2,extra_leaf3,extra,ExtraTreesRegressor,full_motion_feed_event,219,numeric,Power_Loco_mean,yes
2,pig_12|pig_19,2,extra_leaf3,extra,ExtraTreesRegressor,full_motion_feed_event,220,numeric,Power_Loco_std,yes
2,pig_12|pig_19,2,extra_leaf3,extra,ExtraTreesRegressor,full_motion_feed_event,221,numeric,Power_Loco_p25,yes
2,pig_12|pig_19,2,extra_leaf3,extra,ExtraTreesRegressor,full_motion_feed_event,222,numeric,Power_Loco_p75,yes
2,pig_12|pig_19,2,extra_leaf3,extra,ExtraTreesRegressor,full_motion_feed_event,223,numeric,Power_High_mean,yes
2,pig_12|pig_19,2,extra_leaf3,extra,ExtraTreesRegressor,full_motion_feed_event,224,numeric,Power_High_std,yes
2,pig_12|pig_19,2,extra_leaf3,extra,ExtraTreesRegressor,full_motion_feed_event,225,numeric,Power_High_p25,yes
2,pig_12|pig_19,2,extra_leaf3,extra,ExtraTreesRegressor,full_motion_feed_event,226,numeric,Power_High_p75,yes
2,pig_12|pig_19,2,extra_leaf3,extra,ExtraTreesRegressor,full_motion_feed_event,227,numeric,Sample_Entropy_mean,yes
2,pig_12|pig_19,2,extra_leaf3,extra,ExtraTreesRegressor,full_motion_feed_event,228,numeric,Sample_Entropy_std,yes
2,pig_12|pig_19,2,extra_leaf3,extra,ExtraTreesRegressor,full_motion_feed_event,229,numeric,Sample_Entropy_p25,yes
2,pig_12|pig_19,2,extra_leaf3,extra,ExtraTreesRegressor,full_motion_feed_event,230,numeric,Sample_Entropy_p75,yes
2,pig_12|pig_19,2,extra_leaf3,extra,ExtraTreesRegressor,full_motion_feed_event,231,numeric,Frac_Rest,yes
2,pig_12|pig_19,2,extra_leaf3,extra,ExtraTreesRegressor,full_motion_feed_event,232,numeric,Frac_Moderate,yes
2,pig_12|pig_19,2,extra_leaf3,extra,ExtraTreesRegressor,full_motion_feed_event,233,numeric,Frac_Vigorous,yes
2,pig_12|pig_19,2,extra_leaf3,extra,ExtraTreesRegressor,full_motion_feed_event,234,numeric,Frac_Lying,yes
2,pig_12|pig_19,2,extra_leaf3,extra,ExtraTreesRegressor,full_motion_feed_event,235,numeric,Frac_HeadDown,yes
2,pig_12|pig_19,2,extra_leaf3,extra,ExtraTreesRegressor,full_motion_feed_event,236,numeric,Active_Fraction,yes
2,pig_12|pig_19,2,extra_leaf3,extra,ExtraTreesRegressor,full_motion_feed_event,237,numeric,move_coverage,yes
2,pig_12|pig_19,2,extra_leaf3,extra,ExtraTreesRegressor,full_motion_feed_event,238,numeric,StepFreq_std,yes
2,pig_12|pig_19,2,extra_leaf3,extra,ExtraTreesRegressor,full_motion_feed_event,239,numeric,LyingTransitions,yes
2,pig_12|pig_19,2,extra_leaf3,extra,ExtraTreesRegressor,full_motion_feed_event,240,numeric,HeadDownTransitions,yes
2,pig_12|pig_19,2,extra_leaf3,extra,ExtraTreesRegressor,full_motion_feed_event,241,numeric,data_count_mean,yes
2,pig_12|pig_19,2,extra_leaf3,extra,ExtraTreesRegressor,full_motion_feed_event,242,numeric,planned_meal_g_per_w075_if_fed,yes
2,pig_12|pig_19,2,extra_leaf3,extra,ExtraTreesRegressor,full_motion_feed_event,243,numeric,planned_feed_available,yes
2,pig_12|pig_19,2,extra_leaf3,extra,ExtraTreesRegressor,full_motion_feed_event,244,numeric,meal_history_known,yes
2,pig_12|pig_19,2,extra_leaf3,extra,ExtraTreesRegressor,full_motion_feed_event,245,numeric,hours_since_last_meal_capped48,yes
2,pig_12|pig_19,2,extra_leaf3,extra,ExtraTreesRegressor,full_motion_feed_event,246,numeric,last_meal_is_afternoon,yes
2,pig_12|pig_19,2,extra_leaf3,extra,ExtraTreesRegressor,full_motion_feed_event,247,numeric,last_meal_is_morning,yes
2,pig_12|pig_19,2,extra_leaf3,extra,ExtraTreesRegressor,full_motion_feed_event,248,numeric,fed_to_fasting_carryover_6h,yes
2,pig_12|pig_19,2,extra_leaf3,extra,ExtraTreesRegressor,full_motion_feed_event,249,numeric,hours_in_fasting,yes
2,pig_12|pig_19,2,extra_leaf3,extra,ExtraTreesRegressor,full_motion_feed_event,250,numeric,hours_since_afternoon_meal_capped48,yes
2,pig_12|pig_19,2,extra_leaf3,extra,ExtraTreesRegressor,full_motion_feed_event,251,numeric,hours_since_morning_meal_capped48,yes
2,pig_12|pig_19,2,extra_leaf3,extra,ExtraTreesRegressor,full_motion_feed_event,252,numeric,meal_afternoon_kernel_tau0p5h,yes
2,pig_12|pig_19,2,extra_leaf3,extra,ExtraTreesRegressor,full_motion_feed_event,253,numeric,meal_afternoon_kernel_tau1p5h,yes
2,pig_12|pig_19,2,extra_leaf3,extra,ExtraTreesRegressor,full_motion_feed_event,254,numeric,meal_afternoon_kernel_tau3p0h,yes
2,pig_12|pig_19,2,extra_leaf3,extra,ExtraTreesRegressor,full_motion_feed_event,255,numeric,meal_afternoon_kernel_tau6p0h,yes
2,pig_12|pig_19,2,extra_leaf3,extra,ExtraTreesRegressor,full_motion_feed_event,256,numeric,meal_morning_kernel_tau0p5h,yes
2,pig_12|pig_19,2,extra_leaf3,extra,ExtraTreesRegressor,full_motion_feed_event,257,numeric,meal_morning_kernel_tau1p5h,yes
2,pig_12|pig_19,2,extra_leaf3,extra,ExtraTreesRegressor,full_motion_feed_event,258,numeric,meal_morning_kernel_tau3p0h,yes
2,pig_12|pig_19,2,extra_leaf3,extra,ExtraTreesRegressor,full_motion_feed_event,259,numeric,meal_morning_kernel_tau6p0h,yes
2,pig_12|pig_19,2,extra_leaf3,extra,ExtraTreesRegressor,full_motion_feed_event,260,numeric,meal_any_kernel_tau1p5h,yes
2,pig_12|pig_19,2,extra_leaf3,extra,ExtraTreesRegressor,full_motion_feed_event,261,numeric,meal_any_kernel_tau3p0h,yes
2,pig_12|pig_19,2,extra_leaf3,extra,ExtraTreesRegressor,full_motion_feed_event,262,numeric,dose_x_meal_afternoon_kernel_tau0p5h,yes
2,pig_12|pig_19,2,extra_leaf3,extra,ExtraTreesRegressor,full_motion_feed_event,263,numeric,dose_x_meal_afternoon_kernel_tau1p5h,yes
2,pig_12|pig_19,2,extra_leaf3,extra,ExtraTreesRegressor,full_motion_feed_event,264,numeric,dose_x_meal_afternoon_kernel_tau3p0h,yes
2,pig_12|pig_19,2,extra_leaf3,extra,ExtraTreesRegressor,full_motion_feed_event,265,numeric,dose_x_meal_afternoon_kernel_tau6p0h,yes
2,pig_12|pig_19,2,extra_leaf3,extra,ExtraTreesRegressor,full_motion_feed_event,266,numeric,dose_x_meal_morning_kernel_tau0p5h,yes
2,pig_12|pig_19,2,extra_leaf3,extra,ExtraTreesRegressor,full_motion_feed_event,267,numeric,dose_x_meal_morning_kernel_tau1p5h,yes
2,pig_12|pig_19,2,extra_leaf3,extra,ExtraTreesRegressor,full_motion_feed_event,268,numeric,dose_x_meal_morning_kernel_tau3p0h,yes
2,pig_12|pig_19,2,extra_leaf3,extra,ExtraTreesRegressor,full_motion_feed_event,269,numeric,dose_x_meal_morning_kernel_tau6p0h,yes
2,pig_12|pig_19,2,extra_leaf3,extra,ExtraTreesRegressor,full_motion_feed_event,270,numeric,dose_x_meal_any_kernel_tau1p5h,yes
2,pig_12|pig_19,2,extra_leaf3,extra,ExtraTreesRegressor,full_motion_feed_event,271,numeric,dose_x_meal_any_kernel_tau3p0h,yes
2,pig_12|pig_19,2,extra_leaf3,extra,ExtraTreesRegressor,full_motion_feed_event,272,categorical,chamber,yes
2,pig_12|pig_19,2,extra_leaf3,extra,ExtraTreesRegressor,full_motion_feed_event,273,categorical,phase_label,yes
2,pig_12|pig_19,3,cat_d8,cat,CatBoostRegressor,compact_base,1,numeric,hour_of_day,yes
2,pig_12|pig_19,3,cat_d8,cat,CatBoostRegressor,compact_base,2,numeric,sin_hour,yes
2,pig_12|pig_19,3,cat_d8,cat,CatBoostRegressor,compact_base,3,numeric,cos_hour,yes
2,pig_12|pig_19,3,cat_d8,cat,CatBoostRegressor,compact_base,4,numeric,weight,yes
2,pig_12|pig_19,3,cat_d8,cat,CatBoostRegressor,compact_base,5,numeric,is_fasting,yes
2,pig_12|pig_19,3,cat_d8,cat,CatBoostRegressor,compact_base,6,numeric,day_in_phase,yes
2,pig_12|pig_19,3,cat_d8,cat,CatBoostRegressor,compact_base,7,numeric,win_s,yes
2,pig_12|pig_19,3,cat_d8,cat,CatBoostRegressor,compact_base,8,numeric,is_adaptation,yes
2,pig_12|pig_19,3,cat_d8,cat,CatBoostRegressor,compact_base,9,numeric,is_formal,yes
2,pig_12|pig_19,3,cat_d8,cat,CatBoostRegressor,compact_base,10,numeric,小室温度(℃),yes
2,pig_12|pig_19,3,cat_d8,cat,CatBoostRegressor,compact_base,11,numeric,小室湿度(%),yes
2,pig_12|pig_19,3,cat_d8,cat,CatBoostRegressor,compact_base,12,numeric,beat_count,yes
2,pig_12|pig_19,3,cat_d8,cat,CatBoostRegressor,compact_base,13,numeric,HR_mean,yes
2,pig_12|pig_19,3,cat_d8,cat,CatBoostRegressor,compact_base,14,numeric,HR_std,yes
2,pig_12|pig_19,3,cat_d8,cat,CatBoostRegressor,compact_base,15,numeric,RR_mean,yes
2,pig_12|pig_19,3,cat_d8,cat,CatBoostRegressor,compact_base,16,numeric,SDNN,yes
2,pig_12|pig_19,3,cat_d8,cat,CatBoostRegressor,compact_base,17,numeric,RMSSD,yes
2,pig_12|pig_19,3,cat_d8,cat,CatBoostRegressor,compact_base,18,numeric,pNN50,yes
2,pig_12|pig_19,3,cat_d8,cat,CatBoostRegressor,compact_base,19,numeric,RR_cv,yes
2,pig_12|pig_19,3,cat_d8,cat,CatBoostRegressor,compact_base,20,numeric,RR_skew,yes
2,pig_12|pig_19,3,cat_d8,cat,CatBoostRegressor,compact_base,21,numeric,RR_kurt,yes
2,pig_12|pig_19,3,cat_d8,cat,CatBoostRegressor,compact_base,22,numeric,RR_range,yes
2,pig_12|pig_19,3,cat_d8,cat,CatBoostRegressor,compact_base,23,numeric,Acc_Mean_mean,yes
2,pig_12|pig_19,3,cat_d8,cat,CatBoostRegressor,compact_base,24,numeric,Acc_Mean_std,yes
2,pig_12|pig_19,3,cat_d8,cat,CatBoostRegressor,compact_base,25,numeric,Acc_Mean_p25,yes
2,pig_12|pig_19,3,cat_d8,cat,CatBoostRegressor,compact_base,26,numeric,Acc_Mean_p75,yes
2,pig_12|pig_19,3,cat_d8,cat,CatBoostRegressor,compact_base,27,numeric,Acc_Std_mean,yes
2,pig_12|pig_19,3,cat_d8,cat,CatBoostRegressor,compact_base,28,numeric,Acc_Std_std,yes
2,pig_12|pig_19,3,cat_d8,cat,CatBoostRegressor,compact_base,29,numeric,Acc_Std_p25,yes
2,pig_12|pig_19,3,cat_d8,cat,CatBoostRegressor,compact_base,30,numeric,Acc_Std_p75,yes
2,pig_12|pig_19,3,cat_d8,cat,CatBoostRegressor,compact_base,31,numeric,AccMag_Mean_mean,yes
2,pig_12|pig_19,3,cat_d8,cat,CatBoostRegressor,compact_base,32,numeric,AccMag_Mean_std,yes
2,pig_12|pig_19,3,cat_d8,cat,CatBoostRegressor,compact_base,33,numeric,AccMag_Mean_p25,yes
2,pig_12|pig_19,3,cat_d8,cat,CatBoostRegressor,compact_base,34,numeric,AccMag_Mean_p75,yes
2,pig_12|pig_19,3,cat_d8,cat,CatBoostRegressor,compact_base,35,numeric,AccMag_Std_mean,yes
2,pig_12|pig_19,3,cat_d8,cat,CatBoostRegressor,compact_base,36,numeric,AccMag_Std_std,yes
2,pig_12|pig_19,3,cat_d8,cat,CatBoostRegressor,compact_base,37,numeric,AccMag_Std_p25,yes
2,pig_12|pig_19,3,cat_d8,cat,CatBoostRegressor,compact_base,38,numeric,AccMag_Std_p75,yes
2,pig_12|pig_19,3,cat_d8,cat,CatBoostRegressor,compact_base,39,numeric,Jerk_Mean_mean,yes
2,pig_12|pig_19,3,cat_d8,cat,CatBoostRegressor,compact_base,40,numeric,Jerk_Mean_std,yes
2,pig_12|pig_19,3,cat_d8,cat,CatBoostRegressor,compact_base,41,numeric,Jerk_Mean_p25,yes
2,pig_12|pig_19,3,cat_d8,cat,CatBoostRegressor,compact_base,42,numeric,Jerk_Mean_p75,yes
2,pig_12|pig_19,3,cat_d8,cat,CatBoostRegressor,compact_base,43,numeric,ODBA_mean,yes
2,pig_12|pig_19,3,cat_d8,cat,CatBoostRegressor,compact_base,44,numeric,ODBA_std,yes
2,pig_12|pig_19,3,cat_d8,cat,CatBoostRegressor,compact_base,45,numeric,ODBA_p25,yes
2,pig_12|pig_19,3,cat_d8,cat,CatBoostRegressor,compact_base,46,numeric,ODBA_p75,yes
2,pig_12|pig_19,3,cat_d8,cat,CatBoostRegressor,compact_base,47,numeric,VeDBA_RMS_mean,yes
2,pig_12|pig_19,3,cat_d8,cat,CatBoostRegressor,compact_base,48,numeric,VeDBA_RMS_std,yes
2,pig_12|pig_19,3,cat_d8,cat,CatBoostRegressor,compact_base,49,numeric,VeDBA_RMS_p25,yes
2,pig_12|pig_19,3,cat_d8,cat,CatBoostRegressor,compact_base,50,numeric,VeDBA_RMS_p75,yes
2,pig_12|pig_19,3,cat_d8,cat,CatBoostRegressor,compact_base,51,numeric,Power_Loco_mean,yes
2,pig_12|pig_19,3,cat_d8,cat,CatBoostRegressor,compact_base,52,numeric,Power_Loco_std,yes
2,pig_12|pig_19,3,cat_d8,cat,CatBoostRegressor,compact_base,53,numeric,Power_Loco_p25,yes
2,pig_12|pig_19,3,cat_d8,cat,CatBoostRegressor,compact_base,54,numeric,Power_Loco_p75,yes
2,pig_12|pig_19,3,cat_d8,cat,CatBoostRegressor,compact_base,55,numeric,Power_High_mean,yes
2,pig_12|pig_19,3,cat_d8,cat,CatBoostRegressor,compact_base,56,numeric,Power_High_std,yes
2,pig_12|pig_19,3,cat_d8,cat,CatBoostRegressor,compact_base,57,numeric,Power_High_p25,yes
2,pig_12|pig_19,3,cat_d8,cat,CatBoostRegressor,compact_base,58,numeric,Power_High_p75,yes
2,pig_12|pig_19,3,cat_d8,cat,CatBoostRegressor,compact_base,59,numeric,Dominant_Frequency_mean,yes
2,pig_12|pig_19,3,cat_d8,cat,CatBoostRegressor,compact_base,60,numeric,Dominant_Frequency_std,yes
2,pig_12|pig_19,3,cat_d8,cat,CatBoostRegressor,compact_base,61,numeric,Dominant_Frequency_p25,yes
2,pig_12|pig_19,3,cat_d8,cat,CatBoostRegressor,compact_base,62,numeric,Dominant_Frequency_p75,yes
2,pig_12|pig_19,3,cat_d8,cat,CatBoostRegressor,compact_base,63,numeric,Spectral_Entropy_mean,yes
2,pig_12|pig_19,3,cat_d8,cat,CatBoostRegressor,compact_base,64,numeric,Spectral_Entropy_std,yes
2,pig_12|pig_19,3,cat_d8,cat,CatBoostRegressor,compact_base,65,numeric,Spectral_Entropy_p25,yes
2,pig_12|pig_19,3,cat_d8,cat,CatBoostRegressor,compact_base,66,numeric,Spectral_Entropy_p75,yes
2,pig_12|pig_19,3,cat_d8,cat,CatBoostRegressor,compact_base,67,numeric,Zero_Crossing_Rate_mean,yes
2,pig_12|pig_19,3,cat_d8,cat,CatBoostRegressor,compact_base,68,numeric,Zero_Crossing_Rate_std,yes
2,pig_12|pig_19,3,cat_d8,cat,CatBoostRegressor,compact_base,69,numeric,Zero_Crossing_Rate_p25,yes
2,pig_12|pig_19,3,cat_d8,cat,CatBoostRegressor,compact_base,70,numeric,Zero_Crossing_Rate_p75,yes
2,pig_12|pig_19,3,cat_d8,cat,CatBoostRegressor,compact_base,71,numeric,Tilt_Mag_Mean_mean,yes
2,pig_12|pig_19,3,cat_d8,cat,CatBoostRegressor,compact_base,72,numeric,Tilt_Mag_Mean_std,yes
2,pig_12|pig_19,3,cat_d8,cat,CatBoostRegressor,compact_base,73,numeric,Tilt_Mag_Mean_p25,yes
2,pig_12|pig_19,3,cat_d8,cat,CatBoostRegressor,compact_base,74,numeric,Tilt_Mag_Mean_p75,yes
2,pig_12|pig_19,3,cat_d8,cat,CatBoostRegressor,compact_base,75,numeric,Tilt_Mag_Std_mean,yes
2,pig_12|pig_19,3,cat_d8,cat,CatBoostRegressor,compact_base,76,numeric,Tilt_Mag_Std_std,yes
2,pig_12|pig_19,3,cat_d8,cat,CatBoostRegressor,compact_base,77,numeric,Tilt_Mag_Std_p25,yes
2,pig_12|pig_19,3,cat_d8,cat,CatBoostRegressor,compact_base,78,numeric,Tilt_Mag_Std_p75,yes
2,pig_12|pig_19,3,cat_d8,cat,CatBoostRegressor,compact_base,79,numeric,Roll_Mean_mean,yes
2,pig_12|pig_19,3,cat_d8,cat,CatBoostRegressor,compact_base,80,numeric,Roll_Mean_std,yes
2,pig_12|pig_19,3,cat_d8,cat,CatBoostRegressor,compact_base,81,numeric,Roll_Mean_p25,yes
2,pig_12|pig_19,3,cat_d8,cat,CatBoostRegressor,compact_base,82,numeric,Roll_Mean_p75,yes
2,pig_12|pig_19,3,cat_d8,cat,CatBoostRegressor,compact_base,83,numeric,Pitch_Mean_mean,yes
2,pig_12|pig_19,3,cat_d8,cat,CatBoostRegressor,compact_base,84,numeric,Pitch_Mean_std,yes
2,pig_12|pig_19,3,cat_d8,cat,CatBoostRegressor,compact_base,85,numeric,Pitch_Mean_p25,yes
2,pig_12|pig_19,3,cat_d8,cat,CatBoostRegressor,compact_base,86,numeric,Pitch_Mean_p75,yes
2,pig_12|pig_19,3,cat_d8,cat,CatBoostRegressor,compact_base,87,numeric,AngX_Rate_mean,yes
2,pig_12|pig_19,3,cat_d8,cat,CatBoostRegressor,compact_base,88,numeric,AngX_Rate_std,yes
2,pig_12|pig_19,3,cat_d8,cat,CatBoostRegressor,compact_base,89,numeric,AngX_Rate_p25,yes
2,pig_12|pig_19,3,cat_d8,cat,CatBoostRegressor,compact_base,90,numeric,AngX_Rate_p75,yes
2,pig_12|pig_19,3,cat_d8,cat,CatBoostRegressor,compact_base,91,numeric,AngY_Rate_mean,yes
2,pig_12|pig_19,3,cat_d8,cat,CatBoostRegressor,compact_base,92,numeric,AngY_Rate_std,yes
2,pig_12|pig_19,3,cat_d8,cat,CatBoostRegressor,compact_base,93,numeric,AngY_Rate_p25,yes
2,pig_12|pig_19,3,cat_d8,cat,CatBoostRegressor,compact_base,94,numeric,AngY_Rate_p75,yes
2,pig_12|pig_19,3,cat_d8,cat,CatBoostRegressor,compact_base,95,numeric,AngZ_Rate_mean,yes
2,pig_12|pig_19,3,cat_d8,cat,CatBoostRegressor,compact_base,96,numeric,AngZ_Rate_std,yes
2,pig_12|pig_19,3,cat_d8,cat,CatBoostRegressor,compact_base,97,numeric,AngZ_Rate_p25,yes
2,pig_12|pig_19,3,cat_d8,cat,CatBoostRegressor,compact_base,98,numeric,AngZ_Rate_p75,yes
2,pig_12|pig_19,3,cat_d8,cat,CatBoostRegressor,compact_base,99,numeric,Peak_Count_mean,yes
2,pig_12|pig_19,3,cat_d8,cat,CatBoostRegressor,compact_base,100,numeric,Peak_Count_std,yes
2,pig_12|pig_19,3,cat_d8,cat,CatBoostRegressor,compact_base,101,numeric,Peak_Count_p25,yes
2,pig_12|pig_19,3,cat_d8,cat,CatBoostRegressor,compact_base,102,numeric,Peak_Count_p75,yes
2,pig_12|pig_19,3,cat_d8,cat,CatBoostRegressor,compact_base,103,numeric,DynY_Mean_mean,yes
2,pig_12|pig_19,3,cat_d8,cat,CatBoostRegressor,compact_base,104,numeric,DynY_Mean_std,yes
2,pig_12|pig_19,3,cat_d8,cat,CatBoostRegressor,compact_base,105,numeric,DynY_Mean_p25,yes
2,pig_12|pig_19,3,cat_d8,cat,CatBoostRegressor,compact_base,106,numeric,DynY_Mean_p75,yes
2,pig_12|pig_19,3,cat_d8,cat,CatBoostRegressor,compact_base,107,numeric,DynZ_Mean_mean,yes
2,pig_12|pig_19,3,cat_d8,cat,CatBoostRegressor,compact_base,108,numeric,DynZ_Mean_std,yes
2,pig_12|pig_19,3,cat_d8,cat,CatBoostRegressor,compact_base,109,numeric,DynZ_Mean_p25,yes
2,pig_12|pig_19,3,cat_d8,cat,CatBoostRegressor,compact_base,110,numeric,DynZ_Mean_p75,yes
2,pig_12|pig_19,3,cat_d8,cat,CatBoostRegressor,compact_base,111,numeric,Frac_Rest,yes
2,pig_12|pig_19,3,cat_d8,cat,CatBoostRegressor,compact_base,112,numeric,Frac_Moderate,yes
2,pig_12|pig_19,3,cat_d8,cat,CatBoostRegressor,compact_base,113,numeric,Frac_Vigorous,yes
2,pig_12|pig_19,3,cat_d8,cat,CatBoostRegressor,compact_base,114,numeric,Frac_Lying,yes
2,pig_12|pig_19,3,cat_d8,cat,CatBoostRegressor,compact_base,115,numeric,Frac_HeadDown,yes
2,pig_12|pig_19,3,cat_d8,cat,CatBoostRegressor,compact_base,116,numeric,Active_Fraction,yes
2,pig_12|pig_19,3,cat_d8,cat,CatBoostRegressor,compact_base,117,numeric,move_coverage,yes
2,pig_12|pig_19,3,cat_d8,cat,CatBoostRegressor,compact_base,118,numeric,StepFreq_std,yes
2,pig_12|pig_19,3,cat_d8,cat,CatBoostRegressor,compact_base,119,numeric,LyingTransitions,yes
2,pig_12|pig_19,3,cat_d8,cat,CatBoostRegressor,compact_base,120,numeric,HeadDownTransitions,yes
2,pig_12|pig_19,3,cat_d8,cat,CatBoostRegressor,compact_base,121,numeric,data_count_mean,yes
2,pig_12|pig_19,3,cat_d8,cat,CatBoostRegressor,compact_base,122,categorical,chamber,yes
2,pig_12|pig_19,3,cat_d8,cat,CatBoostRegressor,compact_base,123,categorical,phase_label,yes
3,pig_01|pig_02|pig_13,1,elastic,elastic,ElasticNet,full_motion_feed_event,1,numeric,hour_of_day,yes
3,pig_01|pig_02|pig_13,1,elastic,elastic,ElasticNet,full_motion_feed_event,2,numeric,sin_hour,yes
3,pig_01|pig_02|pig_13,1,elastic,elastic,ElasticNet,full_motion_feed_event,3,numeric,cos_hour,yes
3,pig_01|pig_02|pig_13,1,elastic,elastic,ElasticNet,full_motion_feed_event,4,numeric,weight,yes
3,pig_01|pig_02|pig_13,1,elastic,elastic,ElasticNet,full_motion_feed_event,5,numeric,is_fasting,yes
3,pig_01|pig_02|pig_13,1,elastic,elastic,ElasticNet,full_motion_feed_event,6,numeric,day_in_phase,yes
3,pig_01|pig_02|pig_13,1,elastic,elastic,ElasticNet,full_motion_feed_event,7,numeric,win_s,yes
3,pig_01|pig_02|pig_13,1,elastic,elastic,ElasticNet,full_motion_feed_event,8,numeric,is_adaptation,yes
3,pig_01|pig_02|pig_13,1,elastic,elastic,ElasticNet,full_motion_feed_event,9,numeric,is_formal,yes
3,pig_01|pig_02|pig_13,1,elastic,elastic,ElasticNet,full_motion_feed_event,10,numeric,小室温度(℃),yes
3,pig_01|pig_02|pig_13,1,elastic,elastic,ElasticNet,full_motion_feed_event,11,numeric,小室湿度(%),yes
3,pig_01|pig_02|pig_13,1,elastic,elastic,ElasticNet,full_motion_feed_event,12,numeric,beat_count,yes
3,pig_01|pig_02|pig_13,1,elastic,elastic,ElasticNet,full_motion_feed_event,13,numeric,HR_mean,yes
3,pig_01|pig_02|pig_13,1,elastic,elastic,ElasticNet,full_motion_feed_event,14,numeric,HR_std,yes
3,pig_01|pig_02|pig_13,1,elastic,elastic,ElasticNet,full_motion_feed_event,15,numeric,RR_mean,yes
3,pig_01|pig_02|pig_13,1,elastic,elastic,ElasticNet,full_motion_feed_event,16,numeric,SDNN,yes
3,pig_01|pig_02|pig_13,1,elastic,elastic,ElasticNet,full_motion_feed_event,17,numeric,RMSSD,yes
3,pig_01|pig_02|pig_13,1,elastic,elastic,ElasticNet,full_motion_feed_event,18,numeric,pNN50,yes
3,pig_01|pig_02|pig_13,1,elastic,elastic,ElasticNet,full_motion_feed_event,19,numeric,RR_cv,yes
3,pig_01|pig_02|pig_13,1,elastic,elastic,ElasticNet,full_motion_feed_event,20,numeric,RR_skew,yes
3,pig_01|pig_02|pig_13,1,elastic,elastic,ElasticNet,full_motion_feed_event,21,numeric,RR_kurt,yes
3,pig_01|pig_02|pig_13,1,elastic,elastic,ElasticNet,full_motion_feed_event,22,numeric,RR_range,yes
3,pig_01|pig_02|pig_13,1,elastic,elastic,ElasticNet,full_motion_feed_event,23,numeric,Acc_Mean_mean,yes
3,pig_01|pig_02|pig_13,1,elastic,elastic,ElasticNet,full_motion_feed_event,24,numeric,Acc_Mean_std,yes
3,pig_01|pig_02|pig_13,1,elastic,elastic,ElasticNet,full_motion_feed_event,25,numeric,Acc_Mean_p25,yes
3,pig_01|pig_02|pig_13,1,elastic,elastic,ElasticNet,full_motion_feed_event,26,numeric,Acc_Mean_p75,yes
3,pig_01|pig_02|pig_13,1,elastic,elastic,ElasticNet,full_motion_feed_event,27,numeric,Acc_Std_mean,yes
3,pig_01|pig_02|pig_13,1,elastic,elastic,ElasticNet,full_motion_feed_event,28,numeric,Acc_Std_std,yes
3,pig_01|pig_02|pig_13,1,elastic,elastic,ElasticNet,full_motion_feed_event,29,numeric,Acc_Std_p25,yes
3,pig_01|pig_02|pig_13,1,elastic,elastic,ElasticNet,full_motion_feed_event,30,numeric,Acc_Std_p75,yes
3,pig_01|pig_02|pig_13,1,elastic,elastic,ElasticNet,full_motion_feed_event,31,numeric,Acc_Sum_mean,yes
3,pig_01|pig_02|pig_13,1,elastic,elastic,ElasticNet,full_motion_feed_event,32,numeric,Acc_Sum_std,yes
3,pig_01|pig_02|pig_13,1,elastic,elastic,ElasticNet,full_motion_feed_event,33,numeric,Acc_Sum_p25,yes
3,pig_01|pig_02|pig_13,1,elastic,elastic,ElasticNet,full_motion_feed_event,34,numeric,Acc_Sum_p75,yes
3,pig_01|pig_02|pig_13,1,elastic,elastic,ElasticNet,full_motion_feed_event,35,numeric,Acc_Max_mean,yes
3,pig_01|pig_02|pig_13,1,elastic,elastic,ElasticNet,full_motion_feed_event,36,numeric,Acc_Max_std,yes
3,pig_01|pig_02|pig_13,1,elastic,elastic,ElasticNet,full_motion_feed_event,37,numeric,Acc_Max_p25,yes
3,pig_01|pig_02|pig_13,1,elastic,elastic,ElasticNet,full_motion_feed_event,38,numeric,Acc_Max_p75,yes
3,pig_01|pig_02|pig_13,1,elastic,elastic,ElasticNet,full_motion_feed_event,39,numeric,Acc_Min_mean,yes
3,pig_01|pig_02|pig_13,1,elastic,elastic,ElasticNet,full_motion_feed_event,40,numeric,Acc_Min_std,yes
3,pig_01|pig_02|pig_13,1,elastic,elastic,ElasticNet,full_motion_feed_event,41,numeric,Acc_Min_p25,yes
3,pig_01|pig_02|pig_13,1,elastic,elastic,ElasticNet,full_motion_feed_event,42,numeric,Acc_Min_p75,yes
3,pig_01|pig_02|pig_13,1,elastic,elastic,ElasticNet,full_motion_feed_event,43,numeric,Acc_Range_mean,yes
3,pig_01|pig_02|pig_13,1,elastic,elastic,ElasticNet,full_motion_feed_event,44,numeric,Acc_Range_std,yes
3,pig_01|pig_02|pig_13,1,elastic,elastic,ElasticNet,full_motion_feed_event,45,numeric,Acc_Range_p25,yes
3,pig_01|pig_02|pig_13,1,elastic,elastic,ElasticNet,full_motion_feed_event,46,numeric,Acc_Range_p75,yes
3,pig_01|pig_02|pig_13,1,elastic,elastic,ElasticNet,full_motion_feed_event,47,numeric,Acc_P25_mean,yes
3,pig_01|pig_02|pig_13,1,elastic,elastic,ElasticNet,full_motion_feed_event,48,numeric,Acc_P25_std,yes
3,pig_01|pig_02|pig_13,1,elastic,elastic,ElasticNet,full_motion_feed_event,49,numeric,Acc_P25_p25,yes
3,pig_01|pig_02|pig_13,1,elastic,elastic,ElasticNet,full_motion_feed_event,50,numeric,Acc_P25_p75,yes
3,pig_01|pig_02|pig_13,1,elastic,elastic,ElasticNet,full_motion_feed_event,51,numeric,Acc_P75_mean,yes
3,pig_01|pig_02|pig_13,1,elastic,elastic,ElasticNet,full_motion_feed_event,52,numeric,Acc_P75_std,yes
3,pig_01|pig_02|pig_13,1,elastic,elastic,ElasticNet,full_motion_feed_event,53,numeric,Acc_P75_p25,yes
3,pig_01|pig_02|pig_13,1,elastic,elastic,ElasticNet,full_motion_feed_event,54,numeric,Acc_P75_p75,yes
3,pig_01|pig_02|pig_13,1,elastic,elastic,ElasticNet,full_motion_feed_event,55,numeric,Gyro_Mean_mean,yes
3,pig_01|pig_02|pig_13,1,elastic,elastic,ElasticNet,full_motion_feed_event,56,numeric,Gyro_Mean_std,yes
3,pig_01|pig_02|pig_13,1,elastic,elastic,ElasticNet,full_motion_feed_event,57,numeric,Gyro_Mean_p25,yes
3,pig_01|pig_02|pig_13,1,elastic,elastic,ElasticNet,full_motion_feed_event,58,numeric,Gyro_Mean_p75,yes
3,pig_01|pig_02|pig_13,1,elastic,elastic,ElasticNet,full_motion_feed_event,59,numeric,Gyro_Max_mean,yes
3,pig_01|pig_02|pig_13,1,elastic,elastic,ElasticNet,full_motion_feed_event,60,numeric,Gyro_Max_std,yes
3,pig_01|pig_02|pig_13,1,elastic,elastic,ElasticNet,full_motion_feed_event,61,numeric,Gyro_Max_p25,yes
3,pig_01|pig_02|pig_13,1,elastic,elastic,ElasticNet,full_motion_feed_event,62,numeric,Gyro_Max_p75,yes
3,pig_01|pig_02|pig_13,1,elastic,elastic,ElasticNet,full_motion_feed_event,63,numeric,DynX_Mean_mean,yes
3,pig_01|pig_02|pig_13,1,elastic,elastic,ElasticNet,full_motion_feed_event,64,numeric,DynX_Mean_std,yes
3,pig_01|pig_02|pig_13,1,elastic,elastic,ElasticNet,full_motion_feed_event,65,numeric,DynX_Mean_p25,yes
3,pig_01|pig_02|pig_13,1,elastic,elastic,ElasticNet,full_motion_feed_event,66,numeric,DynX_Mean_p75,yes
3,pig_01|pig_02|pig_13,1,elastic,elastic,ElasticNet,full_motion_feed_event,67,numeric,DynX_Std_mean,yes
3,pig_01|pig_02|pig_13,1,elastic,elastic,ElasticNet,full_motion_feed_event,68,numeric,DynX_Std_std,yes
3,pig_01|pig_02|pig_13,1,elastic,elastic,ElasticNet,full_motion_feed_event,69,numeric,DynX_Std_p25,yes
3,pig_01|pig_02|pig_13,1,elastic,elastic,ElasticNet,full_motion_feed_event,70,numeric,DynX_Std_p75,yes
3,pig_01|pig_02|pig_13,1,elastic,elastic,ElasticNet,full_motion_feed_event,71,numeric,DynX_Mean_abs_mean,yes
3,pig_01|pig_02|pig_13,1,elastic,elastic,ElasticNet,full_motion_feed_event,72,numeric,DynX_Mean_abs_std,yes
3,pig_01|pig_02|pig_13,1,elastic,elastic,ElasticNet,full_motion_feed_event,73,numeric,DynX_Mean_abs_p25,yes
3,pig_01|pig_02|pig_13,1,elastic,elastic,ElasticNet,full_motion_feed_event,74,numeric,DynX_Mean_abs_p75,yes
3,pig_01|pig_02|pig_13,1,elastic,elastic,ElasticNet,full_motion_feed_event,75,numeric,DynY_Mean_mean,yes
3,pig_01|pig_02|pig_13,1,elastic,elastic,ElasticNet,full_motion_feed_event,76,numeric,DynY_Mean_std,yes
3,pig_01|pig_02|pig_13,1,elastic,elastic,ElasticNet,full_motion_feed_event,77,numeric,DynY_Mean_p25,yes
3,pig_01|pig_02|pig_13,1,elastic,elastic,ElasticNet,full_motion_feed_event,78,numeric,DynY_Mean_p75,yes
3,pig_01|pig_02|pig_13,1,elastic,elastic,ElasticNet,full_motion_feed_event,79,numeric,DynY_Std_mean,yes
3,pig_01|pig_02|pig_13,1,elastic,elastic,ElasticNet,full_motion_feed_event,80,numeric,DynY_Std_std,yes
3,pig_01|pig_02|pig_13,1,elastic,elastic,ElasticNet,full_motion_feed_event,81,numeric,DynY_Std_p25,yes
3,pig_01|pig_02|pig_13,1,elastic,elastic,ElasticNet,full_motion_feed_event,82,numeric,DynY_Std_p75,yes
3,pig_01|pig_02|pig_13,1,elastic,elastic,ElasticNet,full_motion_feed_event,83,numeric,DynY_Mean_abs_mean,yes
3,pig_01|pig_02|pig_13,1,elastic,elastic,ElasticNet,full_motion_feed_event,84,numeric,DynY_Mean_abs_std,yes
3,pig_01|pig_02|pig_13,1,elastic,elastic,ElasticNet,full_motion_feed_event,85,numeric,DynY_Mean_abs_p25,yes
3,pig_01|pig_02|pig_13,1,elastic,elastic,ElasticNet,full_motion_feed_event,86,numeric,DynY_Mean_abs_p75,yes
3,pig_01|pig_02|pig_13,1,elastic,elastic,ElasticNet,full_motion_feed_event,87,numeric,DynZ_Mean_mean,yes
3,pig_01|pig_02|pig_13,1,elastic,elastic,ElasticNet,full_motion_feed_event,88,numeric,DynZ_Mean_std,yes
3,pig_01|pig_02|pig_13,1,elastic,elastic,ElasticNet,full_motion_feed_event,89,numeric,DynZ_Mean_p25,yes
3,pig_01|pig_02|pig_13,1,elastic,elastic,ElasticNet,full_motion_feed_event,90,numeric,DynZ_Mean_p75,yes
3,pig_01|pig_02|pig_13,1,elastic,elastic,ElasticNet,full_motion_feed_event,91,numeric,DynZ_Std_mean,yes
3,pig_01|pig_02|pig_13,1,elastic,elastic,ElasticNet,full_motion_feed_event,92,numeric,DynZ_Std_std,yes
3,pig_01|pig_02|pig_13,1,elastic,elastic,ElasticNet,full_motion_feed_event,93,numeric,DynZ_Std_p25,yes
3,pig_01|pig_02|pig_13,1,elastic,elastic,ElasticNet,full_motion_feed_event,94,numeric,DynZ_Std_p75,yes
3,pig_01|pig_02|pig_13,1,elastic,elastic,ElasticNet,full_motion_feed_event,95,numeric,DynZ_Mean_abs_mean,yes
3,pig_01|pig_02|pig_13,1,elastic,elastic,ElasticNet,full_motion_feed_event,96,numeric,DynZ_Mean_abs_std,yes
3,pig_01|pig_02|pig_13,1,elastic,elastic,ElasticNet,full_motion_feed_event,97,numeric,DynZ_Mean_abs_p25,yes
3,pig_01|pig_02|pig_13,1,elastic,elastic,ElasticNet,full_motion_feed_event,98,numeric,DynZ_Mean_abs_p75,yes
3,pig_01|pig_02|pig_13,1,elastic,elastic,ElasticNet,full_motion_feed_event,99,numeric,AccMag_Mean_mean,yes
3,pig_01|pig_02|pig_13,1,elastic,elastic,ElasticNet,full_motion_feed_event,100,numeric,AccMag_Mean_std,yes
3,pig_01|pig_02|pig_13,1,elastic,elastic,ElasticNet,full_motion_feed_event,101,numeric,AccMag_Mean_p25,yes
3,pig_01|pig_02|pig_13,1,elastic,elastic,ElasticNet,full_motion_feed_event,102,numeric,AccMag_Mean_p75,yes
3,pig_01|pig_02|pig_13,1,elastic,elastic,ElasticNet,full_motion_feed_event,103,numeric,AccMag_Std_mean,yes
3,pig_01|pig_02|pig_13,1,elastic,elastic,ElasticNet,full_motion_feed_event,104,numeric,AccMag_Std_std,yes
3,pig_01|pig_02|pig_13,1,elastic,elastic,ElasticNet,full_motion_feed_event,105,numeric,AccMag_Std_p25,yes
3,pig_01|pig_02|pig_13,1,elastic,elastic,ElasticNet,full_motion_feed_event,106,numeric,AccMag_Std_p75,yes
3,pig_01|pig_02|pig_13,1,elastic,elastic,ElasticNet,full_motion_feed_event,107,numeric,Roll_Mean_mean,yes
3,pig_01|pig_02|pig_13,1,elastic,elastic,ElasticNet,full_motion_feed_event,108,numeric,Roll_Mean_std,yes
3,pig_01|pig_02|pig_13,1,elastic,elastic,ElasticNet,full_motion_feed_event,109,numeric,Roll_Mean_p25,yes
3,pig_01|pig_02|pig_13,1,elastic,elastic,ElasticNet,full_motion_feed_event,110,numeric,Roll_Mean_p75,yes
3,pig_01|pig_02|pig_13,1,elastic,elastic,ElasticNet,full_motion_feed_event,111,numeric,Roll_Std_mean,yes
3,pig_01|pig_02|pig_13,1,elastic,elastic,ElasticNet,full_motion_feed_event,112,numeric,Roll_Std_std,yes
3,pig_01|pig_02|pig_13,1,elastic,elastic,ElasticNet,full_motion_feed_event,113,numeric,Roll_Std_p25,yes
3,pig_01|pig_02|pig_13,1,elastic,elastic,ElasticNet,full_motion_feed_event,114,numeric,Roll_Std_p75,yes
3,pig_01|pig_02|pig_13,1,elastic,elastic,ElasticNet,full_motion_feed_event,115,numeric,Pitch_Mean_mean,yes
3,pig_01|pig_02|pig_13,1,elastic,elastic,ElasticNet,full_motion_feed_event,116,numeric,Pitch_Mean_std,yes
3,pig_01|pig_02|pig_13,1,elastic,elastic,ElasticNet,full_motion_feed_event,117,numeric,Pitch_Mean_p25,yes
3,pig_01|pig_02|pig_13,1,elastic,elastic,ElasticNet,full_motion_feed_event,118,numeric,Pitch_Mean_p75,yes
3,pig_01|pig_02|pig_13,1,elastic,elastic,ElasticNet,full_motion_feed_event,119,numeric,Pitch_Std_mean,yes
3,pig_01|pig_02|pig_13,1,elastic,elastic,ElasticNet,full_motion_feed_event,120,numeric,Pitch_Std_std,yes
3,pig_01|pig_02|pig_13,1,elastic,elastic,ElasticNet,full_motion_feed_event,121,numeric,Pitch_Std_p25,yes
3,pig_01|pig_02|pig_13,1,elastic,elastic,ElasticNet,full_motion_feed_event,122,numeric,Pitch_Std_p75,yes
3,pig_01|pig_02|pig_13,1,elastic,elastic,ElasticNet,full_motion_feed_event,123,numeric,Tilt_Mag_Mean_mean,yes
3,pig_01|pig_02|pig_13,1,elastic,elastic,ElasticNet,full_motion_feed_event,124,numeric,Tilt_Mag_Mean_std,yes
3,pig_01|pig_02|pig_13,1,elastic,elastic,ElasticNet,full_motion_feed_event,125,numeric,Tilt_Mag_Mean_p25,yes
3,pig_01|pig_02|pig_13,1,elastic,elastic,ElasticNet,full_motion_feed_event,126,numeric,Tilt_Mag_Mean_p75,yes
3,pig_01|pig_02|pig_13,1,elastic,elastic,ElasticNet,full_motion_feed_event,127,numeric,Tilt_Mag_Std_mean,yes
3,pig_01|pig_02|pig_13,1,elastic,elastic,ElasticNet,full_motion_feed_event,128,numeric,Tilt_Mag_Std_std,yes
3,pig_01|pig_02|pig_13,1,elastic,elastic,ElasticNet,full_motion_feed_event,129,numeric,Tilt_Mag_Std_p25,yes
3,pig_01|pig_02|pig_13,1,elastic,elastic,ElasticNet,full_motion_feed_event,130,numeric,Tilt_Mag_Std_p75,yes
3,pig_01|pig_02|pig_13,1,elastic,elastic,ElasticNet,full_motion_feed_event,131,numeric,AngX_Std_mean,yes
3,pig_01|pig_02|pig_13,1,elastic,elastic,ElasticNet,full_motion_feed_event,132,numeric,AngX_Std_std,yes
3,pig_01|pig_02|pig_13,1,elastic,elastic,ElasticNet,full_motion_feed_event,133,numeric,AngX_Std_p25,yes
3,pig_01|pig_02|pig_13,1,elastic,elastic,ElasticNet,full_motion_feed_event,134,numeric,AngX_Std_p75,yes
3,pig_01|pig_02|pig_13,1,elastic,elastic,ElasticNet,full_motion_feed_event,135,numeric,AngY_Std_mean,yes
3,pig_01|pig_02|pig_13,1,elastic,elastic,ElasticNet,full_motion_feed_event,136,numeric,AngY_Std_std,yes
3,pig_01|pig_02|pig_13,1,elastic,elastic,ElasticNet,full_motion_feed_event,137,numeric,AngY_Std_p25,yes
3,pig_01|pig_02|pig_13,1,elastic,elastic,ElasticNet,full_motion_feed_event,138,numeric,AngY_Std_p75,yes
3,pig_01|pig_02|pig_13,1,elastic,elastic,ElasticNet,full_motion_feed_event,139,numeric,AngZ_Std_mean,yes
3,pig_01|pig_02|pig_13,1,elastic,elastic,ElasticNet,full_motion_feed_event,140,numeric,AngZ_Std_std,yes
3,pig_01|pig_02|pig_13,1,elastic,elastic,ElasticNet,full_motion_feed_event,141,numeric,AngZ_Std_p25,yes
3,pig_01|pig_02|pig_13,1,elastic,elastic,ElasticNet,full_motion_feed_event,142,numeric,AngZ_Std_p75,yes
3,pig_01|pig_02|pig_13,1,elastic,elastic,ElasticNet,full_motion_feed_event,143,numeric,AngX_Rate_mean,yes
3,pig_01|pig_02|pig_13,1,elastic,elastic,ElasticNet,full_motion_feed_event,144,numeric,AngX_Rate_std,yes
3,pig_01|pig_02|pig_13,1,elastic,elastic,ElasticNet,full_motion_feed_event,145,numeric,AngX_Rate_p25,yes
3,pig_01|pig_02|pig_13,1,elastic,elastic,ElasticNet,full_motion_feed_event,146,numeric,AngX_Rate_p75,yes
3,pig_01|pig_02|pig_13,1,elastic,elastic,ElasticNet,full_motion_feed_event,147,numeric,AngY_Rate_mean,yes
3,pig_01|pig_02|pig_13,1,elastic,elastic,ElasticNet,full_motion_feed_event,148,numeric,AngY_Rate_std,yes
3,pig_01|pig_02|pig_13,1,elastic,elastic,ElasticNet,full_motion_feed_event,149,numeric,AngY_Rate_p25,yes
3,pig_01|pig_02|pig_13,1,elastic,elastic,ElasticNet,full_motion_feed_event,150,numeric,AngY_Rate_p75,yes
3,pig_01|pig_02|pig_13,1,elastic,elastic,ElasticNet,full_motion_feed_event,151,numeric,AngZ_Rate_mean,yes
3,pig_01|pig_02|pig_13,1,elastic,elastic,ElasticNet,full_motion_feed_event,152,numeric,AngZ_Rate_std,yes
3,pig_01|pig_02|pig_13,1,elastic,elastic,ElasticNet,full_motion_feed_event,153,numeric,AngZ_Rate_p25,yes
3,pig_01|pig_02|pig_13,1,elastic,elastic,ElasticNet,full_motion_feed_event,154,numeric,AngZ_Rate_p75,yes
3,pig_01|pig_02|pig_13,1,elastic,elastic,ElasticNet,full_motion_feed_event,155,numeric,Jerk_Mean_mean,yes
3,pig_01|pig_02|pig_13,1,elastic,elastic,ElasticNet,full_motion_feed_event,156,numeric,Jerk_Mean_std,yes
3,pig_01|pig_02|pig_13,1,elastic,elastic,ElasticNet,full_motion_feed_event,157,numeric,Jerk_Mean_p25,yes
3,pig_01|pig_02|pig_13,1,elastic,elastic,ElasticNet,full_motion_feed_event,158,numeric,Jerk_Mean_p75,yes
3,pig_01|pig_02|pig_13,1,elastic,elastic,ElasticNet,full_motion_feed_event,159,numeric,ODBA_mean,yes
3,pig_01|pig_02|pig_13,1,elastic,elastic,ElasticNet,full_motion_feed_event,160,numeric,ODBA_std,yes
3,pig_01|pig_02|pig_13,1,elastic,elastic,ElasticNet,full_motion_feed_event,161,numeric,ODBA_p25,yes
3,pig_01|pig_02|pig_13,1,elastic,elastic,ElasticNet,full_motion_feed_event,162,numeric,ODBA_p75,yes
3,pig_01|pig_02|pig_13,1,elastic,elastic,ElasticNet,full_motion_feed_event,163,numeric,VeDBA_RMS_mean,yes
3,pig_01|pig_02|pig_13,1,elastic,elastic,ElasticNet,full_motion_feed_event,164,numeric,VeDBA_RMS_std,yes
3,pig_01|pig_02|pig_13,1,elastic,elastic,ElasticNet,full_motion_feed_event,165,numeric,VeDBA_RMS_p25,yes
3,pig_01|pig_02|pig_13,1,elastic,elastic,ElasticNet,full_motion_feed_event,166,numeric,VeDBA_RMS_p75,yes
3,pig_01|pig_02|pig_13,1,elastic,elastic,ElasticNet,full_motion_feed_event,167,numeric,Axis_Dominance_mean,yes
3,pig_01|pig_02|pig_13,1,elastic,elastic,ElasticNet,full_motion_feed_event,168,numeric,Axis_Dominance_std,yes
3,pig_01|pig_02|pig_13,1,elastic,elastic,ElasticNet,full_motion_feed_event,169,numeric,Axis_Dominance_p25,yes
3,pig_01|pig_02|pig_13,1,elastic,elastic,ElasticNet,full_motion_feed_event,170,numeric,Axis_Dominance_p75,yes
3,pig_01|pig_02|pig_13,1,elastic,elastic,ElasticNet,full_motion_feed_event,171,numeric,Skewness_mean,yes
3,pig_01|pig_02|pig_13,1,elastic,elastic,ElasticNet,full_motion_feed_event,172,numeric,Skewness_std,yes
3,pig_01|pig_02|pig_13,1,elastic,elastic,ElasticNet,full_motion_feed_event,173,numeric,Skewness_p25,yes
3,pig_01|pig_02|pig_13,1,elastic,elastic,ElasticNet,full_motion_feed_event,174,numeric,Skewness_p75,yes
3,pig_01|pig_02|pig_13,1,elastic,elastic,ElasticNet,full_motion_feed_event,175,numeric,Kurtosis_mean,yes
3,pig_01|pig_02|pig_13,1,elastic,elastic,ElasticNet,full_motion_feed_event,176,numeric,Kurtosis_std,yes
3,pig_01|pig_02|pig_13,1,elastic,elastic,ElasticNet,full_motion_feed_event,177,numeric,Kurtosis_p25,yes
3,pig_01|pig_02|pig_13,1,elastic,elastic,ElasticNet,full_motion_feed_event,178,numeric,Kurtosis_p75,yes
3,pig_01|pig_02|pig_13,1,elastic,elastic,ElasticNet,full_motion_feed_event,179,numeric,Autocorr_Lag1_mean,yes
3,pig_01|pig_02|pig_13,1,elastic,elastic,ElasticNet,full_motion_feed_event,180,numeric,Autocorr_Lag1_std,yes
3,pig_01|pig_02|pig_13,1,elastic,elastic,ElasticNet,full_motion_feed_event,181,numeric,Autocorr_Lag1_p25,yes
3,pig_01|pig_02|pig_13,1,elastic,elastic,ElasticNet,full_motion_feed_event,182,numeric,Autocorr_Lag1_p75,yes
3,pig_01|pig_02|pig_13,1,elastic,elastic,ElasticNet,full_motion_feed_event,183,numeric,Peak_Count_mean,yes
3,pig_01|pig_02|pig_13,1,elastic,elastic,ElasticNet,full_motion_feed_event,184,numeric,Peak_Count_std,yes
3,pig_01|pig_02|pig_13,1,elastic,elastic,ElasticNet,full_motion_feed_event,185,numeric,Peak_Count_p25,yes
3,pig_01|pig_02|pig_13,1,elastic,elastic,ElasticNet,full_motion_feed_event,186,numeric,Peak_Count_p75,yes
3,pig_01|pig_02|pig_13,1,elastic,elastic,ElasticNet,full_motion_feed_event,187,numeric,Corr_XY_mean,yes
3,pig_01|pig_02|pig_13,1,elastic,elastic,ElasticNet,full_motion_feed_event,188,numeric,Corr_XY_std,yes
3,pig_01|pig_02|pig_13,1,elastic,elastic,ElasticNet,full_motion_feed_event,189,numeric,Corr_XY_p25,yes
3,pig_01|pig_02|pig_13,1,elastic,elastic,ElasticNet,full_motion_feed_event,190,numeric,Corr_XY_p75,yes
3,pig_01|pig_02|pig_13,1,elastic,elastic,ElasticNet,full_motion_feed_event,191,numeric,Corr_XZ_mean,yes
3,pig_01|pig_02|pig_13,1,elastic,elastic,ElasticNet,full_motion_feed_event,192,numeric,Corr_XZ_std,yes
3,pig_01|pig_02|pig_13,1,elastic,elastic,ElasticNet,full_motion_feed_event,193,numeric,Corr_XZ_p25,yes
3,pig_01|pig_02|pig_13,1,elastic,elastic,ElasticNet,full_motion_feed_event,194,numeric,Corr_XZ_p75,yes
3,pig_01|pig_02|pig_13,1,elastic,elastic,ElasticNet,full_motion_feed_event,195,numeric,Corr_YZ_mean,yes
3,pig_01|pig_02|pig_13,1,elastic,elastic,ElasticNet,full_motion_feed_event,196,numeric,Corr_YZ_std,yes
3,pig_01|pig_02|pig_13,1,elastic,elastic,ElasticNet,full_motion_feed_event,197,numeric,Corr_YZ_p25,yes
3,pig_01|pig_02|pig_13,1,elastic,elastic,ElasticNet,full_motion_feed_event,198,numeric,Corr_YZ_p75,yes
3,pig_01|pig_02|pig_13,1,elastic,elastic,ElasticNet,full_motion_feed_event,199,numeric,Spectral_Entropy_mean,yes
3,pig_01|pig_02|pig_13,1,elastic,elastic,ElasticNet,full_motion_feed_event,200,numeric,Spectral_Entropy_std,yes
3,pig_01|pig_02|pig_13,1,elastic,elastic,ElasticNet,full_motion_feed_event,201,numeric,Spectral_Entropy_p25,yes
3,pig_01|pig_02|pig_13,1,elastic,elastic,ElasticNet,full_motion_feed_event,202,numeric,Spectral_Entropy_p75,yes
3,pig_01|pig_02|pig_13,1,elastic,elastic,ElasticNet,full_motion_feed_event,203,numeric,Zero_Crossing_Rate_mean,yes
3,pig_01|pig_02|pig_13,1,elastic,elastic,ElasticNet,full_motion_feed_event,204,numeric,Zero_Crossing_Rate_std,yes
3,pig_01|pig_02|pig_13,1,elastic,elastic,ElasticNet,full_motion_feed_event,205,numeric,Zero_Crossing_Rate_p25,yes
3,pig_01|pig_02|pig_13,1,elastic,elastic,ElasticNet,full_motion_feed_event,206,numeric,Zero_Crossing_Rate_p75,yes
3,pig_01|pig_02|pig_13,1,elastic,elastic,ElasticNet,full_motion_feed_event,207,numeric,Dominant_Frequency_mean,yes
3,pig_01|pig_02|pig_13,1,elastic,elastic,ElasticNet,full_motion_feed_event,208,numeric,Dominant_Frequency_std,yes
3,pig_01|pig_02|pig_13,1,elastic,elastic,ElasticNet,full_motion_feed_event,209,numeric,Dominant_Frequency_p25,yes
3,pig_01|pig_02|pig_13,1,elastic,elastic,ElasticNet,full_motion_feed_event,210,numeric,Dominant_Frequency_p75,yes
3,pig_01|pig_02|pig_13,1,elastic,elastic,ElasticNet,full_motion_feed_event,211,numeric,Coefficient_of_Variation_mean,yes
3,pig_01|pig_02|pig_13,1,elastic,elastic,ElasticNet,full_motion_feed_event,212,numeric,Coefficient_of_Variation_std,yes
3,pig_01|pig_02|pig_13,1,elastic,elastic,ElasticNet,full_motion_feed_event,213,numeric,Coefficient_of_Variation_p25,yes
3,pig_01|pig_02|pig_13,1,elastic,elastic,ElasticNet,full_motion_feed_event,214,numeric,Coefficient_of_Variation_p75,yes
3,pig_01|pig_02|pig_13,1,elastic,elastic,ElasticNet,full_motion_feed_event,215,numeric,Power_Low_mean,yes
3,pig_01|pig_02|pig_13,1,elastic,elastic,ElasticNet,full_motion_feed_event,216,numeric,Power_Low_std,yes
3,pig_01|pig_02|pig_13,1,elastic,elastic,ElasticNet,full_motion_feed_event,217,numeric,Power_Low_p25,yes
3,pig_01|pig_02|pig_13,1,elastic,elastic,ElasticNet,full_motion_feed_event,218,numeric,Power_Low_p75,yes
3,pig_01|pig_02|pig_13,1,elastic,elastic,ElasticNet,full_motion_feed_event,219,numeric,Power_Loco_mean,yes
3,pig_01|pig_02|pig_13,1,elastic,elastic,ElasticNet,full_motion_feed_event,220,numeric,Power_Loco_std,yes
3,pig_01|pig_02|pig_13,1,elastic,elastic,ElasticNet,full_motion_feed_event,221,numeric,Power_Loco_p25,yes
3,pig_01|pig_02|pig_13,1,elastic,elastic,ElasticNet,full_motion_feed_event,222,numeric,Power_Loco_p75,yes
3,pig_01|pig_02|pig_13,1,elastic,elastic,ElasticNet,full_motion_feed_event,223,numeric,Power_High_mean,yes
3,pig_01|pig_02|pig_13,1,elastic,elastic,ElasticNet,full_motion_feed_event,224,numeric,Power_High_std,yes
3,pig_01|pig_02|pig_13,1,elastic,elastic,ElasticNet,full_motion_feed_event,225,numeric,Power_High_p25,yes
3,pig_01|pig_02|pig_13,1,elastic,elastic,ElasticNet,full_motion_feed_event,226,numeric,Power_High_p75,yes
3,pig_01|pig_02|pig_13,1,elastic,elastic,ElasticNet,full_motion_feed_event,227,numeric,Sample_Entropy_mean,yes
3,pig_01|pig_02|pig_13,1,elastic,elastic,ElasticNet,full_motion_feed_event,228,numeric,Sample_Entropy_std,yes
3,pig_01|pig_02|pig_13,1,elastic,elastic,ElasticNet,full_motion_feed_event,229,numeric,Sample_Entropy_p25,yes
3,pig_01|pig_02|pig_13,1,elastic,elastic,ElasticNet,full_motion_feed_event,230,numeric,Sample_Entropy_p75,yes
3,pig_01|pig_02|pig_13,1,elastic,elastic,ElasticNet,full_motion_feed_event,231,numeric,Frac_Rest,yes
3,pig_01|pig_02|pig_13,1,elastic,elastic,ElasticNet,full_motion_feed_event,232,numeric,Frac_Moderate,yes
3,pig_01|pig_02|pig_13,1,elastic,elastic,ElasticNet,full_motion_feed_event,233,numeric,Frac_Vigorous,yes
3,pig_01|pig_02|pig_13,1,elastic,elastic,ElasticNet,full_motion_feed_event,234,numeric,Frac_Lying,yes
3,pig_01|pig_02|pig_13,1,elastic,elastic,ElasticNet,full_motion_feed_event,235,numeric,Frac_HeadDown,yes
3,pig_01|pig_02|pig_13,1,elastic,elastic,ElasticNet,full_motion_feed_event,236,numeric,Active_Fraction,yes
3,pig_01|pig_02|pig_13,1,elastic,elastic,ElasticNet,full_motion_feed_event,237,numeric,move_coverage,yes
3,pig_01|pig_02|pig_13,1,elastic,elastic,ElasticNet,full_motion_feed_event,238,numeric,StepFreq_std,yes
3,pig_01|pig_02|pig_13,1,elastic,elastic,ElasticNet,full_motion_feed_event,239,numeric,LyingTransitions,yes
3,pig_01|pig_02|pig_13,1,elastic,elastic,ElasticNet,full_motion_feed_event,240,numeric,HeadDownTransitions,yes
3,pig_01|pig_02|pig_13,1,elastic,elastic,ElasticNet,full_motion_feed_event,241,numeric,data_count_mean,yes
3,pig_01|pig_02|pig_13,1,elastic,elastic,ElasticNet,full_motion_feed_event,242,numeric,planned_meal_g_per_w075_if_fed,yes
3,pig_01|pig_02|pig_13,1,elastic,elastic,ElasticNet,full_motion_feed_event,243,numeric,planned_feed_available,yes
3,pig_01|pig_02|pig_13,1,elastic,elastic,ElasticNet,full_motion_feed_event,244,numeric,meal_history_known,yes
3,pig_01|pig_02|pig_13,1,elastic,elastic,ElasticNet,full_motion_feed_event,245,numeric,hours_since_last_meal_capped48,yes
3,pig_01|pig_02|pig_13,1,elastic,elastic,ElasticNet,full_motion_feed_event,246,numeric,last_meal_is_afternoon,yes
3,pig_01|pig_02|pig_13,1,elastic,elastic,ElasticNet,full_motion_feed_event,247,numeric,last_meal_is_morning,yes
3,pig_01|pig_02|pig_13,1,elastic,elastic,ElasticNet,full_motion_feed_event,248,numeric,fed_to_fasting_carryover_6h,yes
3,pig_01|pig_02|pig_13,1,elastic,elastic,ElasticNet,full_motion_feed_event,249,numeric,hours_in_fasting,yes
3,pig_01|pig_02|pig_13,1,elastic,elastic,ElasticNet,full_motion_feed_event,250,numeric,hours_since_afternoon_meal_capped48,yes
3,pig_01|pig_02|pig_13,1,elastic,elastic,ElasticNet,full_motion_feed_event,251,numeric,hours_since_morning_meal_capped48,yes
3,pig_01|pig_02|pig_13,1,elastic,elastic,ElasticNet,full_motion_feed_event,252,numeric,meal_afternoon_kernel_tau0p5h,yes
3,pig_01|pig_02|pig_13,1,elastic,elastic,ElasticNet,full_motion_feed_event,253,numeric,meal_afternoon_kernel_tau1p5h,yes
3,pig_01|pig_02|pig_13,1,elastic,elastic,ElasticNet,full_motion_feed_event,254,numeric,meal_afternoon_kernel_tau3p0h,yes
3,pig_01|pig_02|pig_13,1,elastic,elastic,ElasticNet,full_motion_feed_event,255,numeric,meal_afternoon_kernel_tau6p0h,yes
3,pig_01|pig_02|pig_13,1,elastic,elastic,ElasticNet,full_motion_feed_event,256,numeric,meal_morning_kernel_tau0p5h,yes
3,pig_01|pig_02|pig_13,1,elastic,elastic,ElasticNet,full_motion_feed_event,257,numeric,meal_morning_kernel_tau1p5h,yes
3,pig_01|pig_02|pig_13,1,elastic,elastic,ElasticNet,full_motion_feed_event,258,numeric,meal_morning_kernel_tau3p0h,yes
3,pig_01|pig_02|pig_13,1,elastic,elastic,ElasticNet,full_motion_feed_event,259,numeric,meal_morning_kernel_tau6p0h,yes
3,pig_01|pig_02|pig_13,1,elastic,elastic,ElasticNet,full_motion_feed_event,260,numeric,meal_any_kernel_tau1p5h,yes
3,pig_01|pig_02|pig_13,1,elastic,elastic,ElasticNet,full_motion_feed_event,261,numeric,meal_any_kernel_tau3p0h,yes
3,pig_01|pig_02|pig_13,1,elastic,elastic,ElasticNet,full_motion_feed_event,262,numeric,dose_x_meal_afternoon_kernel_tau0p5h,yes
3,pig_01|pig_02|pig_13,1,elastic,elastic,ElasticNet,full_motion_feed_event,263,numeric,dose_x_meal_afternoon_kernel_tau1p5h,yes
3,pig_01|pig_02|pig_13,1,elastic,elastic,ElasticNet,full_motion_feed_event,264,numeric,dose_x_meal_afternoon_kernel_tau3p0h,yes
3,pig_01|pig_02|pig_13,1,elastic,elastic,ElasticNet,full_motion_feed_event,265,numeric,dose_x_meal_afternoon_kernel_tau6p0h,yes
3,pig_01|pig_02|pig_13,1,elastic,elastic,ElasticNet,full_motion_feed_event,266,numeric,dose_x_meal_morning_kernel_tau0p5h,yes
3,pig_01|pig_02|pig_13,1,elastic,elastic,ElasticNet,full_motion_feed_event,267,numeric,dose_x_meal_morning_kernel_tau1p5h,yes
3,pig_01|pig_02|pig_13,1,elastic,elastic,ElasticNet,full_motion_feed_event,268,numeric,dose_x_meal_morning_kernel_tau3p0h,yes
3,pig_01|pig_02|pig_13,1,elastic,elastic,ElasticNet,full_motion_feed_event,269,numeric,dose_x_meal_morning_kernel_tau6p0h,yes
3,pig_01|pig_02|pig_13,1,elastic,elastic,ElasticNet,full_motion_feed_event,270,numeric,dose_x_meal_any_kernel_tau1p5h,yes
3,pig_01|pig_02|pig_13,1,elastic,elastic,ElasticNet,full_motion_feed_event,271,numeric,dose_x_meal_any_kernel_tau3p0h,yes
3,pig_01|pig_02|pig_13,1,elastic,elastic,ElasticNet,full_motion_feed_event,272,categorical,chamber,yes
3,pig_01|pig_02|pig_13,1,elastic,elastic,ElasticNet,full_motion_feed_event,273,categorical,phase_label,yes
3,pig_01|pig_02|pig_13,2,cat_d7,cat,CatBoostRegressor,full_motion_feed_event,1,numeric,hour_of_day,yes
3,pig_01|pig_02|pig_13,2,cat_d7,cat,CatBoostRegressor,full_motion_feed_event,2,numeric,sin_hour,yes
3,pig_01|pig_02|pig_13,2,cat_d7,cat,CatBoostRegressor,full_motion_feed_event,3,numeric,cos_hour,yes
3,pig_01|pig_02|pig_13,2,cat_d7,cat,CatBoostRegressor,full_motion_feed_event,4,numeric,weight,yes
3,pig_01|pig_02|pig_13,2,cat_d7,cat,CatBoostRegressor,full_motion_feed_event,5,numeric,is_fasting,yes
3,pig_01|pig_02|pig_13,2,cat_d7,cat,CatBoostRegressor,full_motion_feed_event,6,numeric,day_in_phase,yes
3,pig_01|pig_02|pig_13,2,cat_d7,cat,CatBoostRegressor,full_motion_feed_event,7,numeric,win_s,yes
3,pig_01|pig_02|pig_13,2,cat_d7,cat,CatBoostRegressor,full_motion_feed_event,8,numeric,is_adaptation,yes
3,pig_01|pig_02|pig_13,2,cat_d7,cat,CatBoostRegressor,full_motion_feed_event,9,numeric,is_formal,yes
3,pig_01|pig_02|pig_13,2,cat_d7,cat,CatBoostRegressor,full_motion_feed_event,10,numeric,小室温度(℃),yes
3,pig_01|pig_02|pig_13,2,cat_d7,cat,CatBoostRegressor,full_motion_feed_event,11,numeric,小室湿度(%),yes
3,pig_01|pig_02|pig_13,2,cat_d7,cat,CatBoostRegressor,full_motion_feed_event,12,numeric,beat_count,yes
3,pig_01|pig_02|pig_13,2,cat_d7,cat,CatBoostRegressor,full_motion_feed_event,13,numeric,HR_mean,yes
3,pig_01|pig_02|pig_13,2,cat_d7,cat,CatBoostRegressor,full_motion_feed_event,14,numeric,HR_std,yes
3,pig_01|pig_02|pig_13,2,cat_d7,cat,CatBoostRegressor,full_motion_feed_event,15,numeric,RR_mean,yes
3,pig_01|pig_02|pig_13,2,cat_d7,cat,CatBoostRegressor,full_motion_feed_event,16,numeric,SDNN,yes
3,pig_01|pig_02|pig_13,2,cat_d7,cat,CatBoostRegressor,full_motion_feed_event,17,numeric,RMSSD,yes
3,pig_01|pig_02|pig_13,2,cat_d7,cat,CatBoostRegressor,full_motion_feed_event,18,numeric,pNN50,yes
3,pig_01|pig_02|pig_13,2,cat_d7,cat,CatBoostRegressor,full_motion_feed_event,19,numeric,RR_cv,yes
3,pig_01|pig_02|pig_13,2,cat_d7,cat,CatBoostRegressor,full_motion_feed_event,20,numeric,RR_skew,yes
3,pig_01|pig_02|pig_13,2,cat_d7,cat,CatBoostRegressor,full_motion_feed_event,21,numeric,RR_kurt,yes
3,pig_01|pig_02|pig_13,2,cat_d7,cat,CatBoostRegressor,full_motion_feed_event,22,numeric,RR_range,yes
3,pig_01|pig_02|pig_13,2,cat_d7,cat,CatBoostRegressor,full_motion_feed_event,23,numeric,Acc_Mean_mean,yes
3,pig_01|pig_02|pig_13,2,cat_d7,cat,CatBoostRegressor,full_motion_feed_event,24,numeric,Acc_Mean_std,yes
3,pig_01|pig_02|pig_13,2,cat_d7,cat,CatBoostRegressor,full_motion_feed_event,25,numeric,Acc_Mean_p25,yes
3,pig_01|pig_02|pig_13,2,cat_d7,cat,CatBoostRegressor,full_motion_feed_event,26,numeric,Acc_Mean_p75,yes
3,pig_01|pig_02|pig_13,2,cat_d7,cat,CatBoostRegressor,full_motion_feed_event,27,numeric,Acc_Std_mean,yes
3,pig_01|pig_02|pig_13,2,cat_d7,cat,CatBoostRegressor,full_motion_feed_event,28,numeric,Acc_Std_std,yes
3,pig_01|pig_02|pig_13,2,cat_d7,cat,CatBoostRegressor,full_motion_feed_event,29,numeric,Acc_Std_p25,yes
3,pig_01|pig_02|pig_13,2,cat_d7,cat,CatBoostRegressor,full_motion_feed_event,30,numeric,Acc_Std_p75,yes
3,pig_01|pig_02|pig_13,2,cat_d7,cat,CatBoostRegressor,full_motion_feed_event,31,numeric,Acc_Sum_mean,yes
3,pig_01|pig_02|pig_13,2,cat_d7,cat,CatBoostRegressor,full_motion_feed_event,32,numeric,Acc_Sum_std,yes
3,pig_01|pig_02|pig_13,2,cat_d7,cat,CatBoostRegressor,full_motion_feed_event,33,numeric,Acc_Sum_p25,yes
3,pig_01|pig_02|pig_13,2,cat_d7,cat,CatBoostRegressor,full_motion_feed_event,34,numeric,Acc_Sum_p75,yes
3,pig_01|pig_02|pig_13,2,cat_d7,cat,CatBoostRegressor,full_motion_feed_event,35,numeric,Acc_Max_mean,yes
3,pig_01|pig_02|pig_13,2,cat_d7,cat,CatBoostRegressor,full_motion_feed_event,36,numeric,Acc_Max_std,yes
3,pig_01|pig_02|pig_13,2,cat_d7,cat,CatBoostRegressor,full_motion_feed_event,37,numeric,Acc_Max_p25,yes
3,pig_01|pig_02|pig_13,2,cat_d7,cat,CatBoostRegressor,full_motion_feed_event,38,numeric,Acc_Max_p75,yes
3,pig_01|pig_02|pig_13,2,cat_d7,cat,CatBoostRegressor,full_motion_feed_event,39,numeric,Acc_Min_mean,yes
3,pig_01|pig_02|pig_13,2,cat_d7,cat,CatBoostRegressor,full_motion_feed_event,40,numeric,Acc_Min_std,yes
3,pig_01|pig_02|pig_13,2,cat_d7,cat,CatBoostRegressor,full_motion_feed_event,41,numeric,Acc_Min_p25,yes
3,pig_01|pig_02|pig_13,2,cat_d7,cat,CatBoostRegressor,full_motion_feed_event,42,numeric,Acc_Min_p75,yes
3,pig_01|pig_02|pig_13,2,cat_d7,cat,CatBoostRegressor,full_motion_feed_event,43,numeric,Acc_Range_mean,yes
3,pig_01|pig_02|pig_13,2,cat_d7,cat,CatBoostRegressor,full_motion_feed_event,44,numeric,Acc_Range_std,yes
3,pig_01|pig_02|pig_13,2,cat_d7,cat,CatBoostRegressor,full_motion_feed_event,45,numeric,Acc_Range_p25,yes
3,pig_01|pig_02|pig_13,2,cat_d7,cat,CatBoostRegressor,full_motion_feed_event,46,numeric,Acc_Range_p75,yes
3,pig_01|pig_02|pig_13,2,cat_d7,cat,CatBoostRegressor,full_motion_feed_event,47,numeric,Acc_P25_mean,yes
3,pig_01|pig_02|pig_13,2,cat_d7,cat,CatBoostRegressor,full_motion_feed_event,48,numeric,Acc_P25_std,yes
3,pig_01|pig_02|pig_13,2,cat_d7,cat,CatBoostRegressor,full_motion_feed_event,49,numeric,Acc_P25_p25,yes
3,pig_01|pig_02|pig_13,2,cat_d7,cat,CatBoostRegressor,full_motion_feed_event,50,numeric,Acc_P25_p75,yes
3,pig_01|pig_02|pig_13,2,cat_d7,cat,CatBoostRegressor,full_motion_feed_event,51,numeric,Acc_P75_mean,yes
3,pig_01|pig_02|pig_13,2,cat_d7,cat,CatBoostRegressor,full_motion_feed_event,52,numeric,Acc_P75_std,yes
3,pig_01|pig_02|pig_13,2,cat_d7,cat,CatBoostRegressor,full_motion_feed_event,53,numeric,Acc_P75_p25,yes
3,pig_01|pig_02|pig_13,2,cat_d7,cat,CatBoostRegressor,full_motion_feed_event,54,numeric,Acc_P75_p75,yes
3,pig_01|pig_02|pig_13,2,cat_d7,cat,CatBoostRegressor,full_motion_feed_event,55,numeric,Gyro_Mean_mean,yes
3,pig_01|pig_02|pig_13,2,cat_d7,cat,CatBoostRegressor,full_motion_feed_event,56,numeric,Gyro_Mean_std,yes
3,pig_01|pig_02|pig_13,2,cat_d7,cat,CatBoostRegressor,full_motion_feed_event,57,numeric,Gyro_Mean_p25,yes
3,pig_01|pig_02|pig_13,2,cat_d7,cat,CatBoostRegressor,full_motion_feed_event,58,numeric,Gyro_Mean_p75,yes
3,pig_01|pig_02|pig_13,2,cat_d7,cat,CatBoostRegressor,full_motion_feed_event,59,numeric,Gyro_Max_mean,yes
3,pig_01|pig_02|pig_13,2,cat_d7,cat,CatBoostRegressor,full_motion_feed_event,60,numeric,Gyro_Max_std,yes
3,pig_01|pig_02|pig_13,2,cat_d7,cat,CatBoostRegressor,full_motion_feed_event,61,numeric,Gyro_Max_p25,yes
3,pig_01|pig_02|pig_13,2,cat_d7,cat,CatBoostRegressor,full_motion_feed_event,62,numeric,Gyro_Max_p75,yes
3,pig_01|pig_02|pig_13,2,cat_d7,cat,CatBoostRegressor,full_motion_feed_event,63,numeric,DynX_Mean_mean,yes
3,pig_01|pig_02|pig_13,2,cat_d7,cat,CatBoostRegressor,full_motion_feed_event,64,numeric,DynX_Mean_std,yes
3,pig_01|pig_02|pig_13,2,cat_d7,cat,CatBoostRegressor,full_motion_feed_event,65,numeric,DynX_Mean_p25,yes
3,pig_01|pig_02|pig_13,2,cat_d7,cat,CatBoostRegressor,full_motion_feed_event,66,numeric,DynX_Mean_p75,yes
3,pig_01|pig_02|pig_13,2,cat_d7,cat,CatBoostRegressor,full_motion_feed_event,67,numeric,DynX_Std_mean,yes
3,pig_01|pig_02|pig_13,2,cat_d7,cat,CatBoostRegressor,full_motion_feed_event,68,numeric,DynX_Std_std,yes
3,pig_01|pig_02|pig_13,2,cat_d7,cat,CatBoostRegressor,full_motion_feed_event,69,numeric,DynX_Std_p25,yes
3,pig_01|pig_02|pig_13,2,cat_d7,cat,CatBoostRegressor,full_motion_feed_event,70,numeric,DynX_Std_p75,yes
3,pig_01|pig_02|pig_13,2,cat_d7,cat,CatBoostRegressor,full_motion_feed_event,71,numeric,DynX_Mean_abs_mean,yes
3,pig_01|pig_02|pig_13,2,cat_d7,cat,CatBoostRegressor,full_motion_feed_event,72,numeric,DynX_Mean_abs_std,yes
3,pig_01|pig_02|pig_13,2,cat_d7,cat,CatBoostRegressor,full_motion_feed_event,73,numeric,DynX_Mean_abs_p25,yes
3,pig_01|pig_02|pig_13,2,cat_d7,cat,CatBoostRegressor,full_motion_feed_event,74,numeric,DynX_Mean_abs_p75,yes
3,pig_01|pig_02|pig_13,2,cat_d7,cat,CatBoostRegressor,full_motion_feed_event,75,numeric,DynY_Mean_mean,yes
3,pig_01|pig_02|pig_13,2,cat_d7,cat,CatBoostRegressor,full_motion_feed_event,76,numeric,DynY_Mean_std,yes
3,pig_01|pig_02|pig_13,2,cat_d7,cat,CatBoostRegressor,full_motion_feed_event,77,numeric,DynY_Mean_p25,yes
3,pig_01|pig_02|pig_13,2,cat_d7,cat,CatBoostRegressor,full_motion_feed_event,78,numeric,DynY_Mean_p75,yes
3,pig_01|pig_02|pig_13,2,cat_d7,cat,CatBoostRegressor,full_motion_feed_event,79,numeric,DynY_Std_mean,yes
3,pig_01|pig_02|pig_13,2,cat_d7,cat,CatBoostRegressor,full_motion_feed_event,80,numeric,DynY_Std_std,yes
3,pig_01|pig_02|pig_13,2,cat_d7,cat,CatBoostRegressor,full_motion_feed_event,81,numeric,DynY_Std_p25,yes
3,pig_01|pig_02|pig_13,2,cat_d7,cat,CatBoostRegressor,full_motion_feed_event,82,numeric,DynY_Std_p75,yes
3,pig_01|pig_02|pig_13,2,cat_d7,cat,CatBoostRegressor,full_motion_feed_event,83,numeric,DynY_Mean_abs_mean,yes
3,pig_01|pig_02|pig_13,2,cat_d7,cat,CatBoostRegressor,full_motion_feed_event,84,numeric,DynY_Mean_abs_std,yes
3,pig_01|pig_02|pig_13,2,cat_d7,cat,CatBoostRegressor,full_motion_feed_event,85,numeric,DynY_Mean_abs_p25,yes
3,pig_01|pig_02|pig_13,2,cat_d7,cat,CatBoostRegressor,full_motion_feed_event,86,numeric,DynY_Mean_abs_p75,yes
3,pig_01|pig_02|pig_13,2,cat_d7,cat,CatBoostRegressor,full_motion_feed_event,87,numeric,DynZ_Mean_mean,yes
3,pig_01|pig_02|pig_13,2,cat_d7,cat,CatBoostRegressor,full_motion_feed_event,88,numeric,DynZ_Mean_std,yes
3,pig_01|pig_02|pig_13,2,cat_d7,cat,CatBoostRegressor,full_motion_feed_event,89,numeric,DynZ_Mean_p25,yes
3,pig_01|pig_02|pig_13,2,cat_d7,cat,CatBoostRegressor,full_motion_feed_event,90,numeric,DynZ_Mean_p75,yes
3,pig_01|pig_02|pig_13,2,cat_d7,cat,CatBoostRegressor,full_motion_feed_event,91,numeric,DynZ_Std_mean,yes
3,pig_01|pig_02|pig_13,2,cat_d7,cat,CatBoostRegressor,full_motion_feed_event,92,numeric,DynZ_Std_std,yes
3,pig_01|pig_02|pig_13,2,cat_d7,cat,CatBoostRegressor,full_motion_feed_event,93,numeric,DynZ_Std_p25,yes
3,pig_01|pig_02|pig_13,2,cat_d7,cat,CatBoostRegressor,full_motion_feed_event,94,numeric,DynZ_Std_p75,yes
3,pig_01|pig_02|pig_13,2,cat_d7,cat,CatBoostRegressor,full_motion_feed_event,95,numeric,DynZ_Mean_abs_mean,yes
3,pig_01|pig_02|pig_13,2,cat_d7,cat,CatBoostRegressor,full_motion_feed_event,96,numeric,DynZ_Mean_abs_std,yes
3,pig_01|pig_02|pig_13,2,cat_d7,cat,CatBoostRegressor,full_motion_feed_event,97,numeric,DynZ_Mean_abs_p25,yes
3,pig_01|pig_02|pig_13,2,cat_d7,cat,CatBoostRegressor,full_motion_feed_event,98,numeric,DynZ_Mean_abs_p75,yes
3,pig_01|pig_02|pig_13,2,cat_d7,cat,CatBoostRegressor,full_motion_feed_event,99,numeric,AccMag_Mean_mean,yes
3,pig_01|pig_02|pig_13,2,cat_d7,cat,CatBoostRegressor,full_motion_feed_event,100,numeric,AccMag_Mean_std,yes
3,pig_01|pig_02|pig_13,2,cat_d7,cat,CatBoostRegressor,full_motion_feed_event,101,numeric,AccMag_Mean_p25,yes
3,pig_01|pig_02|pig_13,2,cat_d7,cat,CatBoostRegressor,full_motion_feed_event,102,numeric,AccMag_Mean_p75,yes
3,pig_01|pig_02|pig_13,2,cat_d7,cat,CatBoostRegressor,full_motion_feed_event,103,numeric,AccMag_Std_mean,yes
3,pig_01|pig_02|pig_13,2,cat_d7,cat,CatBoostRegressor,full_motion_feed_event,104,numeric,AccMag_Std_std,yes
3,pig_01|pig_02|pig_13,2,cat_d7,cat,CatBoostRegressor,full_motion_feed_event,105,numeric,AccMag_Std_p25,yes
3,pig_01|pig_02|pig_13,2,cat_d7,cat,CatBoostRegressor,full_motion_feed_event,106,numeric,AccMag_Std_p75,yes
3,pig_01|pig_02|pig_13,2,cat_d7,cat,CatBoostRegressor,full_motion_feed_event,107,numeric,Roll_Mean_mean,yes
3,pig_01|pig_02|pig_13,2,cat_d7,cat,CatBoostRegressor,full_motion_feed_event,108,numeric,Roll_Mean_std,yes
3,pig_01|pig_02|pig_13,2,cat_d7,cat,CatBoostRegressor,full_motion_feed_event,109,numeric,Roll_Mean_p25,yes
3,pig_01|pig_02|pig_13,2,cat_d7,cat,CatBoostRegressor,full_motion_feed_event,110,numeric,Roll_Mean_p75,yes
3,pig_01|pig_02|pig_13,2,cat_d7,cat,CatBoostRegressor,full_motion_feed_event,111,numeric,Roll_Std_mean,yes
3,pig_01|pig_02|pig_13,2,cat_d7,cat,CatBoostRegressor,full_motion_feed_event,112,numeric,Roll_Std_std,yes
3,pig_01|pig_02|pig_13,2,cat_d7,cat,CatBoostRegressor,full_motion_feed_event,113,numeric,Roll_Std_p25,yes
3,pig_01|pig_02|pig_13,2,cat_d7,cat,CatBoostRegressor,full_motion_feed_event,114,numeric,Roll_Std_p75,yes
3,pig_01|pig_02|pig_13,2,cat_d7,cat,CatBoostRegressor,full_motion_feed_event,115,numeric,Pitch_Mean_mean,yes
3,pig_01|pig_02|pig_13,2,cat_d7,cat,CatBoostRegressor,full_motion_feed_event,116,numeric,Pitch_Mean_std,yes
3,pig_01|pig_02|pig_13,2,cat_d7,cat,CatBoostRegressor,full_motion_feed_event,117,numeric,Pitch_Mean_p25,yes
3,pig_01|pig_02|pig_13,2,cat_d7,cat,CatBoostRegressor,full_motion_feed_event,118,numeric,Pitch_Mean_p75,yes
3,pig_01|pig_02|pig_13,2,cat_d7,cat,CatBoostRegressor,full_motion_feed_event,119,numeric,Pitch_Std_mean,yes
3,pig_01|pig_02|pig_13,2,cat_d7,cat,CatBoostRegressor,full_motion_feed_event,120,numeric,Pitch_Std_std,yes
3,pig_01|pig_02|pig_13,2,cat_d7,cat,CatBoostRegressor,full_motion_feed_event,121,numeric,Pitch_Std_p25,yes
3,pig_01|pig_02|pig_13,2,cat_d7,cat,CatBoostRegressor,full_motion_feed_event,122,numeric,Pitch_Std_p75,yes
3,pig_01|pig_02|pig_13,2,cat_d7,cat,CatBoostRegressor,full_motion_feed_event,123,numeric,Tilt_Mag_Mean_mean,yes
3,pig_01|pig_02|pig_13,2,cat_d7,cat,CatBoostRegressor,full_motion_feed_event,124,numeric,Tilt_Mag_Mean_std,yes
3,pig_01|pig_02|pig_13,2,cat_d7,cat,CatBoostRegressor,full_motion_feed_event,125,numeric,Tilt_Mag_Mean_p25,yes
3,pig_01|pig_02|pig_13,2,cat_d7,cat,CatBoostRegressor,full_motion_feed_event,126,numeric,Tilt_Mag_Mean_p75,yes
3,pig_01|pig_02|pig_13,2,cat_d7,cat,CatBoostRegressor,full_motion_feed_event,127,numeric,Tilt_Mag_Std_mean,yes
3,pig_01|pig_02|pig_13,2,cat_d7,cat,CatBoostRegressor,full_motion_feed_event,128,numeric,Tilt_Mag_Std_std,yes
3,pig_01|pig_02|pig_13,2,cat_d7,cat,CatBoostRegressor,full_motion_feed_event,129,numeric,Tilt_Mag_Std_p25,yes
3,pig_01|pig_02|pig_13,2,cat_d7,cat,CatBoostRegressor,full_motion_feed_event,130,numeric,Tilt_Mag_Std_p75,yes
3,pig_01|pig_02|pig_13,2,cat_d7,cat,CatBoostRegressor,full_motion_feed_event,131,numeric,AngX_Std_mean,yes
3,pig_01|pig_02|pig_13,2,cat_d7,cat,CatBoostRegressor,full_motion_feed_event,132,numeric,AngX_Std_std,yes
3,pig_01|pig_02|pig_13,2,cat_d7,cat,CatBoostRegressor,full_motion_feed_event,133,numeric,AngX_Std_p25,yes
3,pig_01|pig_02|pig_13,2,cat_d7,cat,CatBoostRegressor,full_motion_feed_event,134,numeric,AngX_Std_p75,yes
3,pig_01|pig_02|pig_13,2,cat_d7,cat,CatBoostRegressor,full_motion_feed_event,135,numeric,AngY_Std_mean,yes
3,pig_01|pig_02|pig_13,2,cat_d7,cat,CatBoostRegressor,full_motion_feed_event,136,numeric,AngY_Std_std,yes
3,pig_01|pig_02|pig_13,2,cat_d7,cat,CatBoostRegressor,full_motion_feed_event,137,numeric,AngY_Std_p25,yes
3,pig_01|pig_02|pig_13,2,cat_d7,cat,CatBoostRegressor,full_motion_feed_event,138,numeric,AngY_Std_p75,yes
3,pig_01|pig_02|pig_13,2,cat_d7,cat,CatBoostRegressor,full_motion_feed_event,139,numeric,AngZ_Std_mean,yes
3,pig_01|pig_02|pig_13,2,cat_d7,cat,CatBoostRegressor,full_motion_feed_event,140,numeric,AngZ_Std_std,yes
3,pig_01|pig_02|pig_13,2,cat_d7,cat,CatBoostRegressor,full_motion_feed_event,141,numeric,AngZ_Std_p25,yes
3,pig_01|pig_02|pig_13,2,cat_d7,cat,CatBoostRegressor,full_motion_feed_event,142,numeric,AngZ_Std_p75,yes
3,pig_01|pig_02|pig_13,2,cat_d7,cat,CatBoostRegressor,full_motion_feed_event,143,numeric,AngX_Rate_mean,yes
3,pig_01|pig_02|pig_13,2,cat_d7,cat,CatBoostRegressor,full_motion_feed_event,144,numeric,AngX_Rate_std,yes
3,pig_01|pig_02|pig_13,2,cat_d7,cat,CatBoostRegressor,full_motion_feed_event,145,numeric,AngX_Rate_p25,yes
3,pig_01|pig_02|pig_13,2,cat_d7,cat,CatBoostRegressor,full_motion_feed_event,146,numeric,AngX_Rate_p75,yes
3,pig_01|pig_02|pig_13,2,cat_d7,cat,CatBoostRegressor,full_motion_feed_event,147,numeric,AngY_Rate_mean,yes
3,pig_01|pig_02|pig_13,2,cat_d7,cat,CatBoostRegressor,full_motion_feed_event,148,numeric,AngY_Rate_std,yes
3,pig_01|pig_02|pig_13,2,cat_d7,cat,CatBoostRegressor,full_motion_feed_event,149,numeric,AngY_Rate_p25,yes
3,pig_01|pig_02|pig_13,2,cat_d7,cat,CatBoostRegressor,full_motion_feed_event,150,numeric,AngY_Rate_p75,yes
3,pig_01|pig_02|pig_13,2,cat_d7,cat,CatBoostRegressor,full_motion_feed_event,151,numeric,AngZ_Rate_mean,yes
3,pig_01|pig_02|pig_13,2,cat_d7,cat,CatBoostRegressor,full_motion_feed_event,152,numeric,AngZ_Rate_std,yes
3,pig_01|pig_02|pig_13,2,cat_d7,cat,CatBoostRegressor,full_motion_feed_event,153,numeric,AngZ_Rate_p25,yes
3,pig_01|pig_02|pig_13,2,cat_d7,cat,CatBoostRegressor,full_motion_feed_event,154,numeric,AngZ_Rate_p75,yes
3,pig_01|pig_02|pig_13,2,cat_d7,cat,CatBoostRegressor,full_motion_feed_event,155,numeric,Jerk_Mean_mean,yes
3,pig_01|pig_02|pig_13,2,cat_d7,cat,CatBoostRegressor,full_motion_feed_event,156,numeric,Jerk_Mean_std,yes
3,pig_01|pig_02|pig_13,2,cat_d7,cat,CatBoostRegressor,full_motion_feed_event,157,numeric,Jerk_Mean_p25,yes
3,pig_01|pig_02|pig_13,2,cat_d7,cat,CatBoostRegressor,full_motion_feed_event,158,numeric,Jerk_Mean_p75,yes
3,pig_01|pig_02|pig_13,2,cat_d7,cat,CatBoostRegressor,full_motion_feed_event,159,numeric,ODBA_mean,yes
3,pig_01|pig_02|pig_13,2,cat_d7,cat,CatBoostRegressor,full_motion_feed_event,160,numeric,ODBA_std,yes
3,pig_01|pig_02|pig_13,2,cat_d7,cat,CatBoostRegressor,full_motion_feed_event,161,numeric,ODBA_p25,yes
3,pig_01|pig_02|pig_13,2,cat_d7,cat,CatBoostRegressor,full_motion_feed_event,162,numeric,ODBA_p75,yes
3,pig_01|pig_02|pig_13,2,cat_d7,cat,CatBoostRegressor,full_motion_feed_event,163,numeric,VeDBA_RMS_mean,yes
3,pig_01|pig_02|pig_13,2,cat_d7,cat,CatBoostRegressor,full_motion_feed_event,164,numeric,VeDBA_RMS_std,yes
3,pig_01|pig_02|pig_13,2,cat_d7,cat,CatBoostRegressor,full_motion_feed_event,165,numeric,VeDBA_RMS_p25,yes
3,pig_01|pig_02|pig_13,2,cat_d7,cat,CatBoostRegressor,full_motion_feed_event,166,numeric,VeDBA_RMS_p75,yes
3,pig_01|pig_02|pig_13,2,cat_d7,cat,CatBoostRegressor,full_motion_feed_event,167,numeric,Axis_Dominance_mean,yes
3,pig_01|pig_02|pig_13,2,cat_d7,cat,CatBoostRegressor,full_motion_feed_event,168,numeric,Axis_Dominance_std,yes
3,pig_01|pig_02|pig_13,2,cat_d7,cat,CatBoostRegressor,full_motion_feed_event,169,numeric,Axis_Dominance_p25,yes
3,pig_01|pig_02|pig_13,2,cat_d7,cat,CatBoostRegressor,full_motion_feed_event,170,numeric,Axis_Dominance_p75,yes
3,pig_01|pig_02|pig_13,2,cat_d7,cat,CatBoostRegressor,full_motion_feed_event,171,numeric,Skewness_mean,yes
3,pig_01|pig_02|pig_13,2,cat_d7,cat,CatBoostRegressor,full_motion_feed_event,172,numeric,Skewness_std,yes
3,pig_01|pig_02|pig_13,2,cat_d7,cat,CatBoostRegressor,full_motion_feed_event,173,numeric,Skewness_p25,yes
3,pig_01|pig_02|pig_13,2,cat_d7,cat,CatBoostRegressor,full_motion_feed_event,174,numeric,Skewness_p75,yes
3,pig_01|pig_02|pig_13,2,cat_d7,cat,CatBoostRegressor,full_motion_feed_event,175,numeric,Kurtosis_mean,yes
3,pig_01|pig_02|pig_13,2,cat_d7,cat,CatBoostRegressor,full_motion_feed_event,176,numeric,Kurtosis_std,yes
3,pig_01|pig_02|pig_13,2,cat_d7,cat,CatBoostRegressor,full_motion_feed_event,177,numeric,Kurtosis_p25,yes
3,pig_01|pig_02|pig_13,2,cat_d7,cat,CatBoostRegressor,full_motion_feed_event,178,numeric,Kurtosis_p75,yes
3,pig_01|pig_02|pig_13,2,cat_d7,cat,CatBoostRegressor,full_motion_feed_event,179,numeric,Autocorr_Lag1_mean,yes
3,pig_01|pig_02|pig_13,2,cat_d7,cat,CatBoostRegressor,full_motion_feed_event,180,numeric,Autocorr_Lag1_std,yes
3,pig_01|pig_02|pig_13,2,cat_d7,cat,CatBoostRegressor,full_motion_feed_event,181,numeric,Autocorr_Lag1_p25,yes
3,pig_01|pig_02|pig_13,2,cat_d7,cat,CatBoostRegressor,full_motion_feed_event,182,numeric,Autocorr_Lag1_p75,yes
3,pig_01|pig_02|pig_13,2,cat_d7,cat,CatBoostRegressor,full_motion_feed_event,183,numeric,Peak_Count_mean,yes
3,pig_01|pig_02|pig_13,2,cat_d7,cat,CatBoostRegressor,full_motion_feed_event,184,numeric,Peak_Count_std,yes
3,pig_01|pig_02|pig_13,2,cat_d7,cat,CatBoostRegressor,full_motion_feed_event,185,numeric,Peak_Count_p25,yes
3,pig_01|pig_02|pig_13,2,cat_d7,cat,CatBoostRegressor,full_motion_feed_event,186,numeric,Peak_Count_p75,yes
3,pig_01|pig_02|pig_13,2,cat_d7,cat,CatBoostRegressor,full_motion_feed_event,187,numeric,Corr_XY_mean,yes
3,pig_01|pig_02|pig_13,2,cat_d7,cat,CatBoostRegressor,full_motion_feed_event,188,numeric,Corr_XY_std,yes
3,pig_01|pig_02|pig_13,2,cat_d7,cat,CatBoostRegressor,full_motion_feed_event,189,numeric,Corr_XY_p25,yes
3,pig_01|pig_02|pig_13,2,cat_d7,cat,CatBoostRegressor,full_motion_feed_event,190,numeric,Corr_XY_p75,yes
3,pig_01|pig_02|pig_13,2,cat_d7,cat,CatBoostRegressor,full_motion_feed_event,191,numeric,Corr_XZ_mean,yes
3,pig_01|pig_02|pig_13,2,cat_d7,cat,CatBoostRegressor,full_motion_feed_event,192,numeric,Corr_XZ_std,yes
3,pig_01|pig_02|pig_13,2,cat_d7,cat,CatBoostRegressor,full_motion_feed_event,193,numeric,Corr_XZ_p25,yes
3,pig_01|pig_02|pig_13,2,cat_d7,cat,CatBoostRegressor,full_motion_feed_event,194,numeric,Corr_XZ_p75,yes
3,pig_01|pig_02|pig_13,2,cat_d7,cat,CatBoostRegressor,full_motion_feed_event,195,numeric,Corr_YZ_mean,yes
3,pig_01|pig_02|pig_13,2,cat_d7,cat,CatBoostRegressor,full_motion_feed_event,196,numeric,Corr_YZ_std,yes
3,pig_01|pig_02|pig_13,2,cat_d7,cat,CatBoostRegressor,full_motion_feed_event,197,numeric,Corr_YZ_p25,yes
3,pig_01|pig_02|pig_13,2,cat_d7,cat,CatBoostRegressor,full_motion_feed_event,198,numeric,Corr_YZ_p75,yes
3,pig_01|pig_02|pig_13,2,cat_d7,cat,CatBoostRegressor,full_motion_feed_event,199,numeric,Spectral_Entropy_mean,yes
3,pig_01|pig_02|pig_13,2,cat_d7,cat,CatBoostRegressor,full_motion_feed_event,200,numeric,Spectral_Entropy_std,yes
3,pig_01|pig_02|pig_13,2,cat_d7,cat,CatBoostRegressor,full_motion_feed_event,201,numeric,Spectral_Entropy_p25,yes
3,pig_01|pig_02|pig_13,2,cat_d7,cat,CatBoostRegressor,full_motion_feed_event,202,numeric,Spectral_Entropy_p75,yes
3,pig_01|pig_02|pig_13,2,cat_d7,cat,CatBoostRegressor,full_motion_feed_event,203,numeric,Zero_Crossing_Rate_mean,yes
3,pig_01|pig_02|pig_13,2,cat_d7,cat,CatBoostRegressor,full_motion_feed_event,204,numeric,Zero_Crossing_Rate_std,yes
3,pig_01|pig_02|pig_13,2,cat_d7,cat,CatBoostRegressor,full_motion_feed_event,205,numeric,Zero_Crossing_Rate_p25,yes
3,pig_01|pig_02|pig_13,2,cat_d7,cat,CatBoostRegressor,full_motion_feed_event,206,numeric,Zero_Crossing_Rate_p75,yes
3,pig_01|pig_02|pig_13,2,cat_d7,cat,CatBoostRegressor,full_motion_feed_event,207,numeric,Dominant_Frequency_mean,yes
3,pig_01|pig_02|pig_13,2,cat_d7,cat,CatBoostRegressor,full_motion_feed_event,208,numeric,Dominant_Frequency_std,yes
3,pig_01|pig_02|pig_13,2,cat_d7,cat,CatBoostRegressor,full_motion_feed_event,209,numeric,Dominant_Frequency_p25,yes
3,pig_01|pig_02|pig_13,2,cat_d7,cat,CatBoostRegressor,full_motion_feed_event,210,numeric,Dominant_Frequency_p75,yes
3,pig_01|pig_02|pig_13,2,cat_d7,cat,CatBoostRegressor,full_motion_feed_event,211,numeric,Coefficient_of_Variation_mean,yes
3,pig_01|pig_02|pig_13,2,cat_d7,cat,CatBoostRegressor,full_motion_feed_event,212,numeric,Coefficient_of_Variation_std,yes
3,pig_01|pig_02|pig_13,2,cat_d7,cat,CatBoostRegressor,full_motion_feed_event,213,numeric,Coefficient_of_Variation_p25,yes
3,pig_01|pig_02|pig_13,2,cat_d7,cat,CatBoostRegressor,full_motion_feed_event,214,numeric,Coefficient_of_Variation_p75,yes
3,pig_01|pig_02|pig_13,2,cat_d7,cat,CatBoostRegressor,full_motion_feed_event,215,numeric,Power_Low_mean,yes
3,pig_01|pig_02|pig_13,2,cat_d7,cat,CatBoostRegressor,full_motion_feed_event,216,numeric,Power_Low_std,yes
3,pig_01|pig_02|pig_13,2,cat_d7,cat,CatBoostRegressor,full_motion_feed_event,217,numeric,Power_Low_p25,yes
3,pig_01|pig_02|pig_13,2,cat_d7,cat,CatBoostRegressor,full_motion_feed_event,218,numeric,Power_Low_p75,yes
3,pig_01|pig_02|pig_13,2,cat_d7,cat,CatBoostRegressor,full_motion_feed_event,219,numeric,Power_Loco_mean,yes
3,pig_01|pig_02|pig_13,2,cat_d7,cat,CatBoostRegressor,full_motion_feed_event,220,numeric,Power_Loco_std,yes
3,pig_01|pig_02|pig_13,2,cat_d7,cat,CatBoostRegressor,full_motion_feed_event,221,numeric,Power_Loco_p25,yes
3,pig_01|pig_02|pig_13,2,cat_d7,cat,CatBoostRegressor,full_motion_feed_event,222,numeric,Power_Loco_p75,yes
3,pig_01|pig_02|pig_13,2,cat_d7,cat,CatBoostRegressor,full_motion_feed_event,223,numeric,Power_High_mean,yes
3,pig_01|pig_02|pig_13,2,cat_d7,cat,CatBoostRegressor,full_motion_feed_event,224,numeric,Power_High_std,yes
3,pig_01|pig_02|pig_13,2,cat_d7,cat,CatBoostRegressor,full_motion_feed_event,225,numeric,Power_High_p25,yes
3,pig_01|pig_02|pig_13,2,cat_d7,cat,CatBoostRegressor,full_motion_feed_event,226,numeric,Power_High_p75,yes
3,pig_01|pig_02|pig_13,2,cat_d7,cat,CatBoostRegressor,full_motion_feed_event,227,numeric,Sample_Entropy_mean,yes
3,pig_01|pig_02|pig_13,2,cat_d7,cat,CatBoostRegressor,full_motion_feed_event,228,numeric,Sample_Entropy_std,yes
3,pig_01|pig_02|pig_13,2,cat_d7,cat,CatBoostRegressor,full_motion_feed_event,229,numeric,Sample_Entropy_p25,yes
3,pig_01|pig_02|pig_13,2,cat_d7,cat,CatBoostRegressor,full_motion_feed_event,230,numeric,Sample_Entropy_p75,yes
3,pig_01|pig_02|pig_13,2,cat_d7,cat,CatBoostRegressor,full_motion_feed_event,231,numeric,Frac_Rest,yes
3,pig_01|pig_02|pig_13,2,cat_d7,cat,CatBoostRegressor,full_motion_feed_event,232,numeric,Frac_Moderate,yes
3,pig_01|pig_02|pig_13,2,cat_d7,cat,CatBoostRegressor,full_motion_feed_event,233,numeric,Frac_Vigorous,yes
3,pig_01|pig_02|pig_13,2,cat_d7,cat,CatBoostRegressor,full_motion_feed_event,234,numeric,Frac_Lying,yes
3,pig_01|pig_02|pig_13,2,cat_d7,cat,CatBoostRegressor,full_motion_feed_event,235,numeric,Frac_HeadDown,yes
3,pig_01|pig_02|pig_13,2,cat_d7,cat,CatBoostRegressor,full_motion_feed_event,236,numeric,Active_Fraction,yes
3,pig_01|pig_02|pig_13,2,cat_d7,cat,CatBoostRegressor,full_motion_feed_event,237,numeric,move_coverage,yes
3,pig_01|pig_02|pig_13,2,cat_d7,cat,CatBoostRegressor,full_motion_feed_event,238,numeric,StepFreq_std,yes
3,pig_01|pig_02|pig_13,2,cat_d7,cat,CatBoostRegressor,full_motion_feed_event,239,numeric,LyingTransitions,yes
3,pig_01|pig_02|pig_13,2,cat_d7,cat,CatBoostRegressor,full_motion_feed_event,240,numeric,HeadDownTransitions,yes
3,pig_01|pig_02|pig_13,2,cat_d7,cat,CatBoostRegressor,full_motion_feed_event,241,numeric,data_count_mean,yes
3,pig_01|pig_02|pig_13,2,cat_d7,cat,CatBoostRegressor,full_motion_feed_event,242,numeric,planned_meal_g_per_w075_if_fed,yes
3,pig_01|pig_02|pig_13,2,cat_d7,cat,CatBoostRegressor,full_motion_feed_event,243,numeric,planned_feed_available,yes
3,pig_01|pig_02|pig_13,2,cat_d7,cat,CatBoostRegressor,full_motion_feed_event,244,numeric,meal_history_known,yes
3,pig_01|pig_02|pig_13,2,cat_d7,cat,CatBoostRegressor,full_motion_feed_event,245,numeric,hours_since_last_meal_capped48,yes
3,pig_01|pig_02|pig_13,2,cat_d7,cat,CatBoostRegressor,full_motion_feed_event,246,numeric,last_meal_is_afternoon,yes
3,pig_01|pig_02|pig_13,2,cat_d7,cat,CatBoostRegressor,full_motion_feed_event,247,numeric,last_meal_is_morning,yes
3,pig_01|pig_02|pig_13,2,cat_d7,cat,CatBoostRegressor,full_motion_feed_event,248,numeric,fed_to_fasting_carryover_6h,yes
3,pig_01|pig_02|pig_13,2,cat_d7,cat,CatBoostRegressor,full_motion_feed_event,249,numeric,hours_in_fasting,yes
3,pig_01|pig_02|pig_13,2,cat_d7,cat,CatBoostRegressor,full_motion_feed_event,250,numeric,hours_since_afternoon_meal_capped48,yes
3,pig_01|pig_02|pig_13,2,cat_d7,cat,CatBoostRegressor,full_motion_feed_event,251,numeric,hours_since_morning_meal_capped48,yes
3,pig_01|pig_02|pig_13,2,cat_d7,cat,CatBoostRegressor,full_motion_feed_event,252,numeric,meal_afternoon_kernel_tau0p5h,yes
3,pig_01|pig_02|pig_13,2,cat_d7,cat,CatBoostRegressor,full_motion_feed_event,253,numeric,meal_afternoon_kernel_tau1p5h,yes
3,pig_01|pig_02|pig_13,2,cat_d7,cat,CatBoostRegressor,full_motion_feed_event,254,numeric,meal_afternoon_kernel_tau3p0h,yes
3,pig_01|pig_02|pig_13,2,cat_d7,cat,CatBoostRegressor,full_motion_feed_event,255,numeric,meal_afternoon_kernel_tau6p0h,yes
3,pig_01|pig_02|pig_13,2,cat_d7,cat,CatBoostRegressor,full_motion_feed_event,256,numeric,meal_morning_kernel_tau0p5h,yes
3,pig_01|pig_02|pig_13,2,cat_d7,cat,CatBoostRegressor,full_motion_feed_event,257,numeric,meal_morning_kernel_tau1p5h,yes
3,pig_01|pig_02|pig_13,2,cat_d7,cat,CatBoostRegressor,full_motion_feed_event,258,numeric,meal_morning_kernel_tau3p0h,yes
3,pig_01|pig_02|pig_13,2,cat_d7,cat,CatBoostRegressor,full_motion_feed_event,259,numeric,meal_morning_kernel_tau6p0h,yes
3,pig_01|pig_02|pig_13,2,cat_d7,cat,CatBoostRegressor,full_motion_feed_event,260,numeric,meal_any_kernel_tau1p5h,yes
3,pig_01|pig_02|pig_13,2,cat_d7,cat,CatBoostRegressor,full_motion_feed_event,261,numeric,meal_any_kernel_tau3p0h,yes
3,pig_01|pig_02|pig_13,2,cat_d7,cat,CatBoostRegressor,full_motion_feed_event,262,numeric,dose_x_meal_afternoon_kernel_tau0p5h,yes
3,pig_01|pig_02|pig_13,2,cat_d7,cat,CatBoostRegressor,full_motion_feed_event,263,numeric,dose_x_meal_afternoon_kernel_tau1p5h,yes
3,pig_01|pig_02|pig_13,2,cat_d7,cat,CatBoostRegressor,full_motion_feed_event,264,numeric,dose_x_meal_afternoon_kernel_tau3p0h,yes
3,pig_01|pig_02|pig_13,2,cat_d7,cat,CatBoostRegressor,full_motion_feed_event,265,numeric,dose_x_meal_afternoon_kernel_tau6p0h,yes
3,pig_01|pig_02|pig_13,2,cat_d7,cat,CatBoostRegressor,full_motion_feed_event,266,numeric,dose_x_meal_morning_kernel_tau0p5h,yes
3,pig_01|pig_02|pig_13,2,cat_d7,cat,CatBoostRegressor,full_motion_feed_event,267,numeric,dose_x_meal_morning_kernel_tau1p5h,yes
3,pig_01|pig_02|pig_13,2,cat_d7,cat,CatBoostRegressor,full_motion_feed_event,268,numeric,dose_x_meal_morning_kernel_tau3p0h,yes
3,pig_01|pig_02|pig_13,2,cat_d7,cat,CatBoostRegressor,full_motion_feed_event,269,numeric,dose_x_meal_morning_kernel_tau6p0h,yes
3,pig_01|pig_02|pig_13,2,cat_d7,cat,CatBoostRegressor,full_motion_feed_event,270,numeric,dose_x_meal_any_kernel_tau1p5h,yes
3,pig_01|pig_02|pig_13,2,cat_d7,cat,CatBoostRegressor,full_motion_feed_event,271,numeric,dose_x_meal_any_kernel_tau3p0h,yes
3,pig_01|pig_02|pig_13,2,cat_d7,cat,CatBoostRegressor,full_motion_feed_event,272,categorical,chamber,yes
3,pig_01|pig_02|pig_13,2,cat_d7,cat,CatBoostRegressor,full_motion_feed_event,273,categorical,phase_label,yes
3,pig_01|pig_02|pig_13,3,extra_leaf1,extra,ExtraTreesRegressor,full_motion_feed_event,1,numeric,hour_of_day,yes
3,pig_01|pig_02|pig_13,3,extra_leaf1,extra,ExtraTreesRegressor,full_motion_feed_event,2,numeric,sin_hour,yes
3,pig_01|pig_02|pig_13,3,extra_leaf1,extra,ExtraTreesRegressor,full_motion_feed_event,3,numeric,cos_hour,yes
3,pig_01|pig_02|pig_13,3,extra_leaf1,extra,ExtraTreesRegressor,full_motion_feed_event,4,numeric,weight,yes
3,pig_01|pig_02|pig_13,3,extra_leaf1,extra,ExtraTreesRegressor,full_motion_feed_event,5,numeric,is_fasting,yes
3,pig_01|pig_02|pig_13,3,extra_leaf1,extra,ExtraTreesRegressor,full_motion_feed_event,6,numeric,day_in_phase,yes
3,pig_01|pig_02|pig_13,3,extra_leaf1,extra,ExtraTreesRegressor,full_motion_feed_event,7,numeric,win_s,yes
3,pig_01|pig_02|pig_13,3,extra_leaf1,extra,ExtraTreesRegressor,full_motion_feed_event,8,numeric,is_adaptation,yes
3,pig_01|pig_02|pig_13,3,extra_leaf1,extra,ExtraTreesRegressor,full_motion_feed_event,9,numeric,is_formal,yes
3,pig_01|pig_02|pig_13,3,extra_leaf1,extra,ExtraTreesRegressor,full_motion_feed_event,10,numeric,小室温度(℃),yes
3,pig_01|pig_02|pig_13,3,extra_leaf1,extra,ExtraTreesRegressor,full_motion_feed_event,11,numeric,小室湿度(%),yes
3,pig_01|pig_02|pig_13,3,extra_leaf1,extra,ExtraTreesRegressor,full_motion_feed_event,12,numeric,beat_count,yes
3,pig_01|pig_02|pig_13,3,extra_leaf1,extra,ExtraTreesRegressor,full_motion_feed_event,13,numeric,HR_mean,yes
3,pig_01|pig_02|pig_13,3,extra_leaf1,extra,ExtraTreesRegressor,full_motion_feed_event,14,numeric,HR_std,yes
3,pig_01|pig_02|pig_13,3,extra_leaf1,extra,ExtraTreesRegressor,full_motion_feed_event,15,numeric,RR_mean,yes
3,pig_01|pig_02|pig_13,3,extra_leaf1,extra,ExtraTreesRegressor,full_motion_feed_event,16,numeric,SDNN,yes
3,pig_01|pig_02|pig_13,3,extra_leaf1,extra,ExtraTreesRegressor,full_motion_feed_event,17,numeric,RMSSD,yes
3,pig_01|pig_02|pig_13,3,extra_leaf1,extra,ExtraTreesRegressor,full_motion_feed_event,18,numeric,pNN50,yes
3,pig_01|pig_02|pig_13,3,extra_leaf1,extra,ExtraTreesRegressor,full_motion_feed_event,19,numeric,RR_cv,yes
3,pig_01|pig_02|pig_13,3,extra_leaf1,extra,ExtraTreesRegressor,full_motion_feed_event,20,numeric,RR_skew,yes
3,pig_01|pig_02|pig_13,3,extra_leaf1,extra,ExtraTreesRegressor,full_motion_feed_event,21,numeric,RR_kurt,yes
3,pig_01|pig_02|pig_13,3,extra_leaf1,extra,ExtraTreesRegressor,full_motion_feed_event,22,numeric,RR_range,yes
3,pig_01|pig_02|pig_13,3,extra_leaf1,extra,ExtraTreesRegressor,full_motion_feed_event,23,numeric,Acc_Mean_mean,yes
3,pig_01|pig_02|pig_13,3,extra_leaf1,extra,ExtraTreesRegressor,full_motion_feed_event,24,numeric,Acc_Mean_std,yes
3,pig_01|pig_02|pig_13,3,extra_leaf1,extra,ExtraTreesRegressor,full_motion_feed_event,25,numeric,Acc_Mean_p25,yes
3,pig_01|pig_02|pig_13,3,extra_leaf1,extra,ExtraTreesRegressor,full_motion_feed_event,26,numeric,Acc_Mean_p75,yes
3,pig_01|pig_02|pig_13,3,extra_leaf1,extra,ExtraTreesRegressor,full_motion_feed_event,27,numeric,Acc_Std_mean,yes
3,pig_01|pig_02|pig_13,3,extra_leaf1,extra,ExtraTreesRegressor,full_motion_feed_event,28,numeric,Acc_Std_std,yes
3,pig_01|pig_02|pig_13,3,extra_leaf1,extra,ExtraTreesRegressor,full_motion_feed_event,29,numeric,Acc_Std_p25,yes
3,pig_01|pig_02|pig_13,3,extra_leaf1,extra,ExtraTreesRegressor,full_motion_feed_event,30,numeric,Acc_Std_p75,yes
3,pig_01|pig_02|pig_13,3,extra_leaf1,extra,ExtraTreesRegressor,full_motion_feed_event,31,numeric,Acc_Sum_mean,yes
3,pig_01|pig_02|pig_13,3,extra_leaf1,extra,ExtraTreesRegressor,full_motion_feed_event,32,numeric,Acc_Sum_std,yes
3,pig_01|pig_02|pig_13,3,extra_leaf1,extra,ExtraTreesRegressor,full_motion_feed_event,33,numeric,Acc_Sum_p25,yes
3,pig_01|pig_02|pig_13,3,extra_leaf1,extra,ExtraTreesRegressor,full_motion_feed_event,34,numeric,Acc_Sum_p75,yes
3,pig_01|pig_02|pig_13,3,extra_leaf1,extra,ExtraTreesRegressor,full_motion_feed_event,35,numeric,Acc_Max_mean,yes
3,pig_01|pig_02|pig_13,3,extra_leaf1,extra,ExtraTreesRegressor,full_motion_feed_event,36,numeric,Acc_Max_std,yes
3,pig_01|pig_02|pig_13,3,extra_leaf1,extra,ExtraTreesRegressor,full_motion_feed_event,37,numeric,Acc_Max_p25,yes
3,pig_01|pig_02|pig_13,3,extra_leaf1,extra,ExtraTreesRegressor,full_motion_feed_event,38,numeric,Acc_Max_p75,yes
3,pig_01|pig_02|pig_13,3,extra_leaf1,extra,ExtraTreesRegressor,full_motion_feed_event,39,numeric,Acc_Min_mean,yes
3,pig_01|pig_02|pig_13,3,extra_leaf1,extra,ExtraTreesRegressor,full_motion_feed_event,40,numeric,Acc_Min_std,yes
3,pig_01|pig_02|pig_13,3,extra_leaf1,extra,ExtraTreesRegressor,full_motion_feed_event,41,numeric,Acc_Min_p25,yes
3,pig_01|pig_02|pig_13,3,extra_leaf1,extra,ExtraTreesRegressor,full_motion_feed_event,42,numeric,Acc_Min_p75,yes
3,pig_01|pig_02|pig_13,3,extra_leaf1,extra,ExtraTreesRegressor,full_motion_feed_event,43,numeric,Acc_Range_mean,yes
3,pig_01|pig_02|pig_13,3,extra_leaf1,extra,ExtraTreesRegressor,full_motion_feed_event,44,numeric,Acc_Range_std,yes
3,pig_01|pig_02|pig_13,3,extra_leaf1,extra,ExtraTreesRegressor,full_motion_feed_event,45,numeric,Acc_Range_p25,yes
3,pig_01|pig_02|pig_13,3,extra_leaf1,extra,ExtraTreesRegressor,full_motion_feed_event,46,numeric,Acc_Range_p75,yes
3,pig_01|pig_02|pig_13,3,extra_leaf1,extra,ExtraTreesRegressor,full_motion_feed_event,47,numeric,Acc_P25_mean,yes
3,pig_01|pig_02|pig_13,3,extra_leaf1,extra,ExtraTreesRegressor,full_motion_feed_event,48,numeric,Acc_P25_std,yes
3,pig_01|pig_02|pig_13,3,extra_leaf1,extra,ExtraTreesRegressor,full_motion_feed_event,49,numeric,Acc_P25_p25,yes
3,pig_01|pig_02|pig_13,3,extra_leaf1,extra,ExtraTreesRegressor,full_motion_feed_event,50,numeric,Acc_P25_p75,yes
3,pig_01|pig_02|pig_13,3,extra_leaf1,extra,ExtraTreesRegressor,full_motion_feed_event,51,numeric,Acc_P75_mean,yes
3,pig_01|pig_02|pig_13,3,extra_leaf1,extra,ExtraTreesRegressor,full_motion_feed_event,52,numeric,Acc_P75_std,yes
3,pig_01|pig_02|pig_13,3,extra_leaf1,extra,ExtraTreesRegressor,full_motion_feed_event,53,numeric,Acc_P75_p25,yes
3,pig_01|pig_02|pig_13,3,extra_leaf1,extra,ExtraTreesRegressor,full_motion_feed_event,54,numeric,Acc_P75_p75,yes
3,pig_01|pig_02|pig_13,3,extra_leaf1,extra,ExtraTreesRegressor,full_motion_feed_event,55,numeric,Gyro_Mean_mean,yes
3,pig_01|pig_02|pig_13,3,extra_leaf1,extra,ExtraTreesRegressor,full_motion_feed_event,56,numeric,Gyro_Mean_std,yes
3,pig_01|pig_02|pig_13,3,extra_leaf1,extra,ExtraTreesRegressor,full_motion_feed_event,57,numeric,Gyro_Mean_p25,yes
3,pig_01|pig_02|pig_13,3,extra_leaf1,extra,ExtraTreesRegressor,full_motion_feed_event,58,numeric,Gyro_Mean_p75,yes
3,pig_01|pig_02|pig_13,3,extra_leaf1,extra,ExtraTreesRegressor,full_motion_feed_event,59,numeric,Gyro_Max_mean,yes
3,pig_01|pig_02|pig_13,3,extra_leaf1,extra,ExtraTreesRegressor,full_motion_feed_event,60,numeric,Gyro_Max_std,yes
3,pig_01|pig_02|pig_13,3,extra_leaf1,extra,ExtraTreesRegressor,full_motion_feed_event,61,numeric,Gyro_Max_p25,yes
3,pig_01|pig_02|pig_13,3,extra_leaf1,extra,ExtraTreesRegressor,full_motion_feed_event,62,numeric,Gyro_Max_p75,yes
3,pig_01|pig_02|pig_13,3,extra_leaf1,extra,ExtraTreesRegressor,full_motion_feed_event,63,numeric,DynX_Mean_mean,yes
3,pig_01|pig_02|pig_13,3,extra_leaf1,extra,ExtraTreesRegressor,full_motion_feed_event,64,numeric,DynX_Mean_std,yes
3,pig_01|pig_02|pig_13,3,extra_leaf1,extra,ExtraTreesRegressor,full_motion_feed_event,65,numeric,DynX_Mean_p25,yes
3,pig_01|pig_02|pig_13,3,extra_leaf1,extra,ExtraTreesRegressor,full_motion_feed_event,66,numeric,DynX_Mean_p75,yes
3,pig_01|pig_02|pig_13,3,extra_leaf1,extra,ExtraTreesRegressor,full_motion_feed_event,67,numeric,DynX_Std_mean,yes
3,pig_01|pig_02|pig_13,3,extra_leaf1,extra,ExtraTreesRegressor,full_motion_feed_event,68,numeric,DynX_Std_std,yes
3,pig_01|pig_02|pig_13,3,extra_leaf1,extra,ExtraTreesRegressor,full_motion_feed_event,69,numeric,DynX_Std_p25,yes
3,pig_01|pig_02|pig_13,3,extra_leaf1,extra,ExtraTreesRegressor,full_motion_feed_event,70,numeric,DynX_Std_p75,yes
3,pig_01|pig_02|pig_13,3,extra_leaf1,extra,ExtraTreesRegressor,full_motion_feed_event,71,numeric,DynX_Mean_abs_mean,yes
3,pig_01|pig_02|pig_13,3,extra_leaf1,extra,ExtraTreesRegressor,full_motion_feed_event,72,numeric,DynX_Mean_abs_std,yes
3,pig_01|pig_02|pig_13,3,extra_leaf1,extra,ExtraTreesRegressor,full_motion_feed_event,73,numeric,DynX_Mean_abs_p25,yes
3,pig_01|pig_02|pig_13,3,extra_leaf1,extra,ExtraTreesRegressor,full_motion_feed_event,74,numeric,DynX_Mean_abs_p75,yes
3,pig_01|pig_02|pig_13,3,extra_leaf1,extra,ExtraTreesRegressor,full_motion_feed_event,75,numeric,DynY_Mean_mean,yes
3,pig_01|pig_02|pig_13,3,extra_leaf1,extra,ExtraTreesRegressor,full_motion_feed_event,76,numeric,DynY_Mean_std,yes
3,pig_01|pig_02|pig_13,3,extra_leaf1,extra,ExtraTreesRegressor,full_motion_feed_event,77,numeric,DynY_Mean_p25,yes
3,pig_01|pig_02|pig_13,3,extra_leaf1,extra,ExtraTreesRegressor,full_motion_feed_event,78,numeric,DynY_Mean_p75,yes
3,pig_01|pig_02|pig_13,3,extra_leaf1,extra,ExtraTreesRegressor,full_motion_feed_event,79,numeric,DynY_Std_mean,yes
3,pig_01|pig_02|pig_13,3,extra_leaf1,extra,ExtraTreesRegressor,full_motion_feed_event,80,numeric,DynY_Std_std,yes
3,pig_01|pig_02|pig_13,3,extra_leaf1,extra,ExtraTreesRegressor,full_motion_feed_event,81,numeric,DynY_Std_p25,yes
3,pig_01|pig_02|pig_13,3,extra_leaf1,extra,ExtraTreesRegressor,full_motion_feed_event,82,numeric,DynY_Std_p75,yes
3,pig_01|pig_02|pig_13,3,extra_leaf1,extra,ExtraTreesRegressor,full_motion_feed_event,83,numeric,DynY_Mean_abs_mean,yes
3,pig_01|pig_02|pig_13,3,extra_leaf1,extra,ExtraTreesRegressor,full_motion_feed_event,84,numeric,DynY_Mean_abs_std,yes
3,pig_01|pig_02|pig_13,3,extra_leaf1,extra,ExtraTreesRegressor,full_motion_feed_event,85,numeric,DynY_Mean_abs_p25,yes
3,pig_01|pig_02|pig_13,3,extra_leaf1,extra,ExtraTreesRegressor,full_motion_feed_event,86,numeric,DynY_Mean_abs_p75,yes
3,pig_01|pig_02|pig_13,3,extra_leaf1,extra,ExtraTreesRegressor,full_motion_feed_event,87,numeric,DynZ_Mean_mean,yes
3,pig_01|pig_02|pig_13,3,extra_leaf1,extra,ExtraTreesRegressor,full_motion_feed_event,88,numeric,DynZ_Mean_std,yes
3,pig_01|pig_02|pig_13,3,extra_leaf1,extra,ExtraTreesRegressor,full_motion_feed_event,89,numeric,DynZ_Mean_p25,yes
3,pig_01|pig_02|pig_13,3,extra_leaf1,extra,ExtraTreesRegressor,full_motion_feed_event,90,numeric,DynZ_Mean_p75,yes
3,pig_01|pig_02|pig_13,3,extra_leaf1,extra,ExtraTreesRegressor,full_motion_feed_event,91,numeric,DynZ_Std_mean,yes
3,pig_01|pig_02|pig_13,3,extra_leaf1,extra,ExtraTreesRegressor,full_motion_feed_event,92,numeric,DynZ_Std_std,yes
3,pig_01|pig_02|pig_13,3,extra_leaf1,extra,ExtraTreesRegressor,full_motion_feed_event,93,numeric,DynZ_Std_p25,yes
3,pig_01|pig_02|pig_13,3,extra_leaf1,extra,ExtraTreesRegressor,full_motion_feed_event,94,numeric,DynZ_Std_p75,yes
3,pig_01|pig_02|pig_13,3,extra_leaf1,extra,ExtraTreesRegressor,full_motion_feed_event,95,numeric,DynZ_Mean_abs_mean,yes
3,pig_01|pig_02|pig_13,3,extra_leaf1,extra,ExtraTreesRegressor,full_motion_feed_event,96,numeric,DynZ_Mean_abs_std,yes
3,pig_01|pig_02|pig_13,3,extra_leaf1,extra,ExtraTreesRegressor,full_motion_feed_event,97,numeric,DynZ_Mean_abs_p25,yes
3,pig_01|pig_02|pig_13,3,extra_leaf1,extra,ExtraTreesRegressor,full_motion_feed_event,98,numeric,DynZ_Mean_abs_p75,yes
3,pig_01|pig_02|pig_13,3,extra_leaf1,extra,ExtraTreesRegressor,full_motion_feed_event,99,numeric,AccMag_Mean_mean,yes
3,pig_01|pig_02|pig_13,3,extra_leaf1,extra,ExtraTreesRegressor,full_motion_feed_event,100,numeric,AccMag_Mean_std,yes
3,pig_01|pig_02|pig_13,3,extra_leaf1,extra,ExtraTreesRegressor,full_motion_feed_event,101,numeric,AccMag_Mean_p25,yes
3,pig_01|pig_02|pig_13,3,extra_leaf1,extra,ExtraTreesRegressor,full_motion_feed_event,102,numeric,AccMag_Mean_p75,yes
3,pig_01|pig_02|pig_13,3,extra_leaf1,extra,ExtraTreesRegressor,full_motion_feed_event,103,numeric,AccMag_Std_mean,yes
3,pig_01|pig_02|pig_13,3,extra_leaf1,extra,ExtraTreesRegressor,full_motion_feed_event,104,numeric,AccMag_Std_std,yes
3,pig_01|pig_02|pig_13,3,extra_leaf1,extra,ExtraTreesRegressor,full_motion_feed_event,105,numeric,AccMag_Std_p25,yes
3,pig_01|pig_02|pig_13,3,extra_leaf1,extra,ExtraTreesRegressor,full_motion_feed_event,106,numeric,AccMag_Std_p75,yes
3,pig_01|pig_02|pig_13,3,extra_leaf1,extra,ExtraTreesRegressor,full_motion_feed_event,107,numeric,Roll_Mean_mean,yes
3,pig_01|pig_02|pig_13,3,extra_leaf1,extra,ExtraTreesRegressor,full_motion_feed_event,108,numeric,Roll_Mean_std,yes
3,pig_01|pig_02|pig_13,3,extra_leaf1,extra,ExtraTreesRegressor,full_motion_feed_event,109,numeric,Roll_Mean_p25,yes
3,pig_01|pig_02|pig_13,3,extra_leaf1,extra,ExtraTreesRegressor,full_motion_feed_event,110,numeric,Roll_Mean_p75,yes
3,pig_01|pig_02|pig_13,3,extra_leaf1,extra,ExtraTreesRegressor,full_motion_feed_event,111,numeric,Roll_Std_mean,yes
3,pig_01|pig_02|pig_13,3,extra_leaf1,extra,ExtraTreesRegressor,full_motion_feed_event,112,numeric,Roll_Std_std,yes
3,pig_01|pig_02|pig_13,3,extra_leaf1,extra,ExtraTreesRegressor,full_motion_feed_event,113,numeric,Roll_Std_p25,yes
3,pig_01|pig_02|pig_13,3,extra_leaf1,extra,ExtraTreesRegressor,full_motion_feed_event,114,numeric,Roll_Std_p75,yes
3,pig_01|pig_02|pig_13,3,extra_leaf1,extra,ExtraTreesRegressor,full_motion_feed_event,115,numeric,Pitch_Mean_mean,yes
3,pig_01|pig_02|pig_13,3,extra_leaf1,extra,ExtraTreesRegressor,full_motion_feed_event,116,numeric,Pitch_Mean_std,yes
3,pig_01|pig_02|pig_13,3,extra_leaf1,extra,ExtraTreesRegressor,full_motion_feed_event,117,numeric,Pitch_Mean_p25,yes
3,pig_01|pig_02|pig_13,3,extra_leaf1,extra,ExtraTreesRegressor,full_motion_feed_event,118,numeric,Pitch_Mean_p75,yes
3,pig_01|pig_02|pig_13,3,extra_leaf1,extra,ExtraTreesRegressor,full_motion_feed_event,119,numeric,Pitch_Std_mean,yes
3,pig_01|pig_02|pig_13,3,extra_leaf1,extra,ExtraTreesRegressor,full_motion_feed_event,120,numeric,Pitch_Std_std,yes
3,pig_01|pig_02|pig_13,3,extra_leaf1,extra,ExtraTreesRegressor,full_motion_feed_event,121,numeric,Pitch_Std_p25,yes
3,pig_01|pig_02|pig_13,3,extra_leaf1,extra,ExtraTreesRegressor,full_motion_feed_event,122,numeric,Pitch_Std_p75,yes
3,pig_01|pig_02|pig_13,3,extra_leaf1,extra,ExtraTreesRegressor,full_motion_feed_event,123,numeric,Tilt_Mag_Mean_mean,yes
3,pig_01|pig_02|pig_13,3,extra_leaf1,extra,ExtraTreesRegressor,full_motion_feed_event,124,numeric,Tilt_Mag_Mean_std,yes
3,pig_01|pig_02|pig_13,3,extra_leaf1,extra,ExtraTreesRegressor,full_motion_feed_event,125,numeric,Tilt_Mag_Mean_p25,yes
3,pig_01|pig_02|pig_13,3,extra_leaf1,extra,ExtraTreesRegressor,full_motion_feed_event,126,numeric,Tilt_Mag_Mean_p75,yes
3,pig_01|pig_02|pig_13,3,extra_leaf1,extra,ExtraTreesRegressor,full_motion_feed_event,127,numeric,Tilt_Mag_Std_mean,yes
3,pig_01|pig_02|pig_13,3,extra_leaf1,extra,ExtraTreesRegressor,full_motion_feed_event,128,numeric,Tilt_Mag_Std_std,yes
3,pig_01|pig_02|pig_13,3,extra_leaf1,extra,ExtraTreesRegressor,full_motion_feed_event,129,numeric,Tilt_Mag_Std_p25,yes
3,pig_01|pig_02|pig_13,3,extra_leaf1,extra,ExtraTreesRegressor,full_motion_feed_event,130,numeric,Tilt_Mag_Std_p75,yes
3,pig_01|pig_02|pig_13,3,extra_leaf1,extra,ExtraTreesRegressor,full_motion_feed_event,131,numeric,AngX_Std_mean,yes
3,pig_01|pig_02|pig_13,3,extra_leaf1,extra,ExtraTreesRegressor,full_motion_feed_event,132,numeric,AngX_Std_std,yes
3,pig_01|pig_02|pig_13,3,extra_leaf1,extra,ExtraTreesRegressor,full_motion_feed_event,133,numeric,AngX_Std_p25,yes
3,pig_01|pig_02|pig_13,3,extra_leaf1,extra,ExtraTreesRegressor,full_motion_feed_event,134,numeric,AngX_Std_p75,yes
3,pig_01|pig_02|pig_13,3,extra_leaf1,extra,ExtraTreesRegressor,full_motion_feed_event,135,numeric,AngY_Std_mean,yes
3,pig_01|pig_02|pig_13,3,extra_leaf1,extra,ExtraTreesRegressor,full_motion_feed_event,136,numeric,AngY_Std_std,yes
3,pig_01|pig_02|pig_13,3,extra_leaf1,extra,ExtraTreesRegressor,full_motion_feed_event,137,numeric,AngY_Std_p25,yes
3,pig_01|pig_02|pig_13,3,extra_leaf1,extra,ExtraTreesRegressor,full_motion_feed_event,138,numeric,AngY_Std_p75,yes
3,pig_01|pig_02|pig_13,3,extra_leaf1,extra,ExtraTreesRegressor,full_motion_feed_event,139,numeric,AngZ_Std_mean,yes
3,pig_01|pig_02|pig_13,3,extra_leaf1,extra,ExtraTreesRegressor,full_motion_feed_event,140,numeric,AngZ_Std_std,yes
3,pig_01|pig_02|pig_13,3,extra_leaf1,extra,ExtraTreesRegressor,full_motion_feed_event,141,numeric,AngZ_Std_p25,yes
3,pig_01|pig_02|pig_13,3,extra_leaf1,extra,ExtraTreesRegressor,full_motion_feed_event,142,numeric,AngZ_Std_p75,yes
3,pig_01|pig_02|pig_13,3,extra_leaf1,extra,ExtraTreesRegressor,full_motion_feed_event,143,numeric,AngX_Rate_mean,yes
3,pig_01|pig_02|pig_13,3,extra_leaf1,extra,ExtraTreesRegressor,full_motion_feed_event,144,numeric,AngX_Rate_std,yes
3,pig_01|pig_02|pig_13,3,extra_leaf1,extra,ExtraTreesRegressor,full_motion_feed_event,145,numeric,AngX_Rate_p25,yes
3,pig_01|pig_02|pig_13,3,extra_leaf1,extra,ExtraTreesRegressor,full_motion_feed_event,146,numeric,AngX_Rate_p75,yes
3,pig_01|pig_02|pig_13,3,extra_leaf1,extra,ExtraTreesRegressor,full_motion_feed_event,147,numeric,AngY_Rate_mean,yes
3,pig_01|pig_02|pig_13,3,extra_leaf1,extra,ExtraTreesRegressor,full_motion_feed_event,148,numeric,AngY_Rate_std,yes
3,pig_01|pig_02|pig_13,3,extra_leaf1,extra,ExtraTreesRegressor,full_motion_feed_event,149,numeric,AngY_Rate_p25,yes
3,pig_01|pig_02|pig_13,3,extra_leaf1,extra,ExtraTreesRegressor,full_motion_feed_event,150,numeric,AngY_Rate_p75,yes
3,pig_01|pig_02|pig_13,3,extra_leaf1,extra,ExtraTreesRegressor,full_motion_feed_event,151,numeric,AngZ_Rate_mean,yes
3,pig_01|pig_02|pig_13,3,extra_leaf1,extra,ExtraTreesRegressor,full_motion_feed_event,152,numeric,AngZ_Rate_std,yes
3,pig_01|pig_02|pig_13,3,extra_leaf1,extra,ExtraTreesRegressor,full_motion_feed_event,153,numeric,AngZ_Rate_p25,yes
3,pig_01|pig_02|pig_13,3,extra_leaf1,extra,ExtraTreesRegressor,full_motion_feed_event,154,numeric,AngZ_Rate_p75,yes
3,pig_01|pig_02|pig_13,3,extra_leaf1,extra,ExtraTreesRegressor,full_motion_feed_event,155,numeric,Jerk_Mean_mean,yes
3,pig_01|pig_02|pig_13,3,extra_leaf1,extra,ExtraTreesRegressor,full_motion_feed_event,156,numeric,Jerk_Mean_std,yes
3,pig_01|pig_02|pig_13,3,extra_leaf1,extra,ExtraTreesRegressor,full_motion_feed_event,157,numeric,Jerk_Mean_p25,yes
3,pig_01|pig_02|pig_13,3,extra_leaf1,extra,ExtraTreesRegressor,full_motion_feed_event,158,numeric,Jerk_Mean_p75,yes
3,pig_01|pig_02|pig_13,3,extra_leaf1,extra,ExtraTreesRegressor,full_motion_feed_event,159,numeric,ODBA_mean,yes
3,pig_01|pig_02|pig_13,3,extra_leaf1,extra,ExtraTreesRegressor,full_motion_feed_event,160,numeric,ODBA_std,yes
3,pig_01|pig_02|pig_13,3,extra_leaf1,extra,ExtraTreesRegressor,full_motion_feed_event,161,numeric,ODBA_p25,yes
3,pig_01|pig_02|pig_13,3,extra_leaf1,extra,ExtraTreesRegressor,full_motion_feed_event,162,numeric,ODBA_p75,yes
3,pig_01|pig_02|pig_13,3,extra_leaf1,extra,ExtraTreesRegressor,full_motion_feed_event,163,numeric,VeDBA_RMS_mean,yes
3,pig_01|pig_02|pig_13,3,extra_leaf1,extra,ExtraTreesRegressor,full_motion_feed_event,164,numeric,VeDBA_RMS_std,yes
3,pig_01|pig_02|pig_13,3,extra_leaf1,extra,ExtraTreesRegressor,full_motion_feed_event,165,numeric,VeDBA_RMS_p25,yes
3,pig_01|pig_02|pig_13,3,extra_leaf1,extra,ExtraTreesRegressor,full_motion_feed_event,166,numeric,VeDBA_RMS_p75,yes
3,pig_01|pig_02|pig_13,3,extra_leaf1,extra,ExtraTreesRegressor,full_motion_feed_event,167,numeric,Axis_Dominance_mean,yes
3,pig_01|pig_02|pig_13,3,extra_leaf1,extra,ExtraTreesRegressor,full_motion_feed_event,168,numeric,Axis_Dominance_std,yes
3,pig_01|pig_02|pig_13,3,extra_leaf1,extra,ExtraTreesRegressor,full_motion_feed_event,169,numeric,Axis_Dominance_p25,yes
3,pig_01|pig_02|pig_13,3,extra_leaf1,extra,ExtraTreesRegressor,full_motion_feed_event,170,numeric,Axis_Dominance_p75,yes
3,pig_01|pig_02|pig_13,3,extra_leaf1,extra,ExtraTreesRegressor,full_motion_feed_event,171,numeric,Skewness_mean,yes
3,pig_01|pig_02|pig_13,3,extra_leaf1,extra,ExtraTreesRegressor,full_motion_feed_event,172,numeric,Skewness_std,yes
3,pig_01|pig_02|pig_13,3,extra_leaf1,extra,ExtraTreesRegressor,full_motion_feed_event,173,numeric,Skewness_p25,yes
3,pig_01|pig_02|pig_13,3,extra_leaf1,extra,ExtraTreesRegressor,full_motion_feed_event,174,numeric,Skewness_p75,yes
3,pig_01|pig_02|pig_13,3,extra_leaf1,extra,ExtraTreesRegressor,full_motion_feed_event,175,numeric,Kurtosis_mean,yes
3,pig_01|pig_02|pig_13,3,extra_leaf1,extra,ExtraTreesRegressor,full_motion_feed_event,176,numeric,Kurtosis_std,yes
3,pig_01|pig_02|pig_13,3,extra_leaf1,extra,ExtraTreesRegressor,full_motion_feed_event,177,numeric,Kurtosis_p25,yes
3,pig_01|pig_02|pig_13,3,extra_leaf1,extra,ExtraTreesRegressor,full_motion_feed_event,178,numeric,Kurtosis_p75,yes
3,pig_01|pig_02|pig_13,3,extra_leaf1,extra,ExtraTreesRegressor,full_motion_feed_event,179,numeric,Autocorr_Lag1_mean,yes
3,pig_01|pig_02|pig_13,3,extra_leaf1,extra,ExtraTreesRegressor,full_motion_feed_event,180,numeric,Autocorr_Lag1_std,yes
3,pig_01|pig_02|pig_13,3,extra_leaf1,extra,ExtraTreesRegressor,full_motion_feed_event,181,numeric,Autocorr_Lag1_p25,yes
3,pig_01|pig_02|pig_13,3,extra_leaf1,extra,ExtraTreesRegressor,full_motion_feed_event,182,numeric,Autocorr_Lag1_p75,yes
3,pig_01|pig_02|pig_13,3,extra_leaf1,extra,ExtraTreesRegressor,full_motion_feed_event,183,numeric,Peak_Count_mean,yes
3,pig_01|pig_02|pig_13,3,extra_leaf1,extra,ExtraTreesRegressor,full_motion_feed_event,184,numeric,Peak_Count_std,yes
3,pig_01|pig_02|pig_13,3,extra_leaf1,extra,ExtraTreesRegressor,full_motion_feed_event,185,numeric,Peak_Count_p25,yes
3,pig_01|pig_02|pig_13,3,extra_leaf1,extra,ExtraTreesRegressor,full_motion_feed_event,186,numeric,Peak_Count_p75,yes
3,pig_01|pig_02|pig_13,3,extra_leaf1,extra,ExtraTreesRegressor,full_motion_feed_event,187,numeric,Corr_XY_mean,yes
3,pig_01|pig_02|pig_13,3,extra_leaf1,extra,ExtraTreesRegressor,full_motion_feed_event,188,numeric,Corr_XY_std,yes
3,pig_01|pig_02|pig_13,3,extra_leaf1,extra,ExtraTreesRegressor,full_motion_feed_event,189,numeric,Corr_XY_p25,yes
3,pig_01|pig_02|pig_13,3,extra_leaf1,extra,ExtraTreesRegressor,full_motion_feed_event,190,numeric,Corr_XY_p75,yes
3,pig_01|pig_02|pig_13,3,extra_leaf1,extra,ExtraTreesRegressor,full_motion_feed_event,191,numeric,Corr_XZ_mean,yes
3,pig_01|pig_02|pig_13,3,extra_leaf1,extra,ExtraTreesRegressor,full_motion_feed_event,192,numeric,Corr_XZ_std,yes
3,pig_01|pig_02|pig_13,3,extra_leaf1,extra,ExtraTreesRegressor,full_motion_feed_event,193,numeric,Corr_XZ_p25,yes
3,pig_01|pig_02|pig_13,3,extra_leaf1,extra,ExtraTreesRegressor,full_motion_feed_event,194,numeric,Corr_XZ_p75,yes
3,pig_01|pig_02|pig_13,3,extra_leaf1,extra,ExtraTreesRegressor,full_motion_feed_event,195,numeric,Corr_YZ_mean,yes
3,pig_01|pig_02|pig_13,3,extra_leaf1,extra,ExtraTreesRegressor,full_motion_feed_event,196,numeric,Corr_YZ_std,yes
3,pig_01|pig_02|pig_13,3,extra_leaf1,extra,ExtraTreesRegressor,full_motion_feed_event,197,numeric,Corr_YZ_p25,yes
3,pig_01|pig_02|pig_13,3,extra_leaf1,extra,ExtraTreesRegressor,full_motion_feed_event,198,numeric,Corr_YZ_p75,yes
3,pig_01|pig_02|pig_13,3,extra_leaf1,extra,ExtraTreesRegressor,full_motion_feed_event,199,numeric,Spectral_Entropy_mean,yes
3,pig_01|pig_02|pig_13,3,extra_leaf1,extra,ExtraTreesRegressor,full_motion_feed_event,200,numeric,Spectral_Entropy_std,yes
3,pig_01|pig_02|pig_13,3,extra_leaf1,extra,ExtraTreesRegressor,full_motion_feed_event,201,numeric,Spectral_Entropy_p25,yes
3,pig_01|pig_02|pig_13,3,extra_leaf1,extra,ExtraTreesRegressor,full_motion_feed_event,202,numeric,Spectral_Entropy_p75,yes
3,pig_01|pig_02|pig_13,3,extra_leaf1,extra,ExtraTreesRegressor,full_motion_feed_event,203,numeric,Zero_Crossing_Rate_mean,yes
3,pig_01|pig_02|pig_13,3,extra_leaf1,extra,ExtraTreesRegressor,full_motion_feed_event,204,numeric,Zero_Crossing_Rate_std,yes
3,pig_01|pig_02|pig_13,3,extra_leaf1,extra,ExtraTreesRegressor,full_motion_feed_event,205,numeric,Zero_Crossing_Rate_p25,yes
3,pig_01|pig_02|pig_13,3,extra_leaf1,extra,ExtraTreesRegressor,full_motion_feed_event,206,numeric,Zero_Crossing_Rate_p75,yes
3,pig_01|pig_02|pig_13,3,extra_leaf1,extra,ExtraTreesRegressor,full_motion_feed_event,207,numeric,Dominant_Frequency_mean,yes
3,pig_01|pig_02|pig_13,3,extra_leaf1,extra,ExtraTreesRegressor,full_motion_feed_event,208,numeric,Dominant_Frequency_std,yes
3,pig_01|pig_02|pig_13,3,extra_leaf1,extra,ExtraTreesRegressor,full_motion_feed_event,209,numeric,Dominant_Frequency_p25,yes
3,pig_01|pig_02|pig_13,3,extra_leaf1,extra,ExtraTreesRegressor,full_motion_feed_event,210,numeric,Dominant_Frequency_p75,yes
3,pig_01|pig_02|pig_13,3,extra_leaf1,extra,ExtraTreesRegressor,full_motion_feed_event,211,numeric,Coefficient_of_Variation_mean,yes
3,pig_01|pig_02|pig_13,3,extra_leaf1,extra,ExtraTreesRegressor,full_motion_feed_event,212,numeric,Coefficient_of_Variation_std,yes
3,pig_01|pig_02|pig_13,3,extra_leaf1,extra,ExtraTreesRegressor,full_motion_feed_event,213,numeric,Coefficient_of_Variation_p25,yes
3,pig_01|pig_02|pig_13,3,extra_leaf1,extra,ExtraTreesRegressor,full_motion_feed_event,214,numeric,Coefficient_of_Variation_p75,yes
3,pig_01|pig_02|pig_13,3,extra_leaf1,extra,ExtraTreesRegressor,full_motion_feed_event,215,numeric,Power_Low_mean,yes
3,pig_01|pig_02|pig_13,3,extra_leaf1,extra,ExtraTreesRegressor,full_motion_feed_event,216,numeric,Power_Low_std,yes
3,pig_01|pig_02|pig_13,3,extra_leaf1,extra,ExtraTreesRegressor,full_motion_feed_event,217,numeric,Power_Low_p25,yes
3,pig_01|pig_02|pig_13,3,extra_leaf1,extra,ExtraTreesRegressor,full_motion_feed_event,218,numeric,Power_Low_p75,yes
3,pig_01|pig_02|pig_13,3,extra_leaf1,extra,ExtraTreesRegressor,full_motion_feed_event,219,numeric,Power_Loco_mean,yes
3,pig_01|pig_02|pig_13,3,extra_leaf1,extra,ExtraTreesRegressor,full_motion_feed_event,220,numeric,Power_Loco_std,yes
3,pig_01|pig_02|pig_13,3,extra_leaf1,extra,ExtraTreesRegressor,full_motion_feed_event,221,numeric,Power_Loco_p25,yes
3,pig_01|pig_02|pig_13,3,extra_leaf1,extra,ExtraTreesRegressor,full_motion_feed_event,222,numeric,Power_Loco_p75,yes
3,pig_01|pig_02|pig_13,3,extra_leaf1,extra,ExtraTreesRegressor,full_motion_feed_event,223,numeric,Power_High_mean,yes
3,pig_01|pig_02|pig_13,3,extra_leaf1,extra,ExtraTreesRegressor,full_motion_feed_event,224,numeric,Power_High_std,yes
3,pig_01|pig_02|pig_13,3,extra_leaf1,extra,ExtraTreesRegressor,full_motion_feed_event,225,numeric,Power_High_p25,yes
3,pig_01|pig_02|pig_13,3,extra_leaf1,extra,ExtraTreesRegressor,full_motion_feed_event,226,numeric,Power_High_p75,yes
3,pig_01|pig_02|pig_13,3,extra_leaf1,extra,ExtraTreesRegressor,full_motion_feed_event,227,numeric,Sample_Entropy_mean,yes
3,pig_01|pig_02|pig_13,3,extra_leaf1,extra,ExtraTreesRegressor,full_motion_feed_event,228,numeric,Sample_Entropy_std,yes
3,pig_01|pig_02|pig_13,3,extra_leaf1,extra,ExtraTreesRegressor,full_motion_feed_event,229,numeric,Sample_Entropy_p25,yes
3,pig_01|pig_02|pig_13,3,extra_leaf1,extra,ExtraTreesRegressor,full_motion_feed_event,230,numeric,Sample_Entropy_p75,yes
3,pig_01|pig_02|pig_13,3,extra_leaf1,extra,ExtraTreesRegressor,full_motion_feed_event,231,numeric,Frac_Rest,yes
3,pig_01|pig_02|pig_13,3,extra_leaf1,extra,ExtraTreesRegressor,full_motion_feed_event,232,numeric,Frac_Moderate,yes
3,pig_01|pig_02|pig_13,3,extra_leaf1,extra,ExtraTreesRegressor,full_motion_feed_event,233,numeric,Frac_Vigorous,yes
3,pig_01|pig_02|pig_13,3,extra_leaf1,extra,ExtraTreesRegressor,full_motion_feed_event,234,numeric,Frac_Lying,yes
3,pig_01|pig_02|pig_13,3,extra_leaf1,extra,ExtraTreesRegressor,full_motion_feed_event,235,numeric,Frac_HeadDown,yes
3,pig_01|pig_02|pig_13,3,extra_leaf1,extra,ExtraTreesRegressor,full_motion_feed_event,236,numeric,Active_Fraction,yes
3,pig_01|pig_02|pig_13,3,extra_leaf1,extra,ExtraTreesRegressor,full_motion_feed_event,237,numeric,move_coverage,yes
3,pig_01|pig_02|pig_13,3,extra_leaf1,extra,ExtraTreesRegressor,full_motion_feed_event,238,numeric,StepFreq_std,yes
3,pig_01|pig_02|pig_13,3,extra_leaf1,extra,ExtraTreesRegressor,full_motion_feed_event,239,numeric,LyingTransitions,yes
3,pig_01|pig_02|pig_13,3,extra_leaf1,extra,ExtraTreesRegressor,full_motion_feed_event,240,numeric,HeadDownTransitions,yes
3,pig_01|pig_02|pig_13,3,extra_leaf1,extra,ExtraTreesRegressor,full_motion_feed_event,241,numeric,data_count_mean,yes
3,pig_01|pig_02|pig_13,3,extra_leaf1,extra,ExtraTreesRegressor,full_motion_feed_event,242,numeric,planned_meal_g_per_w075_if_fed,yes
3,pig_01|pig_02|pig_13,3,extra_leaf1,extra,ExtraTreesRegressor,full_motion_feed_event,243,numeric,planned_feed_available,yes
3,pig_01|pig_02|pig_13,3,extra_leaf1,extra,ExtraTreesRegressor,full_motion_feed_event,244,numeric,meal_history_known,yes
3,pig_01|pig_02|pig_13,3,extra_leaf1,extra,ExtraTreesRegressor,full_motion_feed_event,245,numeric,hours_since_last_meal_capped48,yes
3,pig_01|pig_02|pig_13,3,extra_leaf1,extra,ExtraTreesRegressor,full_motion_feed_event,246,numeric,last_meal_is_afternoon,yes
3,pig_01|pig_02|pig_13,3,extra_leaf1,extra,ExtraTreesRegressor,full_motion_feed_event,247,numeric,last_meal_is_morning,yes
3,pig_01|pig_02|pig_13,3,extra_leaf1,extra,ExtraTreesRegressor,full_motion_feed_event,248,numeric,fed_to_fasting_carryover_6h,yes
3,pig_01|pig_02|pig_13,3,extra_leaf1,extra,ExtraTreesRegressor,full_motion_feed_event,249,numeric,hours_in_fasting,yes
3,pig_01|pig_02|pig_13,3,extra_leaf1,extra,ExtraTreesRegressor,full_motion_feed_event,250,numeric,hours_since_afternoon_meal_capped48,yes
3,pig_01|pig_02|pig_13,3,extra_leaf1,extra,ExtraTreesRegressor,full_motion_feed_event,251,numeric,hours_since_morning_meal_capped48,yes
3,pig_01|pig_02|pig_13,3,extra_leaf1,extra,ExtraTreesRegressor,full_motion_feed_event,252,numeric,meal_afternoon_kernel_tau0p5h,yes
3,pig_01|pig_02|pig_13,3,extra_leaf1,extra,ExtraTreesRegressor,full_motion_feed_event,253,numeric,meal_afternoon_kernel_tau1p5h,yes
3,pig_01|pig_02|pig_13,3,extra_leaf1,extra,ExtraTreesRegressor,full_motion_feed_event,254,numeric,meal_afternoon_kernel_tau3p0h,yes
3,pig_01|pig_02|pig_13,3,extra_leaf1,extra,ExtraTreesRegressor,full_motion_feed_event,255,numeric,meal_afternoon_kernel_tau6p0h,yes
3,pig_01|pig_02|pig_13,3,extra_leaf1,extra,ExtraTreesRegressor,full_motion_feed_event,256,numeric,meal_morning_kernel_tau0p5h,yes
3,pig_01|pig_02|pig_13,3,extra_leaf1,extra,ExtraTreesRegressor,full_motion_feed_event,257,numeric,meal_morning_kernel_tau1p5h,yes
3,pig_01|pig_02|pig_13,3,extra_leaf1,extra,ExtraTreesRegressor,full_motion_feed_event,258,numeric,meal_morning_kernel_tau3p0h,yes
3,pig_01|pig_02|pig_13,3,extra_leaf1,extra,ExtraTreesRegressor,full_motion_feed_event,259,numeric,meal_morning_kernel_tau6p0h,yes
3,pig_01|pig_02|pig_13,3,extra_leaf1,extra,ExtraTreesRegressor,full_motion_feed_event,260,numeric,meal_any_kernel_tau1p5h,yes
3,pig_01|pig_02|pig_13,3,extra_leaf1,extra,ExtraTreesRegressor,full_motion_feed_event,261,numeric,meal_any_kernel_tau3p0h,yes
3,pig_01|pig_02|pig_13,3,extra_leaf1,extra,ExtraTreesRegressor,full_motion_feed_event,262,numeric,dose_x_meal_afternoon_kernel_tau0p5h,yes
3,pig_01|pig_02|pig_13,3,extra_leaf1,extra,ExtraTreesRegressor,full_motion_feed_event,263,numeric,dose_x_meal_afternoon_kernel_tau1p5h,yes
3,pig_01|pig_02|pig_13,3,extra_leaf1,extra,ExtraTreesRegressor,full_motion_feed_event,264,numeric,dose_x_meal_afternoon_kernel_tau3p0h,yes
3,pig_01|pig_02|pig_13,3,extra_leaf1,extra,ExtraTreesRegressor,full_motion_feed_event,265,numeric,dose_x_meal_afternoon_kernel_tau6p0h,yes
3,pig_01|pig_02|pig_13,3,extra_leaf1,extra,ExtraTreesRegressor,full_motion_feed_event,266,numeric,dose_x_meal_morning_kernel_tau0p5h,yes
3,pig_01|pig_02|pig_13,3,extra_leaf1,extra,ExtraTreesRegressor,full_motion_feed_event,267,numeric,dose_x_meal_morning_kernel_tau1p5h,yes
3,pig_01|pig_02|pig_13,3,extra_leaf1,extra,ExtraTreesRegressor,full_motion_feed_event,268,numeric,dose_x_meal_morning_kernel_tau3p0h,yes
3,pig_01|pig_02|pig_13,3,extra_leaf1,extra,ExtraTreesRegressor,full_motion_feed_event,269,numeric,dose_x_meal_morning_kernel_tau6p0h,yes
3,pig_01|pig_02|pig_13,3,extra_leaf1,extra,ExtraTreesRegressor,full_motion_feed_event,270,numeric,dose_x_meal_any_kernel_tau1p5h,yes
3,pig_01|pig_02|pig_13,3,extra_leaf1,extra,ExtraTreesRegressor,full_motion_feed_event,271,numeric,dose_x_meal_any_kernel_tau3p0h,yes
3,pig_01|pig_02|pig_13,3,extra_leaf1,extra,ExtraTreesRegressor,full_motion_feed_event,272,categorical,chamber,yes
3,pig_01|pig_02|pig_13,3,extra_leaf1,extra,ExtraTreesRegressor,full_motion_feed_event,273,categorical,phase_label,yes
4,pig_16|pig_17,1,cat_d8,cat,CatBoostRegressor,full_motion,1,numeric,hour_of_day,yes
4,pig_16|pig_17,1,cat_d8,cat,CatBoostRegressor,full_motion,2,numeric,sin_hour,yes
4,pig_16|pig_17,1,cat_d8,cat,CatBoostRegressor,full_motion,3,numeric,cos_hour,yes
4,pig_16|pig_17,1,cat_d8,cat,CatBoostRegressor,full_motion,4,numeric,weight,yes
4,pig_16|pig_17,1,cat_d8,cat,CatBoostRegressor,full_motion,5,numeric,is_fasting,yes
4,pig_16|pig_17,1,cat_d8,cat,CatBoostRegressor,full_motion,6,numeric,day_in_phase,yes
4,pig_16|pig_17,1,cat_d8,cat,CatBoostRegressor,full_motion,7,numeric,win_s,yes
4,pig_16|pig_17,1,cat_d8,cat,CatBoostRegressor,full_motion,8,numeric,is_adaptation,yes
4,pig_16|pig_17,1,cat_d8,cat,CatBoostRegressor,full_motion,9,numeric,is_formal,yes
4,pig_16|pig_17,1,cat_d8,cat,CatBoostRegressor,full_motion,10,numeric,小室温度(℃),yes
4,pig_16|pig_17,1,cat_d8,cat,CatBoostRegressor,full_motion,11,numeric,小室湿度(%),yes
4,pig_16|pig_17,1,cat_d8,cat,CatBoostRegressor,full_motion,12,numeric,beat_count,yes
4,pig_16|pig_17,1,cat_d8,cat,CatBoostRegressor,full_motion,13,numeric,HR_mean,yes
4,pig_16|pig_17,1,cat_d8,cat,CatBoostRegressor,full_motion,14,numeric,HR_std,yes
4,pig_16|pig_17,1,cat_d8,cat,CatBoostRegressor,full_motion,15,numeric,RR_mean,yes
4,pig_16|pig_17,1,cat_d8,cat,CatBoostRegressor,full_motion,16,numeric,SDNN,yes
4,pig_16|pig_17,1,cat_d8,cat,CatBoostRegressor,full_motion,17,numeric,RMSSD,yes
4,pig_16|pig_17,1,cat_d8,cat,CatBoostRegressor,full_motion,18,numeric,pNN50,yes
4,pig_16|pig_17,1,cat_d8,cat,CatBoostRegressor,full_motion,19,numeric,RR_cv,yes
4,pig_16|pig_17,1,cat_d8,cat,CatBoostRegressor,full_motion,20,numeric,RR_skew,yes
4,pig_16|pig_17,1,cat_d8,cat,CatBoostRegressor,full_motion,21,numeric,RR_kurt,yes
4,pig_16|pig_17,1,cat_d8,cat,CatBoostRegressor,full_motion,22,numeric,RR_range,yes
4,pig_16|pig_17,1,cat_d8,cat,CatBoostRegressor,full_motion,23,numeric,Acc_Mean_mean,yes
4,pig_16|pig_17,1,cat_d8,cat,CatBoostRegressor,full_motion,24,numeric,Acc_Mean_std,yes
4,pig_16|pig_17,1,cat_d8,cat,CatBoostRegressor,full_motion,25,numeric,Acc_Mean_p25,yes
4,pig_16|pig_17,1,cat_d8,cat,CatBoostRegressor,full_motion,26,numeric,Acc_Mean_p75,yes
4,pig_16|pig_17,1,cat_d8,cat,CatBoostRegressor,full_motion,27,numeric,Acc_Std_mean,yes
4,pig_16|pig_17,1,cat_d8,cat,CatBoostRegressor,full_motion,28,numeric,Acc_Std_std,yes
4,pig_16|pig_17,1,cat_d8,cat,CatBoostRegressor,full_motion,29,numeric,Acc_Std_p25,yes
4,pig_16|pig_17,1,cat_d8,cat,CatBoostRegressor,full_motion,30,numeric,Acc_Std_p75,yes
4,pig_16|pig_17,1,cat_d8,cat,CatBoostRegressor,full_motion,31,numeric,Acc_Sum_mean,yes
4,pig_16|pig_17,1,cat_d8,cat,CatBoostRegressor,full_motion,32,numeric,Acc_Sum_std,yes
4,pig_16|pig_17,1,cat_d8,cat,CatBoostRegressor,full_motion,33,numeric,Acc_Sum_p25,yes
4,pig_16|pig_17,1,cat_d8,cat,CatBoostRegressor,full_motion,34,numeric,Acc_Sum_p75,yes
4,pig_16|pig_17,1,cat_d8,cat,CatBoostRegressor,full_motion,35,numeric,Acc_Max_mean,yes
4,pig_16|pig_17,1,cat_d8,cat,CatBoostRegressor,full_motion,36,numeric,Acc_Max_std,yes
4,pig_16|pig_17,1,cat_d8,cat,CatBoostRegressor,full_motion,37,numeric,Acc_Max_p25,yes
4,pig_16|pig_17,1,cat_d8,cat,CatBoostRegressor,full_motion,38,numeric,Acc_Max_p75,yes
4,pig_16|pig_17,1,cat_d8,cat,CatBoostRegressor,full_motion,39,numeric,Acc_Min_mean,yes
4,pig_16|pig_17,1,cat_d8,cat,CatBoostRegressor,full_motion,40,numeric,Acc_Min_std,yes
4,pig_16|pig_17,1,cat_d8,cat,CatBoostRegressor,full_motion,41,numeric,Acc_Min_p25,yes
4,pig_16|pig_17,1,cat_d8,cat,CatBoostRegressor,full_motion,42,numeric,Acc_Min_p75,yes
4,pig_16|pig_17,1,cat_d8,cat,CatBoostRegressor,full_motion,43,numeric,Acc_Range_mean,yes
4,pig_16|pig_17,1,cat_d8,cat,CatBoostRegressor,full_motion,44,numeric,Acc_Range_std,yes
4,pig_16|pig_17,1,cat_d8,cat,CatBoostRegressor,full_motion,45,numeric,Acc_Range_p25,yes
4,pig_16|pig_17,1,cat_d8,cat,CatBoostRegressor,full_motion,46,numeric,Acc_Range_p75,yes
4,pig_16|pig_17,1,cat_d8,cat,CatBoostRegressor,full_motion,47,numeric,Acc_P25_mean,yes
4,pig_16|pig_17,1,cat_d8,cat,CatBoostRegressor,full_motion,48,numeric,Acc_P25_std,yes
4,pig_16|pig_17,1,cat_d8,cat,CatBoostRegressor,full_motion,49,numeric,Acc_P25_p25,yes
4,pig_16|pig_17,1,cat_d8,cat,CatBoostRegressor,full_motion,50,numeric,Acc_P25_p75,yes
4,pig_16|pig_17,1,cat_d8,cat,CatBoostRegressor,full_motion,51,numeric,Acc_P75_mean,yes
4,pig_16|pig_17,1,cat_d8,cat,CatBoostRegressor,full_motion,52,numeric,Acc_P75_std,yes
4,pig_16|pig_17,1,cat_d8,cat,CatBoostRegressor,full_motion,53,numeric,Acc_P75_p25,yes
4,pig_16|pig_17,1,cat_d8,cat,CatBoostRegressor,full_motion,54,numeric,Acc_P75_p75,yes
4,pig_16|pig_17,1,cat_d8,cat,CatBoostRegressor,full_motion,55,numeric,Gyro_Mean_mean,yes
4,pig_16|pig_17,1,cat_d8,cat,CatBoostRegressor,full_motion,56,numeric,Gyro_Mean_std,yes
4,pig_16|pig_17,1,cat_d8,cat,CatBoostRegressor,full_motion,57,numeric,Gyro_Mean_p25,yes
4,pig_16|pig_17,1,cat_d8,cat,CatBoostRegressor,full_motion,58,numeric,Gyro_Mean_p75,yes
4,pig_16|pig_17,1,cat_d8,cat,CatBoostRegressor,full_motion,59,numeric,Gyro_Max_mean,yes
4,pig_16|pig_17,1,cat_d8,cat,CatBoostRegressor,full_motion,60,numeric,Gyro_Max_std,yes
4,pig_16|pig_17,1,cat_d8,cat,CatBoostRegressor,full_motion,61,numeric,Gyro_Max_p25,yes
4,pig_16|pig_17,1,cat_d8,cat,CatBoostRegressor,full_motion,62,numeric,Gyro_Max_p75,yes
4,pig_16|pig_17,1,cat_d8,cat,CatBoostRegressor,full_motion,63,numeric,DynX_Mean_mean,yes
4,pig_16|pig_17,1,cat_d8,cat,CatBoostRegressor,full_motion,64,numeric,DynX_Mean_std,yes
4,pig_16|pig_17,1,cat_d8,cat,CatBoostRegressor,full_motion,65,numeric,DynX_Mean_p25,yes
4,pig_16|pig_17,1,cat_d8,cat,CatBoostRegressor,full_motion,66,numeric,DynX_Mean_p75,yes
4,pig_16|pig_17,1,cat_d8,cat,CatBoostRegressor,full_motion,67,numeric,DynX_Std_mean,yes
4,pig_16|pig_17,1,cat_d8,cat,CatBoostRegressor,full_motion,68,numeric,DynX_Std_std,yes
4,pig_16|pig_17,1,cat_d8,cat,CatBoostRegressor,full_motion,69,numeric,DynX_Std_p25,yes
4,pig_16|pig_17,1,cat_d8,cat,CatBoostRegressor,full_motion,70,numeric,DynX_Std_p75,yes
4,pig_16|pig_17,1,cat_d8,cat,CatBoostRegressor,full_motion,71,numeric,DynX_Mean_abs_mean,yes
4,pig_16|pig_17,1,cat_d8,cat,CatBoostRegressor,full_motion,72,numeric,DynX_Mean_abs_std,yes
4,pig_16|pig_17,1,cat_d8,cat,CatBoostRegressor,full_motion,73,numeric,DynX_Mean_abs_p25,yes
4,pig_16|pig_17,1,cat_d8,cat,CatBoostRegressor,full_motion,74,numeric,DynX_Mean_abs_p75,yes
4,pig_16|pig_17,1,cat_d8,cat,CatBoostRegressor,full_motion,75,numeric,DynY_Mean_mean,yes
4,pig_16|pig_17,1,cat_d8,cat,CatBoostRegressor,full_motion,76,numeric,DynY_Mean_std,yes
4,pig_16|pig_17,1,cat_d8,cat,CatBoostRegressor,full_motion,77,numeric,DynY_Mean_p25,yes
4,pig_16|pig_17,1,cat_d8,cat,CatBoostRegressor,full_motion,78,numeric,DynY_Mean_p75,yes
4,pig_16|pig_17,1,cat_d8,cat,CatBoostRegressor,full_motion,79,numeric,DynY_Std_mean,yes
4,pig_16|pig_17,1,cat_d8,cat,CatBoostRegressor,full_motion,80,numeric,DynY_Std_std,yes
4,pig_16|pig_17,1,cat_d8,cat,CatBoostRegressor,full_motion,81,numeric,DynY_Std_p25,yes
4,pig_16|pig_17,1,cat_d8,cat,CatBoostRegressor,full_motion,82,numeric,DynY_Std_p75,yes
4,pig_16|pig_17,1,cat_d8,cat,CatBoostRegressor,full_motion,83,numeric,DynY_Mean_abs_mean,yes
4,pig_16|pig_17,1,cat_d8,cat,CatBoostRegressor,full_motion,84,numeric,DynY_Mean_abs_std,yes
4,pig_16|pig_17,1,cat_d8,cat,CatBoostRegressor,full_motion,85,numeric,DynY_Mean_abs_p25,yes
4,pig_16|pig_17,1,cat_d8,cat,CatBoostRegressor,full_motion,86,numeric,DynY_Mean_abs_p75,yes
4,pig_16|pig_17,1,cat_d8,cat,CatBoostRegressor,full_motion,87,numeric,DynZ_Mean_mean,yes
4,pig_16|pig_17,1,cat_d8,cat,CatBoostRegressor,full_motion,88,numeric,DynZ_Mean_std,yes
4,pig_16|pig_17,1,cat_d8,cat,CatBoostRegressor,full_motion,89,numeric,DynZ_Mean_p25,yes
4,pig_16|pig_17,1,cat_d8,cat,CatBoostRegressor,full_motion,90,numeric,DynZ_Mean_p75,yes
4,pig_16|pig_17,1,cat_d8,cat,CatBoostRegressor,full_motion,91,numeric,DynZ_Std_mean,yes
4,pig_16|pig_17,1,cat_d8,cat,CatBoostRegressor,full_motion,92,numeric,DynZ_Std_std,yes
4,pig_16|pig_17,1,cat_d8,cat,CatBoostRegressor,full_motion,93,numeric,DynZ_Std_p25,yes
4,pig_16|pig_17,1,cat_d8,cat,CatBoostRegressor,full_motion,94,numeric,DynZ_Std_p75,yes
4,pig_16|pig_17,1,cat_d8,cat,CatBoostRegressor,full_motion,95,numeric,DynZ_Mean_abs_mean,yes
4,pig_16|pig_17,1,cat_d8,cat,CatBoostRegressor,full_motion,96,numeric,DynZ_Mean_abs_std,yes
4,pig_16|pig_17,1,cat_d8,cat,CatBoostRegressor,full_motion,97,numeric,DynZ_Mean_abs_p25,yes
4,pig_16|pig_17,1,cat_d8,cat,CatBoostRegressor,full_motion,98,numeric,DynZ_Mean_abs_p75,yes
4,pig_16|pig_17,1,cat_d8,cat,CatBoostRegressor,full_motion,99,numeric,AccMag_Mean_mean,yes
4,pig_16|pig_17,1,cat_d8,cat,CatBoostRegressor,full_motion,100,numeric,AccMag_Mean_std,yes
4,pig_16|pig_17,1,cat_d8,cat,CatBoostRegressor,full_motion,101,numeric,AccMag_Mean_p25,yes
4,pig_16|pig_17,1,cat_d8,cat,CatBoostRegressor,full_motion,102,numeric,AccMag_Mean_p75,yes
4,pig_16|pig_17,1,cat_d8,cat,CatBoostRegressor,full_motion,103,numeric,AccMag_Std_mean,yes
4,pig_16|pig_17,1,cat_d8,cat,CatBoostRegressor,full_motion,104,numeric,AccMag_Std_std,yes
4,pig_16|pig_17,1,cat_d8,cat,CatBoostRegressor,full_motion,105,numeric,AccMag_Std_p25,yes
4,pig_16|pig_17,1,cat_d8,cat,CatBoostRegressor,full_motion,106,numeric,AccMag_Std_p75,yes
4,pig_16|pig_17,1,cat_d8,cat,CatBoostRegressor,full_motion,107,numeric,Roll_Mean_mean,yes
4,pig_16|pig_17,1,cat_d8,cat,CatBoostRegressor,full_motion,108,numeric,Roll_Mean_std,yes
4,pig_16|pig_17,1,cat_d8,cat,CatBoostRegressor,full_motion,109,numeric,Roll_Mean_p25,yes
4,pig_16|pig_17,1,cat_d8,cat,CatBoostRegressor,full_motion,110,numeric,Roll_Mean_p75,yes
4,pig_16|pig_17,1,cat_d8,cat,CatBoostRegressor,full_motion,111,numeric,Roll_Std_mean,yes
4,pig_16|pig_17,1,cat_d8,cat,CatBoostRegressor,full_motion,112,numeric,Roll_Std_std,yes
4,pig_16|pig_17,1,cat_d8,cat,CatBoostRegressor,full_motion,113,numeric,Roll_Std_p25,yes
4,pig_16|pig_17,1,cat_d8,cat,CatBoostRegressor,full_motion,114,numeric,Roll_Std_p75,yes
4,pig_16|pig_17,1,cat_d8,cat,CatBoostRegressor,full_motion,115,numeric,Pitch_Mean_mean,yes
4,pig_16|pig_17,1,cat_d8,cat,CatBoostRegressor,full_motion,116,numeric,Pitch_Mean_std,yes
4,pig_16|pig_17,1,cat_d8,cat,CatBoostRegressor,full_motion,117,numeric,Pitch_Mean_p25,yes
4,pig_16|pig_17,1,cat_d8,cat,CatBoostRegressor,full_motion,118,numeric,Pitch_Mean_p75,yes
4,pig_16|pig_17,1,cat_d8,cat,CatBoostRegressor,full_motion,119,numeric,Pitch_Std_mean,yes
4,pig_16|pig_17,1,cat_d8,cat,CatBoostRegressor,full_motion,120,numeric,Pitch_Std_std,yes
4,pig_16|pig_17,1,cat_d8,cat,CatBoostRegressor,full_motion,121,numeric,Pitch_Std_p25,yes
4,pig_16|pig_17,1,cat_d8,cat,CatBoostRegressor,full_motion,122,numeric,Pitch_Std_p75,yes
4,pig_16|pig_17,1,cat_d8,cat,CatBoostRegressor,full_motion,123,numeric,Tilt_Mag_Mean_mean,yes
4,pig_16|pig_17,1,cat_d8,cat,CatBoostRegressor,full_motion,124,numeric,Tilt_Mag_Mean_std,yes
4,pig_16|pig_17,1,cat_d8,cat,CatBoostRegressor,full_motion,125,numeric,Tilt_Mag_Mean_p25,yes
4,pig_16|pig_17,1,cat_d8,cat,CatBoostRegressor,full_motion,126,numeric,Tilt_Mag_Mean_p75,yes
4,pig_16|pig_17,1,cat_d8,cat,CatBoostRegressor,full_motion,127,numeric,Tilt_Mag_Std_mean,yes
4,pig_16|pig_17,1,cat_d8,cat,CatBoostRegressor,full_motion,128,numeric,Tilt_Mag_Std_std,yes
4,pig_16|pig_17,1,cat_d8,cat,CatBoostRegressor,full_motion,129,numeric,Tilt_Mag_Std_p25,yes
4,pig_16|pig_17,1,cat_d8,cat,CatBoostRegressor,full_motion,130,numeric,Tilt_Mag_Std_p75,yes
4,pig_16|pig_17,1,cat_d8,cat,CatBoostRegressor,full_motion,131,numeric,AngX_Std_mean,yes
4,pig_16|pig_17,1,cat_d8,cat,CatBoostRegressor,full_motion,132,numeric,AngX_Std_std,yes
4,pig_16|pig_17,1,cat_d8,cat,CatBoostRegressor,full_motion,133,numeric,AngX_Std_p25,yes
4,pig_16|pig_17,1,cat_d8,cat,CatBoostRegressor,full_motion,134,numeric,AngX_Std_p75,yes
4,pig_16|pig_17,1,cat_d8,cat,CatBoostRegressor,full_motion,135,numeric,AngY_Std_mean,yes
4,pig_16|pig_17,1,cat_d8,cat,CatBoostRegressor,full_motion,136,numeric,AngY_Std_std,yes
4,pig_16|pig_17,1,cat_d8,cat,CatBoostRegressor,full_motion,137,numeric,AngY_Std_p25,yes
4,pig_16|pig_17,1,cat_d8,cat,CatBoostRegressor,full_motion,138,numeric,AngY_Std_p75,yes
4,pig_16|pig_17,1,cat_d8,cat,CatBoostRegressor,full_motion,139,numeric,AngZ_Std_mean,yes
4,pig_16|pig_17,1,cat_d8,cat,CatBoostRegressor,full_motion,140,numeric,AngZ_Std_std,yes
4,pig_16|pig_17,1,cat_d8,cat,CatBoostRegressor,full_motion,141,numeric,AngZ_Std_p25,yes
4,pig_16|pig_17,1,cat_d8,cat,CatBoostRegressor,full_motion,142,numeric,AngZ_Std_p75,yes
4,pig_16|pig_17,1,cat_d8,cat,CatBoostRegressor,full_motion,143,numeric,AngX_Rate_mean,yes
4,pig_16|pig_17,1,cat_d8,cat,CatBoostRegressor,full_motion,144,numeric,AngX_Rate_std,yes
4,pig_16|pig_17,1,cat_d8,cat,CatBoostRegressor,full_motion,145,numeric,AngX_Rate_p25,yes
4,pig_16|pig_17,1,cat_d8,cat,CatBoostRegressor,full_motion,146,numeric,AngX_Rate_p75,yes
4,pig_16|pig_17,1,cat_d8,cat,CatBoostRegressor,full_motion,147,numeric,AngY_Rate_mean,yes
4,pig_16|pig_17,1,cat_d8,cat,CatBoostRegressor,full_motion,148,numeric,AngY_Rate_std,yes
4,pig_16|pig_17,1,cat_d8,cat,CatBoostRegressor,full_motion,149,numeric,AngY_Rate_p25,yes
4,pig_16|pig_17,1,cat_d8,cat,CatBoostRegressor,full_motion,150,numeric,AngY_Rate_p75,yes
4,pig_16|pig_17,1,cat_d8,cat,CatBoostRegressor,full_motion,151,numeric,AngZ_Rate_mean,yes
4,pig_16|pig_17,1,cat_d8,cat,CatBoostRegressor,full_motion,152,numeric,AngZ_Rate_std,yes
4,pig_16|pig_17,1,cat_d8,cat,CatBoostRegressor,full_motion,153,numeric,AngZ_Rate_p25,yes
4,pig_16|pig_17,1,cat_d8,cat,CatBoostRegressor,full_motion,154,numeric,AngZ_Rate_p75,yes
4,pig_16|pig_17,1,cat_d8,cat,CatBoostRegressor,full_motion,155,numeric,Jerk_Mean_mean,yes
4,pig_16|pig_17,1,cat_d8,cat,CatBoostRegressor,full_motion,156,numeric,Jerk_Mean_std,yes
4,pig_16|pig_17,1,cat_d8,cat,CatBoostRegressor,full_motion,157,numeric,Jerk_Mean_p25,yes
4,pig_16|pig_17,1,cat_d8,cat,CatBoostRegressor,full_motion,158,numeric,Jerk_Mean_p75,yes
4,pig_16|pig_17,1,cat_d8,cat,CatBoostRegressor,full_motion,159,numeric,ODBA_mean,yes
4,pig_16|pig_17,1,cat_d8,cat,CatBoostRegressor,full_motion,160,numeric,ODBA_std,yes
4,pig_16|pig_17,1,cat_d8,cat,CatBoostRegressor,full_motion,161,numeric,ODBA_p25,yes
4,pig_16|pig_17,1,cat_d8,cat,CatBoostRegressor,full_motion,162,numeric,ODBA_p75,yes
4,pig_16|pig_17,1,cat_d8,cat,CatBoostRegressor,full_motion,163,numeric,VeDBA_RMS_mean,yes
4,pig_16|pig_17,1,cat_d8,cat,CatBoostRegressor,full_motion,164,numeric,VeDBA_RMS_std,yes
4,pig_16|pig_17,1,cat_d8,cat,CatBoostRegressor,full_motion,165,numeric,VeDBA_RMS_p25,yes
4,pig_16|pig_17,1,cat_d8,cat,CatBoostRegressor,full_motion,166,numeric,VeDBA_RMS_p75,yes
4,pig_16|pig_17,1,cat_d8,cat,CatBoostRegressor,full_motion,167,numeric,Axis_Dominance_mean,yes
4,pig_16|pig_17,1,cat_d8,cat,CatBoostRegressor,full_motion,168,numeric,Axis_Dominance_std,yes
4,pig_16|pig_17,1,cat_d8,cat,CatBoostRegressor,full_motion,169,numeric,Axis_Dominance_p25,yes
4,pig_16|pig_17,1,cat_d8,cat,CatBoostRegressor,full_motion,170,numeric,Axis_Dominance_p75,yes
4,pig_16|pig_17,1,cat_d8,cat,CatBoostRegressor,full_motion,171,numeric,Skewness_mean,yes
4,pig_16|pig_17,1,cat_d8,cat,CatBoostRegressor,full_motion,172,numeric,Skewness_std,yes
4,pig_16|pig_17,1,cat_d8,cat,CatBoostRegressor,full_motion,173,numeric,Skewness_p25,yes
4,pig_16|pig_17,1,cat_d8,cat,CatBoostRegressor,full_motion,174,numeric,Skewness_p75,yes
4,pig_16|pig_17,1,cat_d8,cat,CatBoostRegressor,full_motion,175,numeric,Kurtosis_mean,yes
4,pig_16|pig_17,1,cat_d8,cat,CatBoostRegressor,full_motion,176,numeric,Kurtosis_std,yes
4,pig_16|pig_17,1,cat_d8,cat,CatBoostRegressor,full_motion,177,numeric,Kurtosis_p25,yes
4,pig_16|pig_17,1,cat_d8,cat,CatBoostRegressor,full_motion,178,numeric,Kurtosis_p75,yes
4,pig_16|pig_17,1,cat_d8,cat,CatBoostRegressor,full_motion,179,numeric,Autocorr_Lag1_mean,yes
4,pig_16|pig_17,1,cat_d8,cat,CatBoostRegressor,full_motion,180,numeric,Autocorr_Lag1_std,yes
4,pig_16|pig_17,1,cat_d8,cat,CatBoostRegressor,full_motion,181,numeric,Autocorr_Lag1_p25,yes
4,pig_16|pig_17,1,cat_d8,cat,CatBoostRegressor,full_motion,182,numeric,Autocorr_Lag1_p75,yes
4,pig_16|pig_17,1,cat_d8,cat,CatBoostRegressor,full_motion,183,numeric,Peak_Count_mean,yes
4,pig_16|pig_17,1,cat_d8,cat,CatBoostRegressor,full_motion,184,numeric,Peak_Count_std,yes
4,pig_16|pig_17,1,cat_d8,cat,CatBoostRegressor,full_motion,185,numeric,Peak_Count_p25,yes
4,pig_16|pig_17,1,cat_d8,cat,CatBoostRegressor,full_motion,186,numeric,Peak_Count_p75,yes
4,pig_16|pig_17,1,cat_d8,cat,CatBoostRegressor,full_motion,187,numeric,Corr_XY_mean,yes
4,pig_16|pig_17,1,cat_d8,cat,CatBoostRegressor,full_motion,188,numeric,Corr_XY_std,yes
4,pig_16|pig_17,1,cat_d8,cat,CatBoostRegressor,full_motion,189,numeric,Corr_XY_p25,yes
4,pig_16|pig_17,1,cat_d8,cat,CatBoostRegressor,full_motion,190,numeric,Corr_XY_p75,yes
4,pig_16|pig_17,1,cat_d8,cat,CatBoostRegressor,full_motion,191,numeric,Corr_XZ_mean,yes
4,pig_16|pig_17,1,cat_d8,cat,CatBoostRegressor,full_motion,192,numeric,Corr_XZ_std,yes
4,pig_16|pig_17,1,cat_d8,cat,CatBoostRegressor,full_motion,193,numeric,Corr_XZ_p25,yes
4,pig_16|pig_17,1,cat_d8,cat,CatBoostRegressor,full_motion,194,numeric,Corr_XZ_p75,yes
4,pig_16|pig_17,1,cat_d8,cat,CatBoostRegressor,full_motion,195,numeric,Corr_YZ_mean,yes
4,pig_16|pig_17,1,cat_d8,cat,CatBoostRegressor,full_motion,196,numeric,Corr_YZ_std,yes
4,pig_16|pig_17,1,cat_d8,cat,CatBoostRegressor,full_motion,197,numeric,Corr_YZ_p25,yes
4,pig_16|pig_17,1,cat_d8,cat,CatBoostRegressor,full_motion,198,numeric,Corr_YZ_p75,yes
4,pig_16|pig_17,1,cat_d8,cat,CatBoostRegressor,full_motion,199,numeric,Spectral_Entropy_mean,yes
4,pig_16|pig_17,1,cat_d8,cat,CatBoostRegressor,full_motion,200,numeric,Spectral_Entropy_std,yes
4,pig_16|pig_17,1,cat_d8,cat,CatBoostRegressor,full_motion,201,numeric,Spectral_Entropy_p25,yes
4,pig_16|pig_17,1,cat_d8,cat,CatBoostRegressor,full_motion,202,numeric,Spectral_Entropy_p75,yes
4,pig_16|pig_17,1,cat_d8,cat,CatBoostRegressor,full_motion,203,numeric,Zero_Crossing_Rate_mean,yes
4,pig_16|pig_17,1,cat_d8,cat,CatBoostRegressor,full_motion,204,numeric,Zero_Crossing_Rate_std,yes
4,pig_16|pig_17,1,cat_d8,cat,CatBoostRegressor,full_motion,205,numeric,Zero_Crossing_Rate_p25,yes
4,pig_16|pig_17,1,cat_d8,cat,CatBoostRegressor,full_motion,206,numeric,Zero_Crossing_Rate_p75,yes
4,pig_16|pig_17,1,cat_d8,cat,CatBoostRegressor,full_motion,207,numeric,Dominant_Frequency_mean,yes
4,pig_16|pig_17,1,cat_d8,cat,CatBoostRegressor,full_motion,208,numeric,Dominant_Frequency_std,yes
4,pig_16|pig_17,1,cat_d8,cat,CatBoostRegressor,full_motion,209,numeric,Dominant_Frequency_p25,yes
4,pig_16|pig_17,1,cat_d8,cat,CatBoostRegressor,full_motion,210,numeric,Dominant_Frequency_p75,yes
4,pig_16|pig_17,1,cat_d8,cat,CatBoostRegressor,full_motion,211,numeric,Coefficient_of_Variation_mean,yes
4,pig_16|pig_17,1,cat_d8,cat,CatBoostRegressor,full_motion,212,numeric,Coefficient_of_Variation_std,yes
4,pig_16|pig_17,1,cat_d8,cat,CatBoostRegressor,full_motion,213,numeric,Coefficient_of_Variation_p25,yes
4,pig_16|pig_17,1,cat_d8,cat,CatBoostRegressor,full_motion,214,numeric,Coefficient_of_Variation_p75,yes
4,pig_16|pig_17,1,cat_d8,cat,CatBoostRegressor,full_motion,215,numeric,Power_Low_mean,yes
4,pig_16|pig_17,1,cat_d8,cat,CatBoostRegressor,full_motion,216,numeric,Power_Low_std,yes
4,pig_16|pig_17,1,cat_d8,cat,CatBoostRegressor,full_motion,217,numeric,Power_Low_p25,yes
4,pig_16|pig_17,1,cat_d8,cat,CatBoostRegressor,full_motion,218,numeric,Power_Low_p75,yes
4,pig_16|pig_17,1,cat_d8,cat,CatBoostRegressor,full_motion,219,numeric,Power_Loco_mean,yes
4,pig_16|pig_17,1,cat_d8,cat,CatBoostRegressor,full_motion,220,numeric,Power_Loco_std,yes
4,pig_16|pig_17,1,cat_d8,cat,CatBoostRegressor,full_motion,221,numeric,Power_Loco_p25,yes
4,pig_16|pig_17,1,cat_d8,cat,CatBoostRegressor,full_motion,222,numeric,Power_Loco_p75,yes
4,pig_16|pig_17,1,cat_d8,cat,CatBoostRegressor,full_motion,223,numeric,Power_High_mean,yes
4,pig_16|pig_17,1,cat_d8,cat,CatBoostRegressor,full_motion,224,numeric,Power_High_std,yes
4,pig_16|pig_17,1,cat_d8,cat,CatBoostRegressor,full_motion,225,numeric,Power_High_p25,yes
4,pig_16|pig_17,1,cat_d8,cat,CatBoostRegressor,full_motion,226,numeric,Power_High_p75,yes
4,pig_16|pig_17,1,cat_d8,cat,CatBoostRegressor,full_motion,227,numeric,Sample_Entropy_mean,yes
4,pig_16|pig_17,1,cat_d8,cat,CatBoostRegressor,full_motion,228,numeric,Sample_Entropy_std,yes
4,pig_16|pig_17,1,cat_d8,cat,CatBoostRegressor,full_motion,229,numeric,Sample_Entropy_p25,yes
4,pig_16|pig_17,1,cat_d8,cat,CatBoostRegressor,full_motion,230,numeric,Sample_Entropy_p75,yes
4,pig_16|pig_17,1,cat_d8,cat,CatBoostRegressor,full_motion,231,numeric,Frac_Rest,yes
4,pig_16|pig_17,1,cat_d8,cat,CatBoostRegressor,full_motion,232,numeric,Frac_Moderate,yes
4,pig_16|pig_17,1,cat_d8,cat,CatBoostRegressor,full_motion,233,numeric,Frac_Vigorous,yes
4,pig_16|pig_17,1,cat_d8,cat,CatBoostRegressor,full_motion,234,numeric,Frac_Lying,yes
4,pig_16|pig_17,1,cat_d8,cat,CatBoostRegressor,full_motion,235,numeric,Frac_HeadDown,yes
4,pig_16|pig_17,1,cat_d8,cat,CatBoostRegressor,full_motion,236,numeric,Active_Fraction,yes
4,pig_16|pig_17,1,cat_d8,cat,CatBoostRegressor,full_motion,237,numeric,move_coverage,yes
4,pig_16|pig_17,1,cat_d8,cat,CatBoostRegressor,full_motion,238,numeric,StepFreq_std,yes
4,pig_16|pig_17,1,cat_d8,cat,CatBoostRegressor,full_motion,239,numeric,LyingTransitions,yes
4,pig_16|pig_17,1,cat_d8,cat,CatBoostRegressor,full_motion,240,numeric,HeadDownTransitions,yes
4,pig_16|pig_17,1,cat_d8,cat,CatBoostRegressor,full_motion,241,numeric,data_count_mean,yes
4,pig_16|pig_17,1,cat_d8,cat,CatBoostRegressor,full_motion,242,categorical,chamber,yes
4,pig_16|pig_17,1,cat_d8,cat,CatBoostRegressor,full_motion,243,categorical,phase_label,yes
4,pig_16|pig_17,2,xgb_d3,xgb,XGBRegressor,full_motion_feed_event,1,numeric,hour_of_day,yes
4,pig_16|pig_17,2,xgb_d3,xgb,XGBRegressor,full_motion_feed_event,2,numeric,sin_hour,yes
4,pig_16|pig_17,2,xgb_d3,xgb,XGBRegressor,full_motion_feed_event,3,numeric,cos_hour,yes
4,pig_16|pig_17,2,xgb_d3,xgb,XGBRegressor,full_motion_feed_event,4,numeric,weight,yes
4,pig_16|pig_17,2,xgb_d3,xgb,XGBRegressor,full_motion_feed_event,5,numeric,is_fasting,yes
4,pig_16|pig_17,2,xgb_d3,xgb,XGBRegressor,full_motion_feed_event,6,numeric,day_in_phase,yes
4,pig_16|pig_17,2,xgb_d3,xgb,XGBRegressor,full_motion_feed_event,7,numeric,win_s,yes
4,pig_16|pig_17,2,xgb_d3,xgb,XGBRegressor,full_motion_feed_event,8,numeric,is_adaptation,yes
4,pig_16|pig_17,2,xgb_d3,xgb,XGBRegressor,full_motion_feed_event,9,numeric,is_formal,yes
4,pig_16|pig_17,2,xgb_d3,xgb,XGBRegressor,full_motion_feed_event,10,numeric,小室温度(℃),yes
4,pig_16|pig_17,2,xgb_d3,xgb,XGBRegressor,full_motion_feed_event,11,numeric,小室湿度(%),yes
4,pig_16|pig_17,2,xgb_d3,xgb,XGBRegressor,full_motion_feed_event,12,numeric,beat_count,yes
4,pig_16|pig_17,2,xgb_d3,xgb,XGBRegressor,full_motion_feed_event,13,numeric,HR_mean,yes
4,pig_16|pig_17,2,xgb_d3,xgb,XGBRegressor,full_motion_feed_event,14,numeric,HR_std,yes
4,pig_16|pig_17,2,xgb_d3,xgb,XGBRegressor,full_motion_feed_event,15,numeric,RR_mean,yes
4,pig_16|pig_17,2,xgb_d3,xgb,XGBRegressor,full_motion_feed_event,16,numeric,SDNN,yes
4,pig_16|pig_17,2,xgb_d3,xgb,XGBRegressor,full_motion_feed_event,17,numeric,RMSSD,yes
4,pig_16|pig_17,2,xgb_d3,xgb,XGBRegressor,full_motion_feed_event,18,numeric,pNN50,yes
4,pig_16|pig_17,2,xgb_d3,xgb,XGBRegressor,full_motion_feed_event,19,numeric,RR_cv,yes
4,pig_16|pig_17,2,xgb_d3,xgb,XGBRegressor,full_motion_feed_event,20,numeric,RR_skew,yes
4,pig_16|pig_17,2,xgb_d3,xgb,XGBRegressor,full_motion_feed_event,21,numeric,RR_kurt,yes
4,pig_16|pig_17,2,xgb_d3,xgb,XGBRegressor,full_motion_feed_event,22,numeric,RR_range,yes
4,pig_16|pig_17,2,xgb_d3,xgb,XGBRegressor,full_motion_feed_event,23,numeric,Acc_Mean_mean,yes
4,pig_16|pig_17,2,xgb_d3,xgb,XGBRegressor,full_motion_feed_event,24,numeric,Acc_Mean_std,yes
4,pig_16|pig_17,2,xgb_d3,xgb,XGBRegressor,full_motion_feed_event,25,numeric,Acc_Mean_p25,yes
4,pig_16|pig_17,2,xgb_d3,xgb,XGBRegressor,full_motion_feed_event,26,numeric,Acc_Mean_p75,yes
4,pig_16|pig_17,2,xgb_d3,xgb,XGBRegressor,full_motion_feed_event,27,numeric,Acc_Std_mean,yes
4,pig_16|pig_17,2,xgb_d3,xgb,XGBRegressor,full_motion_feed_event,28,numeric,Acc_Std_std,yes
4,pig_16|pig_17,2,xgb_d3,xgb,XGBRegressor,full_motion_feed_event,29,numeric,Acc_Std_p25,yes
4,pig_16|pig_17,2,xgb_d3,xgb,XGBRegressor,full_motion_feed_event,30,numeric,Acc_Std_p75,yes
4,pig_16|pig_17,2,xgb_d3,xgb,XGBRegressor,full_motion_feed_event,31,numeric,Acc_Sum_mean,yes
4,pig_16|pig_17,2,xgb_d3,xgb,XGBRegressor,full_motion_feed_event,32,numeric,Acc_Sum_std,yes
4,pig_16|pig_17,2,xgb_d3,xgb,XGBRegressor,full_motion_feed_event,33,numeric,Acc_Sum_p25,yes
4,pig_16|pig_17,2,xgb_d3,xgb,XGBRegressor,full_motion_feed_event,34,numeric,Acc_Sum_p75,yes
4,pig_16|pig_17,2,xgb_d3,xgb,XGBRegressor,full_motion_feed_event,35,numeric,Acc_Max_mean,yes
4,pig_16|pig_17,2,xgb_d3,xgb,XGBRegressor,full_motion_feed_event,36,numeric,Acc_Max_std,yes
4,pig_16|pig_17,2,xgb_d3,xgb,XGBRegressor,full_motion_feed_event,37,numeric,Acc_Max_p25,yes
4,pig_16|pig_17,2,xgb_d3,xgb,XGBRegressor,full_motion_feed_event,38,numeric,Acc_Max_p75,yes
4,pig_16|pig_17,2,xgb_d3,xgb,XGBRegressor,full_motion_feed_event,39,numeric,Acc_Min_mean,yes
4,pig_16|pig_17,2,xgb_d3,xgb,XGBRegressor,full_motion_feed_event,40,numeric,Acc_Min_std,yes
4,pig_16|pig_17,2,xgb_d3,xgb,XGBRegressor,full_motion_feed_event,41,numeric,Acc_Min_p25,yes
4,pig_16|pig_17,2,xgb_d3,xgb,XGBRegressor,full_motion_feed_event,42,numeric,Acc_Min_p75,yes
4,pig_16|pig_17,2,xgb_d3,xgb,XGBRegressor,full_motion_feed_event,43,numeric,Acc_Range_mean,yes
4,pig_16|pig_17,2,xgb_d3,xgb,XGBRegressor,full_motion_feed_event,44,numeric,Acc_Range_std,yes
4,pig_16|pig_17,2,xgb_d3,xgb,XGBRegressor,full_motion_feed_event,45,numeric,Acc_Range_p25,yes
4,pig_16|pig_17,2,xgb_d3,xgb,XGBRegressor,full_motion_feed_event,46,numeric,Acc_Range_p75,yes
4,pig_16|pig_17,2,xgb_d3,xgb,XGBRegressor,full_motion_feed_event,47,numeric,Acc_P25_mean,yes
4,pig_16|pig_17,2,xgb_d3,xgb,XGBRegressor,full_motion_feed_event,48,numeric,Acc_P25_std,yes
4,pig_16|pig_17,2,xgb_d3,xgb,XGBRegressor,full_motion_feed_event,49,numeric,Acc_P25_p25,yes
4,pig_16|pig_17,2,xgb_d3,xgb,XGBRegressor,full_motion_feed_event,50,numeric,Acc_P25_p75,yes
4,pig_16|pig_17,2,xgb_d3,xgb,XGBRegressor,full_motion_feed_event,51,numeric,Acc_P75_mean,yes
4,pig_16|pig_17,2,xgb_d3,xgb,XGBRegressor,full_motion_feed_event,52,numeric,Acc_P75_std,yes
4,pig_16|pig_17,2,xgb_d3,xgb,XGBRegressor,full_motion_feed_event,53,numeric,Acc_P75_p25,yes
4,pig_16|pig_17,2,xgb_d3,xgb,XGBRegressor,full_motion_feed_event,54,numeric,Acc_P75_p75,yes
4,pig_16|pig_17,2,xgb_d3,xgb,XGBRegressor,full_motion_feed_event,55,numeric,Gyro_Mean_mean,yes
4,pig_16|pig_17,2,xgb_d3,xgb,XGBRegressor,full_motion_feed_event,56,numeric,Gyro_Mean_std,yes
4,pig_16|pig_17,2,xgb_d3,xgb,XGBRegressor,full_motion_feed_event,57,numeric,Gyro_Mean_p25,yes
4,pig_16|pig_17,2,xgb_d3,xgb,XGBRegressor,full_motion_feed_event,58,numeric,Gyro_Mean_p75,yes
4,pig_16|pig_17,2,xgb_d3,xgb,XGBRegressor,full_motion_feed_event,59,numeric,Gyro_Max_mean,yes
4,pig_16|pig_17,2,xgb_d3,xgb,XGBRegressor,full_motion_feed_event,60,numeric,Gyro_Max_std,yes
4,pig_16|pig_17,2,xgb_d3,xgb,XGBRegressor,full_motion_feed_event,61,numeric,Gyro_Max_p25,yes
4,pig_16|pig_17,2,xgb_d3,xgb,XGBRegressor,full_motion_feed_event,62,numeric,Gyro_Max_p75,yes
4,pig_16|pig_17,2,xgb_d3,xgb,XGBRegressor,full_motion_feed_event,63,numeric,DynX_Mean_mean,yes
4,pig_16|pig_17,2,xgb_d3,xgb,XGBRegressor,full_motion_feed_event,64,numeric,DynX_Mean_std,yes
4,pig_16|pig_17,2,xgb_d3,xgb,XGBRegressor,full_motion_feed_event,65,numeric,DynX_Mean_p25,yes
4,pig_16|pig_17,2,xgb_d3,xgb,XGBRegressor,full_motion_feed_event,66,numeric,DynX_Mean_p75,yes
4,pig_16|pig_17,2,xgb_d3,xgb,XGBRegressor,full_motion_feed_event,67,numeric,DynX_Std_mean,yes
4,pig_16|pig_17,2,xgb_d3,xgb,XGBRegressor,full_motion_feed_event,68,numeric,DynX_Std_std,yes
4,pig_16|pig_17,2,xgb_d3,xgb,XGBRegressor,full_motion_feed_event,69,numeric,DynX_Std_p25,yes
4,pig_16|pig_17,2,xgb_d3,xgb,XGBRegressor,full_motion_feed_event,70,numeric,DynX_Std_p75,yes
4,pig_16|pig_17,2,xgb_d3,xgb,XGBRegressor,full_motion_feed_event,71,numeric,DynX_Mean_abs_mean,yes
4,pig_16|pig_17,2,xgb_d3,xgb,XGBRegressor,full_motion_feed_event,72,numeric,DynX_Mean_abs_std,yes
4,pig_16|pig_17,2,xgb_d3,xgb,XGBRegressor,full_motion_feed_event,73,numeric,DynX_Mean_abs_p25,yes
4,pig_16|pig_17,2,xgb_d3,xgb,XGBRegressor,full_motion_feed_event,74,numeric,DynX_Mean_abs_p75,yes
4,pig_16|pig_17,2,xgb_d3,xgb,XGBRegressor,full_motion_feed_event,75,numeric,DynY_Mean_mean,yes
4,pig_16|pig_17,2,xgb_d3,xgb,XGBRegressor,full_motion_feed_event,76,numeric,DynY_Mean_std,yes
4,pig_16|pig_17,2,xgb_d3,xgb,XGBRegressor,full_motion_feed_event,77,numeric,DynY_Mean_p25,yes
4,pig_16|pig_17,2,xgb_d3,xgb,XGBRegressor,full_motion_feed_event,78,numeric,DynY_Mean_p75,yes
4,pig_16|pig_17,2,xgb_d3,xgb,XGBRegressor,full_motion_feed_event,79,numeric,DynY_Std_mean,yes
4,pig_16|pig_17,2,xgb_d3,xgb,XGBRegressor,full_motion_feed_event,80,numeric,DynY_Std_std,yes
4,pig_16|pig_17,2,xgb_d3,xgb,XGBRegressor,full_motion_feed_event,81,numeric,DynY_Std_p25,yes
4,pig_16|pig_17,2,xgb_d3,xgb,XGBRegressor,full_motion_feed_event,82,numeric,DynY_Std_p75,yes
4,pig_16|pig_17,2,xgb_d3,xgb,XGBRegressor,full_motion_feed_event,83,numeric,DynY_Mean_abs_mean,yes
4,pig_16|pig_17,2,xgb_d3,xgb,XGBRegressor,full_motion_feed_event,84,numeric,DynY_Mean_abs_std,yes
4,pig_16|pig_17,2,xgb_d3,xgb,XGBRegressor,full_motion_feed_event,85,numeric,DynY_Mean_abs_p25,yes
4,pig_16|pig_17,2,xgb_d3,xgb,XGBRegressor,full_motion_feed_event,86,numeric,DynY_Mean_abs_p75,yes
4,pig_16|pig_17,2,xgb_d3,xgb,XGBRegressor,full_motion_feed_event,87,numeric,DynZ_Mean_mean,yes
4,pig_16|pig_17,2,xgb_d3,xgb,XGBRegressor,full_motion_feed_event,88,numeric,DynZ_Mean_std,yes
4,pig_16|pig_17,2,xgb_d3,xgb,XGBRegressor,full_motion_feed_event,89,numeric,DynZ_Mean_p25,yes
4,pig_16|pig_17,2,xgb_d3,xgb,XGBRegressor,full_motion_feed_event,90,numeric,DynZ_Mean_p75,yes
4,pig_16|pig_17,2,xgb_d3,xgb,XGBRegressor,full_motion_feed_event,91,numeric,DynZ_Std_mean,yes
4,pig_16|pig_17,2,xgb_d3,xgb,XGBRegressor,full_motion_feed_event,92,numeric,DynZ_Std_std,yes
4,pig_16|pig_17,2,xgb_d3,xgb,XGBRegressor,full_motion_feed_event,93,numeric,DynZ_Std_p25,yes
4,pig_16|pig_17,2,xgb_d3,xgb,XGBRegressor,full_motion_feed_event,94,numeric,DynZ_Std_p75,yes
4,pig_16|pig_17,2,xgb_d3,xgb,XGBRegressor,full_motion_feed_event,95,numeric,DynZ_Mean_abs_mean,yes
4,pig_16|pig_17,2,xgb_d3,xgb,XGBRegressor,full_motion_feed_event,96,numeric,DynZ_Mean_abs_std,yes
4,pig_16|pig_17,2,xgb_d3,xgb,XGBRegressor,full_motion_feed_event,97,numeric,DynZ_Mean_abs_p25,yes
4,pig_16|pig_17,2,xgb_d3,xgb,XGBRegressor,full_motion_feed_event,98,numeric,DynZ_Mean_abs_p75,yes
4,pig_16|pig_17,2,xgb_d3,xgb,XGBRegressor,full_motion_feed_event,99,numeric,AccMag_Mean_mean,yes
4,pig_16|pig_17,2,xgb_d3,xgb,XGBRegressor,full_motion_feed_event,100,numeric,AccMag_Mean_std,yes
4,pig_16|pig_17,2,xgb_d3,xgb,XGBRegressor,full_motion_feed_event,101,numeric,AccMag_Mean_p25,yes
4,pig_16|pig_17,2,xgb_d3,xgb,XGBRegressor,full_motion_feed_event,102,numeric,AccMag_Mean_p75,yes
4,pig_16|pig_17,2,xgb_d3,xgb,XGBRegressor,full_motion_feed_event,103,numeric,AccMag_Std_mean,yes
4,pig_16|pig_17,2,xgb_d3,xgb,XGBRegressor,full_motion_feed_event,104,numeric,AccMag_Std_std,yes
4,pig_16|pig_17,2,xgb_d3,xgb,XGBRegressor,full_motion_feed_event,105,numeric,AccMag_Std_p25,yes
4,pig_16|pig_17,2,xgb_d3,xgb,XGBRegressor,full_motion_feed_event,106,numeric,AccMag_Std_p75,yes
4,pig_16|pig_17,2,xgb_d3,xgb,XGBRegressor,full_motion_feed_event,107,numeric,Roll_Mean_mean,yes
4,pig_16|pig_17,2,xgb_d3,xgb,XGBRegressor,full_motion_feed_event,108,numeric,Roll_Mean_std,yes
4,pig_16|pig_17,2,xgb_d3,xgb,XGBRegressor,full_motion_feed_event,109,numeric,Roll_Mean_p25,yes
4,pig_16|pig_17,2,xgb_d3,xgb,XGBRegressor,full_motion_feed_event,110,numeric,Roll_Mean_p75,yes
4,pig_16|pig_17,2,xgb_d3,xgb,XGBRegressor,full_motion_feed_event,111,numeric,Roll_Std_mean,yes
4,pig_16|pig_17,2,xgb_d3,xgb,XGBRegressor,full_motion_feed_event,112,numeric,Roll_Std_std,yes
4,pig_16|pig_17,2,xgb_d3,xgb,XGBRegressor,full_motion_feed_event,113,numeric,Roll_Std_p25,yes
4,pig_16|pig_17,2,xgb_d3,xgb,XGBRegressor,full_motion_feed_event,114,numeric,Roll_Std_p75,yes
4,pig_16|pig_17,2,xgb_d3,xgb,XGBRegressor,full_motion_feed_event,115,numeric,Pitch_Mean_mean,yes
4,pig_16|pig_17,2,xgb_d3,xgb,XGBRegressor,full_motion_feed_event,116,numeric,Pitch_Mean_std,yes
4,pig_16|pig_17,2,xgb_d3,xgb,XGBRegressor,full_motion_feed_event,117,numeric,Pitch_Mean_p25,yes
4,pig_16|pig_17,2,xgb_d3,xgb,XGBRegressor,full_motion_feed_event,118,numeric,Pitch_Mean_p75,yes
4,pig_16|pig_17,2,xgb_d3,xgb,XGBRegressor,full_motion_feed_event,119,numeric,Pitch_Std_mean,yes
4,pig_16|pig_17,2,xgb_d3,xgb,XGBRegressor,full_motion_feed_event,120,numeric,Pitch_Std_std,yes
4,pig_16|pig_17,2,xgb_d3,xgb,XGBRegressor,full_motion_feed_event,121,numeric,Pitch_Std_p25,yes
4,pig_16|pig_17,2,xgb_d3,xgb,XGBRegressor,full_motion_feed_event,122,numeric,Pitch_Std_p75,yes
4,pig_16|pig_17,2,xgb_d3,xgb,XGBRegressor,full_motion_feed_event,123,numeric,Tilt_Mag_Mean_mean,yes
4,pig_16|pig_17,2,xgb_d3,xgb,XGBRegressor,full_motion_feed_event,124,numeric,Tilt_Mag_Mean_std,yes
4,pig_16|pig_17,2,xgb_d3,xgb,XGBRegressor,full_motion_feed_event,125,numeric,Tilt_Mag_Mean_p25,yes
4,pig_16|pig_17,2,xgb_d3,xgb,XGBRegressor,full_motion_feed_event,126,numeric,Tilt_Mag_Mean_p75,yes
4,pig_16|pig_17,2,xgb_d3,xgb,XGBRegressor,full_motion_feed_event,127,numeric,Tilt_Mag_Std_mean,yes
4,pig_16|pig_17,2,xgb_d3,xgb,XGBRegressor,full_motion_feed_event,128,numeric,Tilt_Mag_Std_std,yes
4,pig_16|pig_17,2,xgb_d3,xgb,XGBRegressor,full_motion_feed_event,129,numeric,Tilt_Mag_Std_p25,yes
4,pig_16|pig_17,2,xgb_d3,xgb,XGBRegressor,full_motion_feed_event,130,numeric,Tilt_Mag_Std_p75,yes
4,pig_16|pig_17,2,xgb_d3,xgb,XGBRegressor,full_motion_feed_event,131,numeric,AngX_Std_mean,yes
4,pig_16|pig_17,2,xgb_d3,xgb,XGBRegressor,full_motion_feed_event,132,numeric,AngX_Std_std,yes
4,pig_16|pig_17,2,xgb_d3,xgb,XGBRegressor,full_motion_feed_event,133,numeric,AngX_Std_p25,yes
4,pig_16|pig_17,2,xgb_d3,xgb,XGBRegressor,full_motion_feed_event,134,numeric,AngX_Std_p75,yes
4,pig_16|pig_17,2,xgb_d3,xgb,XGBRegressor,full_motion_feed_event,135,numeric,AngY_Std_mean,yes
4,pig_16|pig_17,2,xgb_d3,xgb,XGBRegressor,full_motion_feed_event,136,numeric,AngY_Std_std,yes
4,pig_16|pig_17,2,xgb_d3,xgb,XGBRegressor,full_motion_feed_event,137,numeric,AngY_Std_p25,yes
4,pig_16|pig_17,2,xgb_d3,xgb,XGBRegressor,full_motion_feed_event,138,numeric,AngY_Std_p75,yes
4,pig_16|pig_17,2,xgb_d3,xgb,XGBRegressor,full_motion_feed_event,139,numeric,AngZ_Std_mean,yes
4,pig_16|pig_17,2,xgb_d3,xgb,XGBRegressor,full_motion_feed_event,140,numeric,AngZ_Std_std,yes
4,pig_16|pig_17,2,xgb_d3,xgb,XGBRegressor,full_motion_feed_event,141,numeric,AngZ_Std_p25,yes
4,pig_16|pig_17,2,xgb_d3,xgb,XGBRegressor,full_motion_feed_event,142,numeric,AngZ_Std_p75,yes
4,pig_16|pig_17,2,xgb_d3,xgb,XGBRegressor,full_motion_feed_event,143,numeric,AngX_Rate_mean,yes
4,pig_16|pig_17,2,xgb_d3,xgb,XGBRegressor,full_motion_feed_event,144,numeric,AngX_Rate_std,yes
4,pig_16|pig_17,2,xgb_d3,xgb,XGBRegressor,full_motion_feed_event,145,numeric,AngX_Rate_p25,yes
4,pig_16|pig_17,2,xgb_d3,xgb,XGBRegressor,full_motion_feed_event,146,numeric,AngX_Rate_p75,yes
4,pig_16|pig_17,2,xgb_d3,xgb,XGBRegressor,full_motion_feed_event,147,numeric,AngY_Rate_mean,yes
4,pig_16|pig_17,2,xgb_d3,xgb,XGBRegressor,full_motion_feed_event,148,numeric,AngY_Rate_std,yes
4,pig_16|pig_17,2,xgb_d3,xgb,XGBRegressor,full_motion_feed_event,149,numeric,AngY_Rate_p25,yes
4,pig_16|pig_17,2,xgb_d3,xgb,XGBRegressor,full_motion_feed_event,150,numeric,AngY_Rate_p75,yes
4,pig_16|pig_17,2,xgb_d3,xgb,XGBRegressor,full_motion_feed_event,151,numeric,AngZ_Rate_mean,yes
4,pig_16|pig_17,2,xgb_d3,xgb,XGBRegressor,full_motion_feed_event,152,numeric,AngZ_Rate_std,yes
4,pig_16|pig_17,2,xgb_d3,xgb,XGBRegressor,full_motion_feed_event,153,numeric,AngZ_Rate_p25,yes
4,pig_16|pig_17,2,xgb_d3,xgb,XGBRegressor,full_motion_feed_event,154,numeric,AngZ_Rate_p75,yes
4,pig_16|pig_17,2,xgb_d3,xgb,XGBRegressor,full_motion_feed_event,155,numeric,Jerk_Mean_mean,yes
4,pig_16|pig_17,2,xgb_d3,xgb,XGBRegressor,full_motion_feed_event,156,numeric,Jerk_Mean_std,yes
4,pig_16|pig_17,2,xgb_d3,xgb,XGBRegressor,full_motion_feed_event,157,numeric,Jerk_Mean_p25,yes
4,pig_16|pig_17,2,xgb_d3,xgb,XGBRegressor,full_motion_feed_event,158,numeric,Jerk_Mean_p75,yes
4,pig_16|pig_17,2,xgb_d3,xgb,XGBRegressor,full_motion_feed_event,159,numeric,ODBA_mean,yes
4,pig_16|pig_17,2,xgb_d3,xgb,XGBRegressor,full_motion_feed_event,160,numeric,ODBA_std,yes
4,pig_16|pig_17,2,xgb_d3,xgb,XGBRegressor,full_motion_feed_event,161,numeric,ODBA_p25,yes
4,pig_16|pig_17,2,xgb_d3,xgb,XGBRegressor,full_motion_feed_event,162,numeric,ODBA_p75,yes
4,pig_16|pig_17,2,xgb_d3,xgb,XGBRegressor,full_motion_feed_event,163,numeric,VeDBA_RMS_mean,yes
4,pig_16|pig_17,2,xgb_d3,xgb,XGBRegressor,full_motion_feed_event,164,numeric,VeDBA_RMS_std,yes
4,pig_16|pig_17,2,xgb_d3,xgb,XGBRegressor,full_motion_feed_event,165,numeric,VeDBA_RMS_p25,yes
4,pig_16|pig_17,2,xgb_d3,xgb,XGBRegressor,full_motion_feed_event,166,numeric,VeDBA_RMS_p75,yes
4,pig_16|pig_17,2,xgb_d3,xgb,XGBRegressor,full_motion_feed_event,167,numeric,Axis_Dominance_mean,yes
4,pig_16|pig_17,2,xgb_d3,xgb,XGBRegressor,full_motion_feed_event,168,numeric,Axis_Dominance_std,yes
4,pig_16|pig_17,2,xgb_d3,xgb,XGBRegressor,full_motion_feed_event,169,numeric,Axis_Dominance_p25,yes
4,pig_16|pig_17,2,xgb_d3,xgb,XGBRegressor,full_motion_feed_event,170,numeric,Axis_Dominance_p75,yes
4,pig_16|pig_17,2,xgb_d3,xgb,XGBRegressor,full_motion_feed_event,171,numeric,Skewness_mean,yes
4,pig_16|pig_17,2,xgb_d3,xgb,XGBRegressor,full_motion_feed_event,172,numeric,Skewness_std,yes
4,pig_16|pig_17,2,xgb_d3,xgb,XGBRegressor,full_motion_feed_event,173,numeric,Skewness_p25,yes
4,pig_16|pig_17,2,xgb_d3,xgb,XGBRegressor,full_motion_feed_event,174,numeric,Skewness_p75,yes
4,pig_16|pig_17,2,xgb_d3,xgb,XGBRegressor,full_motion_feed_event,175,numeric,Kurtosis_mean,yes
4,pig_16|pig_17,2,xgb_d3,xgb,XGBRegressor,full_motion_feed_event,176,numeric,Kurtosis_std,yes
4,pig_16|pig_17,2,xgb_d3,xgb,XGBRegressor,full_motion_feed_event,177,numeric,Kurtosis_p25,yes
4,pig_16|pig_17,2,xgb_d3,xgb,XGBRegressor,full_motion_feed_event,178,numeric,Kurtosis_p75,yes
4,pig_16|pig_17,2,xgb_d3,xgb,XGBRegressor,full_motion_feed_event,179,numeric,Autocorr_Lag1_mean,yes
4,pig_16|pig_17,2,xgb_d3,xgb,XGBRegressor,full_motion_feed_event,180,numeric,Autocorr_Lag1_std,yes
4,pig_16|pig_17,2,xgb_d3,xgb,XGBRegressor,full_motion_feed_event,181,numeric,Autocorr_Lag1_p25,yes
4,pig_16|pig_17,2,xgb_d3,xgb,XGBRegressor,full_motion_feed_event,182,numeric,Autocorr_Lag1_p75,yes
4,pig_16|pig_17,2,xgb_d3,xgb,XGBRegressor,full_motion_feed_event,183,numeric,Peak_Count_mean,yes
4,pig_16|pig_17,2,xgb_d3,xgb,XGBRegressor,full_motion_feed_event,184,numeric,Peak_Count_std,yes
4,pig_16|pig_17,2,xgb_d3,xgb,XGBRegressor,full_motion_feed_event,185,numeric,Peak_Count_p25,yes
4,pig_16|pig_17,2,xgb_d3,xgb,XGBRegressor,full_motion_feed_event,186,numeric,Peak_Count_p75,yes
4,pig_16|pig_17,2,xgb_d3,xgb,XGBRegressor,full_motion_feed_event,187,numeric,Corr_XY_mean,yes
4,pig_16|pig_17,2,xgb_d3,xgb,XGBRegressor,full_motion_feed_event,188,numeric,Corr_XY_std,yes
4,pig_16|pig_17,2,xgb_d3,xgb,XGBRegressor,full_motion_feed_event,189,numeric,Corr_XY_p25,yes
4,pig_16|pig_17,2,xgb_d3,xgb,XGBRegressor,full_motion_feed_event,190,numeric,Corr_XY_p75,yes
4,pig_16|pig_17,2,xgb_d3,xgb,XGBRegressor,full_motion_feed_event,191,numeric,Corr_XZ_mean,yes
4,pig_16|pig_17,2,xgb_d3,xgb,XGBRegressor,full_motion_feed_event,192,numeric,Corr_XZ_std,yes
4,pig_16|pig_17,2,xgb_d3,xgb,XGBRegressor,full_motion_feed_event,193,numeric,Corr_XZ_p25,yes
4,pig_16|pig_17,2,xgb_d3,xgb,XGBRegressor,full_motion_feed_event,194,numeric,Corr_XZ_p75,yes
4,pig_16|pig_17,2,xgb_d3,xgb,XGBRegressor,full_motion_feed_event,195,numeric,Corr_YZ_mean,yes
4,pig_16|pig_17,2,xgb_d3,xgb,XGBRegressor,full_motion_feed_event,196,numeric,Corr_YZ_std,yes
4,pig_16|pig_17,2,xgb_d3,xgb,XGBRegressor,full_motion_feed_event,197,numeric,Corr_YZ_p25,yes
4,pig_16|pig_17,2,xgb_d3,xgb,XGBRegressor,full_motion_feed_event,198,numeric,Corr_YZ_p75,yes
4,pig_16|pig_17,2,xgb_d3,xgb,XGBRegressor,full_motion_feed_event,199,numeric,Spectral_Entropy_mean,yes
4,pig_16|pig_17,2,xgb_d3,xgb,XGBRegressor,full_motion_feed_event,200,numeric,Spectral_Entropy_std,yes
4,pig_16|pig_17,2,xgb_d3,xgb,XGBRegressor,full_motion_feed_event,201,numeric,Spectral_Entropy_p25,yes
4,pig_16|pig_17,2,xgb_d3,xgb,XGBRegressor,full_motion_feed_event,202,numeric,Spectral_Entropy_p75,yes
4,pig_16|pig_17,2,xgb_d3,xgb,XGBRegressor,full_motion_feed_event,203,numeric,Zero_Crossing_Rate_mean,yes
4,pig_16|pig_17,2,xgb_d3,xgb,XGBRegressor,full_motion_feed_event,204,numeric,Zero_Crossing_Rate_std,yes
4,pig_16|pig_17,2,xgb_d3,xgb,XGBRegressor,full_motion_feed_event,205,numeric,Zero_Crossing_Rate_p25,yes
4,pig_16|pig_17,2,xgb_d3,xgb,XGBRegressor,full_motion_feed_event,206,numeric,Zero_Crossing_Rate_p75,yes
4,pig_16|pig_17,2,xgb_d3,xgb,XGBRegressor,full_motion_feed_event,207,numeric,Dominant_Frequency_mean,yes
4,pig_16|pig_17,2,xgb_d3,xgb,XGBRegressor,full_motion_feed_event,208,numeric,Dominant_Frequency_std,yes
4,pig_16|pig_17,2,xgb_d3,xgb,XGBRegressor,full_motion_feed_event,209,numeric,Dominant_Frequency_p25,yes
4,pig_16|pig_17,2,xgb_d3,xgb,XGBRegressor,full_motion_feed_event,210,numeric,Dominant_Frequency_p75,yes
4,pig_16|pig_17,2,xgb_d3,xgb,XGBRegressor,full_motion_feed_event,211,numeric,Coefficient_of_Variation_mean,yes
4,pig_16|pig_17,2,xgb_d3,xgb,XGBRegressor,full_motion_feed_event,212,numeric,Coefficient_of_Variation_std,yes
4,pig_16|pig_17,2,xgb_d3,xgb,XGBRegressor,full_motion_feed_event,213,numeric,Coefficient_of_Variation_p25,yes
4,pig_16|pig_17,2,xgb_d3,xgb,XGBRegressor,full_motion_feed_event,214,numeric,Coefficient_of_Variation_p75,yes
4,pig_16|pig_17,2,xgb_d3,xgb,XGBRegressor,full_motion_feed_event,215,numeric,Power_Low_mean,yes
4,pig_16|pig_17,2,xgb_d3,xgb,XGBRegressor,full_motion_feed_event,216,numeric,Power_Low_std,yes
4,pig_16|pig_17,2,xgb_d3,xgb,XGBRegressor,full_motion_feed_event,217,numeric,Power_Low_p25,yes
4,pig_16|pig_17,2,xgb_d3,xgb,XGBRegressor,full_motion_feed_event,218,numeric,Power_Low_p75,yes
4,pig_16|pig_17,2,xgb_d3,xgb,XGBRegressor,full_motion_feed_event,219,numeric,Power_Loco_mean,yes
4,pig_16|pig_17,2,xgb_d3,xgb,XGBRegressor,full_motion_feed_event,220,numeric,Power_Loco_std,yes
4,pig_16|pig_17,2,xgb_d3,xgb,XGBRegressor,full_motion_feed_event,221,numeric,Power_Loco_p25,yes
4,pig_16|pig_17,2,xgb_d3,xgb,XGBRegressor,full_motion_feed_event,222,numeric,Power_Loco_p75,yes
4,pig_16|pig_17,2,xgb_d3,xgb,XGBRegressor,full_motion_feed_event,223,numeric,Power_High_mean,yes
4,pig_16|pig_17,2,xgb_d3,xgb,XGBRegressor,full_motion_feed_event,224,numeric,Power_High_std,yes
4,pig_16|pig_17,2,xgb_d3,xgb,XGBRegressor,full_motion_feed_event,225,numeric,Power_High_p25,yes
4,pig_16|pig_17,2,xgb_d3,xgb,XGBRegressor,full_motion_feed_event,226,numeric,Power_High_p75,yes
4,pig_16|pig_17,2,xgb_d3,xgb,XGBRegressor,full_motion_feed_event,227,numeric,Sample_Entropy_mean,yes
4,pig_16|pig_17,2,xgb_d3,xgb,XGBRegressor,full_motion_feed_event,228,numeric,Sample_Entropy_std,yes
4,pig_16|pig_17,2,xgb_d3,xgb,XGBRegressor,full_motion_feed_event,229,numeric,Sample_Entropy_p25,yes
4,pig_16|pig_17,2,xgb_d3,xgb,XGBRegressor,full_motion_feed_event,230,numeric,Sample_Entropy_p75,yes
4,pig_16|pig_17,2,xgb_d3,xgb,XGBRegressor,full_motion_feed_event,231,numeric,Frac_Rest,yes
4,pig_16|pig_17,2,xgb_d3,xgb,XGBRegressor,full_motion_feed_event,232,numeric,Frac_Moderate,yes
4,pig_16|pig_17,2,xgb_d3,xgb,XGBRegressor,full_motion_feed_event,233,numeric,Frac_Vigorous,yes
4,pig_16|pig_17,2,xgb_d3,xgb,XGBRegressor,full_motion_feed_event,234,numeric,Frac_Lying,yes
4,pig_16|pig_17,2,xgb_d3,xgb,XGBRegressor,full_motion_feed_event,235,numeric,Frac_HeadDown,yes
4,pig_16|pig_17,2,xgb_d3,xgb,XGBRegressor,full_motion_feed_event,236,numeric,Active_Fraction,yes
4,pig_16|pig_17,2,xgb_d3,xgb,XGBRegressor,full_motion_feed_event,237,numeric,move_coverage,yes
4,pig_16|pig_17,2,xgb_d3,xgb,XGBRegressor,full_motion_feed_event,238,numeric,StepFreq_std,yes
4,pig_16|pig_17,2,xgb_d3,xgb,XGBRegressor,full_motion_feed_event,239,numeric,LyingTransitions,yes
4,pig_16|pig_17,2,xgb_d3,xgb,XGBRegressor,full_motion_feed_event,240,numeric,HeadDownTransitions,yes
4,pig_16|pig_17,2,xgb_d3,xgb,XGBRegressor,full_motion_feed_event,241,numeric,data_count_mean,yes
4,pig_16|pig_17,2,xgb_d3,xgb,XGBRegressor,full_motion_feed_event,242,numeric,planned_meal_g_per_w075_if_fed,yes
4,pig_16|pig_17,2,xgb_d3,xgb,XGBRegressor,full_motion_feed_event,243,numeric,planned_feed_available,yes
4,pig_16|pig_17,2,xgb_d3,xgb,XGBRegressor,full_motion_feed_event,244,numeric,meal_history_known,yes
4,pig_16|pig_17,2,xgb_d3,xgb,XGBRegressor,full_motion_feed_event,245,numeric,hours_since_last_meal_capped48,yes
4,pig_16|pig_17,2,xgb_d3,xgb,XGBRegressor,full_motion_feed_event,246,numeric,last_meal_is_afternoon,yes
4,pig_16|pig_17,2,xgb_d3,xgb,XGBRegressor,full_motion_feed_event,247,numeric,last_meal_is_morning,yes
4,pig_16|pig_17,2,xgb_d3,xgb,XGBRegressor,full_motion_feed_event,248,numeric,fed_to_fasting_carryover_6h,yes
4,pig_16|pig_17,2,xgb_d3,xgb,XGBRegressor,full_motion_feed_event,249,numeric,hours_in_fasting,yes
4,pig_16|pig_17,2,xgb_d3,xgb,XGBRegressor,full_motion_feed_event,250,numeric,hours_since_afternoon_meal_capped48,yes
4,pig_16|pig_17,2,xgb_d3,xgb,XGBRegressor,full_motion_feed_event,251,numeric,hours_since_morning_meal_capped48,yes
4,pig_16|pig_17,2,xgb_d3,xgb,XGBRegressor,full_motion_feed_event,252,numeric,meal_afternoon_kernel_tau0p5h,yes
4,pig_16|pig_17,2,xgb_d3,xgb,XGBRegressor,full_motion_feed_event,253,numeric,meal_afternoon_kernel_tau1p5h,yes
4,pig_16|pig_17,2,xgb_d3,xgb,XGBRegressor,full_motion_feed_event,254,numeric,meal_afternoon_kernel_tau3p0h,yes
4,pig_16|pig_17,2,xgb_d3,xgb,XGBRegressor,full_motion_feed_event,255,numeric,meal_afternoon_kernel_tau6p0h,yes
4,pig_16|pig_17,2,xgb_d3,xgb,XGBRegressor,full_motion_feed_event,256,numeric,meal_morning_kernel_tau0p5h,yes
4,pig_16|pig_17,2,xgb_d3,xgb,XGBRegressor,full_motion_feed_event,257,numeric,meal_morning_kernel_tau1p5h,yes
4,pig_16|pig_17,2,xgb_d3,xgb,XGBRegressor,full_motion_feed_event,258,numeric,meal_morning_kernel_tau3p0h,yes
4,pig_16|pig_17,2,xgb_d3,xgb,XGBRegressor,full_motion_feed_event,259,numeric,meal_morning_kernel_tau6p0h,yes
4,pig_16|pig_17,2,xgb_d3,xgb,XGBRegressor,full_motion_feed_event,260,numeric,meal_any_kernel_tau1p5h,yes
4,pig_16|pig_17,2,xgb_d3,xgb,XGBRegressor,full_motion_feed_event,261,numeric,meal_any_kernel_tau3p0h,yes
4,pig_16|pig_17,2,xgb_d3,xgb,XGBRegressor,full_motion_feed_event,262,numeric,dose_x_meal_afternoon_kernel_tau0p5h,yes
4,pig_16|pig_17,2,xgb_d3,xgb,XGBRegressor,full_motion_feed_event,263,numeric,dose_x_meal_afternoon_kernel_tau1p5h,yes
4,pig_16|pig_17,2,xgb_d3,xgb,XGBRegressor,full_motion_feed_event,264,numeric,dose_x_meal_afternoon_kernel_tau3p0h,yes
4,pig_16|pig_17,2,xgb_d3,xgb,XGBRegressor,full_motion_feed_event,265,numeric,dose_x_meal_afternoon_kernel_tau6p0h,yes
4,pig_16|pig_17,2,xgb_d3,xgb,XGBRegressor,full_motion_feed_event,266,numeric,dose_x_meal_morning_kernel_tau0p5h,yes
4,pig_16|pig_17,2,xgb_d3,xgb,XGBRegressor,full_motion_feed_event,267,numeric,dose_x_meal_morning_kernel_tau1p5h,yes
4,pig_16|pig_17,2,xgb_d3,xgb,XGBRegressor,full_motion_feed_event,268,numeric,dose_x_meal_morning_kernel_tau3p0h,yes
4,pig_16|pig_17,2,xgb_d3,xgb,XGBRegressor,full_motion_feed_event,269,numeric,dose_x_meal_morning_kernel_tau6p0h,yes
4,pig_16|pig_17,2,xgb_d3,xgb,XGBRegressor,full_motion_feed_event,270,numeric,dose_x_meal_any_kernel_tau1p5h,yes
4,pig_16|pig_17,2,xgb_d3,xgb,XGBRegressor,full_motion_feed_event,271,numeric,dose_x_meal_any_kernel_tau3p0h,yes
4,pig_16|pig_17,2,xgb_d3,xgb,XGBRegressor,full_motion_feed_event,272,categorical,chamber,yes
4,pig_16|pig_17,2,xgb_d3,xgb,XGBRegressor,full_motion_feed_event,273,categorical,phase_label,yes
4,pig_16|pig_17,3,extra_leaf1,extra,ExtraTreesRegressor,full_motion_feed_event,1,numeric,hour_of_day,yes
4,pig_16|pig_17,3,extra_leaf1,extra,ExtraTreesRegressor,full_motion_feed_event,2,numeric,sin_hour,yes
4,pig_16|pig_17,3,extra_leaf1,extra,ExtraTreesRegressor,full_motion_feed_event,3,numeric,cos_hour,yes
4,pig_16|pig_17,3,extra_leaf1,extra,ExtraTreesRegressor,full_motion_feed_event,4,numeric,weight,yes
4,pig_16|pig_17,3,extra_leaf1,extra,ExtraTreesRegressor,full_motion_feed_event,5,numeric,is_fasting,yes
4,pig_16|pig_17,3,extra_leaf1,extra,ExtraTreesRegressor,full_motion_feed_event,6,numeric,day_in_phase,yes
4,pig_16|pig_17,3,extra_leaf1,extra,ExtraTreesRegressor,full_motion_feed_event,7,numeric,win_s,yes
4,pig_16|pig_17,3,extra_leaf1,extra,ExtraTreesRegressor,full_motion_feed_event,8,numeric,is_adaptation,yes
4,pig_16|pig_17,3,extra_leaf1,extra,ExtraTreesRegressor,full_motion_feed_event,9,numeric,is_formal,yes
4,pig_16|pig_17,3,extra_leaf1,extra,ExtraTreesRegressor,full_motion_feed_event,10,numeric,小室温度(℃),yes
4,pig_16|pig_17,3,extra_leaf1,extra,ExtraTreesRegressor,full_motion_feed_event,11,numeric,小室湿度(%),yes
4,pig_16|pig_17,3,extra_leaf1,extra,ExtraTreesRegressor,full_motion_feed_event,12,numeric,beat_count,yes
4,pig_16|pig_17,3,extra_leaf1,extra,ExtraTreesRegressor,full_motion_feed_event,13,numeric,HR_mean,yes
4,pig_16|pig_17,3,extra_leaf1,extra,ExtraTreesRegressor,full_motion_feed_event,14,numeric,HR_std,yes
4,pig_16|pig_17,3,extra_leaf1,extra,ExtraTreesRegressor,full_motion_feed_event,15,numeric,RR_mean,yes
4,pig_16|pig_17,3,extra_leaf1,extra,ExtraTreesRegressor,full_motion_feed_event,16,numeric,SDNN,yes
4,pig_16|pig_17,3,extra_leaf1,extra,ExtraTreesRegressor,full_motion_feed_event,17,numeric,RMSSD,yes
4,pig_16|pig_17,3,extra_leaf1,extra,ExtraTreesRegressor,full_motion_feed_event,18,numeric,pNN50,yes
4,pig_16|pig_17,3,extra_leaf1,extra,ExtraTreesRegressor,full_motion_feed_event,19,numeric,RR_cv,yes
4,pig_16|pig_17,3,extra_leaf1,extra,ExtraTreesRegressor,full_motion_feed_event,20,numeric,RR_skew,yes
4,pig_16|pig_17,3,extra_leaf1,extra,ExtraTreesRegressor,full_motion_feed_event,21,numeric,RR_kurt,yes
4,pig_16|pig_17,3,extra_leaf1,extra,ExtraTreesRegressor,full_motion_feed_event,22,numeric,RR_range,yes
4,pig_16|pig_17,3,extra_leaf1,extra,ExtraTreesRegressor,full_motion_feed_event,23,numeric,Acc_Mean_mean,yes
4,pig_16|pig_17,3,extra_leaf1,extra,ExtraTreesRegressor,full_motion_feed_event,24,numeric,Acc_Mean_std,yes
4,pig_16|pig_17,3,extra_leaf1,extra,ExtraTreesRegressor,full_motion_feed_event,25,numeric,Acc_Mean_p25,yes
4,pig_16|pig_17,3,extra_leaf1,extra,ExtraTreesRegressor,full_motion_feed_event,26,numeric,Acc_Mean_p75,yes
4,pig_16|pig_17,3,extra_leaf1,extra,ExtraTreesRegressor,full_motion_feed_event,27,numeric,Acc_Std_mean,yes
4,pig_16|pig_17,3,extra_leaf1,extra,ExtraTreesRegressor,full_motion_feed_event,28,numeric,Acc_Std_std,yes
4,pig_16|pig_17,3,extra_leaf1,extra,ExtraTreesRegressor,full_motion_feed_event,29,numeric,Acc_Std_p25,yes
4,pig_16|pig_17,3,extra_leaf1,extra,ExtraTreesRegressor,full_motion_feed_event,30,numeric,Acc_Std_p75,yes
4,pig_16|pig_17,3,extra_leaf1,extra,ExtraTreesRegressor,full_motion_feed_event,31,numeric,Acc_Sum_mean,yes
4,pig_16|pig_17,3,extra_leaf1,extra,ExtraTreesRegressor,full_motion_feed_event,32,numeric,Acc_Sum_std,yes
4,pig_16|pig_17,3,extra_leaf1,extra,ExtraTreesRegressor,full_motion_feed_event,33,numeric,Acc_Sum_p25,yes
4,pig_16|pig_17,3,extra_leaf1,extra,ExtraTreesRegressor,full_motion_feed_event,34,numeric,Acc_Sum_p75,yes
4,pig_16|pig_17,3,extra_leaf1,extra,ExtraTreesRegressor,full_motion_feed_event,35,numeric,Acc_Max_mean,yes
4,pig_16|pig_17,3,extra_leaf1,extra,ExtraTreesRegressor,full_motion_feed_event,36,numeric,Acc_Max_std,yes
4,pig_16|pig_17,3,extra_leaf1,extra,ExtraTreesRegressor,full_motion_feed_event,37,numeric,Acc_Max_p25,yes
4,pig_16|pig_17,3,extra_leaf1,extra,ExtraTreesRegressor,full_motion_feed_event,38,numeric,Acc_Max_p75,yes
4,pig_16|pig_17,3,extra_leaf1,extra,ExtraTreesRegressor,full_motion_feed_event,39,numeric,Acc_Min_mean,yes
4,pig_16|pig_17,3,extra_leaf1,extra,ExtraTreesRegressor,full_motion_feed_event,40,numeric,Acc_Min_std,yes
4,pig_16|pig_17,3,extra_leaf1,extra,ExtraTreesRegressor,full_motion_feed_event,41,numeric,Acc_Min_p25,yes
4,pig_16|pig_17,3,extra_leaf1,extra,ExtraTreesRegressor,full_motion_feed_event,42,numeric,Acc_Min_p75,yes
4,pig_16|pig_17,3,extra_leaf1,extra,ExtraTreesRegressor,full_motion_feed_event,43,numeric,Acc_Range_mean,yes
4,pig_16|pig_17,3,extra_leaf1,extra,ExtraTreesRegressor,full_motion_feed_event,44,numeric,Acc_Range_std,yes
4,pig_16|pig_17,3,extra_leaf1,extra,ExtraTreesRegressor,full_motion_feed_event,45,numeric,Acc_Range_p25,yes
4,pig_16|pig_17,3,extra_leaf1,extra,ExtraTreesRegressor,full_motion_feed_event,46,numeric,Acc_Range_p75,yes
4,pig_16|pig_17,3,extra_leaf1,extra,ExtraTreesRegressor,full_motion_feed_event,47,numeric,Acc_P25_mean,yes
4,pig_16|pig_17,3,extra_leaf1,extra,ExtraTreesRegressor,full_motion_feed_event,48,numeric,Acc_P25_std,yes
4,pig_16|pig_17,3,extra_leaf1,extra,ExtraTreesRegressor,full_motion_feed_event,49,numeric,Acc_P25_p25,yes
4,pig_16|pig_17,3,extra_leaf1,extra,ExtraTreesRegressor,full_motion_feed_event,50,numeric,Acc_P25_p75,yes
4,pig_16|pig_17,3,extra_leaf1,extra,ExtraTreesRegressor,full_motion_feed_event,51,numeric,Acc_P75_mean,yes
4,pig_16|pig_17,3,extra_leaf1,extra,ExtraTreesRegressor,full_motion_feed_event,52,numeric,Acc_P75_std,yes
4,pig_16|pig_17,3,extra_leaf1,extra,ExtraTreesRegressor,full_motion_feed_event,53,numeric,Acc_P75_p25,yes
4,pig_16|pig_17,3,extra_leaf1,extra,ExtraTreesRegressor,full_motion_feed_event,54,numeric,Acc_P75_p75,yes
4,pig_16|pig_17,3,extra_leaf1,extra,ExtraTreesRegressor,full_motion_feed_event,55,numeric,Gyro_Mean_mean,yes
4,pig_16|pig_17,3,extra_leaf1,extra,ExtraTreesRegressor,full_motion_feed_event,56,numeric,Gyro_Mean_std,yes
4,pig_16|pig_17,3,extra_leaf1,extra,ExtraTreesRegressor,full_motion_feed_event,57,numeric,Gyro_Mean_p25,yes
4,pig_16|pig_17,3,extra_leaf1,extra,ExtraTreesRegressor,full_motion_feed_event,58,numeric,Gyro_Mean_p75,yes
4,pig_16|pig_17,3,extra_leaf1,extra,ExtraTreesRegressor,full_motion_feed_event,59,numeric,Gyro_Max_mean,yes
4,pig_16|pig_17,3,extra_leaf1,extra,ExtraTreesRegressor,full_motion_feed_event,60,numeric,Gyro_Max_std,yes
4,pig_16|pig_17,3,extra_leaf1,extra,ExtraTreesRegressor,full_motion_feed_event,61,numeric,Gyro_Max_p25,yes
4,pig_16|pig_17,3,extra_leaf1,extra,ExtraTreesRegressor,full_motion_feed_event,62,numeric,Gyro_Max_p75,yes
4,pig_16|pig_17,3,extra_leaf1,extra,ExtraTreesRegressor,full_motion_feed_event,63,numeric,DynX_Mean_mean,yes
4,pig_16|pig_17,3,extra_leaf1,extra,ExtraTreesRegressor,full_motion_feed_event,64,numeric,DynX_Mean_std,yes
4,pig_16|pig_17,3,extra_leaf1,extra,ExtraTreesRegressor,full_motion_feed_event,65,numeric,DynX_Mean_p25,yes
4,pig_16|pig_17,3,extra_leaf1,extra,ExtraTreesRegressor,full_motion_feed_event,66,numeric,DynX_Mean_p75,yes
4,pig_16|pig_17,3,extra_leaf1,extra,ExtraTreesRegressor,full_motion_feed_event,67,numeric,DynX_Std_mean,yes
4,pig_16|pig_17,3,extra_leaf1,extra,ExtraTreesRegressor,full_motion_feed_event,68,numeric,DynX_Std_std,yes
4,pig_16|pig_17,3,extra_leaf1,extra,ExtraTreesRegressor,full_motion_feed_event,69,numeric,DynX_Std_p25,yes
4,pig_16|pig_17,3,extra_leaf1,extra,ExtraTreesRegressor,full_motion_feed_event,70,numeric,DynX_Std_p75,yes
4,pig_16|pig_17,3,extra_leaf1,extra,ExtraTreesRegressor,full_motion_feed_event,71,numeric,DynX_Mean_abs_mean,yes
4,pig_16|pig_17,3,extra_leaf1,extra,ExtraTreesRegressor,full_motion_feed_event,72,numeric,DynX_Mean_abs_std,yes
4,pig_16|pig_17,3,extra_leaf1,extra,ExtraTreesRegressor,full_motion_feed_event,73,numeric,DynX_Mean_abs_p25,yes
4,pig_16|pig_17,3,extra_leaf1,extra,ExtraTreesRegressor,full_motion_feed_event,74,numeric,DynX_Mean_abs_p75,yes
4,pig_16|pig_17,3,extra_leaf1,extra,ExtraTreesRegressor,full_motion_feed_event,75,numeric,DynY_Mean_mean,yes
4,pig_16|pig_17,3,extra_leaf1,extra,ExtraTreesRegressor,full_motion_feed_event,76,numeric,DynY_Mean_std,yes
4,pig_16|pig_17,3,extra_leaf1,extra,ExtraTreesRegressor,full_motion_feed_event,77,numeric,DynY_Mean_p25,yes
4,pig_16|pig_17,3,extra_leaf1,extra,ExtraTreesRegressor,full_motion_feed_event,78,numeric,DynY_Mean_p75,yes
4,pig_16|pig_17,3,extra_leaf1,extra,ExtraTreesRegressor,full_motion_feed_event,79,numeric,DynY_Std_mean,yes
4,pig_16|pig_17,3,extra_leaf1,extra,ExtraTreesRegressor,full_motion_feed_event,80,numeric,DynY_Std_std,yes
4,pig_16|pig_17,3,extra_leaf1,extra,ExtraTreesRegressor,full_motion_feed_event,81,numeric,DynY_Std_p25,yes
4,pig_16|pig_17,3,extra_leaf1,extra,ExtraTreesRegressor,full_motion_feed_event,82,numeric,DynY_Std_p75,yes
4,pig_16|pig_17,3,extra_leaf1,extra,ExtraTreesRegressor,full_motion_feed_event,83,numeric,DynY_Mean_abs_mean,yes
4,pig_16|pig_17,3,extra_leaf1,extra,ExtraTreesRegressor,full_motion_feed_event,84,numeric,DynY_Mean_abs_std,yes
4,pig_16|pig_17,3,extra_leaf1,extra,ExtraTreesRegressor,full_motion_feed_event,85,numeric,DynY_Mean_abs_p25,yes
4,pig_16|pig_17,3,extra_leaf1,extra,ExtraTreesRegressor,full_motion_feed_event,86,numeric,DynY_Mean_abs_p75,yes
4,pig_16|pig_17,3,extra_leaf1,extra,ExtraTreesRegressor,full_motion_feed_event,87,numeric,DynZ_Mean_mean,yes
4,pig_16|pig_17,3,extra_leaf1,extra,ExtraTreesRegressor,full_motion_feed_event,88,numeric,DynZ_Mean_std,yes
4,pig_16|pig_17,3,extra_leaf1,extra,ExtraTreesRegressor,full_motion_feed_event,89,numeric,DynZ_Mean_p25,yes
4,pig_16|pig_17,3,extra_leaf1,extra,ExtraTreesRegressor,full_motion_feed_event,90,numeric,DynZ_Mean_p75,yes
4,pig_16|pig_17,3,extra_leaf1,extra,ExtraTreesRegressor,full_motion_feed_event,91,numeric,DynZ_Std_mean,yes
4,pig_16|pig_17,3,extra_leaf1,extra,ExtraTreesRegressor,full_motion_feed_event,92,numeric,DynZ_Std_std,yes
4,pig_16|pig_17,3,extra_leaf1,extra,ExtraTreesRegressor,full_motion_feed_event,93,numeric,DynZ_Std_p25,yes
4,pig_16|pig_17,3,extra_leaf1,extra,ExtraTreesRegressor,full_motion_feed_event,94,numeric,DynZ_Std_p75,yes
4,pig_16|pig_17,3,extra_leaf1,extra,ExtraTreesRegressor,full_motion_feed_event,95,numeric,DynZ_Mean_abs_mean,yes
4,pig_16|pig_17,3,extra_leaf1,extra,ExtraTreesRegressor,full_motion_feed_event,96,numeric,DynZ_Mean_abs_std,yes
4,pig_16|pig_17,3,extra_leaf1,extra,ExtraTreesRegressor,full_motion_feed_event,97,numeric,DynZ_Mean_abs_p25,yes
4,pig_16|pig_17,3,extra_leaf1,extra,ExtraTreesRegressor,full_motion_feed_event,98,numeric,DynZ_Mean_abs_p75,yes
4,pig_16|pig_17,3,extra_leaf1,extra,ExtraTreesRegressor,full_motion_feed_event,99,numeric,AccMag_Mean_mean,yes
4,pig_16|pig_17,3,extra_leaf1,extra,ExtraTreesRegressor,full_motion_feed_event,100,numeric,AccMag_Mean_std,yes
4,pig_16|pig_17,3,extra_leaf1,extra,ExtraTreesRegressor,full_motion_feed_event,101,numeric,AccMag_Mean_p25,yes
4,pig_16|pig_17,3,extra_leaf1,extra,ExtraTreesRegressor,full_motion_feed_event,102,numeric,AccMag_Mean_p75,yes
4,pig_16|pig_17,3,extra_leaf1,extra,ExtraTreesRegressor,full_motion_feed_event,103,numeric,AccMag_Std_mean,yes
4,pig_16|pig_17,3,extra_leaf1,extra,ExtraTreesRegressor,full_motion_feed_event,104,numeric,AccMag_Std_std,yes
4,pig_16|pig_17,3,extra_leaf1,extra,ExtraTreesRegressor,full_motion_feed_event,105,numeric,AccMag_Std_p25,yes
4,pig_16|pig_17,3,extra_leaf1,extra,ExtraTreesRegressor,full_motion_feed_event,106,numeric,AccMag_Std_p75,yes
4,pig_16|pig_17,3,extra_leaf1,extra,ExtraTreesRegressor,full_motion_feed_event,107,numeric,Roll_Mean_mean,yes
4,pig_16|pig_17,3,extra_leaf1,extra,ExtraTreesRegressor,full_motion_feed_event,108,numeric,Roll_Mean_std,yes
4,pig_16|pig_17,3,extra_leaf1,extra,ExtraTreesRegressor,full_motion_feed_event,109,numeric,Roll_Mean_p25,yes
4,pig_16|pig_17,3,extra_leaf1,extra,ExtraTreesRegressor,full_motion_feed_event,110,numeric,Roll_Mean_p75,yes
4,pig_16|pig_17,3,extra_leaf1,extra,ExtraTreesRegressor,full_motion_feed_event,111,numeric,Roll_Std_mean,yes
4,pig_16|pig_17,3,extra_leaf1,extra,ExtraTreesRegressor,full_motion_feed_event,112,numeric,Roll_Std_std,yes
4,pig_16|pig_17,3,extra_leaf1,extra,ExtraTreesRegressor,full_motion_feed_event,113,numeric,Roll_Std_p25,yes
4,pig_16|pig_17,3,extra_leaf1,extra,ExtraTreesRegressor,full_motion_feed_event,114,numeric,Roll_Std_p75,yes
4,pig_16|pig_17,3,extra_leaf1,extra,ExtraTreesRegressor,full_motion_feed_event,115,numeric,Pitch_Mean_mean,yes
4,pig_16|pig_17,3,extra_leaf1,extra,ExtraTreesRegressor,full_motion_feed_event,116,numeric,Pitch_Mean_std,yes
4,pig_16|pig_17,3,extra_leaf1,extra,ExtraTreesRegressor,full_motion_feed_event,117,numeric,Pitch_Mean_p25,yes
4,pig_16|pig_17,3,extra_leaf1,extra,ExtraTreesRegressor,full_motion_feed_event,118,numeric,Pitch_Mean_p75,yes
4,pig_16|pig_17,3,extra_leaf1,extra,ExtraTreesRegressor,full_motion_feed_event,119,numeric,Pitch_Std_mean,yes
4,pig_16|pig_17,3,extra_leaf1,extra,ExtraTreesRegressor,full_motion_feed_event,120,numeric,Pitch_Std_std,yes
4,pig_16|pig_17,3,extra_leaf1,extra,ExtraTreesRegressor,full_motion_feed_event,121,numeric,Pitch_Std_p25,yes
4,pig_16|pig_17,3,extra_leaf1,extra,ExtraTreesRegressor,full_motion_feed_event,122,numeric,Pitch_Std_p75,yes
4,pig_16|pig_17,3,extra_leaf1,extra,ExtraTreesRegressor,full_motion_feed_event,123,numeric,Tilt_Mag_Mean_mean,yes
4,pig_16|pig_17,3,extra_leaf1,extra,ExtraTreesRegressor,full_motion_feed_event,124,numeric,Tilt_Mag_Mean_std,yes
4,pig_16|pig_17,3,extra_leaf1,extra,ExtraTreesRegressor,full_motion_feed_event,125,numeric,Tilt_Mag_Mean_p25,yes
4,pig_16|pig_17,3,extra_leaf1,extra,ExtraTreesRegressor,full_motion_feed_event,126,numeric,Tilt_Mag_Mean_p75,yes
4,pig_16|pig_17,3,extra_leaf1,extra,ExtraTreesRegressor,full_motion_feed_event,127,numeric,Tilt_Mag_Std_mean,yes
4,pig_16|pig_17,3,extra_leaf1,extra,ExtraTreesRegressor,full_motion_feed_event,128,numeric,Tilt_Mag_Std_std,yes
4,pig_16|pig_17,3,extra_leaf1,extra,ExtraTreesRegressor,full_motion_feed_event,129,numeric,Tilt_Mag_Std_p25,yes
4,pig_16|pig_17,3,extra_leaf1,extra,ExtraTreesRegressor,full_motion_feed_event,130,numeric,Tilt_Mag_Std_p75,yes
4,pig_16|pig_17,3,extra_leaf1,extra,ExtraTreesRegressor,full_motion_feed_event,131,numeric,AngX_Std_mean,yes
4,pig_16|pig_17,3,extra_leaf1,extra,ExtraTreesRegressor,full_motion_feed_event,132,numeric,AngX_Std_std,yes
4,pig_16|pig_17,3,extra_leaf1,extra,ExtraTreesRegressor,full_motion_feed_event,133,numeric,AngX_Std_p25,yes
4,pig_16|pig_17,3,extra_leaf1,extra,ExtraTreesRegressor,full_motion_feed_event,134,numeric,AngX_Std_p75,yes
4,pig_16|pig_17,3,extra_leaf1,extra,ExtraTreesRegressor,full_motion_feed_event,135,numeric,AngY_Std_mean,yes
4,pig_16|pig_17,3,extra_leaf1,extra,ExtraTreesRegressor,full_motion_feed_event,136,numeric,AngY_Std_std,yes
4,pig_16|pig_17,3,extra_leaf1,extra,ExtraTreesRegressor,full_motion_feed_event,137,numeric,AngY_Std_p25,yes
4,pig_16|pig_17,3,extra_leaf1,extra,ExtraTreesRegressor,full_motion_feed_event,138,numeric,AngY_Std_p75,yes
4,pig_16|pig_17,3,extra_leaf1,extra,ExtraTreesRegressor,full_motion_feed_event,139,numeric,AngZ_Std_mean,yes
4,pig_16|pig_17,3,extra_leaf1,extra,ExtraTreesRegressor,full_motion_feed_event,140,numeric,AngZ_Std_std,yes
4,pig_16|pig_17,3,extra_leaf1,extra,ExtraTreesRegressor,full_motion_feed_event,141,numeric,AngZ_Std_p25,yes
4,pig_16|pig_17,3,extra_leaf1,extra,ExtraTreesRegressor,full_motion_feed_event,142,numeric,AngZ_Std_p75,yes
4,pig_16|pig_17,3,extra_leaf1,extra,ExtraTreesRegressor,full_motion_feed_event,143,numeric,AngX_Rate_mean,yes
4,pig_16|pig_17,3,extra_leaf1,extra,ExtraTreesRegressor,full_motion_feed_event,144,numeric,AngX_Rate_std,yes
4,pig_16|pig_17,3,extra_leaf1,extra,ExtraTreesRegressor,full_motion_feed_event,145,numeric,AngX_Rate_p25,yes
4,pig_16|pig_17,3,extra_leaf1,extra,ExtraTreesRegressor,full_motion_feed_event,146,numeric,AngX_Rate_p75,yes
4,pig_16|pig_17,3,extra_leaf1,extra,ExtraTreesRegressor,full_motion_feed_event,147,numeric,AngY_Rate_mean,yes
4,pig_16|pig_17,3,extra_leaf1,extra,ExtraTreesRegressor,full_motion_feed_event,148,numeric,AngY_Rate_std,yes
4,pig_16|pig_17,3,extra_leaf1,extra,ExtraTreesRegressor,full_motion_feed_event,149,numeric,AngY_Rate_p25,yes
4,pig_16|pig_17,3,extra_leaf1,extra,ExtraTreesRegressor,full_motion_feed_event,150,numeric,AngY_Rate_p75,yes
4,pig_16|pig_17,3,extra_leaf1,extra,ExtraTreesRegressor,full_motion_feed_event,151,numeric,AngZ_Rate_mean,yes
4,pig_16|pig_17,3,extra_leaf1,extra,ExtraTreesRegressor,full_motion_feed_event,152,numeric,AngZ_Rate_std,yes
4,pig_16|pig_17,3,extra_leaf1,extra,ExtraTreesRegressor,full_motion_feed_event,153,numeric,AngZ_Rate_p25,yes
4,pig_16|pig_17,3,extra_leaf1,extra,ExtraTreesRegressor,full_motion_feed_event,154,numeric,AngZ_Rate_p75,yes
4,pig_16|pig_17,3,extra_leaf1,extra,ExtraTreesRegressor,full_motion_feed_event,155,numeric,Jerk_Mean_mean,yes
4,pig_16|pig_17,3,extra_leaf1,extra,ExtraTreesRegressor,full_motion_feed_event,156,numeric,Jerk_Mean_std,yes
4,pig_16|pig_17,3,extra_leaf1,extra,ExtraTreesRegressor,full_motion_feed_event,157,numeric,Jerk_Mean_p25,yes
4,pig_16|pig_17,3,extra_leaf1,extra,ExtraTreesRegressor,full_motion_feed_event,158,numeric,Jerk_Mean_p75,yes
4,pig_16|pig_17,3,extra_leaf1,extra,ExtraTreesRegressor,full_motion_feed_event,159,numeric,ODBA_mean,yes
4,pig_16|pig_17,3,extra_leaf1,extra,ExtraTreesRegressor,full_motion_feed_event,160,numeric,ODBA_std,yes
4,pig_16|pig_17,3,extra_leaf1,extra,ExtraTreesRegressor,full_motion_feed_event,161,numeric,ODBA_p25,yes
4,pig_16|pig_17,3,extra_leaf1,extra,ExtraTreesRegressor,full_motion_feed_event,162,numeric,ODBA_p75,yes
4,pig_16|pig_17,3,extra_leaf1,extra,ExtraTreesRegressor,full_motion_feed_event,163,numeric,VeDBA_RMS_mean,yes
4,pig_16|pig_17,3,extra_leaf1,extra,ExtraTreesRegressor,full_motion_feed_event,164,numeric,VeDBA_RMS_std,yes
4,pig_16|pig_17,3,extra_leaf1,extra,ExtraTreesRegressor,full_motion_feed_event,165,numeric,VeDBA_RMS_p25,yes
4,pig_16|pig_17,3,extra_leaf1,extra,ExtraTreesRegressor,full_motion_feed_event,166,numeric,VeDBA_RMS_p75,yes
4,pig_16|pig_17,3,extra_leaf1,extra,ExtraTreesRegressor,full_motion_feed_event,167,numeric,Axis_Dominance_mean,yes
4,pig_16|pig_17,3,extra_leaf1,extra,ExtraTreesRegressor,full_motion_feed_event,168,numeric,Axis_Dominance_std,yes
4,pig_16|pig_17,3,extra_leaf1,extra,ExtraTreesRegressor,full_motion_feed_event,169,numeric,Axis_Dominance_p25,yes
4,pig_16|pig_17,3,extra_leaf1,extra,ExtraTreesRegressor,full_motion_feed_event,170,numeric,Axis_Dominance_p75,yes
4,pig_16|pig_17,3,extra_leaf1,extra,ExtraTreesRegressor,full_motion_feed_event,171,numeric,Skewness_mean,yes
4,pig_16|pig_17,3,extra_leaf1,extra,ExtraTreesRegressor,full_motion_feed_event,172,numeric,Skewness_std,yes
4,pig_16|pig_17,3,extra_leaf1,extra,ExtraTreesRegressor,full_motion_feed_event,173,numeric,Skewness_p25,yes
4,pig_16|pig_17,3,extra_leaf1,extra,ExtraTreesRegressor,full_motion_feed_event,174,numeric,Skewness_p75,yes
4,pig_16|pig_17,3,extra_leaf1,extra,ExtraTreesRegressor,full_motion_feed_event,175,numeric,Kurtosis_mean,yes
4,pig_16|pig_17,3,extra_leaf1,extra,ExtraTreesRegressor,full_motion_feed_event,176,numeric,Kurtosis_std,yes
4,pig_16|pig_17,3,extra_leaf1,extra,ExtraTreesRegressor,full_motion_feed_event,177,numeric,Kurtosis_p25,yes
4,pig_16|pig_17,3,extra_leaf1,extra,ExtraTreesRegressor,full_motion_feed_event,178,numeric,Kurtosis_p75,yes
4,pig_16|pig_17,3,extra_leaf1,extra,ExtraTreesRegressor,full_motion_feed_event,179,numeric,Autocorr_Lag1_mean,yes
4,pig_16|pig_17,3,extra_leaf1,extra,ExtraTreesRegressor,full_motion_feed_event,180,numeric,Autocorr_Lag1_std,yes
4,pig_16|pig_17,3,extra_leaf1,extra,ExtraTreesRegressor,full_motion_feed_event,181,numeric,Autocorr_Lag1_p25,yes
4,pig_16|pig_17,3,extra_leaf1,extra,ExtraTreesRegressor,full_motion_feed_event,182,numeric,Autocorr_Lag1_p75,yes
4,pig_16|pig_17,3,extra_leaf1,extra,ExtraTreesRegressor,full_motion_feed_event,183,numeric,Peak_Count_mean,yes
4,pig_16|pig_17,3,extra_leaf1,extra,ExtraTreesRegressor,full_motion_feed_event,184,numeric,Peak_Count_std,yes
4,pig_16|pig_17,3,extra_leaf1,extra,ExtraTreesRegressor,full_motion_feed_event,185,numeric,Peak_Count_p25,yes
4,pig_16|pig_17,3,extra_leaf1,extra,ExtraTreesRegressor,full_motion_feed_event,186,numeric,Peak_Count_p75,yes
4,pig_16|pig_17,3,extra_leaf1,extra,ExtraTreesRegressor,full_motion_feed_event,187,numeric,Corr_XY_mean,yes
4,pig_16|pig_17,3,extra_leaf1,extra,ExtraTreesRegressor,full_motion_feed_event,188,numeric,Corr_XY_std,yes
4,pig_16|pig_17,3,extra_leaf1,extra,ExtraTreesRegressor,full_motion_feed_event,189,numeric,Corr_XY_p25,yes
4,pig_16|pig_17,3,extra_leaf1,extra,ExtraTreesRegressor,full_motion_feed_event,190,numeric,Corr_XY_p75,yes
4,pig_16|pig_17,3,extra_leaf1,extra,ExtraTreesRegressor,full_motion_feed_event,191,numeric,Corr_XZ_mean,yes
4,pig_16|pig_17,3,extra_leaf1,extra,ExtraTreesRegressor,full_motion_feed_event,192,numeric,Corr_XZ_std,yes
4,pig_16|pig_17,3,extra_leaf1,extra,ExtraTreesRegressor,full_motion_feed_event,193,numeric,Corr_XZ_p25,yes
4,pig_16|pig_17,3,extra_leaf1,extra,ExtraTreesRegressor,full_motion_feed_event,194,numeric,Corr_XZ_p75,yes
4,pig_16|pig_17,3,extra_leaf1,extra,ExtraTreesRegressor,full_motion_feed_event,195,numeric,Corr_YZ_mean,yes
4,pig_16|pig_17,3,extra_leaf1,extra,ExtraTreesRegressor,full_motion_feed_event,196,numeric,Corr_YZ_std,yes
4,pig_16|pig_17,3,extra_leaf1,extra,ExtraTreesRegressor,full_motion_feed_event,197,numeric,Corr_YZ_p25,yes
4,pig_16|pig_17,3,extra_leaf1,extra,ExtraTreesRegressor,full_motion_feed_event,198,numeric,Corr_YZ_p75,yes
4,pig_16|pig_17,3,extra_leaf1,extra,ExtraTreesRegressor,full_motion_feed_event,199,numeric,Spectral_Entropy_mean,yes
4,pig_16|pig_17,3,extra_leaf1,extra,ExtraTreesRegressor,full_motion_feed_event,200,numeric,Spectral_Entropy_std,yes
4,pig_16|pig_17,3,extra_leaf1,extra,ExtraTreesRegressor,full_motion_feed_event,201,numeric,Spectral_Entropy_p25,yes
4,pig_16|pig_17,3,extra_leaf1,extra,ExtraTreesRegressor,full_motion_feed_event,202,numeric,Spectral_Entropy_p75,yes
4,pig_16|pig_17,3,extra_leaf1,extra,ExtraTreesRegressor,full_motion_feed_event,203,numeric,Zero_Crossing_Rate_mean,yes
4,pig_16|pig_17,3,extra_leaf1,extra,ExtraTreesRegressor,full_motion_feed_event,204,numeric,Zero_Crossing_Rate_std,yes
4,pig_16|pig_17,3,extra_leaf1,extra,ExtraTreesRegressor,full_motion_feed_event,205,numeric,Zero_Crossing_Rate_p25,yes
4,pig_16|pig_17,3,extra_leaf1,extra,ExtraTreesRegressor,full_motion_feed_event,206,numeric,Zero_Crossing_Rate_p75,yes
4,pig_16|pig_17,3,extra_leaf1,extra,ExtraTreesRegressor,full_motion_feed_event,207,numeric,Dominant_Frequency_mean,yes
4,pig_16|pig_17,3,extra_leaf1,extra,ExtraTreesRegressor,full_motion_feed_event,208,numeric,Dominant_Frequency_std,yes
4,pig_16|pig_17,3,extra_leaf1,extra,ExtraTreesRegressor,full_motion_feed_event,209,numeric,Dominant_Frequency_p25,yes
4,pig_16|pig_17,3,extra_leaf1,extra,ExtraTreesRegressor,full_motion_feed_event,210,numeric,Dominant_Frequency_p75,yes
4,pig_16|pig_17,3,extra_leaf1,extra,ExtraTreesRegressor,full_motion_feed_event,211,numeric,Coefficient_of_Variation_mean,yes
4,pig_16|pig_17,3,extra_leaf1,extra,ExtraTreesRegressor,full_motion_feed_event,212,numeric,Coefficient_of_Variation_std,yes
4,pig_16|pig_17,3,extra_leaf1,extra,ExtraTreesRegressor,full_motion_feed_event,213,numeric,Coefficient_of_Variation_p25,yes
4,pig_16|pig_17,3,extra_leaf1,extra,ExtraTreesRegressor,full_motion_feed_event,214,numeric,Coefficient_of_Variation_p75,yes
4,pig_16|pig_17,3,extra_leaf1,extra,ExtraTreesRegressor,full_motion_feed_event,215,numeric,Power_Low_mean,yes
4,pig_16|pig_17,3,extra_leaf1,extra,ExtraTreesRegressor,full_motion_feed_event,216,numeric,Power_Low_std,yes
4,pig_16|pig_17,3,extra_leaf1,extra,ExtraTreesRegressor,full_motion_feed_event,217,numeric,Power_Low_p25,yes
4,pig_16|pig_17,3,extra_leaf1,extra,ExtraTreesRegressor,full_motion_feed_event,218,numeric,Power_Low_p75,yes
4,pig_16|pig_17,3,extra_leaf1,extra,ExtraTreesRegressor,full_motion_feed_event,219,numeric,Power_Loco_mean,yes
4,pig_16|pig_17,3,extra_leaf1,extra,ExtraTreesRegressor,full_motion_feed_event,220,numeric,Power_Loco_std,yes
4,pig_16|pig_17,3,extra_leaf1,extra,ExtraTreesRegressor,full_motion_feed_event,221,numeric,Power_Loco_p25,yes
4,pig_16|pig_17,3,extra_leaf1,extra,ExtraTreesRegressor,full_motion_feed_event,222,numeric,Power_Loco_p75,yes
4,pig_16|pig_17,3,extra_leaf1,extra,ExtraTreesRegressor,full_motion_feed_event,223,numeric,Power_High_mean,yes
4,pig_16|pig_17,3,extra_leaf1,extra,ExtraTreesRegressor,full_motion_feed_event,224,numeric,Power_High_std,yes
4,pig_16|pig_17,3,extra_leaf1,extra,ExtraTreesRegressor,full_motion_feed_event,225,numeric,Power_High_p25,yes
4,pig_16|pig_17,3,extra_leaf1,extra,ExtraTreesRegressor,full_motion_feed_event,226,numeric,Power_High_p75,yes
4,pig_16|pig_17,3,extra_leaf1,extra,ExtraTreesRegressor,full_motion_feed_event,227,numeric,Sample_Entropy_mean,yes
4,pig_16|pig_17,3,extra_leaf1,extra,ExtraTreesRegressor,full_motion_feed_event,228,numeric,Sample_Entropy_std,yes
4,pig_16|pig_17,3,extra_leaf1,extra,ExtraTreesRegressor,full_motion_feed_event,229,numeric,Sample_Entropy_p25,yes
4,pig_16|pig_17,3,extra_leaf1,extra,ExtraTreesRegressor,full_motion_feed_event,230,numeric,Sample_Entropy_p75,yes
4,pig_16|pig_17,3,extra_leaf1,extra,ExtraTreesRegressor,full_motion_feed_event,231,numeric,Frac_Rest,yes
4,pig_16|pig_17,3,extra_leaf1,extra,ExtraTreesRegressor,full_motion_feed_event,232,numeric,Frac_Moderate,yes
4,pig_16|pig_17,3,extra_leaf1,extra,ExtraTreesRegressor,full_motion_feed_event,233,numeric,Frac_Vigorous,yes
4,pig_16|pig_17,3,extra_leaf1,extra,ExtraTreesRegressor,full_motion_feed_event,234,numeric,Frac_Lying,yes
4,pig_16|pig_17,3,extra_leaf1,extra,ExtraTreesRegressor,full_motion_feed_event,235,numeric,Frac_HeadDown,yes
4,pig_16|pig_17,3,extra_leaf1,extra,ExtraTreesRegressor,full_motion_feed_event,236,numeric,Active_Fraction,yes
4,pig_16|pig_17,3,extra_leaf1,extra,ExtraTreesRegressor,full_motion_feed_event,237,numeric,move_coverage,yes
4,pig_16|pig_17,3,extra_leaf1,extra,ExtraTreesRegressor,full_motion_feed_event,238,numeric,StepFreq_std,yes
4,pig_16|pig_17,3,extra_leaf1,extra,ExtraTreesRegressor,full_motion_feed_event,239,numeric,LyingTransitions,yes
4,pig_16|pig_17,3,extra_leaf1,extra,ExtraTreesRegressor,full_motion_feed_event,240,numeric,HeadDownTransitions,yes
4,pig_16|pig_17,3,extra_leaf1,extra,ExtraTreesRegressor,full_motion_feed_event,241,numeric,data_count_mean,yes
4,pig_16|pig_17,3,extra_leaf1,extra,ExtraTreesRegressor,full_motion_feed_event,242,numeric,planned_meal_g_per_w075_if_fed,yes
4,pig_16|pig_17,3,extra_leaf1,extra,ExtraTreesRegressor,full_motion_feed_event,243,numeric,planned_feed_available,yes
4,pig_16|pig_17,3,extra_leaf1,extra,ExtraTreesRegressor,full_motion_feed_event,244,numeric,meal_history_known,yes
4,pig_16|pig_17,3,extra_leaf1,extra,ExtraTreesRegressor,full_motion_feed_event,245,numeric,hours_since_last_meal_capped48,yes
4,pig_16|pig_17,3,extra_leaf1,extra,ExtraTreesRegressor,full_motion_feed_event,246,numeric,last_meal_is_afternoon,yes
4,pig_16|pig_17,3,extra_leaf1,extra,ExtraTreesRegressor,full_motion_feed_event,247,numeric,last_meal_is_morning,yes
4,pig_16|pig_17,3,extra_leaf1,extra,ExtraTreesRegressor,full_motion_feed_event,248,numeric,fed_to_fasting_carryover_6h,yes
4,pig_16|pig_17,3,extra_leaf1,extra,ExtraTreesRegressor,full_motion_feed_event,249,numeric,hours_in_fasting,yes
4,pig_16|pig_17,3,extra_leaf1,extra,ExtraTreesRegressor,full_motion_feed_event,250,numeric,hours_since_afternoon_meal_capped48,yes
4,pig_16|pig_17,3,extra_leaf1,extra,ExtraTreesRegressor,full_motion_feed_event,251,numeric,hours_since_morning_meal_capped48,yes
4,pig_16|pig_17,3,extra_leaf1,extra,ExtraTreesRegressor,full_motion_feed_event,252,numeric,meal_afternoon_kernel_tau0p5h,yes
4,pig_16|pig_17,3,extra_leaf1,extra,ExtraTreesRegressor,full_motion_feed_event,253,numeric,meal_afternoon_kernel_tau1p5h,yes
4,pig_16|pig_17,3,extra_leaf1,extra,ExtraTreesRegressor,full_motion_feed_event,254,numeric,meal_afternoon_kernel_tau3p0h,yes
4,pig_16|pig_17,3,extra_leaf1,extra,ExtraTreesRegressor,full_motion_feed_event,255,numeric,meal_afternoon_kernel_tau6p0h,yes
4,pig_16|pig_17,3,extra_leaf1,extra,ExtraTreesRegressor,full_motion_feed_event,256,numeric,meal_morning_kernel_tau0p5h,yes
4,pig_16|pig_17,3,extra_leaf1,extra,ExtraTreesRegressor,full_motion_feed_event,257,numeric,meal_morning_kernel_tau1p5h,yes
4,pig_16|pig_17,3,extra_leaf1,extra,ExtraTreesRegressor,full_motion_feed_event,258,numeric,meal_morning_kernel_tau3p0h,yes
4,pig_16|pig_17,3,extra_leaf1,extra,ExtraTreesRegressor,full_motion_feed_event,259,numeric,meal_morning_kernel_tau6p0h,yes
4,pig_16|pig_17,3,extra_leaf1,extra,ExtraTreesRegressor,full_motion_feed_event,260,numeric,meal_any_kernel_tau1p5h,yes
4,pig_16|pig_17,3,extra_leaf1,extra,ExtraTreesRegressor,full_motion_feed_event,261,numeric,meal_any_kernel_tau3p0h,yes
4,pig_16|pig_17,3,extra_leaf1,extra,ExtraTreesRegressor,full_motion_feed_event,262,numeric,dose_x_meal_afternoon_kernel_tau0p5h,yes
4,pig_16|pig_17,3,extra_leaf1,extra,ExtraTreesRegressor,full_motion_feed_event,263,numeric,dose_x_meal_afternoon_kernel_tau1p5h,yes
4,pig_16|pig_17,3,extra_leaf1,extra,ExtraTreesRegressor,full_motion_feed_event,264,numeric,dose_x_meal_afternoon_kernel_tau3p0h,yes
4,pig_16|pig_17,3,extra_leaf1,extra,ExtraTreesRegressor,full_motion_feed_event,265,numeric,dose_x_meal_afternoon_kernel_tau6p0h,yes
4,pig_16|pig_17,3,extra_leaf1,extra,ExtraTreesRegressor,full_motion_feed_event,266,numeric,dose_x_meal_morning_kernel_tau0p5h,yes
4,pig_16|pig_17,3,extra_leaf1,extra,ExtraTreesRegressor,full_motion_feed_event,267,numeric,dose_x_meal_morning_kernel_tau1p5h,yes
4,pig_16|pig_17,3,extra_leaf1,extra,ExtraTreesRegressor,full_motion_feed_event,268,numeric,dose_x_meal_morning_kernel_tau3p0h,yes
4,pig_16|pig_17,3,extra_leaf1,extra,ExtraTreesRegressor,full_motion_feed_event,269,numeric,dose_x_meal_morning_kernel_tau6p0h,yes
4,pig_16|pig_17,3,extra_leaf1,extra,ExtraTreesRegressor,full_motion_feed_event,270,numeric,dose_x_meal_any_kernel_tau1p5h,yes
4,pig_16|pig_17,3,extra_leaf1,extra,ExtraTreesRegressor,full_motion_feed_event,271,numeric,dose_x_meal_any_kernel_tau3p0h,yes
4,pig_16|pig_17,3,extra_leaf1,extra,ExtraTreesRegressor,full_motion_feed_event,272,categorical,chamber,yes
4,pig_16|pig_17,3,extra_leaf1,extra,ExtraTreesRegressor,full_motion_feed_event,273,categorical,phase_label,yes
5,pig_11|pig_15,1,cat_d8,cat,CatBoostRegressor,full_motion,1,numeric,hour_of_day,yes
5,pig_11|pig_15,1,cat_d8,cat,CatBoostRegressor,full_motion,2,numeric,sin_hour,yes
5,pig_11|pig_15,1,cat_d8,cat,CatBoostRegressor,full_motion,3,numeric,cos_hour,yes
5,pig_11|pig_15,1,cat_d8,cat,CatBoostRegressor,full_motion,4,numeric,weight,yes
5,pig_11|pig_15,1,cat_d8,cat,CatBoostRegressor,full_motion,5,numeric,is_fasting,yes
5,pig_11|pig_15,1,cat_d8,cat,CatBoostRegressor,full_motion,6,numeric,day_in_phase,yes
5,pig_11|pig_15,1,cat_d8,cat,CatBoostRegressor,full_motion,7,numeric,win_s,yes
5,pig_11|pig_15,1,cat_d8,cat,CatBoostRegressor,full_motion,8,numeric,is_adaptation,yes
5,pig_11|pig_15,1,cat_d8,cat,CatBoostRegressor,full_motion,9,numeric,is_formal,yes
5,pig_11|pig_15,1,cat_d8,cat,CatBoostRegressor,full_motion,10,numeric,小室温度(℃),yes
5,pig_11|pig_15,1,cat_d8,cat,CatBoostRegressor,full_motion,11,numeric,小室湿度(%),yes
5,pig_11|pig_15,1,cat_d8,cat,CatBoostRegressor,full_motion,12,numeric,beat_count,yes
5,pig_11|pig_15,1,cat_d8,cat,CatBoostRegressor,full_motion,13,numeric,HR_mean,yes
5,pig_11|pig_15,1,cat_d8,cat,CatBoostRegressor,full_motion,14,numeric,HR_std,yes
5,pig_11|pig_15,1,cat_d8,cat,CatBoostRegressor,full_motion,15,numeric,RR_mean,yes
5,pig_11|pig_15,1,cat_d8,cat,CatBoostRegressor,full_motion,16,numeric,SDNN,yes
5,pig_11|pig_15,1,cat_d8,cat,CatBoostRegressor,full_motion,17,numeric,RMSSD,yes
5,pig_11|pig_15,1,cat_d8,cat,CatBoostRegressor,full_motion,18,numeric,pNN50,yes
5,pig_11|pig_15,1,cat_d8,cat,CatBoostRegressor,full_motion,19,numeric,RR_cv,yes
5,pig_11|pig_15,1,cat_d8,cat,CatBoostRegressor,full_motion,20,numeric,RR_skew,yes
5,pig_11|pig_15,1,cat_d8,cat,CatBoostRegressor,full_motion,21,numeric,RR_kurt,yes
5,pig_11|pig_15,1,cat_d8,cat,CatBoostRegressor,full_motion,22,numeric,RR_range,yes
5,pig_11|pig_15,1,cat_d8,cat,CatBoostRegressor,full_motion,23,numeric,Acc_Mean_mean,yes
5,pig_11|pig_15,1,cat_d8,cat,CatBoostRegressor,full_motion,24,numeric,Acc_Mean_std,yes
5,pig_11|pig_15,1,cat_d8,cat,CatBoostRegressor,full_motion,25,numeric,Acc_Mean_p25,yes
5,pig_11|pig_15,1,cat_d8,cat,CatBoostRegressor,full_motion,26,numeric,Acc_Mean_p75,yes
5,pig_11|pig_15,1,cat_d8,cat,CatBoostRegressor,full_motion,27,numeric,Acc_Std_mean,yes
5,pig_11|pig_15,1,cat_d8,cat,CatBoostRegressor,full_motion,28,numeric,Acc_Std_std,yes
5,pig_11|pig_15,1,cat_d8,cat,CatBoostRegressor,full_motion,29,numeric,Acc_Std_p25,yes
5,pig_11|pig_15,1,cat_d8,cat,CatBoostRegressor,full_motion,30,numeric,Acc_Std_p75,yes
5,pig_11|pig_15,1,cat_d8,cat,CatBoostRegressor,full_motion,31,numeric,Acc_Sum_mean,yes
5,pig_11|pig_15,1,cat_d8,cat,CatBoostRegressor,full_motion,32,numeric,Acc_Sum_std,yes
5,pig_11|pig_15,1,cat_d8,cat,CatBoostRegressor,full_motion,33,numeric,Acc_Sum_p25,yes
5,pig_11|pig_15,1,cat_d8,cat,CatBoostRegressor,full_motion,34,numeric,Acc_Sum_p75,yes
5,pig_11|pig_15,1,cat_d8,cat,CatBoostRegressor,full_motion,35,numeric,Acc_Max_mean,yes
5,pig_11|pig_15,1,cat_d8,cat,CatBoostRegressor,full_motion,36,numeric,Acc_Max_std,yes
5,pig_11|pig_15,1,cat_d8,cat,CatBoostRegressor,full_motion,37,numeric,Acc_Max_p25,yes
5,pig_11|pig_15,1,cat_d8,cat,CatBoostRegressor,full_motion,38,numeric,Acc_Max_p75,yes
5,pig_11|pig_15,1,cat_d8,cat,CatBoostRegressor,full_motion,39,numeric,Acc_Min_mean,yes
5,pig_11|pig_15,1,cat_d8,cat,CatBoostRegressor,full_motion,40,numeric,Acc_Min_std,yes
5,pig_11|pig_15,1,cat_d8,cat,CatBoostRegressor,full_motion,41,numeric,Acc_Min_p25,yes
5,pig_11|pig_15,1,cat_d8,cat,CatBoostRegressor,full_motion,42,numeric,Acc_Min_p75,yes
5,pig_11|pig_15,1,cat_d8,cat,CatBoostRegressor,full_motion,43,numeric,Acc_Range_mean,yes
5,pig_11|pig_15,1,cat_d8,cat,CatBoostRegressor,full_motion,44,numeric,Acc_Range_std,yes
5,pig_11|pig_15,1,cat_d8,cat,CatBoostRegressor,full_motion,45,numeric,Acc_Range_p25,yes
5,pig_11|pig_15,1,cat_d8,cat,CatBoostRegressor,full_motion,46,numeric,Acc_Range_p75,yes
5,pig_11|pig_15,1,cat_d8,cat,CatBoostRegressor,full_motion,47,numeric,Acc_P25_mean,yes
5,pig_11|pig_15,1,cat_d8,cat,CatBoostRegressor,full_motion,48,numeric,Acc_P25_std,yes
5,pig_11|pig_15,1,cat_d8,cat,CatBoostRegressor,full_motion,49,numeric,Acc_P25_p25,yes
5,pig_11|pig_15,1,cat_d8,cat,CatBoostRegressor,full_motion,50,numeric,Acc_P25_p75,yes
5,pig_11|pig_15,1,cat_d8,cat,CatBoostRegressor,full_motion,51,numeric,Acc_P75_mean,yes
5,pig_11|pig_15,1,cat_d8,cat,CatBoostRegressor,full_motion,52,numeric,Acc_P75_std,yes
5,pig_11|pig_15,1,cat_d8,cat,CatBoostRegressor,full_motion,53,numeric,Acc_P75_p25,yes
5,pig_11|pig_15,1,cat_d8,cat,CatBoostRegressor,full_motion,54,numeric,Acc_P75_p75,yes
5,pig_11|pig_15,1,cat_d8,cat,CatBoostRegressor,full_motion,55,numeric,Gyro_Mean_mean,yes
5,pig_11|pig_15,1,cat_d8,cat,CatBoostRegressor,full_motion,56,numeric,Gyro_Mean_std,yes
5,pig_11|pig_15,1,cat_d8,cat,CatBoostRegressor,full_motion,57,numeric,Gyro_Mean_p25,yes
5,pig_11|pig_15,1,cat_d8,cat,CatBoostRegressor,full_motion,58,numeric,Gyro_Mean_p75,yes
5,pig_11|pig_15,1,cat_d8,cat,CatBoostRegressor,full_motion,59,numeric,Gyro_Max_mean,yes
5,pig_11|pig_15,1,cat_d8,cat,CatBoostRegressor,full_motion,60,numeric,Gyro_Max_std,yes
5,pig_11|pig_15,1,cat_d8,cat,CatBoostRegressor,full_motion,61,numeric,Gyro_Max_p25,yes
5,pig_11|pig_15,1,cat_d8,cat,CatBoostRegressor,full_motion,62,numeric,Gyro_Max_p75,yes
5,pig_11|pig_15,1,cat_d8,cat,CatBoostRegressor,full_motion,63,numeric,DynX_Mean_mean,yes
5,pig_11|pig_15,1,cat_d8,cat,CatBoostRegressor,full_motion,64,numeric,DynX_Mean_std,yes
5,pig_11|pig_15,1,cat_d8,cat,CatBoostRegressor,full_motion,65,numeric,DynX_Mean_p25,yes
5,pig_11|pig_15,1,cat_d8,cat,CatBoostRegressor,full_motion,66,numeric,DynX_Mean_p75,yes
5,pig_11|pig_15,1,cat_d8,cat,CatBoostRegressor,full_motion,67,numeric,DynX_Std_mean,yes
5,pig_11|pig_15,1,cat_d8,cat,CatBoostRegressor,full_motion,68,numeric,DynX_Std_std,yes
5,pig_11|pig_15,1,cat_d8,cat,CatBoostRegressor,full_motion,69,numeric,DynX_Std_p25,yes
5,pig_11|pig_15,1,cat_d8,cat,CatBoostRegressor,full_motion,70,numeric,DynX_Std_p75,yes
5,pig_11|pig_15,1,cat_d8,cat,CatBoostRegressor,full_motion,71,numeric,DynX_Mean_abs_mean,yes
5,pig_11|pig_15,1,cat_d8,cat,CatBoostRegressor,full_motion,72,numeric,DynX_Mean_abs_std,yes
5,pig_11|pig_15,1,cat_d8,cat,CatBoostRegressor,full_motion,73,numeric,DynX_Mean_abs_p25,yes
5,pig_11|pig_15,1,cat_d8,cat,CatBoostRegressor,full_motion,74,numeric,DynX_Mean_abs_p75,yes
5,pig_11|pig_15,1,cat_d8,cat,CatBoostRegressor,full_motion,75,numeric,DynY_Mean_mean,yes
5,pig_11|pig_15,1,cat_d8,cat,CatBoostRegressor,full_motion,76,numeric,DynY_Mean_std,yes
5,pig_11|pig_15,1,cat_d8,cat,CatBoostRegressor,full_motion,77,numeric,DynY_Mean_p25,yes
5,pig_11|pig_15,1,cat_d8,cat,CatBoostRegressor,full_motion,78,numeric,DynY_Mean_p75,yes
5,pig_11|pig_15,1,cat_d8,cat,CatBoostRegressor,full_motion,79,numeric,DynY_Std_mean,yes
5,pig_11|pig_15,1,cat_d8,cat,CatBoostRegressor,full_motion,80,numeric,DynY_Std_std,yes
5,pig_11|pig_15,1,cat_d8,cat,CatBoostRegressor,full_motion,81,numeric,DynY_Std_p25,yes
5,pig_11|pig_15,1,cat_d8,cat,CatBoostRegressor,full_motion,82,numeric,DynY_Std_p75,yes
5,pig_11|pig_15,1,cat_d8,cat,CatBoostRegressor,full_motion,83,numeric,DynY_Mean_abs_mean,yes
5,pig_11|pig_15,1,cat_d8,cat,CatBoostRegressor,full_motion,84,numeric,DynY_Mean_abs_std,yes
5,pig_11|pig_15,1,cat_d8,cat,CatBoostRegressor,full_motion,85,numeric,DynY_Mean_abs_p25,yes
5,pig_11|pig_15,1,cat_d8,cat,CatBoostRegressor,full_motion,86,numeric,DynY_Mean_abs_p75,yes
5,pig_11|pig_15,1,cat_d8,cat,CatBoostRegressor,full_motion,87,numeric,DynZ_Mean_mean,yes
5,pig_11|pig_15,1,cat_d8,cat,CatBoostRegressor,full_motion,88,numeric,DynZ_Mean_std,yes
5,pig_11|pig_15,1,cat_d8,cat,CatBoostRegressor,full_motion,89,numeric,DynZ_Mean_p25,yes
5,pig_11|pig_15,1,cat_d8,cat,CatBoostRegressor,full_motion,90,numeric,DynZ_Mean_p75,yes
5,pig_11|pig_15,1,cat_d8,cat,CatBoostRegressor,full_motion,91,numeric,DynZ_Std_mean,yes
5,pig_11|pig_15,1,cat_d8,cat,CatBoostRegressor,full_motion,92,numeric,DynZ_Std_std,yes
5,pig_11|pig_15,1,cat_d8,cat,CatBoostRegressor,full_motion,93,numeric,DynZ_Std_p25,yes
5,pig_11|pig_15,1,cat_d8,cat,CatBoostRegressor,full_motion,94,numeric,DynZ_Std_p75,yes
5,pig_11|pig_15,1,cat_d8,cat,CatBoostRegressor,full_motion,95,numeric,DynZ_Mean_abs_mean,yes
5,pig_11|pig_15,1,cat_d8,cat,CatBoostRegressor,full_motion,96,numeric,DynZ_Mean_abs_std,yes
5,pig_11|pig_15,1,cat_d8,cat,CatBoostRegressor,full_motion,97,numeric,DynZ_Mean_abs_p25,yes
5,pig_11|pig_15,1,cat_d8,cat,CatBoostRegressor,full_motion,98,numeric,DynZ_Mean_abs_p75,yes
5,pig_11|pig_15,1,cat_d8,cat,CatBoostRegressor,full_motion,99,numeric,AccMag_Mean_mean,yes
5,pig_11|pig_15,1,cat_d8,cat,CatBoostRegressor,full_motion,100,numeric,AccMag_Mean_std,yes
5,pig_11|pig_15,1,cat_d8,cat,CatBoostRegressor,full_motion,101,numeric,AccMag_Mean_p25,yes
5,pig_11|pig_15,1,cat_d8,cat,CatBoostRegressor,full_motion,102,numeric,AccMag_Mean_p75,yes
5,pig_11|pig_15,1,cat_d8,cat,CatBoostRegressor,full_motion,103,numeric,AccMag_Std_mean,yes
5,pig_11|pig_15,1,cat_d8,cat,CatBoostRegressor,full_motion,104,numeric,AccMag_Std_std,yes
5,pig_11|pig_15,1,cat_d8,cat,CatBoostRegressor,full_motion,105,numeric,AccMag_Std_p25,yes
5,pig_11|pig_15,1,cat_d8,cat,CatBoostRegressor,full_motion,106,numeric,AccMag_Std_p75,yes
5,pig_11|pig_15,1,cat_d8,cat,CatBoostRegressor,full_motion,107,numeric,Roll_Mean_mean,yes
5,pig_11|pig_15,1,cat_d8,cat,CatBoostRegressor,full_motion,108,numeric,Roll_Mean_std,yes
5,pig_11|pig_15,1,cat_d8,cat,CatBoostRegressor,full_motion,109,numeric,Roll_Mean_p25,yes
5,pig_11|pig_15,1,cat_d8,cat,CatBoostRegressor,full_motion,110,numeric,Roll_Mean_p75,yes
5,pig_11|pig_15,1,cat_d8,cat,CatBoostRegressor,full_motion,111,numeric,Roll_Std_mean,yes
5,pig_11|pig_15,1,cat_d8,cat,CatBoostRegressor,full_motion,112,numeric,Roll_Std_std,yes
5,pig_11|pig_15,1,cat_d8,cat,CatBoostRegressor,full_motion,113,numeric,Roll_Std_p25,yes
5,pig_11|pig_15,1,cat_d8,cat,CatBoostRegressor,full_motion,114,numeric,Roll_Std_p75,yes
5,pig_11|pig_15,1,cat_d8,cat,CatBoostRegressor,full_motion,115,numeric,Pitch_Mean_mean,yes
5,pig_11|pig_15,1,cat_d8,cat,CatBoostRegressor,full_motion,116,numeric,Pitch_Mean_std,yes
5,pig_11|pig_15,1,cat_d8,cat,CatBoostRegressor,full_motion,117,numeric,Pitch_Mean_p25,yes
5,pig_11|pig_15,1,cat_d8,cat,CatBoostRegressor,full_motion,118,numeric,Pitch_Mean_p75,yes
5,pig_11|pig_15,1,cat_d8,cat,CatBoostRegressor,full_motion,119,numeric,Pitch_Std_mean,yes
5,pig_11|pig_15,1,cat_d8,cat,CatBoostRegressor,full_motion,120,numeric,Pitch_Std_std,yes
5,pig_11|pig_15,1,cat_d8,cat,CatBoostRegressor,full_motion,121,numeric,Pitch_Std_p25,yes
5,pig_11|pig_15,1,cat_d8,cat,CatBoostRegressor,full_motion,122,numeric,Pitch_Std_p75,yes
5,pig_11|pig_15,1,cat_d8,cat,CatBoostRegressor,full_motion,123,numeric,Tilt_Mag_Mean_mean,yes
5,pig_11|pig_15,1,cat_d8,cat,CatBoostRegressor,full_motion,124,numeric,Tilt_Mag_Mean_std,yes
5,pig_11|pig_15,1,cat_d8,cat,CatBoostRegressor,full_motion,125,numeric,Tilt_Mag_Mean_p25,yes
5,pig_11|pig_15,1,cat_d8,cat,CatBoostRegressor,full_motion,126,numeric,Tilt_Mag_Mean_p75,yes
5,pig_11|pig_15,1,cat_d8,cat,CatBoostRegressor,full_motion,127,numeric,Tilt_Mag_Std_mean,yes
5,pig_11|pig_15,1,cat_d8,cat,CatBoostRegressor,full_motion,128,numeric,Tilt_Mag_Std_std,yes
5,pig_11|pig_15,1,cat_d8,cat,CatBoostRegressor,full_motion,129,numeric,Tilt_Mag_Std_p25,yes
5,pig_11|pig_15,1,cat_d8,cat,CatBoostRegressor,full_motion,130,numeric,Tilt_Mag_Std_p75,yes
5,pig_11|pig_15,1,cat_d8,cat,CatBoostRegressor,full_motion,131,numeric,AngX_Std_mean,yes
5,pig_11|pig_15,1,cat_d8,cat,CatBoostRegressor,full_motion,132,numeric,AngX_Std_std,yes
5,pig_11|pig_15,1,cat_d8,cat,CatBoostRegressor,full_motion,133,numeric,AngX_Std_p25,yes
5,pig_11|pig_15,1,cat_d8,cat,CatBoostRegressor,full_motion,134,numeric,AngX_Std_p75,yes
5,pig_11|pig_15,1,cat_d8,cat,CatBoostRegressor,full_motion,135,numeric,AngY_Std_mean,yes
5,pig_11|pig_15,1,cat_d8,cat,CatBoostRegressor,full_motion,136,numeric,AngY_Std_std,yes
5,pig_11|pig_15,1,cat_d8,cat,CatBoostRegressor,full_motion,137,numeric,AngY_Std_p25,yes
5,pig_11|pig_15,1,cat_d8,cat,CatBoostRegressor,full_motion,138,numeric,AngY_Std_p75,yes
5,pig_11|pig_15,1,cat_d8,cat,CatBoostRegressor,full_motion,139,numeric,AngZ_Std_mean,yes
5,pig_11|pig_15,1,cat_d8,cat,CatBoostRegressor,full_motion,140,numeric,AngZ_Std_std,yes
5,pig_11|pig_15,1,cat_d8,cat,CatBoostRegressor,full_motion,141,numeric,AngZ_Std_p25,yes
5,pig_11|pig_15,1,cat_d8,cat,CatBoostRegressor,full_motion,142,numeric,AngZ_Std_p75,yes
5,pig_11|pig_15,1,cat_d8,cat,CatBoostRegressor,full_motion,143,numeric,AngX_Rate_mean,yes
5,pig_11|pig_15,1,cat_d8,cat,CatBoostRegressor,full_motion,144,numeric,AngX_Rate_std,yes
5,pig_11|pig_15,1,cat_d8,cat,CatBoostRegressor,full_motion,145,numeric,AngX_Rate_p25,yes
5,pig_11|pig_15,1,cat_d8,cat,CatBoostRegressor,full_motion,146,numeric,AngX_Rate_p75,yes
5,pig_11|pig_15,1,cat_d8,cat,CatBoostRegressor,full_motion,147,numeric,AngY_Rate_mean,yes
5,pig_11|pig_15,1,cat_d8,cat,CatBoostRegressor,full_motion,148,numeric,AngY_Rate_std,yes
5,pig_11|pig_15,1,cat_d8,cat,CatBoostRegressor,full_motion,149,numeric,AngY_Rate_p25,yes
5,pig_11|pig_15,1,cat_d8,cat,CatBoostRegressor,full_motion,150,numeric,AngY_Rate_p75,yes
5,pig_11|pig_15,1,cat_d8,cat,CatBoostRegressor,full_motion,151,numeric,AngZ_Rate_mean,yes
5,pig_11|pig_15,1,cat_d8,cat,CatBoostRegressor,full_motion,152,numeric,AngZ_Rate_std,yes
5,pig_11|pig_15,1,cat_d8,cat,CatBoostRegressor,full_motion,153,numeric,AngZ_Rate_p25,yes
5,pig_11|pig_15,1,cat_d8,cat,CatBoostRegressor,full_motion,154,numeric,AngZ_Rate_p75,yes
5,pig_11|pig_15,1,cat_d8,cat,CatBoostRegressor,full_motion,155,numeric,Jerk_Mean_mean,yes
5,pig_11|pig_15,1,cat_d8,cat,CatBoostRegressor,full_motion,156,numeric,Jerk_Mean_std,yes
5,pig_11|pig_15,1,cat_d8,cat,CatBoostRegressor,full_motion,157,numeric,Jerk_Mean_p25,yes
5,pig_11|pig_15,1,cat_d8,cat,CatBoostRegressor,full_motion,158,numeric,Jerk_Mean_p75,yes
5,pig_11|pig_15,1,cat_d8,cat,CatBoostRegressor,full_motion,159,numeric,ODBA_mean,yes
5,pig_11|pig_15,1,cat_d8,cat,CatBoostRegressor,full_motion,160,numeric,ODBA_std,yes
5,pig_11|pig_15,1,cat_d8,cat,CatBoostRegressor,full_motion,161,numeric,ODBA_p25,yes
5,pig_11|pig_15,1,cat_d8,cat,CatBoostRegressor,full_motion,162,numeric,ODBA_p75,yes
5,pig_11|pig_15,1,cat_d8,cat,CatBoostRegressor,full_motion,163,numeric,VeDBA_RMS_mean,yes
5,pig_11|pig_15,1,cat_d8,cat,CatBoostRegressor,full_motion,164,numeric,VeDBA_RMS_std,yes
5,pig_11|pig_15,1,cat_d8,cat,CatBoostRegressor,full_motion,165,numeric,VeDBA_RMS_p25,yes
5,pig_11|pig_15,1,cat_d8,cat,CatBoostRegressor,full_motion,166,numeric,VeDBA_RMS_p75,yes
5,pig_11|pig_15,1,cat_d8,cat,CatBoostRegressor,full_motion,167,numeric,Axis_Dominance_mean,yes
5,pig_11|pig_15,1,cat_d8,cat,CatBoostRegressor,full_motion,168,numeric,Axis_Dominance_std,yes
5,pig_11|pig_15,1,cat_d8,cat,CatBoostRegressor,full_motion,169,numeric,Axis_Dominance_p25,yes
5,pig_11|pig_15,1,cat_d8,cat,CatBoostRegressor,full_motion,170,numeric,Axis_Dominance_p75,yes
5,pig_11|pig_15,1,cat_d8,cat,CatBoostRegressor,full_motion,171,numeric,Skewness_mean,yes
5,pig_11|pig_15,1,cat_d8,cat,CatBoostRegressor,full_motion,172,numeric,Skewness_std,yes
5,pig_11|pig_15,1,cat_d8,cat,CatBoostRegressor,full_motion,173,numeric,Skewness_p25,yes
5,pig_11|pig_15,1,cat_d8,cat,CatBoostRegressor,full_motion,174,numeric,Skewness_p75,yes
5,pig_11|pig_15,1,cat_d8,cat,CatBoostRegressor,full_motion,175,numeric,Kurtosis_mean,yes
5,pig_11|pig_15,1,cat_d8,cat,CatBoostRegressor,full_motion,176,numeric,Kurtosis_std,yes
5,pig_11|pig_15,1,cat_d8,cat,CatBoostRegressor,full_motion,177,numeric,Kurtosis_p25,yes
5,pig_11|pig_15,1,cat_d8,cat,CatBoostRegressor,full_motion,178,numeric,Kurtosis_p75,yes
5,pig_11|pig_15,1,cat_d8,cat,CatBoostRegressor,full_motion,179,numeric,Autocorr_Lag1_mean,yes
5,pig_11|pig_15,1,cat_d8,cat,CatBoostRegressor,full_motion,180,numeric,Autocorr_Lag1_std,yes
5,pig_11|pig_15,1,cat_d8,cat,CatBoostRegressor,full_motion,181,numeric,Autocorr_Lag1_p25,yes
5,pig_11|pig_15,1,cat_d8,cat,CatBoostRegressor,full_motion,182,numeric,Autocorr_Lag1_p75,yes
5,pig_11|pig_15,1,cat_d8,cat,CatBoostRegressor,full_motion,183,numeric,Peak_Count_mean,yes
5,pig_11|pig_15,1,cat_d8,cat,CatBoostRegressor,full_motion,184,numeric,Peak_Count_std,yes
5,pig_11|pig_15,1,cat_d8,cat,CatBoostRegressor,full_motion,185,numeric,Peak_Count_p25,yes
5,pig_11|pig_15,1,cat_d8,cat,CatBoostRegressor,full_motion,186,numeric,Peak_Count_p75,yes
5,pig_11|pig_15,1,cat_d8,cat,CatBoostRegressor,full_motion,187,numeric,Corr_XY_mean,yes
5,pig_11|pig_15,1,cat_d8,cat,CatBoostRegressor,full_motion,188,numeric,Corr_XY_std,yes
5,pig_11|pig_15,1,cat_d8,cat,CatBoostRegressor,full_motion,189,numeric,Corr_XY_p25,yes
5,pig_11|pig_15,1,cat_d8,cat,CatBoostRegressor,full_motion,190,numeric,Corr_XY_p75,yes
5,pig_11|pig_15,1,cat_d8,cat,CatBoostRegressor,full_motion,191,numeric,Corr_XZ_mean,yes
5,pig_11|pig_15,1,cat_d8,cat,CatBoostRegressor,full_motion,192,numeric,Corr_XZ_std,yes
5,pig_11|pig_15,1,cat_d8,cat,CatBoostRegressor,full_motion,193,numeric,Corr_XZ_p25,yes
5,pig_11|pig_15,1,cat_d8,cat,CatBoostRegressor,full_motion,194,numeric,Corr_XZ_p75,yes
5,pig_11|pig_15,1,cat_d8,cat,CatBoostRegressor,full_motion,195,numeric,Corr_YZ_mean,yes
5,pig_11|pig_15,1,cat_d8,cat,CatBoostRegressor,full_motion,196,numeric,Corr_YZ_std,yes
5,pig_11|pig_15,1,cat_d8,cat,CatBoostRegressor,full_motion,197,numeric,Corr_YZ_p25,yes
5,pig_11|pig_15,1,cat_d8,cat,CatBoostRegressor,full_motion,198,numeric,Corr_YZ_p75,yes
5,pig_11|pig_15,1,cat_d8,cat,CatBoostRegressor,full_motion,199,numeric,Spectral_Entropy_mean,yes
5,pig_11|pig_15,1,cat_d8,cat,CatBoostRegressor,full_motion,200,numeric,Spectral_Entropy_std,yes
5,pig_11|pig_15,1,cat_d8,cat,CatBoostRegressor,full_motion,201,numeric,Spectral_Entropy_p25,yes
5,pig_11|pig_15,1,cat_d8,cat,CatBoostRegressor,full_motion,202,numeric,Spectral_Entropy_p75,yes
5,pig_11|pig_15,1,cat_d8,cat,CatBoostRegressor,full_motion,203,numeric,Zero_Crossing_Rate_mean,yes
5,pig_11|pig_15,1,cat_d8,cat,CatBoostRegressor,full_motion,204,numeric,Zero_Crossing_Rate_std,yes
5,pig_11|pig_15,1,cat_d8,cat,CatBoostRegressor,full_motion,205,numeric,Zero_Crossing_Rate_p25,yes
5,pig_11|pig_15,1,cat_d8,cat,CatBoostRegressor,full_motion,206,numeric,Zero_Crossing_Rate_p75,yes
5,pig_11|pig_15,1,cat_d8,cat,CatBoostRegressor,full_motion,207,numeric,Dominant_Frequency_mean,yes
5,pig_11|pig_15,1,cat_d8,cat,CatBoostRegressor,full_motion,208,numeric,Dominant_Frequency_std,yes
5,pig_11|pig_15,1,cat_d8,cat,CatBoostRegressor,full_motion,209,numeric,Dominant_Frequency_p25,yes
5,pig_11|pig_15,1,cat_d8,cat,CatBoostRegressor,full_motion,210,numeric,Dominant_Frequency_p75,yes
5,pig_11|pig_15,1,cat_d8,cat,CatBoostRegressor,full_motion,211,numeric,Coefficient_of_Variation_mean,yes
5,pig_11|pig_15,1,cat_d8,cat,CatBoostRegressor,full_motion,212,numeric,Coefficient_of_Variation_std,yes
5,pig_11|pig_15,1,cat_d8,cat,CatBoostRegressor,full_motion,213,numeric,Coefficient_of_Variation_p25,yes
5,pig_11|pig_15,1,cat_d8,cat,CatBoostRegressor,full_motion,214,numeric,Coefficient_of_Variation_p75,yes
5,pig_11|pig_15,1,cat_d8,cat,CatBoostRegressor,full_motion,215,numeric,Power_Low_mean,yes
5,pig_11|pig_15,1,cat_d8,cat,CatBoostRegressor,full_motion,216,numeric,Power_Low_std,yes
5,pig_11|pig_15,1,cat_d8,cat,CatBoostRegressor,full_motion,217,numeric,Power_Low_p25,yes
5,pig_11|pig_15,1,cat_d8,cat,CatBoostRegressor,full_motion,218,numeric,Power_Low_p75,yes
5,pig_11|pig_15,1,cat_d8,cat,CatBoostRegressor,full_motion,219,numeric,Power_Loco_mean,yes
5,pig_11|pig_15,1,cat_d8,cat,CatBoostRegressor,full_motion,220,numeric,Power_Loco_std,yes
5,pig_11|pig_15,1,cat_d8,cat,CatBoostRegressor,full_motion,221,numeric,Power_Loco_p25,yes
5,pig_11|pig_15,1,cat_d8,cat,CatBoostRegressor,full_motion,222,numeric,Power_Loco_p75,yes
5,pig_11|pig_15,1,cat_d8,cat,CatBoostRegressor,full_motion,223,numeric,Power_High_mean,yes
5,pig_11|pig_15,1,cat_d8,cat,CatBoostRegressor,full_motion,224,numeric,Power_High_std,yes
5,pig_11|pig_15,1,cat_d8,cat,CatBoostRegressor,full_motion,225,numeric,Power_High_p25,yes
5,pig_11|pig_15,1,cat_d8,cat,CatBoostRegressor,full_motion,226,numeric,Power_High_p75,yes
5,pig_11|pig_15,1,cat_d8,cat,CatBoostRegressor,full_motion,227,numeric,Sample_Entropy_mean,yes
5,pig_11|pig_15,1,cat_d8,cat,CatBoostRegressor,full_motion,228,numeric,Sample_Entropy_std,yes
5,pig_11|pig_15,1,cat_d8,cat,CatBoostRegressor,full_motion,229,numeric,Sample_Entropy_p25,yes
5,pig_11|pig_15,1,cat_d8,cat,CatBoostRegressor,full_motion,230,numeric,Sample_Entropy_p75,yes
5,pig_11|pig_15,1,cat_d8,cat,CatBoostRegressor,full_motion,231,numeric,Frac_Rest,yes
5,pig_11|pig_15,1,cat_d8,cat,CatBoostRegressor,full_motion,232,numeric,Frac_Moderate,yes
5,pig_11|pig_15,1,cat_d8,cat,CatBoostRegressor,full_motion,233,numeric,Frac_Vigorous,yes
5,pig_11|pig_15,1,cat_d8,cat,CatBoostRegressor,full_motion,234,numeric,Frac_Lying,yes
5,pig_11|pig_15,1,cat_d8,cat,CatBoostRegressor,full_motion,235,numeric,Frac_HeadDown,yes
5,pig_11|pig_15,1,cat_d8,cat,CatBoostRegressor,full_motion,236,numeric,Active_Fraction,yes
5,pig_11|pig_15,1,cat_d8,cat,CatBoostRegressor,full_motion,237,numeric,move_coverage,yes
5,pig_11|pig_15,1,cat_d8,cat,CatBoostRegressor,full_motion,238,numeric,StepFreq_std,yes
5,pig_11|pig_15,1,cat_d8,cat,CatBoostRegressor,full_motion,239,numeric,LyingTransitions,yes
5,pig_11|pig_15,1,cat_d8,cat,CatBoostRegressor,full_motion,240,numeric,HeadDownTransitions,yes
5,pig_11|pig_15,1,cat_d8,cat,CatBoostRegressor,full_motion,241,numeric,data_count_mean,yes
5,pig_11|pig_15,1,cat_d8,cat,CatBoostRegressor,full_motion,242,categorical,chamber,yes
5,pig_11|pig_15,1,cat_d8,cat,CatBoostRegressor,full_motion,243,categorical,phase_label,yes
5,pig_11|pig_15,2,lgb_medium,lgb,LGBMRegressor,full_motion,1,numeric,hour_of_day,yes
5,pig_11|pig_15,2,lgb_medium,lgb,LGBMRegressor,full_motion,2,numeric,sin_hour,yes
5,pig_11|pig_15,2,lgb_medium,lgb,LGBMRegressor,full_motion,3,numeric,cos_hour,yes
5,pig_11|pig_15,2,lgb_medium,lgb,LGBMRegressor,full_motion,4,numeric,weight,yes
5,pig_11|pig_15,2,lgb_medium,lgb,LGBMRegressor,full_motion,5,numeric,is_fasting,yes
5,pig_11|pig_15,2,lgb_medium,lgb,LGBMRegressor,full_motion,6,numeric,day_in_phase,yes
5,pig_11|pig_15,2,lgb_medium,lgb,LGBMRegressor,full_motion,7,numeric,win_s,yes
5,pig_11|pig_15,2,lgb_medium,lgb,LGBMRegressor,full_motion,8,numeric,is_adaptation,yes
5,pig_11|pig_15,2,lgb_medium,lgb,LGBMRegressor,full_motion,9,numeric,is_formal,yes
5,pig_11|pig_15,2,lgb_medium,lgb,LGBMRegressor,full_motion,10,numeric,小室温度(℃),yes
5,pig_11|pig_15,2,lgb_medium,lgb,LGBMRegressor,full_motion,11,numeric,小室湿度(%),yes
5,pig_11|pig_15,2,lgb_medium,lgb,LGBMRegressor,full_motion,12,numeric,beat_count,yes
5,pig_11|pig_15,2,lgb_medium,lgb,LGBMRegressor,full_motion,13,numeric,HR_mean,yes
5,pig_11|pig_15,2,lgb_medium,lgb,LGBMRegressor,full_motion,14,numeric,HR_std,yes
5,pig_11|pig_15,2,lgb_medium,lgb,LGBMRegressor,full_motion,15,numeric,RR_mean,yes
5,pig_11|pig_15,2,lgb_medium,lgb,LGBMRegressor,full_motion,16,numeric,SDNN,yes
5,pig_11|pig_15,2,lgb_medium,lgb,LGBMRegressor,full_motion,17,numeric,RMSSD,yes
5,pig_11|pig_15,2,lgb_medium,lgb,LGBMRegressor,full_motion,18,numeric,pNN50,yes
5,pig_11|pig_15,2,lgb_medium,lgb,LGBMRegressor,full_motion,19,numeric,RR_cv,yes
5,pig_11|pig_15,2,lgb_medium,lgb,LGBMRegressor,full_motion,20,numeric,RR_skew,yes
5,pig_11|pig_15,2,lgb_medium,lgb,LGBMRegressor,full_motion,21,numeric,RR_kurt,yes
5,pig_11|pig_15,2,lgb_medium,lgb,LGBMRegressor,full_motion,22,numeric,RR_range,yes
5,pig_11|pig_15,2,lgb_medium,lgb,LGBMRegressor,full_motion,23,numeric,Acc_Mean_mean,yes
5,pig_11|pig_15,2,lgb_medium,lgb,LGBMRegressor,full_motion,24,numeric,Acc_Mean_std,yes
5,pig_11|pig_15,2,lgb_medium,lgb,LGBMRegressor,full_motion,25,numeric,Acc_Mean_p25,yes
5,pig_11|pig_15,2,lgb_medium,lgb,LGBMRegressor,full_motion,26,numeric,Acc_Mean_p75,yes
5,pig_11|pig_15,2,lgb_medium,lgb,LGBMRegressor,full_motion,27,numeric,Acc_Std_mean,yes
5,pig_11|pig_15,2,lgb_medium,lgb,LGBMRegressor,full_motion,28,numeric,Acc_Std_std,yes
5,pig_11|pig_15,2,lgb_medium,lgb,LGBMRegressor,full_motion,29,numeric,Acc_Std_p25,yes
5,pig_11|pig_15,2,lgb_medium,lgb,LGBMRegressor,full_motion,30,numeric,Acc_Std_p75,yes
5,pig_11|pig_15,2,lgb_medium,lgb,LGBMRegressor,full_motion,31,numeric,Acc_Sum_mean,yes
5,pig_11|pig_15,2,lgb_medium,lgb,LGBMRegressor,full_motion,32,numeric,Acc_Sum_std,yes
5,pig_11|pig_15,2,lgb_medium,lgb,LGBMRegressor,full_motion,33,numeric,Acc_Sum_p25,yes
5,pig_11|pig_15,2,lgb_medium,lgb,LGBMRegressor,full_motion,34,numeric,Acc_Sum_p75,yes
5,pig_11|pig_15,2,lgb_medium,lgb,LGBMRegressor,full_motion,35,numeric,Acc_Max_mean,yes
5,pig_11|pig_15,2,lgb_medium,lgb,LGBMRegressor,full_motion,36,numeric,Acc_Max_std,yes
5,pig_11|pig_15,2,lgb_medium,lgb,LGBMRegressor,full_motion,37,numeric,Acc_Max_p25,yes
5,pig_11|pig_15,2,lgb_medium,lgb,LGBMRegressor,full_motion,38,numeric,Acc_Max_p75,yes
5,pig_11|pig_15,2,lgb_medium,lgb,LGBMRegressor,full_motion,39,numeric,Acc_Min_mean,yes
5,pig_11|pig_15,2,lgb_medium,lgb,LGBMRegressor,full_motion,40,numeric,Acc_Min_std,yes
5,pig_11|pig_15,2,lgb_medium,lgb,LGBMRegressor,full_motion,41,numeric,Acc_Min_p25,yes
5,pig_11|pig_15,2,lgb_medium,lgb,LGBMRegressor,full_motion,42,numeric,Acc_Min_p75,yes
5,pig_11|pig_15,2,lgb_medium,lgb,LGBMRegressor,full_motion,43,numeric,Acc_Range_mean,yes
5,pig_11|pig_15,2,lgb_medium,lgb,LGBMRegressor,full_motion,44,numeric,Acc_Range_std,yes
5,pig_11|pig_15,2,lgb_medium,lgb,LGBMRegressor,full_motion,45,numeric,Acc_Range_p25,yes
5,pig_11|pig_15,2,lgb_medium,lgb,LGBMRegressor,full_motion,46,numeric,Acc_Range_p75,yes
5,pig_11|pig_15,2,lgb_medium,lgb,LGBMRegressor,full_motion,47,numeric,Acc_P25_mean,yes
5,pig_11|pig_15,2,lgb_medium,lgb,LGBMRegressor,full_motion,48,numeric,Acc_P25_std,yes
5,pig_11|pig_15,2,lgb_medium,lgb,LGBMRegressor,full_motion,49,numeric,Acc_P25_p25,yes
5,pig_11|pig_15,2,lgb_medium,lgb,LGBMRegressor,full_motion,50,numeric,Acc_P25_p75,yes
5,pig_11|pig_15,2,lgb_medium,lgb,LGBMRegressor,full_motion,51,numeric,Acc_P75_mean,yes
5,pig_11|pig_15,2,lgb_medium,lgb,LGBMRegressor,full_motion,52,numeric,Acc_P75_std,yes
5,pig_11|pig_15,2,lgb_medium,lgb,LGBMRegressor,full_motion,53,numeric,Acc_P75_p25,yes
5,pig_11|pig_15,2,lgb_medium,lgb,LGBMRegressor,full_motion,54,numeric,Acc_P75_p75,yes
5,pig_11|pig_15,2,lgb_medium,lgb,LGBMRegressor,full_motion,55,numeric,Gyro_Mean_mean,yes
5,pig_11|pig_15,2,lgb_medium,lgb,LGBMRegressor,full_motion,56,numeric,Gyro_Mean_std,yes
5,pig_11|pig_15,2,lgb_medium,lgb,LGBMRegressor,full_motion,57,numeric,Gyro_Mean_p25,yes
5,pig_11|pig_15,2,lgb_medium,lgb,LGBMRegressor,full_motion,58,numeric,Gyro_Mean_p75,yes
5,pig_11|pig_15,2,lgb_medium,lgb,LGBMRegressor,full_motion,59,numeric,Gyro_Max_mean,yes
5,pig_11|pig_15,2,lgb_medium,lgb,LGBMRegressor,full_motion,60,numeric,Gyro_Max_std,yes
5,pig_11|pig_15,2,lgb_medium,lgb,LGBMRegressor,full_motion,61,numeric,Gyro_Max_p25,yes
5,pig_11|pig_15,2,lgb_medium,lgb,LGBMRegressor,full_motion,62,numeric,Gyro_Max_p75,yes
5,pig_11|pig_15,2,lgb_medium,lgb,LGBMRegressor,full_motion,63,numeric,DynX_Mean_mean,yes
5,pig_11|pig_15,2,lgb_medium,lgb,LGBMRegressor,full_motion,64,numeric,DynX_Mean_std,yes
5,pig_11|pig_15,2,lgb_medium,lgb,LGBMRegressor,full_motion,65,numeric,DynX_Mean_p25,yes
5,pig_11|pig_15,2,lgb_medium,lgb,LGBMRegressor,full_motion,66,numeric,DynX_Mean_p75,yes
5,pig_11|pig_15,2,lgb_medium,lgb,LGBMRegressor,full_motion,67,numeric,DynX_Std_mean,yes
5,pig_11|pig_15,2,lgb_medium,lgb,LGBMRegressor,full_motion,68,numeric,DynX_Std_std,yes
5,pig_11|pig_15,2,lgb_medium,lgb,LGBMRegressor,full_motion,69,numeric,DynX_Std_p25,yes
5,pig_11|pig_15,2,lgb_medium,lgb,LGBMRegressor,full_motion,70,numeric,DynX_Std_p75,yes
5,pig_11|pig_15,2,lgb_medium,lgb,LGBMRegressor,full_motion,71,numeric,DynX_Mean_abs_mean,yes
5,pig_11|pig_15,2,lgb_medium,lgb,LGBMRegressor,full_motion,72,numeric,DynX_Mean_abs_std,yes
5,pig_11|pig_15,2,lgb_medium,lgb,LGBMRegressor,full_motion,73,numeric,DynX_Mean_abs_p25,yes
5,pig_11|pig_15,2,lgb_medium,lgb,LGBMRegressor,full_motion,74,numeric,DynX_Mean_abs_p75,yes
5,pig_11|pig_15,2,lgb_medium,lgb,LGBMRegressor,full_motion,75,numeric,DynY_Mean_mean,yes
5,pig_11|pig_15,2,lgb_medium,lgb,LGBMRegressor,full_motion,76,numeric,DynY_Mean_std,yes
5,pig_11|pig_15,2,lgb_medium,lgb,LGBMRegressor,full_motion,77,numeric,DynY_Mean_p25,yes
5,pig_11|pig_15,2,lgb_medium,lgb,LGBMRegressor,full_motion,78,numeric,DynY_Mean_p75,yes
5,pig_11|pig_15,2,lgb_medium,lgb,LGBMRegressor,full_motion,79,numeric,DynY_Std_mean,yes
5,pig_11|pig_15,2,lgb_medium,lgb,LGBMRegressor,full_motion,80,numeric,DynY_Std_std,yes
5,pig_11|pig_15,2,lgb_medium,lgb,LGBMRegressor,full_motion,81,numeric,DynY_Std_p25,yes
5,pig_11|pig_15,2,lgb_medium,lgb,LGBMRegressor,full_motion,82,numeric,DynY_Std_p75,yes
5,pig_11|pig_15,2,lgb_medium,lgb,LGBMRegressor,full_motion,83,numeric,DynY_Mean_abs_mean,yes
5,pig_11|pig_15,2,lgb_medium,lgb,LGBMRegressor,full_motion,84,numeric,DynY_Mean_abs_std,yes
5,pig_11|pig_15,2,lgb_medium,lgb,LGBMRegressor,full_motion,85,numeric,DynY_Mean_abs_p25,yes
5,pig_11|pig_15,2,lgb_medium,lgb,LGBMRegressor,full_motion,86,numeric,DynY_Mean_abs_p75,yes
5,pig_11|pig_15,2,lgb_medium,lgb,LGBMRegressor,full_motion,87,numeric,DynZ_Mean_mean,yes
5,pig_11|pig_15,2,lgb_medium,lgb,LGBMRegressor,full_motion,88,numeric,DynZ_Mean_std,yes
5,pig_11|pig_15,2,lgb_medium,lgb,LGBMRegressor,full_motion,89,numeric,DynZ_Mean_p25,yes
5,pig_11|pig_15,2,lgb_medium,lgb,LGBMRegressor,full_motion,90,numeric,DynZ_Mean_p75,yes
5,pig_11|pig_15,2,lgb_medium,lgb,LGBMRegressor,full_motion,91,numeric,DynZ_Std_mean,yes
5,pig_11|pig_15,2,lgb_medium,lgb,LGBMRegressor,full_motion,92,numeric,DynZ_Std_std,yes
5,pig_11|pig_15,2,lgb_medium,lgb,LGBMRegressor,full_motion,93,numeric,DynZ_Std_p25,yes
5,pig_11|pig_15,2,lgb_medium,lgb,LGBMRegressor,full_motion,94,numeric,DynZ_Std_p75,yes
5,pig_11|pig_15,2,lgb_medium,lgb,LGBMRegressor,full_motion,95,numeric,DynZ_Mean_abs_mean,yes
5,pig_11|pig_15,2,lgb_medium,lgb,LGBMRegressor,full_motion,96,numeric,DynZ_Mean_abs_std,yes
5,pig_11|pig_15,2,lgb_medium,lgb,LGBMRegressor,full_motion,97,numeric,DynZ_Mean_abs_p25,yes
5,pig_11|pig_15,2,lgb_medium,lgb,LGBMRegressor,full_motion,98,numeric,DynZ_Mean_abs_p75,yes
5,pig_11|pig_15,2,lgb_medium,lgb,LGBMRegressor,full_motion,99,numeric,AccMag_Mean_mean,yes
5,pig_11|pig_15,2,lgb_medium,lgb,LGBMRegressor,full_motion,100,numeric,AccMag_Mean_std,yes
5,pig_11|pig_15,2,lgb_medium,lgb,LGBMRegressor,full_motion,101,numeric,AccMag_Mean_p25,yes
5,pig_11|pig_15,2,lgb_medium,lgb,LGBMRegressor,full_motion,102,numeric,AccMag_Mean_p75,yes
5,pig_11|pig_15,2,lgb_medium,lgb,LGBMRegressor,full_motion,103,numeric,AccMag_Std_mean,yes
5,pig_11|pig_15,2,lgb_medium,lgb,LGBMRegressor,full_motion,104,numeric,AccMag_Std_std,yes
5,pig_11|pig_15,2,lgb_medium,lgb,LGBMRegressor,full_motion,105,numeric,AccMag_Std_p25,yes
5,pig_11|pig_15,2,lgb_medium,lgb,LGBMRegressor,full_motion,106,numeric,AccMag_Std_p75,yes
5,pig_11|pig_15,2,lgb_medium,lgb,LGBMRegressor,full_motion,107,numeric,Roll_Mean_mean,yes
5,pig_11|pig_15,2,lgb_medium,lgb,LGBMRegressor,full_motion,108,numeric,Roll_Mean_std,yes
5,pig_11|pig_15,2,lgb_medium,lgb,LGBMRegressor,full_motion,109,numeric,Roll_Mean_p25,yes
5,pig_11|pig_15,2,lgb_medium,lgb,LGBMRegressor,full_motion,110,numeric,Roll_Mean_p75,yes
5,pig_11|pig_15,2,lgb_medium,lgb,LGBMRegressor,full_motion,111,numeric,Roll_Std_mean,yes
5,pig_11|pig_15,2,lgb_medium,lgb,LGBMRegressor,full_motion,112,numeric,Roll_Std_std,yes
5,pig_11|pig_15,2,lgb_medium,lgb,LGBMRegressor,full_motion,113,numeric,Roll_Std_p25,yes
5,pig_11|pig_15,2,lgb_medium,lgb,LGBMRegressor,full_motion,114,numeric,Roll_Std_p75,yes
5,pig_11|pig_15,2,lgb_medium,lgb,LGBMRegressor,full_motion,115,numeric,Pitch_Mean_mean,yes
5,pig_11|pig_15,2,lgb_medium,lgb,LGBMRegressor,full_motion,116,numeric,Pitch_Mean_std,yes
5,pig_11|pig_15,2,lgb_medium,lgb,LGBMRegressor,full_motion,117,numeric,Pitch_Mean_p25,yes
5,pig_11|pig_15,2,lgb_medium,lgb,LGBMRegressor,full_motion,118,numeric,Pitch_Mean_p75,yes
5,pig_11|pig_15,2,lgb_medium,lgb,LGBMRegressor,full_motion,119,numeric,Pitch_Std_mean,yes
5,pig_11|pig_15,2,lgb_medium,lgb,LGBMRegressor,full_motion,120,numeric,Pitch_Std_std,yes
5,pig_11|pig_15,2,lgb_medium,lgb,LGBMRegressor,full_motion,121,numeric,Pitch_Std_p25,yes
5,pig_11|pig_15,2,lgb_medium,lgb,LGBMRegressor,full_motion,122,numeric,Pitch_Std_p75,yes
5,pig_11|pig_15,2,lgb_medium,lgb,LGBMRegressor,full_motion,123,numeric,Tilt_Mag_Mean_mean,yes
5,pig_11|pig_15,2,lgb_medium,lgb,LGBMRegressor,full_motion,124,numeric,Tilt_Mag_Mean_std,yes
5,pig_11|pig_15,2,lgb_medium,lgb,LGBMRegressor,full_motion,125,numeric,Tilt_Mag_Mean_p25,yes
5,pig_11|pig_15,2,lgb_medium,lgb,LGBMRegressor,full_motion,126,numeric,Tilt_Mag_Mean_p75,yes
5,pig_11|pig_15,2,lgb_medium,lgb,LGBMRegressor,full_motion,127,numeric,Tilt_Mag_Std_mean,yes
5,pig_11|pig_15,2,lgb_medium,lgb,LGBMRegressor,full_motion,128,numeric,Tilt_Mag_Std_std,yes
5,pig_11|pig_15,2,lgb_medium,lgb,LGBMRegressor,full_motion,129,numeric,Tilt_Mag_Std_p25,yes
5,pig_11|pig_15,2,lgb_medium,lgb,LGBMRegressor,full_motion,130,numeric,Tilt_Mag_Std_p75,yes
5,pig_11|pig_15,2,lgb_medium,lgb,LGBMRegressor,full_motion,131,numeric,AngX_Std_mean,yes
5,pig_11|pig_15,2,lgb_medium,lgb,LGBMRegressor,full_motion,132,numeric,AngX_Std_std,yes
5,pig_11|pig_15,2,lgb_medium,lgb,LGBMRegressor,full_motion,133,numeric,AngX_Std_p25,yes
5,pig_11|pig_15,2,lgb_medium,lgb,LGBMRegressor,full_motion,134,numeric,AngX_Std_p75,yes
5,pig_11|pig_15,2,lgb_medium,lgb,LGBMRegressor,full_motion,135,numeric,AngY_Std_mean,yes
5,pig_11|pig_15,2,lgb_medium,lgb,LGBMRegressor,full_motion,136,numeric,AngY_Std_std,yes
5,pig_11|pig_15,2,lgb_medium,lgb,LGBMRegressor,full_motion,137,numeric,AngY_Std_p25,yes
5,pig_11|pig_15,2,lgb_medium,lgb,LGBMRegressor,full_motion,138,numeric,AngY_Std_p75,yes
5,pig_11|pig_15,2,lgb_medium,lgb,LGBMRegressor,full_motion,139,numeric,AngZ_Std_mean,yes
5,pig_11|pig_15,2,lgb_medium,lgb,LGBMRegressor,full_motion,140,numeric,AngZ_Std_std,yes
5,pig_11|pig_15,2,lgb_medium,lgb,LGBMRegressor,full_motion,141,numeric,AngZ_Std_p25,yes
5,pig_11|pig_15,2,lgb_medium,lgb,LGBMRegressor,full_motion,142,numeric,AngZ_Std_p75,yes
5,pig_11|pig_15,2,lgb_medium,lgb,LGBMRegressor,full_motion,143,numeric,AngX_Rate_mean,yes
5,pig_11|pig_15,2,lgb_medium,lgb,LGBMRegressor,full_motion,144,numeric,AngX_Rate_std,yes
5,pig_11|pig_15,2,lgb_medium,lgb,LGBMRegressor,full_motion,145,numeric,AngX_Rate_p25,yes
5,pig_11|pig_15,2,lgb_medium,lgb,LGBMRegressor,full_motion,146,numeric,AngX_Rate_p75,yes
5,pig_11|pig_15,2,lgb_medium,lgb,LGBMRegressor,full_motion,147,numeric,AngY_Rate_mean,yes
5,pig_11|pig_15,2,lgb_medium,lgb,LGBMRegressor,full_motion,148,numeric,AngY_Rate_std,yes
5,pig_11|pig_15,2,lgb_medium,lgb,LGBMRegressor,full_motion,149,numeric,AngY_Rate_p25,yes
5,pig_11|pig_15,2,lgb_medium,lgb,LGBMRegressor,full_motion,150,numeric,AngY_Rate_p75,yes
5,pig_11|pig_15,2,lgb_medium,lgb,LGBMRegressor,full_motion,151,numeric,AngZ_Rate_mean,yes
5,pig_11|pig_15,2,lgb_medium,lgb,LGBMRegressor,full_motion,152,numeric,AngZ_Rate_std,yes
5,pig_11|pig_15,2,lgb_medium,lgb,LGBMRegressor,full_motion,153,numeric,AngZ_Rate_p25,yes
5,pig_11|pig_15,2,lgb_medium,lgb,LGBMRegressor,full_motion,154,numeric,AngZ_Rate_p75,yes
5,pig_11|pig_15,2,lgb_medium,lgb,LGBMRegressor,full_motion,155,numeric,Jerk_Mean_mean,yes
5,pig_11|pig_15,2,lgb_medium,lgb,LGBMRegressor,full_motion,156,numeric,Jerk_Mean_std,yes
5,pig_11|pig_15,2,lgb_medium,lgb,LGBMRegressor,full_motion,157,numeric,Jerk_Mean_p25,yes
5,pig_11|pig_15,2,lgb_medium,lgb,LGBMRegressor,full_motion,158,numeric,Jerk_Mean_p75,yes
5,pig_11|pig_15,2,lgb_medium,lgb,LGBMRegressor,full_motion,159,numeric,ODBA_mean,yes
5,pig_11|pig_15,2,lgb_medium,lgb,LGBMRegressor,full_motion,160,numeric,ODBA_std,yes
5,pig_11|pig_15,2,lgb_medium,lgb,LGBMRegressor,full_motion,161,numeric,ODBA_p25,yes
5,pig_11|pig_15,2,lgb_medium,lgb,LGBMRegressor,full_motion,162,numeric,ODBA_p75,yes
5,pig_11|pig_15,2,lgb_medium,lgb,LGBMRegressor,full_motion,163,numeric,VeDBA_RMS_mean,yes
5,pig_11|pig_15,2,lgb_medium,lgb,LGBMRegressor,full_motion,164,numeric,VeDBA_RMS_std,yes
5,pig_11|pig_15,2,lgb_medium,lgb,LGBMRegressor,full_motion,165,numeric,VeDBA_RMS_p25,yes
5,pig_11|pig_15,2,lgb_medium,lgb,LGBMRegressor,full_motion,166,numeric,VeDBA_RMS_p75,yes
5,pig_11|pig_15,2,lgb_medium,lgb,LGBMRegressor,full_motion,167,numeric,Axis_Dominance_mean,yes
5,pig_11|pig_15,2,lgb_medium,lgb,LGBMRegressor,full_motion,168,numeric,Axis_Dominance_std,yes
5,pig_11|pig_15,2,lgb_medium,lgb,LGBMRegressor,full_motion,169,numeric,Axis_Dominance_p25,yes
5,pig_11|pig_15,2,lgb_medium,lgb,LGBMRegressor,full_motion,170,numeric,Axis_Dominance_p75,yes
5,pig_11|pig_15,2,lgb_medium,lgb,LGBMRegressor,full_motion,171,numeric,Skewness_mean,yes
5,pig_11|pig_15,2,lgb_medium,lgb,LGBMRegressor,full_motion,172,numeric,Skewness_std,yes
5,pig_11|pig_15,2,lgb_medium,lgb,LGBMRegressor,full_motion,173,numeric,Skewness_p25,yes
5,pig_11|pig_15,2,lgb_medium,lgb,LGBMRegressor,full_motion,174,numeric,Skewness_p75,yes
5,pig_11|pig_15,2,lgb_medium,lgb,LGBMRegressor,full_motion,175,numeric,Kurtosis_mean,yes
5,pig_11|pig_15,2,lgb_medium,lgb,LGBMRegressor,full_motion,176,numeric,Kurtosis_std,yes
5,pig_11|pig_15,2,lgb_medium,lgb,LGBMRegressor,full_motion,177,numeric,Kurtosis_p25,yes
5,pig_11|pig_15,2,lgb_medium,lgb,LGBMRegressor,full_motion,178,numeric,Kurtosis_p75,yes
5,pig_11|pig_15,2,lgb_medium,lgb,LGBMRegressor,full_motion,179,numeric,Autocorr_Lag1_mean,yes
5,pig_11|pig_15,2,lgb_medium,lgb,LGBMRegressor,full_motion,180,numeric,Autocorr_Lag1_std,yes
5,pig_11|pig_15,2,lgb_medium,lgb,LGBMRegressor,full_motion,181,numeric,Autocorr_Lag1_p25,yes
5,pig_11|pig_15,2,lgb_medium,lgb,LGBMRegressor,full_motion,182,numeric,Autocorr_Lag1_p75,yes
5,pig_11|pig_15,2,lgb_medium,lgb,LGBMRegressor,full_motion,183,numeric,Peak_Count_mean,yes
5,pig_11|pig_15,2,lgb_medium,lgb,LGBMRegressor,full_motion,184,numeric,Peak_Count_std,yes
5,pig_11|pig_15,2,lgb_medium,lgb,LGBMRegressor,full_motion,185,numeric,Peak_Count_p25,yes
5,pig_11|pig_15,2,lgb_medium,lgb,LGBMRegressor,full_motion,186,numeric,Peak_Count_p75,yes
5,pig_11|pig_15,2,lgb_medium,lgb,LGBMRegressor,full_motion,187,numeric,Corr_XY_mean,yes
5,pig_11|pig_15,2,lgb_medium,lgb,LGBMRegressor,full_motion,188,numeric,Corr_XY_std,yes
5,pig_11|pig_15,2,lgb_medium,lgb,LGBMRegressor,full_motion,189,numeric,Corr_XY_p25,yes
5,pig_11|pig_15,2,lgb_medium,lgb,LGBMRegressor,full_motion,190,numeric,Corr_XY_p75,yes
5,pig_11|pig_15,2,lgb_medium,lgb,LGBMRegressor,full_motion,191,numeric,Corr_XZ_mean,yes
5,pig_11|pig_15,2,lgb_medium,lgb,LGBMRegressor,full_motion,192,numeric,Corr_XZ_std,yes
5,pig_11|pig_15,2,lgb_medium,lgb,LGBMRegressor,full_motion,193,numeric,Corr_XZ_p25,yes
5,pig_11|pig_15,2,lgb_medium,lgb,LGBMRegressor,full_motion,194,numeric,Corr_XZ_p75,yes
5,pig_11|pig_15,2,lgb_medium,lgb,LGBMRegressor,full_motion,195,numeric,Corr_YZ_mean,yes
5,pig_11|pig_15,2,lgb_medium,lgb,LGBMRegressor,full_motion,196,numeric,Corr_YZ_std,yes
5,pig_11|pig_15,2,lgb_medium,lgb,LGBMRegressor,full_motion,197,numeric,Corr_YZ_p25,yes
5,pig_11|pig_15,2,lgb_medium,lgb,LGBMRegressor,full_motion,198,numeric,Corr_YZ_p75,yes
5,pig_11|pig_15,2,lgb_medium,lgb,LGBMRegressor,full_motion,199,numeric,Spectral_Entropy_mean,yes
5,pig_11|pig_15,2,lgb_medium,lgb,LGBMRegressor,full_motion,200,numeric,Spectral_Entropy_std,yes
5,pig_11|pig_15,2,lgb_medium,lgb,LGBMRegressor,full_motion,201,numeric,Spectral_Entropy_p25,yes
5,pig_11|pig_15,2,lgb_medium,lgb,LGBMRegressor,full_motion,202,numeric,Spectral_Entropy_p75,yes
5,pig_11|pig_15,2,lgb_medium,lgb,LGBMRegressor,full_motion,203,numeric,Zero_Crossing_Rate_mean,yes
5,pig_11|pig_15,2,lgb_medium,lgb,LGBMRegressor,full_motion,204,numeric,Zero_Crossing_Rate_std,yes
5,pig_11|pig_15,2,lgb_medium,lgb,LGBMRegressor,full_motion,205,numeric,Zero_Crossing_Rate_p25,yes
5,pig_11|pig_15,2,lgb_medium,lgb,LGBMRegressor,full_motion,206,numeric,Zero_Crossing_Rate_p75,yes
5,pig_11|pig_15,2,lgb_medium,lgb,LGBMRegressor,full_motion,207,numeric,Dominant_Frequency_mean,yes
5,pig_11|pig_15,2,lgb_medium,lgb,LGBMRegressor,full_motion,208,numeric,Dominant_Frequency_std,yes
5,pig_11|pig_15,2,lgb_medium,lgb,LGBMRegressor,full_motion,209,numeric,Dominant_Frequency_p25,yes
5,pig_11|pig_15,2,lgb_medium,lgb,LGBMRegressor,full_motion,210,numeric,Dominant_Frequency_p75,yes
5,pig_11|pig_15,2,lgb_medium,lgb,LGBMRegressor,full_motion,211,numeric,Coefficient_of_Variation_mean,yes
5,pig_11|pig_15,2,lgb_medium,lgb,LGBMRegressor,full_motion,212,numeric,Coefficient_of_Variation_std,yes
5,pig_11|pig_15,2,lgb_medium,lgb,LGBMRegressor,full_motion,213,numeric,Coefficient_of_Variation_p25,yes
5,pig_11|pig_15,2,lgb_medium,lgb,LGBMRegressor,full_motion,214,numeric,Coefficient_of_Variation_p75,yes
5,pig_11|pig_15,2,lgb_medium,lgb,LGBMRegressor,full_motion,215,numeric,Power_Low_mean,yes
5,pig_11|pig_15,2,lgb_medium,lgb,LGBMRegressor,full_motion,216,numeric,Power_Low_std,yes
5,pig_11|pig_15,2,lgb_medium,lgb,LGBMRegressor,full_motion,217,numeric,Power_Low_p25,yes
5,pig_11|pig_15,2,lgb_medium,lgb,LGBMRegressor,full_motion,218,numeric,Power_Low_p75,yes
5,pig_11|pig_15,2,lgb_medium,lgb,LGBMRegressor,full_motion,219,numeric,Power_Loco_mean,yes
5,pig_11|pig_15,2,lgb_medium,lgb,LGBMRegressor,full_motion,220,numeric,Power_Loco_std,yes
5,pig_11|pig_15,2,lgb_medium,lgb,LGBMRegressor,full_motion,221,numeric,Power_Loco_p25,yes
5,pig_11|pig_15,2,lgb_medium,lgb,LGBMRegressor,full_motion,222,numeric,Power_Loco_p75,yes
5,pig_11|pig_15,2,lgb_medium,lgb,LGBMRegressor,full_motion,223,numeric,Power_High_mean,yes
5,pig_11|pig_15,2,lgb_medium,lgb,LGBMRegressor,full_motion,224,numeric,Power_High_std,yes
5,pig_11|pig_15,2,lgb_medium,lgb,LGBMRegressor,full_motion,225,numeric,Power_High_p25,yes
5,pig_11|pig_15,2,lgb_medium,lgb,LGBMRegressor,full_motion,226,numeric,Power_High_p75,yes
5,pig_11|pig_15,2,lgb_medium,lgb,LGBMRegressor,full_motion,227,numeric,Sample_Entropy_mean,yes
5,pig_11|pig_15,2,lgb_medium,lgb,LGBMRegressor,full_motion,228,numeric,Sample_Entropy_std,yes
5,pig_11|pig_15,2,lgb_medium,lgb,LGBMRegressor,full_motion,229,numeric,Sample_Entropy_p25,yes
5,pig_11|pig_15,2,lgb_medium,lgb,LGBMRegressor,full_motion,230,numeric,Sample_Entropy_p75,yes
5,pig_11|pig_15,2,lgb_medium,lgb,LGBMRegressor,full_motion,231,numeric,Frac_Rest,yes
5,pig_11|pig_15,2,lgb_medium,lgb,LGBMRegressor,full_motion,232,numeric,Frac_Moderate,yes
5,pig_11|pig_15,2,lgb_medium,lgb,LGBMRegressor,full_motion,233,numeric,Frac_Vigorous,yes
5,pig_11|pig_15,2,lgb_medium,lgb,LGBMRegressor,full_motion,234,numeric,Frac_Lying,yes
5,pig_11|pig_15,2,lgb_medium,lgb,LGBMRegressor,full_motion,235,numeric,Frac_HeadDown,yes
5,pig_11|pig_15,2,lgb_medium,lgb,LGBMRegressor,full_motion,236,numeric,Active_Fraction,yes
5,pig_11|pig_15,2,lgb_medium,lgb,LGBMRegressor,full_motion,237,numeric,move_coverage,yes
5,pig_11|pig_15,2,lgb_medium,lgb,LGBMRegressor,full_motion,238,numeric,StepFreq_std,yes
5,pig_11|pig_15,2,lgb_medium,lgb,LGBMRegressor,full_motion,239,numeric,LyingTransitions,yes
5,pig_11|pig_15,2,lgb_medium,lgb,LGBMRegressor,full_motion,240,numeric,HeadDownTransitions,yes
5,pig_11|pig_15,2,lgb_medium,lgb,LGBMRegressor,full_motion,241,numeric,data_count_mean,yes
5,pig_11|pig_15,2,lgb_medium,lgb,LGBMRegressor,full_motion,242,categorical,chamber,yes
5,pig_11|pig_15,2,lgb_medium,lgb,LGBMRegressor,full_motion,243,categorical,phase_label,yes
5,pig_11|pig_15,3,histgb,histgb,HistGradientBoostingRegressor,full_motion,1,numeric,hour_of_day,yes
5,pig_11|pig_15,3,histgb,histgb,HistGradientBoostingRegressor,full_motion,2,numeric,sin_hour,yes
5,pig_11|pig_15,3,histgb,histgb,HistGradientBoostingRegressor,full_motion,3,numeric,cos_hour,yes
5,pig_11|pig_15,3,histgb,histgb,HistGradientBoostingRegressor,full_motion,4,numeric,weight,yes
5,pig_11|pig_15,3,histgb,histgb,HistGradientBoostingRegressor,full_motion,5,numeric,is_fasting,yes
5,pig_11|pig_15,3,histgb,histgb,HistGradientBoostingRegressor,full_motion,6,numeric,day_in_phase,yes
5,pig_11|pig_15,3,histgb,histgb,HistGradientBoostingRegressor,full_motion,7,numeric,win_s,yes
5,pig_11|pig_15,3,histgb,histgb,HistGradientBoostingRegressor,full_motion,8,numeric,is_adaptation,yes
5,pig_11|pig_15,3,histgb,histgb,HistGradientBoostingRegressor,full_motion,9,numeric,is_formal,yes
5,pig_11|pig_15,3,histgb,histgb,HistGradientBoostingRegressor,full_motion,10,numeric,小室温度(℃),yes
5,pig_11|pig_15,3,histgb,histgb,HistGradientBoostingRegressor,full_motion,11,numeric,小室湿度(%),yes
5,pig_11|pig_15,3,histgb,histgb,HistGradientBoostingRegressor,full_motion,12,numeric,beat_count,yes
5,pig_11|pig_15,3,histgb,histgb,HistGradientBoostingRegressor,full_motion,13,numeric,HR_mean,yes
5,pig_11|pig_15,3,histgb,histgb,HistGradientBoostingRegressor,full_motion,14,numeric,HR_std,yes
5,pig_11|pig_15,3,histgb,histgb,HistGradientBoostingRegressor,full_motion,15,numeric,RR_mean,yes
5,pig_11|pig_15,3,histgb,histgb,HistGradientBoostingRegressor,full_motion,16,numeric,SDNN,yes
5,pig_11|pig_15,3,histgb,histgb,HistGradientBoostingRegressor,full_motion,17,numeric,RMSSD,yes
5,pig_11|pig_15,3,histgb,histgb,HistGradientBoostingRegressor,full_motion,18,numeric,pNN50,yes
5,pig_11|pig_15,3,histgb,histgb,HistGradientBoostingRegressor,full_motion,19,numeric,RR_cv,yes
5,pig_11|pig_15,3,histgb,histgb,HistGradientBoostingRegressor,full_motion,20,numeric,RR_skew,yes
5,pig_11|pig_15,3,histgb,histgb,HistGradientBoostingRegressor,full_motion,21,numeric,RR_kurt,yes
5,pig_11|pig_15,3,histgb,histgb,HistGradientBoostingRegressor,full_motion,22,numeric,RR_range,yes
5,pig_11|pig_15,3,histgb,histgb,HistGradientBoostingRegressor,full_motion,23,numeric,Acc_Mean_mean,yes
5,pig_11|pig_15,3,histgb,histgb,HistGradientBoostingRegressor,full_motion,24,numeric,Acc_Mean_std,yes
5,pig_11|pig_15,3,histgb,histgb,HistGradientBoostingRegressor,full_motion,25,numeric,Acc_Mean_p25,yes
5,pig_11|pig_15,3,histgb,histgb,HistGradientBoostingRegressor,full_motion,26,numeric,Acc_Mean_p75,yes
5,pig_11|pig_15,3,histgb,histgb,HistGradientBoostingRegressor,full_motion,27,numeric,Acc_Std_mean,yes
5,pig_11|pig_15,3,histgb,histgb,HistGradientBoostingRegressor,full_motion,28,numeric,Acc_Std_std,yes
5,pig_11|pig_15,3,histgb,histgb,HistGradientBoostingRegressor,full_motion,29,numeric,Acc_Std_p25,yes
5,pig_11|pig_15,3,histgb,histgb,HistGradientBoostingRegressor,full_motion,30,numeric,Acc_Std_p75,yes
5,pig_11|pig_15,3,histgb,histgb,HistGradientBoostingRegressor,full_motion,31,numeric,Acc_Sum_mean,yes
5,pig_11|pig_15,3,histgb,histgb,HistGradientBoostingRegressor,full_motion,32,numeric,Acc_Sum_std,yes
5,pig_11|pig_15,3,histgb,histgb,HistGradientBoostingRegressor,full_motion,33,numeric,Acc_Sum_p25,yes
5,pig_11|pig_15,3,histgb,histgb,HistGradientBoostingRegressor,full_motion,34,numeric,Acc_Sum_p75,yes
5,pig_11|pig_15,3,histgb,histgb,HistGradientBoostingRegressor,full_motion,35,numeric,Acc_Max_mean,yes
5,pig_11|pig_15,3,histgb,histgb,HistGradientBoostingRegressor,full_motion,36,numeric,Acc_Max_std,yes
5,pig_11|pig_15,3,histgb,histgb,HistGradientBoostingRegressor,full_motion,37,numeric,Acc_Max_p25,yes
5,pig_11|pig_15,3,histgb,histgb,HistGradientBoostingRegressor,full_motion,38,numeric,Acc_Max_p75,yes
5,pig_11|pig_15,3,histgb,histgb,HistGradientBoostingRegressor,full_motion,39,numeric,Acc_Min_mean,yes
5,pig_11|pig_15,3,histgb,histgb,HistGradientBoostingRegressor,full_motion,40,numeric,Acc_Min_std,yes
5,pig_11|pig_15,3,histgb,histgb,HistGradientBoostingRegressor,full_motion,41,numeric,Acc_Min_p25,yes
5,pig_11|pig_15,3,histgb,histgb,HistGradientBoostingRegressor,full_motion,42,numeric,Acc_Min_p75,yes
5,pig_11|pig_15,3,histgb,histgb,HistGradientBoostingRegressor,full_motion,43,numeric,Acc_Range_mean,yes
5,pig_11|pig_15,3,histgb,histgb,HistGradientBoostingRegressor,full_motion,44,numeric,Acc_Range_std,yes
5,pig_11|pig_15,3,histgb,histgb,HistGradientBoostingRegressor,full_motion,45,numeric,Acc_Range_p25,yes
5,pig_11|pig_15,3,histgb,histgb,HistGradientBoostingRegressor,full_motion,46,numeric,Acc_Range_p75,yes
5,pig_11|pig_15,3,histgb,histgb,HistGradientBoostingRegressor,full_motion,47,numeric,Acc_P25_mean,yes
5,pig_11|pig_15,3,histgb,histgb,HistGradientBoostingRegressor,full_motion,48,numeric,Acc_P25_std,yes
5,pig_11|pig_15,3,histgb,histgb,HistGradientBoostingRegressor,full_motion,49,numeric,Acc_P25_p25,yes
5,pig_11|pig_15,3,histgb,histgb,HistGradientBoostingRegressor,full_motion,50,numeric,Acc_P25_p75,yes
5,pig_11|pig_15,3,histgb,histgb,HistGradientBoostingRegressor,full_motion,51,numeric,Acc_P75_mean,yes
5,pig_11|pig_15,3,histgb,histgb,HistGradientBoostingRegressor,full_motion,52,numeric,Acc_P75_std,yes
5,pig_11|pig_15,3,histgb,histgb,HistGradientBoostingRegressor,full_motion,53,numeric,Acc_P75_p25,yes
5,pig_11|pig_15,3,histgb,histgb,HistGradientBoostingRegressor,full_motion,54,numeric,Acc_P75_p75,yes
5,pig_11|pig_15,3,histgb,histgb,HistGradientBoostingRegressor,full_motion,55,numeric,Gyro_Mean_mean,yes
5,pig_11|pig_15,3,histgb,histgb,HistGradientBoostingRegressor,full_motion,56,numeric,Gyro_Mean_std,yes
5,pig_11|pig_15,3,histgb,histgb,HistGradientBoostingRegressor,full_motion,57,numeric,Gyro_Mean_p25,yes
5,pig_11|pig_15,3,histgb,histgb,HistGradientBoostingRegressor,full_motion,58,numeric,Gyro_Mean_p75,yes
5,pig_11|pig_15,3,histgb,histgb,HistGradientBoostingRegressor,full_motion,59,numeric,Gyro_Max_mean,yes
5,pig_11|pig_15,3,histgb,histgb,HistGradientBoostingRegressor,full_motion,60,numeric,Gyro_Max_std,yes
5,pig_11|pig_15,3,histgb,histgb,HistGradientBoostingRegressor,full_motion,61,numeric,Gyro_Max_p25,yes
5,pig_11|pig_15,3,histgb,histgb,HistGradientBoostingRegressor,full_motion,62,numeric,Gyro_Max_p75,yes
5,pig_11|pig_15,3,histgb,histgb,HistGradientBoostingRegressor,full_motion,63,numeric,DynX_Mean_mean,yes
5,pig_11|pig_15,3,histgb,histgb,HistGradientBoostingRegressor,full_motion,64,numeric,DynX_Mean_std,yes
5,pig_11|pig_15,3,histgb,histgb,HistGradientBoostingRegressor,full_motion,65,numeric,DynX_Mean_p25,yes
5,pig_11|pig_15,3,histgb,histgb,HistGradientBoostingRegressor,full_motion,66,numeric,DynX_Mean_p75,yes
5,pig_11|pig_15,3,histgb,histgb,HistGradientBoostingRegressor,full_motion,67,numeric,DynX_Std_mean,yes
5,pig_11|pig_15,3,histgb,histgb,HistGradientBoostingRegressor,full_motion,68,numeric,DynX_Std_std,yes
5,pig_11|pig_15,3,histgb,histgb,HistGradientBoostingRegressor,full_motion,69,numeric,DynX_Std_p25,yes
5,pig_11|pig_15,3,histgb,histgb,HistGradientBoostingRegressor,full_motion,70,numeric,DynX_Std_p75,yes
5,pig_11|pig_15,3,histgb,histgb,HistGradientBoostingRegressor,full_motion,71,numeric,DynX_Mean_abs_mean,yes
5,pig_11|pig_15,3,histgb,histgb,HistGradientBoostingRegressor,full_motion,72,numeric,DynX_Mean_abs_std,yes
5,pig_11|pig_15,3,histgb,histgb,HistGradientBoostingRegressor,full_motion,73,numeric,DynX_Mean_abs_p25,yes
5,pig_11|pig_15,3,histgb,histgb,HistGradientBoostingRegressor,full_motion,74,numeric,DynX_Mean_abs_p75,yes
5,pig_11|pig_15,3,histgb,histgb,HistGradientBoostingRegressor,full_motion,75,numeric,DynY_Mean_mean,yes
5,pig_11|pig_15,3,histgb,histgb,HistGradientBoostingRegressor,full_motion,76,numeric,DynY_Mean_std,yes
5,pig_11|pig_15,3,histgb,histgb,HistGradientBoostingRegressor,full_motion,77,numeric,DynY_Mean_p25,yes
5,pig_11|pig_15,3,histgb,histgb,HistGradientBoostingRegressor,full_motion,78,numeric,DynY_Mean_p75,yes
5,pig_11|pig_15,3,histgb,histgb,HistGradientBoostingRegressor,full_motion,79,numeric,DynY_Std_mean,yes
5,pig_11|pig_15,3,histgb,histgb,HistGradientBoostingRegressor,full_motion,80,numeric,DynY_Std_std,yes
5,pig_11|pig_15,3,histgb,histgb,HistGradientBoostingRegressor,full_motion,81,numeric,DynY_Std_p25,yes
5,pig_11|pig_15,3,histgb,histgb,HistGradientBoostingRegressor,full_motion,82,numeric,DynY_Std_p75,yes
5,pig_11|pig_15,3,histgb,histgb,HistGradientBoostingRegressor,full_motion,83,numeric,DynY_Mean_abs_mean,yes
5,pig_11|pig_15,3,histgb,histgb,HistGradientBoostingRegressor,full_motion,84,numeric,DynY_Mean_abs_std,yes
5,pig_11|pig_15,3,histgb,histgb,HistGradientBoostingRegressor,full_motion,85,numeric,DynY_Mean_abs_p25,yes
5,pig_11|pig_15,3,histgb,histgb,HistGradientBoostingRegressor,full_motion,86,numeric,DynY_Mean_abs_p75,yes
5,pig_11|pig_15,3,histgb,histgb,HistGradientBoostingRegressor,full_motion,87,numeric,DynZ_Mean_mean,yes
5,pig_11|pig_15,3,histgb,histgb,HistGradientBoostingRegressor,full_motion,88,numeric,DynZ_Mean_std,yes
5,pig_11|pig_15,3,histgb,histgb,HistGradientBoostingRegressor,full_motion,89,numeric,DynZ_Mean_p25,yes
5,pig_11|pig_15,3,histgb,histgb,HistGradientBoostingRegressor,full_motion,90,numeric,DynZ_Mean_p75,yes
5,pig_11|pig_15,3,histgb,histgb,HistGradientBoostingRegressor,full_motion,91,numeric,DynZ_Std_mean,yes
5,pig_11|pig_15,3,histgb,histgb,HistGradientBoostingRegressor,full_motion,92,numeric,DynZ_Std_std,yes
5,pig_11|pig_15,3,histgb,histgb,HistGradientBoostingRegressor,full_motion,93,numeric,DynZ_Std_p25,yes
5,pig_11|pig_15,3,histgb,histgb,HistGradientBoostingRegressor,full_motion,94,numeric,DynZ_Std_p75,yes
5,pig_11|pig_15,3,histgb,histgb,HistGradientBoostingRegressor,full_motion,95,numeric,DynZ_Mean_abs_mean,yes
5,pig_11|pig_15,3,histgb,histgb,HistGradientBoostingRegressor,full_motion,96,numeric,DynZ_Mean_abs_std,yes
5,pig_11|pig_15,3,histgb,histgb,HistGradientBoostingRegressor,full_motion,97,numeric,DynZ_Mean_abs_p25,yes
5,pig_11|pig_15,3,histgb,histgb,HistGradientBoostingRegressor,full_motion,98,numeric,DynZ_Mean_abs_p75,yes
5,pig_11|pig_15,3,histgb,histgb,HistGradientBoostingRegressor,full_motion,99,numeric,AccMag_Mean_mean,yes
5,pig_11|pig_15,3,histgb,histgb,HistGradientBoostingRegressor,full_motion,100,numeric,AccMag_Mean_std,yes
5,pig_11|pig_15,3,histgb,histgb,HistGradientBoostingRegressor,full_motion,101,numeric,AccMag_Mean_p25,yes
5,pig_11|pig_15,3,histgb,histgb,HistGradientBoostingRegressor,full_motion,102,numeric,AccMag_Mean_p75,yes
5,pig_11|pig_15,3,histgb,histgb,HistGradientBoostingRegressor,full_motion,103,numeric,AccMag_Std_mean,yes
5,pig_11|pig_15,3,histgb,histgb,HistGradientBoostingRegressor,full_motion,104,numeric,AccMag_Std_std,yes
5,pig_11|pig_15,3,histgb,histgb,HistGradientBoostingRegressor,full_motion,105,numeric,AccMag_Std_p25,yes
5,pig_11|pig_15,3,histgb,histgb,HistGradientBoostingRegressor,full_motion,106,numeric,AccMag_Std_p75,yes
5,pig_11|pig_15,3,histgb,histgb,HistGradientBoostingRegressor,full_motion,107,numeric,Roll_Mean_mean,yes
5,pig_11|pig_15,3,histgb,histgb,HistGradientBoostingRegressor,full_motion,108,numeric,Roll_Mean_std,yes
5,pig_11|pig_15,3,histgb,histgb,HistGradientBoostingRegressor,full_motion,109,numeric,Roll_Mean_p25,yes
5,pig_11|pig_15,3,histgb,histgb,HistGradientBoostingRegressor,full_motion,110,numeric,Roll_Mean_p75,yes
5,pig_11|pig_15,3,histgb,histgb,HistGradientBoostingRegressor,full_motion,111,numeric,Roll_Std_mean,yes
5,pig_11|pig_15,3,histgb,histgb,HistGradientBoostingRegressor,full_motion,112,numeric,Roll_Std_std,yes
5,pig_11|pig_15,3,histgb,histgb,HistGradientBoostingRegressor,full_motion,113,numeric,Roll_Std_p25,yes
5,pig_11|pig_15,3,histgb,histgb,HistGradientBoostingRegressor,full_motion,114,numeric,Roll_Std_p75,yes
5,pig_11|pig_15,3,histgb,histgb,HistGradientBoostingRegressor,full_motion,115,numeric,Pitch_Mean_mean,yes
5,pig_11|pig_15,3,histgb,histgb,HistGradientBoostingRegressor,full_motion,116,numeric,Pitch_Mean_std,yes
5,pig_11|pig_15,3,histgb,histgb,HistGradientBoostingRegressor,full_motion,117,numeric,Pitch_Mean_p25,yes
5,pig_11|pig_15,3,histgb,histgb,HistGradientBoostingRegressor,full_motion,118,numeric,Pitch_Mean_p75,yes
5,pig_11|pig_15,3,histgb,histgb,HistGradientBoostingRegressor,full_motion,119,numeric,Pitch_Std_mean,yes
5,pig_11|pig_15,3,histgb,histgb,HistGradientBoostingRegressor,full_motion,120,numeric,Pitch_Std_std,yes
5,pig_11|pig_15,3,histgb,histgb,HistGradientBoostingRegressor,full_motion,121,numeric,Pitch_Std_p25,yes
5,pig_11|pig_15,3,histgb,histgb,HistGradientBoostingRegressor,full_motion,122,numeric,Pitch_Std_p75,yes
5,pig_11|pig_15,3,histgb,histgb,HistGradientBoostingRegressor,full_motion,123,numeric,Tilt_Mag_Mean_mean,yes
5,pig_11|pig_15,3,histgb,histgb,HistGradientBoostingRegressor,full_motion,124,numeric,Tilt_Mag_Mean_std,yes
5,pig_11|pig_15,3,histgb,histgb,HistGradientBoostingRegressor,full_motion,125,numeric,Tilt_Mag_Mean_p25,yes
5,pig_11|pig_15,3,histgb,histgb,HistGradientBoostingRegressor,full_motion,126,numeric,Tilt_Mag_Mean_p75,yes
5,pig_11|pig_15,3,histgb,histgb,HistGradientBoostingRegressor,full_motion,127,numeric,Tilt_Mag_Std_mean,yes
5,pig_11|pig_15,3,histgb,histgb,HistGradientBoostingRegressor,full_motion,128,numeric,Tilt_Mag_Std_std,yes
5,pig_11|pig_15,3,histgb,histgb,HistGradientBoostingRegressor,full_motion,129,numeric,Tilt_Mag_Std_p25,yes
5,pig_11|pig_15,3,histgb,histgb,HistGradientBoostingRegressor,full_motion,130,numeric,Tilt_Mag_Std_p75,yes
5,pig_11|pig_15,3,histgb,histgb,HistGradientBoostingRegressor,full_motion,131,numeric,AngX_Std_mean,yes
5,pig_11|pig_15,3,histgb,histgb,HistGradientBoostingRegressor,full_motion,132,numeric,AngX_Std_std,yes
5,pig_11|pig_15,3,histgb,histgb,HistGradientBoostingRegressor,full_motion,133,numeric,AngX_Std_p25,yes
5,pig_11|pig_15,3,histgb,histgb,HistGradientBoostingRegressor,full_motion,134,numeric,AngX_Std_p75,yes
5,pig_11|pig_15,3,histgb,histgb,HistGradientBoostingRegressor,full_motion,135,numeric,AngY_Std_mean,yes
5,pig_11|pig_15,3,histgb,histgb,HistGradientBoostingRegressor,full_motion,136,numeric,AngY_Std_std,yes
5,pig_11|pig_15,3,histgb,histgb,HistGradientBoostingRegressor,full_motion,137,numeric,AngY_Std_p25,yes
5,pig_11|pig_15,3,histgb,histgb,HistGradientBoostingRegressor,full_motion,138,numeric,AngY_Std_p75,yes
5,pig_11|pig_15,3,histgb,histgb,HistGradientBoostingRegressor,full_motion,139,numeric,AngZ_Std_mean,yes
5,pig_11|pig_15,3,histgb,histgb,HistGradientBoostingRegressor,full_motion,140,numeric,AngZ_Std_std,yes
5,pig_11|pig_15,3,histgb,histgb,HistGradientBoostingRegressor,full_motion,141,numeric,AngZ_Std_p25,yes
5,pig_11|pig_15,3,histgb,histgb,HistGradientBoostingRegressor,full_motion,142,numeric,AngZ_Std_p75,yes
5,pig_11|pig_15,3,histgb,histgb,HistGradientBoostingRegressor,full_motion,143,numeric,AngX_Rate_mean,yes
5,pig_11|pig_15,3,histgb,histgb,HistGradientBoostingRegressor,full_motion,144,numeric,AngX_Rate_std,yes
5,pig_11|pig_15,3,histgb,histgb,HistGradientBoostingRegressor,full_motion,145,numeric,AngX_Rate_p25,yes
5,pig_11|pig_15,3,histgb,histgb,HistGradientBoostingRegressor,full_motion,146,numeric,AngX_Rate_p75,yes
5,pig_11|pig_15,3,histgb,histgb,HistGradientBoostingRegressor,full_motion,147,numeric,AngY_Rate_mean,yes
5,pig_11|pig_15,3,histgb,histgb,HistGradientBoostingRegressor,full_motion,148,numeric,AngY_Rate_std,yes
5,pig_11|pig_15,3,histgb,histgb,HistGradientBoostingRegressor,full_motion,149,numeric,AngY_Rate_p25,yes
5,pig_11|pig_15,3,histgb,histgb,HistGradientBoostingRegressor,full_motion,150,numeric,AngY_Rate_p75,yes
5,pig_11|pig_15,3,histgb,histgb,HistGradientBoostingRegressor,full_motion,151,numeric,AngZ_Rate_mean,yes
5,pig_11|pig_15,3,histgb,histgb,HistGradientBoostingRegressor,full_motion,152,numeric,AngZ_Rate_std,yes
5,pig_11|pig_15,3,histgb,histgb,HistGradientBoostingRegressor,full_motion,153,numeric,AngZ_Rate_p25,yes
5,pig_11|pig_15,3,histgb,histgb,HistGradientBoostingRegressor,full_motion,154,numeric,AngZ_Rate_p75,yes
5,pig_11|pig_15,3,histgb,histgb,HistGradientBoostingRegressor,full_motion,155,numeric,Jerk_Mean_mean,yes
5,pig_11|pig_15,3,histgb,histgb,HistGradientBoostingRegressor,full_motion,156,numeric,Jerk_Mean_std,yes
5,pig_11|pig_15,3,histgb,histgb,HistGradientBoostingRegressor,full_motion,157,numeric,Jerk_Mean_p25,yes
5,pig_11|pig_15,3,histgb,histgb,HistGradientBoostingRegressor,full_motion,158,numeric,Jerk_Mean_p75,yes
5,pig_11|pig_15,3,histgb,histgb,HistGradientBoostingRegressor,full_motion,159,numeric,ODBA_mean,yes
5,pig_11|pig_15,3,histgb,histgb,HistGradientBoostingRegressor,full_motion,160,numeric,ODBA_std,yes
5,pig_11|pig_15,3,histgb,histgb,HistGradientBoostingRegressor,full_motion,161,numeric,ODBA_p25,yes
5,pig_11|pig_15,3,histgb,histgb,HistGradientBoostingRegressor,full_motion,162,numeric,ODBA_p75,yes
5,pig_11|pig_15,3,histgb,histgb,HistGradientBoostingRegressor,full_motion,163,numeric,VeDBA_RMS_mean,yes
5,pig_11|pig_15,3,histgb,histgb,HistGradientBoostingRegressor,full_motion,164,numeric,VeDBA_RMS_std,yes
5,pig_11|pig_15,3,histgb,histgb,HistGradientBoostingRegressor,full_motion,165,numeric,VeDBA_RMS_p25,yes
5,pig_11|pig_15,3,histgb,histgb,HistGradientBoostingRegressor,full_motion,166,numeric,VeDBA_RMS_p75,yes
5,pig_11|pig_15,3,histgb,histgb,HistGradientBoostingRegressor,full_motion,167,numeric,Axis_Dominance_mean,yes
5,pig_11|pig_15,3,histgb,histgb,HistGradientBoostingRegressor,full_motion,168,numeric,Axis_Dominance_std,yes
5,pig_11|pig_15,3,histgb,histgb,HistGradientBoostingRegressor,full_motion,169,numeric,Axis_Dominance_p25,yes
5,pig_11|pig_15,3,histgb,histgb,HistGradientBoostingRegressor,full_motion,170,numeric,Axis_Dominance_p75,yes
5,pig_11|pig_15,3,histgb,histgb,HistGradientBoostingRegressor,full_motion,171,numeric,Skewness_mean,yes
5,pig_11|pig_15,3,histgb,histgb,HistGradientBoostingRegressor,full_motion,172,numeric,Skewness_std,yes
5,pig_11|pig_15,3,histgb,histgb,HistGradientBoostingRegressor,full_motion,173,numeric,Skewness_p25,yes
5,pig_11|pig_15,3,histgb,histgb,HistGradientBoostingRegressor,full_motion,174,numeric,Skewness_p75,yes
5,pig_11|pig_15,3,histgb,histgb,HistGradientBoostingRegressor,full_motion,175,numeric,Kurtosis_mean,yes
5,pig_11|pig_15,3,histgb,histgb,HistGradientBoostingRegressor,full_motion,176,numeric,Kurtosis_std,yes
5,pig_11|pig_15,3,histgb,histgb,HistGradientBoostingRegressor,full_motion,177,numeric,Kurtosis_p25,yes
5,pig_11|pig_15,3,histgb,histgb,HistGradientBoostingRegressor,full_motion,178,numeric,Kurtosis_p75,yes
5,pig_11|pig_15,3,histgb,histgb,HistGradientBoostingRegressor,full_motion,179,numeric,Autocorr_Lag1_mean,yes
5,pig_11|pig_15,3,histgb,histgb,HistGradientBoostingRegressor,full_motion,180,numeric,Autocorr_Lag1_std,yes
5,pig_11|pig_15,3,histgb,histgb,HistGradientBoostingRegressor,full_motion,181,numeric,Autocorr_Lag1_p25,yes
5,pig_11|pig_15,3,histgb,histgb,HistGradientBoostingRegressor,full_motion,182,numeric,Autocorr_Lag1_p75,yes
5,pig_11|pig_15,3,histgb,histgb,HistGradientBoostingRegressor,full_motion,183,numeric,Peak_Count_mean,yes
5,pig_11|pig_15,3,histgb,histgb,HistGradientBoostingRegressor,full_motion,184,numeric,Peak_Count_std,yes
5,pig_11|pig_15,3,histgb,histgb,HistGradientBoostingRegressor,full_motion,185,numeric,Peak_Count_p25,yes
5,pig_11|pig_15,3,histgb,histgb,HistGradientBoostingRegressor,full_motion,186,numeric,Peak_Count_p75,yes
5,pig_11|pig_15,3,histgb,histgb,HistGradientBoostingRegressor,full_motion,187,numeric,Corr_XY_mean,yes
5,pig_11|pig_15,3,histgb,histgb,HistGradientBoostingRegressor,full_motion,188,numeric,Corr_XY_std,yes
5,pig_11|pig_15,3,histgb,histgb,HistGradientBoostingRegressor,full_motion,189,numeric,Corr_XY_p25,yes
5,pig_11|pig_15,3,histgb,histgb,HistGradientBoostingRegressor,full_motion,190,numeric,Corr_XY_p75,yes
5,pig_11|pig_15,3,histgb,histgb,HistGradientBoostingRegressor,full_motion,191,numeric,Corr_XZ_mean,yes
5,pig_11|pig_15,3,histgb,histgb,HistGradientBoostingRegressor,full_motion,192,numeric,Corr_XZ_std,yes
5,pig_11|pig_15,3,histgb,histgb,HistGradientBoostingRegressor,full_motion,193,numeric,Corr_XZ_p25,yes
5,pig_11|pig_15,3,histgb,histgb,HistGradientBoostingRegressor,full_motion,194,numeric,Corr_XZ_p75,yes
5,pig_11|pig_15,3,histgb,histgb,HistGradientBoostingRegressor,full_motion,195,numeric,Corr_YZ_mean,yes
5,pig_11|pig_15,3,histgb,histgb,HistGradientBoostingRegressor,full_motion,196,numeric,Corr_YZ_std,yes
5,pig_11|pig_15,3,histgb,histgb,HistGradientBoostingRegressor,full_motion,197,numeric,Corr_YZ_p25,yes
5,pig_11|pig_15,3,histgb,histgb,HistGradientBoostingRegressor,full_motion,198,numeric,Corr_YZ_p75,yes
5,pig_11|pig_15,3,histgb,histgb,HistGradientBoostingRegressor,full_motion,199,numeric,Spectral_Entropy_mean,yes
5,pig_11|pig_15,3,histgb,histgb,HistGradientBoostingRegressor,full_motion,200,numeric,Spectral_Entropy_std,yes
5,pig_11|pig_15,3,histgb,histgb,HistGradientBoostingRegressor,full_motion,201,numeric,Spectral_Entropy_p25,yes
5,pig_11|pig_15,3,histgb,histgb,HistGradientBoostingRegressor,full_motion,202,numeric,Spectral_Entropy_p75,yes
5,pig_11|pig_15,3,histgb,histgb,HistGradientBoostingRegressor,full_motion,203,numeric,Zero_Crossing_Rate_mean,yes
5,pig_11|pig_15,3,histgb,histgb,HistGradientBoostingRegressor,full_motion,204,numeric,Zero_Crossing_Rate_std,yes
5,pig_11|pig_15,3,histgb,histgb,HistGradientBoostingRegressor,full_motion,205,numeric,Zero_Crossing_Rate_p25,yes
5,pig_11|pig_15,3,histgb,histgb,HistGradientBoostingRegressor,full_motion,206,numeric,Zero_Crossing_Rate_p75,yes
5,pig_11|pig_15,3,histgb,histgb,HistGradientBoostingRegressor,full_motion,207,numeric,Dominant_Frequency_mean,yes
5,pig_11|pig_15,3,histgb,histgb,HistGradientBoostingRegressor,full_motion,208,numeric,Dominant_Frequency_std,yes
5,pig_11|pig_15,3,histgb,histgb,HistGradientBoostingRegressor,full_motion,209,numeric,Dominant_Frequency_p25,yes
5,pig_11|pig_15,3,histgb,histgb,HistGradientBoostingRegressor,full_motion,210,numeric,Dominant_Frequency_p75,yes
5,pig_11|pig_15,3,histgb,histgb,HistGradientBoostingRegressor,full_motion,211,numeric,Coefficient_of_Variation_mean,yes
5,pig_11|pig_15,3,histgb,histgb,HistGradientBoostingRegressor,full_motion,212,numeric,Coefficient_of_Variation_std,yes
5,pig_11|pig_15,3,histgb,histgb,HistGradientBoostingRegressor,full_motion,213,numeric,Coefficient_of_Variation_p25,yes
5,pig_11|pig_15,3,histgb,histgb,HistGradientBoostingRegressor,full_motion,214,numeric,Coefficient_of_Variation_p75,yes
5,pig_11|pig_15,3,histgb,histgb,HistGradientBoostingRegressor,full_motion,215,numeric,Power_Low_mean,yes
5,pig_11|pig_15,3,histgb,histgb,HistGradientBoostingRegressor,full_motion,216,numeric,Power_Low_std,yes
5,pig_11|pig_15,3,histgb,histgb,HistGradientBoostingRegressor,full_motion,217,numeric,Power_Low_p25,yes
5,pig_11|pig_15,3,histgb,histgb,HistGradientBoostingRegressor,full_motion,218,numeric,Power_Low_p75,yes
5,pig_11|pig_15,3,histgb,histgb,HistGradientBoostingRegressor,full_motion,219,numeric,Power_Loco_mean,yes
5,pig_11|pig_15,3,histgb,histgb,HistGradientBoostingRegressor,full_motion,220,numeric,Power_Loco_std,yes
5,pig_11|pig_15,3,histgb,histgb,HistGradientBoostingRegressor,full_motion,221,numeric,Power_Loco_p25,yes
5,pig_11|pig_15,3,histgb,histgb,HistGradientBoostingRegressor,full_motion,222,numeric,Power_Loco_p75,yes
5,pig_11|pig_15,3,histgb,histgb,HistGradientBoostingRegressor,full_motion,223,numeric,Power_High_mean,yes
5,pig_11|pig_15,3,histgb,histgb,HistGradientBoostingRegressor,full_motion,224,numeric,Power_High_std,yes
5,pig_11|pig_15,3,histgb,histgb,HistGradientBoostingRegressor,full_motion,225,numeric,Power_High_p25,yes
5,pig_11|pig_15,3,histgb,histgb,HistGradientBoostingRegressor,full_motion,226,numeric,Power_High_p75,yes
5,pig_11|pig_15,3,histgb,histgb,HistGradientBoostingRegressor,full_motion,227,numeric,Sample_Entropy_mean,yes
5,pig_11|pig_15,3,histgb,histgb,HistGradientBoostingRegressor,full_motion,228,numeric,Sample_Entropy_std,yes
5,pig_11|pig_15,3,histgb,histgb,HistGradientBoostingRegressor,full_motion,229,numeric,Sample_Entropy_p25,yes
5,pig_11|pig_15,3,histgb,histgb,HistGradientBoostingRegressor,full_motion,230,numeric,Sample_Entropy_p75,yes
5,pig_11|pig_15,3,histgb,histgb,HistGradientBoostingRegressor,full_motion,231,numeric,Frac_Rest,yes
5,pig_11|pig_15,3,histgb,histgb,HistGradientBoostingRegressor,full_motion,232,numeric,Frac_Moderate,yes
5,pig_11|pig_15,3,histgb,histgb,HistGradientBoostingRegressor,full_motion,233,numeric,Frac_Vigorous,yes
5,pig_11|pig_15,3,histgb,histgb,HistGradientBoostingRegressor,full_motion,234,numeric,Frac_Lying,yes
5,pig_11|pig_15,3,histgb,histgb,HistGradientBoostingRegressor,full_motion,235,numeric,Frac_HeadDown,yes
5,pig_11|pig_15,3,histgb,histgb,HistGradientBoostingRegressor,full_motion,236,numeric,Active_Fraction,yes
5,pig_11|pig_15,3,histgb,histgb,HistGradientBoostingRegressor,full_motion,237,numeric,move_coverage,yes
5,pig_11|pig_15,3,histgb,histgb,HistGradientBoostingRegressor,full_motion,238,numeric,StepFreq_std,yes
5,pig_11|pig_15,3,histgb,histgb,HistGradientBoostingRegressor,full_motion,239,numeric,LyingTransitions,yes
5,pig_11|pig_15,3,histgb,histgb,HistGradientBoostingRegressor,full_motion,240,numeric,HeadDownTransitions,yes
5,pig_11|pig_15,3,histgb,histgb,HistGradientBoostingRegressor,full_motion,241,numeric,data_count_mean,yes
5,pig_11|pig_15,3,histgb,histgb,HistGradientBoostingRegressor,full_motion,242,categorical,chamber,yes
5,pig_11|pig_15,3,histgb,histgb,HistGradientBoostingRegressor,full_motion,243,categorical,phase_label,yes
